{"mean":{"confidence_interval":{"confidence_level":0.95,"lower_bound":3115.509899452311,"upper_bound":3150.509114319499},"point_estimate":3130.3842019916624,"standard_error":9.068864848508662},"median":{"confidence_interval":{"confidence_level":0.95,"lower_bound":3106.390893056441,"upper_bound":3112.8737579684034},"point_estimate":3108.7252901785714,"standard_error":1.5777815972294988},"median_abs_dev":{"confidence_interval":{"confidence_level":0.95,"lower_bound":9.221629278590617,"upper_bound":16.095873089241326},"point_estimate":12.046310111135282,"standard_error":1.8036071915197223},"slope":{"confidence_interval":{"confidence_level":0.95,"lower_bound":3110.964618311151,"upper_bound":3161.979818366034},"point_estimate":3132.6048257906014,"standard_error":13.196228131692138},"std_dev":{"confidence_interval":{"confidence_level":0.95,"lower_bound":30.42090351944469,"upper_bound":141.41650165585426},"point_estimate":91.07913482327872,"standard_error":29.94856086991327}}