{"mean":{"confidence_interval":{"confidence_level":0.95,"lower_bound":461481.23933722096,"upper_bound":467702.02827367856},"point_estimate":464163.2759097689,"standard_error":1609.2406987526203},"median":{"confidence_interval":{"confidence_level":0.95,"lower_bound":460231.8012048193,"upper_bound":461764.7929292929},"point_estimate":461195.4285714286,"standard_error":414.96739490177424},"median_abs_dev":{"confidence_interval":{"confidence_level":0.95,"lower_bound":2471.442161861347,"upper_bound":4424.7076973628145},"point_estimate":3419.4979224167446,"standard_error":493.66650427347815},"slope":{"confidence_interval":{"confidence_level":0.95,"lower_bound":461514.20644712984,"upper_bound":472885.8999340654},"point_estimate":466264.498099601,"standard_error":2979.656012299095},"std_dev":{"confidence_interval":{"confidence_level":0.95,"lower_bound":5472.380870407374,"upper_bound":24439.815599171507},"point_estimate":16214.78033096531,"standard_error":5000.138688988735}}