{"mean":{"confidence_interval":{"confidence_level":0.95,"lower_bound":458168.39266088285,"upper_bound":461859.6316005361},"point_estimate":459813.07087210834,"standard_error":949.6737327982619},"median":{"confidence_interval":{"confidence_level":0.95,"lower_bound":456863.5715277778,"upper_bound":459038.1082474227},"point_estimate":457652.20892857143,"standard_error":536.2388439682961},"median_abs_dev":{"confidence_interval":{"confidence_level":0.95,"lower_bound":2850.7711002381416,"upper_bound":4829.168258149474},"point_estimate":3557.125249981317,"standard_error":471.55382458506585},"slope":{"confidence_interval":{"confidence_level":0.95,"lower_bound":458315.2205607141,"upper_bound":463783.9208649162},"point_estimate":460433.2699852224,"standard_error":1458.8676753263499},"std_dev":{"confidence_interval":{"confidence_level":0.95,"lower_bound":4532.189035503995,"upper_bound":14058.328842567065},"point_estimate":9562.805367979598,"standard_error":2551.090917416305}}