{"mean":{"confidence_interval":{"confidence_level":0.95,"lower_bound":231575.58484683247,"upper_bound":232223.9122266765},"point_estimate":231900.41877731026,"standard_error":165.3127437950841},"median":{"confidence_interval":{"confidence_level":0.95,"lower_bound":231637.75102040818,"upper_bound":232093.57964285713},"point_estimate":231907.2006725515,"standard_error":111.08551082844251},"median_abs_dev":{"confidence_interval":{"confidence_level":0.95,"lower_bound":1058.9676335631939,"upper_bound":1805.3540680767564},"point_estimate":1345.5318867721483,"standard_error":206.37415692705267},"slope":{"confidence_interval":{"confidence_level":0.95,"lower_bound":231706.2041728209,"upper_bound":232371.0594424344},"point_estimate":232044.36905393822,"standard_error":169.23636560458124},"std_dev":{"confidence_interval":{"confidence_level":0.95,"lower_bound":1365.719179185718,"upper_bound":1970.2524057573696},"point_estimate":1665.2021265467772,"standard_error":155.29571467067987}}