{"mean":{"confidence_interval":{"confidence_level":0.95,"lower_bound":249828.72524726499,"upper_bound":251249.57408234267},"point_estimate":250481.21953746426,"standard_error":363.2452363139263},"median":{"confidence_interval":{"confidence_level":0.95,"lower_bound":249487.84458556148,"upper_bound":250425.94479166667},"point_estimate":249863.41717171716,"standard_error":231.29204830468504},"median_abs_dev":{"confidence_interval":{"confidence_level":0.95,"lower_bound":1739.8712228611341,"upper_bound":2822.0412069138215},"point_estimate":2326.6929415600857,"standard_error":272.20011505718014},"slope":{"confidence_interval":{"confidence_level":0.95,"lower_bound":249844.45735634386,"upper_bound":251384.0686249438},"point_estimate":250593.81174745088,"standard_error":393.1000718717565},"std_dev":{"confidence_interval":{"confidence_level":0.95,"lower_bound":2168.992751430283,"upper_bound":5152.6572882035325},"point_estimate":3645.5720035001605,"standard_error":799.7787318037525}}