{"mean":{"confidence_interval":{"confidence_level":0.95,"lower_bound":207659.7950743737,"upper_bound":208634.6611383585},"point_estimate":208123.50101388528,"standard_error":247.96766131430064},"median":{"confidence_interval":{"confidence_level":0.95,"lower_bound":207268.6984848485,"upper_bound":207979.63152173912},"point_estimate":207625.4356060606,"standard_error":186.69211819100562},"median_abs_dev":{"confidence_interval":{"confidence_level":0.95,"lower_bound":1153.3918161775703,"upper_bound":1900.820517792155},"point_estimate":1512.3368108173258,"standard_error":187.21637725275178},"slope":{"confidence_interval":{"confidence_level":0.95,"lower_bound":207812.8220761723,"upper_bound":208697.45241837087},"point_estimate":208251.44900014778,"standard_error":225.79030628496682},"std_dev":{"confidence_interval":{"confidence_level":0.95,"lower_bound":1728.0742473595853,"upper_bound":3207.8272267761035},"point_estimate":2493.2520119955147,"standard_error":380.48232537905864}}