{"mean":{"confidence_interval":{"confidence_level":0.95,"lower_bound":470197.53754978057,"upper_bound":471602.87915053254},"point_estimate":470871.29743458005,"standard_error":359.77655833139573},"median":{"confidence_interval":{"confidence_level":0.95,"lower_bound":470186.21428571426,"upper_bound":471131.11138392857},"point_estimate":470689.6932471264,"standard_error":231.5037095355286},"median_abs_dev":{"confidence_interval":{"confidence_level":0.95,"lower_bound":1663.5017983739353,"upper_bound":2863.5752346452236},"point_estimate":2166.202773622881,"standard_error":309.65289280358024},"slope":{"confidence_interval":{"confidence_level":0.95,"lower_bound":470672.792482948,"upper_bound":472327.33361458796},"point_estimate":471435.70884586964,"standard_error":424.72123861852805},"std_dev":{"confidence_interval":{"confidence_level":0.95,"lower_bound":2604.715003567031,"upper_bound":4576.183195776435},"point_estimate":3601.5517468209064,"standard_error":509.82233291789976}}