{"mean":{"confidence_interval":{"confidence_level":0.95,"lower_bound":487940.8984127281,"upper_bound":489490.7222861877},"point_estimate":488708.27249237633,"standard_error":394.96139911068684},"median":{"confidence_interval":{"confidence_level":0.95,"lower_bound":487687.49119427626,"upper_bound":489453.1652868125},"point_estimate":488411.0287037037,"standard_error":477.4504196676619},"median_abs_dev":{"confidence_interval":{"confidence_level":0.95,"lower_bound":2687.21612937575,"upper_bound":4934.682615206956},"point_estimate":3934.3894219261083,"standard_error":553.1646546407692},"slope":{"confidence_interval":{"confidence_level":0.95,"lower_bound":487326.3759356075,"upper_bound":488847.8751015295},"point_estimate":488086.1237278952,"standard_error":388.02158522778234},"std_dev":{"confidence_interval":{"confidence_level":0.95,"lower_bound":3395.3749799423244,"upper_bound":4524.188118842152},"point_estimate":3982.656479781897,"standard_error":288.6175176995598}}