{"mean":{"confidence_interval":{"confidence_level":0.95,"lower_bound":11403493.45135,"upper_bound":11608851.340299997},"point_estimate":11505662.133999996,"standard_error":52485.31737507207},"median":{"confidence_interval":{"confidence_level":0.95,"lower_bound":11370301.6,"upper_bound":11592002.6},"point_estimate":11485054.100000001,"standard_error":56294.16321994551},"median_abs_dev":{"confidence_interval":{"confidence_level":0.95,"lower_bound":359359.8463600879,"upper_bound":614394.3216723173},"point_estimate":502333.33700180217,"standard_error":63082.46133929459},"slope":null,"std_dev":{"confidence_interval":{"confidence_level":0.95,"lower_bound":450340.69152855646,"upper_bound":592483.2459472683},"point_estimate":525978.6891315025,"standard_error":36193.651462769565}}