{"mean":{"confidence_interval":{"confidence_level":0.95,"lower_bound":539284.2288333686,"upper_bound":541623.194562085},"point_estimate":540379.9416073267,"standard_error":595.2406815324191},"median":{"confidence_interval":{"confidence_level":0.95,"lower_bound":538340.3333333334,"upper_bound":540003.4194444445},"point_estimate":539454.9644529218,"standard_error":510.3858372628651},"median_abs_dev":{"confidence_interval":{"confidence_level":0.95,"lower_bound":2225.701583037948,"upper_bound":3715.559442433019},"point_estimate":2893.092886539173,"standard_error":387.03875642963703},"slope":{"confidence_interval":{"confidence_level":0.95,"lower_bound":539593.3152419216,"upper_bound":542667.0676332847},"point_estimate":540963.4042071819,"standard_error":791.2499852261291},"std_dev":{"confidence_interval":{"confidence_level":0.95,"lower_bound":4054.5697011936054,"upper_bound":7647.053691482629},"point_estimate":5987.093038639282,"standard_error":918.1832799032647}}