{"mean":{"confidence_interval":{"confidence_level":0.95,"lower_bound":0.006201830067325561,"upper_bound":0.024099926180202392},"point_estimate":0.015026175834270905,"standard_error":0.004561289074233448},"median":{"confidence_interval":{"confidence_level":0.95,"lower_bound":0.005253579335070344,"upper_bound":0.01886507184260755},"point_estimate":0.01167641271217068,"standard_error":0.003316344675886098}}