{"mean":{"confidence_interval":{"confidence_level":0.95,"lower_bound":-0.015386950484139772,"upper_bound":-0.011027874332147908},"point_estimate":-0.013134367148628034,"standard_error":0.0011162434316404402},"median":{"confidence_interval":{"confidence_level":0.95,"lower_bound":-0.014157120734789141,"upper_bound":-0.010563843690243768},"point_estimate":-0.012124555955895455,"standard_error":0.0009233557350671085}}