{"mean":{"confidence_interval":{"confidence_level":0.95,"lower_bound":0.02937682012407883,"upper_bound":0.033870462493962354},"point_estimate":0.03163791207713662,"standard_error":0.0011426777039149798},"median":{"confidence_interval":{"confidence_level":0.95,"lower_bound":0.030808650167017726,"upper_bound":0.033829283412072364},"point_estimate":0.03279813928500919,"standard_error":0.0007962275024597585}}