{"mean":{"confidence_interval":{"confidence_level":0.95,"lower_bound":-0.05210911189855694,"upper_bound":-0.044649410638334025},"point_estimate":-0.04818696467014294,"standard_error":0.0019042645562609647},"median":{"confidence_interval":{"confidence_level":0.95,"lower_bound":-0.05205607703320769,"upper_bound":-0.044329996886819156},"point_estimate":-0.04662976548432274,"standard_error":0.0019479114446912563}}