{"mean":{"confidence_interval":{"confidence_level":0.95,"lower_bound":220177.97077480462,"upper_bound":223079.02198872718},"point_estimate":221468.8371862742,"standard_error":743.8023402671869},"median":{"confidence_interval":{"confidence_level":0.95,"lower_bound":219374.9714285714,"upper_bound":220431.94831460674},"point_estimate":220021.0637242539,"standard_error":281.77850947418204},"median_abs_dev":{"confidence_interval":{"confidence_level":0.95,"lower_bound":2007.7756238420318,"upper_bound":3566.8953153836956},"point_estimate":2943.7181987205204,"standard_error":395.04942745970527},"slope":{"confidence_interval":{"confidence_level":0.95,"lower_bound":218991.3112117815,"upper_bound":220512.66650643226},"point_estimate":219679.44271494015,"standard_error":387.06787066953177},"std_dev":{"confidence_interval":{"confidence_level":0.95,"lower_bound":3386.5441865121797,"upper_bound":10870.948865496095},"point_estimate":7468.7246888482705,"standard_error":1914.7930082935477}}