{"mean":{"confidence_interval":{"confidence_level":0.95,"lower_bound":233944.7409110078,"upper_bound":234804.2789213514},"point_estimate":234354.52450443734,"standard_error":219.86134547668175},"median":{"confidence_interval":{"confidence_level":0.95,"lower_bound":233703.60875331564,"upper_bound":234326.18333333332},"point_estimate":233922.3980769231,"standard_error":146.85043340474846},"median_abs_dev":{"confidence_interval":{"confidence_level":0.95,"lower_bound":955.6781335691131,"upper_bound":1696.8378188524694},"point_estimate":1413.257797514917,"standard_error":202.14374972277835},"slope":{"confidence_interval":{"confidence_level":0.95,"lower_bound":233776.50312645914,"upper_bound":234643.19227555694},"point_estimate":234176.4633616078,"standard_error":221.11329944611714},"std_dev":{"confidence_interval":{"confidence_level":0.95,"lower_bound":1612.7874564110962,"upper_bound":2762.0181642704083},"point_estimate":2215.261985779258,"standard_error":295.1196496800491}}