{"mean":{"confidence_interval":{"confidence_level":0.95,"lower_bound":276597.65114475734,"upper_bound":278439.9684327836},"point_estimate":277461.7080276938,"standard_error":470.5751058590122},"median":{"confidence_interval":{"confidence_level":0.95,"lower_bound":276144.4966216216,"upper_bound":277353.7757731959},"point_estimate":276816.5556294326,"standard_error":287.29776444837654},"median_abs_dev":{"confidence_interval":{"confidence_level":0.95,"lower_bound":1624.3379444961058,"upper_bound":3060.029608474386},"point_estimate":2444.5534436630483,"standard_error":357.31194339015025},"slope":{"confidence_interval":{"confidence_level":0.95,"lower_bound":277052.6694735653,"upper_bound":280581.33398602396},"point_estimate":278614.32115339144,"standard_error":910.2254935028893},"std_dev":{"confidence_interval":{"confidence_level":0.95,"lower_bound":2857.0234064860883,"upper_bound":6388.622677103204},"point_estimate":4741.984977315069,"standard_error":908.0007525309936}}