{"mean":{"confidence_interval":{"confidence_level":0.95,"lower_bound":481223.09567566914,"upper_bound":482997.3944590763},"point_estimate":482074.9784028029,"standard_error":452.33831538206874},"median":{"confidence_interval":{"confidence_level":0.95,"lower_bound":480868.2015463917,"upper_bound":481939.84728381375},"point_estimate":481494.1105121294,"standard_error":304.36738344175586},"median_abs_dev":{"confidence_interval":{"confidence_level":0.95,"lower_bound":1670.5164772389362,"upper_bound":3326.2118790357367},"point_estimate":2317.1660771084653,"standard_error":410.07577526134145},"slope":{"confidence_interval":{"confidence_level":0.95,"lower_bound":481134.9738483434,"upper_bound":482309.64807863015},"point_estimate":481707.89769469487,"standard_error":300.3434282478032},"std_dev":{"confidence_interval":{"confidence_level":0.95,"lower_bound":3269.657368768869,"upper_bound":5775.456432866424},"point_estimate":4539.2875944153675,"standard_error":649.4015355706429}}