{"mean":{"confidence_interval":{"confidence_level":0.95,"lower_bound":258370.55761104042,"upper_bound":259320.57370469408},"point_estimate":258823.34027842898,"standard_error":241.42541676242425},"median":{"confidence_interval":{"confidence_level":0.95,"lower_bound":258158.71153846153,"upper_bound":258885.36},"point_estimate":258457.68490045337,"standard_error":178.25352224145433},"median_abs_dev":{"confidence_interval":{"confidence_level":0.95,"lower_bound":976.2358331757439,"upper_bound":1812.5048614364482},"point_estimate":1242.984824943471,"standard_error":207.46859365357318},"slope":{"confidence_interval":{"confidence_level":0.95,"lower_bound":258555.39964891566,"upper_bound":259885.975669534},"point_estimate":259127.9284483523,"standard_error":343.17134703501927},"std_dev":{"confidence_interval":{"confidence_level":0.95,"lower_bound":1550.1301527103649,"upper_bound":3287.4551186230356},"point_estimate":2429.4766055438267,"standard_error":454.3264842972231}}