{"mean":{"confidence_interval":{"confidence_level":0.95,"lower_bound":234517.23319168884,"upper_bound":235829.5827504564},"point_estimate":235146.36717158474,"standard_error":334.02886479847274},"median":{"confidence_interval":{"confidence_level":0.95,"lower_bound":234083.56434304058,"upper_bound":235230.11162790697},"point_estimate":234455.77149425287,"standard_error":312.4752099851348},"median_abs_dev":{"confidence_interval":{"confidence_level":0.95,"lower_bound":1896.7418677736612,"upper_bound":3293.142263427587},"point_estimate":2526.3189924565568,"standard_error":352.13982825842993},"slope":{"confidence_interval":{"confidence_level":0.95,"lower_bound":235111.6867286537,"upper_bound":236354.6732440387},"point_estimate":235711.16803901285,"standard_error":317.47830036665954},"std_dev":{"confidence_interval":{"confidence_level":0.95,"lower_bound":2552.8504510835514,"upper_bound":4175.610939783179},"point_estimate":3355.698535070248,"standard_error":420.4372098799321}}