{"mean":{"confidence_interval":{"confidence_level":0.95,"lower_bound":3457922.36551786,"upper_bound":3534461.5141785727},"point_estimate":3496314.258571427,"standard_error":19481.612995086987},"median":{"confidence_interval":{"confidence_level":0.95,"lower_bound":3450093.5714285714,"upper_bound":3549683.8928571427},"point_estimate":3496771.0357142854,"standard_error":21639.971539480586},"median_abs_dev":{"confidence_interval":{"confidence_level":0.95,"lower_bound":165687.8012084533,"upper_bound":254402.1623084581},"point_estimate":214325.39349496365,"standard_error":23063.163225414974},"slope":null,"std_dev":{"confidence_interval":{"confidence_level":0.95,"lower_bound":172432.32468729766,"upper_bound":217183.17404290024},"point_estimate":196311.1820591985,"standard_error":11442.009426838344}}