{"mean":{"confidence_interval":{"confidence_level":0.95,"lower_bound":4718017.517522726,"upper_bound":4811889.503954546},"point_estimate":4763362.055454547,"standard_error":23941.62231250642},"median":{"confidence_interval":{"confidence_level":0.95,"lower_bound":4697856.727272727,"upper_bound":4829932.181818182},"point_estimate":4792349.0,"standard_error":39094.04283179566},"median_abs_dev":{"confidence_interval":{"confidence_level":0.95,"lower_bound":167384.79572832584,"upper_bound":246817.91468196982},"point_estimate":207975.82215314594,"standard_error":20092.110308050436},"slope":null,"std_dev":{"confidence_interval":{"confidence_level":0.95,"lower_bound":180720.53973099892,"upper_bound":309663.1075402269},"point_estimate":239990.19750729218,"standard_error":34670.31847227399}}