{"mean":{"confidence_interval":{"confidence_level":0.95,"lower_bound":268669.47672579414,"upper_bound":270241.34303989157},"point_estimate":269428.49744730815,"standard_error":401.53804873113563},"median":{"confidence_interval":{"confidence_level":0.95,"lower_bound":267891.74647887325,"upper_bound":269311.8243243243},"point_estimate":268489.99286997126,"standard_error":378.11337826302696},"median_abs_dev":{"confidence_interval":{"confidence_level":0.95,"lower_bound":2028.8908193899563,"upper_bound":3528.0207508069784},"point_estimate":2809.6302026190656,"standard_error":381.9676922228427},"slope":{"confidence_interval":{"confidence_level":0.95,"lower_bound":267682.6534789532,"upper_bound":268719.56029556756},"point_estimate":268206.1014674154,"standard_error":263.72454206726997},"std_dev":{"confidence_interval":{"confidence_level":0.95,"lower_bound":3163.425051787563,"upper_bound":4809.077008430528},"point_estimate":4036.420837590994,"standard_error":421.77868281798175}}