{"mean":{"confidence_interval":{"confidence_level":0.95,"lower_bound":267150.7960857073,"upper_bound":268599.2617116071},"point_estimate":267864.95080093236,"standard_error":368.2835873043679},"median":{"confidence_interval":{"confidence_level":0.95,"lower_bound":267004.61818181816,"upper_bound":268411.5084269663},"point_estimate":267908.0393788606,"standard_error":332.418497596995},"median_abs_dev":{"confidence_interval":{"confidence_level":0.95,"lower_bound":2256.1993483533106,"upper_bound":3809.1471682936426},"point_estimate":3033.4729224309726,"standard_error":415.2164959237847},"slope":{"confidence_interval":{"confidence_level":0.95,"lower_bound":267704.36952755315,"upper_bound":268984.5759402459},"point_estimate":268342.9038865081,"standard_error":326.6372555283843},"std_dev":{"confidence_interval":{"confidence_level":0.95,"lower_bound":2895.0685998479653,"upper_bound":4436.468716219672},"point_estimate":3697.298767340761,"standard_error":393.71205276233525}}