{"mean":{"confidence_interval":{"confidence_level":0.95,"lower_bound":279513.0562907838,"upper_bound":280629.9806669511},"point_estimate":280067.803222647,"standard_error":284.2188793330627},"median":{"confidence_interval":{"confidence_level":0.95,"lower_bound":279109.1339285714,"upper_bound":280311.5882168459},"point_estimate":279564.8137844611,"standard_error":282.06580036189814},"median_abs_dev":{"confidence_interval":{"confidence_level":0.95,"lower_bound":1922.927744591368,"upper_bound":3085.6961897188194},"point_estimate":2547.613154946219,"standard_error":283.54931513706686},"slope":{"confidence_interval":{"confidence_level":0.95,"lower_bound":279292.8215010304,"upper_bound":280348.24374665617},"point_estimate":279812.209940397,"standard_error":269.4515718096133},"std_dev":{"confidence_interval":{"confidence_level":0.95,"lower_bound":2310.1136785942444,"upper_bound":3373.027032255602},"point_estimate":2849.075753452611,"standard_error":273.54457746401744}}