{"mean":{"confidence_interval":{"confidence_level":0.95,"lower_bound":2041793.7670299993,"upper_bound":2076865.07411},"point_estimate":2059386.5304000005,"standard_error":8952.595882679207},"median":{"confidence_interval":{"confidence_level":0.95,"lower_bound":2052337.56,"upper_bound":2082500.32},"point_estimate":2069456.24,"standard_error":7637.41990367804},"median_abs_dev":{"confidence_interval":{"confidence_level":0.95,"lower_bound":65870.72482016086,"upper_bound":108019.38749027246},"point_estimate":82493.4933954477,"standard_error":10468.421292265313},"slope":null,"std_dev":{"confidence_interval":{"confidence_level":0.95,"lower_bound":75977.18388236062,"upper_bound":102455.30173308779},"point_estimate":89653.25747114209,"standard_error":6774.195259532777}}