{"mean":{"confidence_interval":{"confidence_level":0.95,"lower_bound":461960.1529628314,"upper_bound":463340.6748441145},"point_estimate":462652.27487655205,"standard_error":350.2670732096998},"median":{"confidence_interval":{"confidence_level":0.95,"lower_bound":462069.8099198099,"upper_bound":463367.79939516133},"point_estimate":462840.6887755102,"standard_error":350.3558484758713},"median_abs_dev":{"confidence_interval":{"confidence_level":0.95,"lower_bound":2062.950964030809,"upper_bound":3524.1495171481847},"point_estimate":2913.665237092043,"standard_error":392.4178510242987},"slope":{"confidence_interval":{"confidence_level":0.95,"lower_bound":462524.2086059124,"upper_bound":463629.0213386629},"point_estimate":463073.27287867595,"standard_error":283.0087794209047},"std_dev":{"confidence_interval":{"confidence_level":0.95,"lower_bound":2734.1291612711375,"upper_bound":4284.614041403356},"point_estimate":3520.83567972951,"standard_error":397.3640551457734}}