{"mean":{"confidence_interval":{"confidence_level":0.95,"lower_bound":441501.0920545633,"upper_bound":442497.2514358688},"point_estimate":441988.68293545267,"standard_error":252.87524332312927},"median":{"confidence_interval":{"confidence_level":0.95,"lower_bound":441550.7554347826,"upper_bound":442412.5238095238},"point_estimate":441898.86416666664,"standard_error":213.84891347664475},"median_abs_dev":{"confidence_interval":{"confidence_level":0.95,"lower_bound":1607.2601370698771,"upper_bound":2452.8199857871814},"point_estimate":1990.9353856589619,"standard_error":215.5968091770916},"slope":{"confidence_interval":{"confidence_level":0.95,"lower_bound":441669.49901157053,"upper_bound":442622.19799339265},"point_estimate":442132.31988473475,"standard_error":242.75365778812167},"std_dev":{"confidence_interval":{"confidence_level":0.95,"lower_bound":1910.9417186959515,"upper_bound":3174.669265474018},"point_estimate":2539.7045487945265,"standard_error":326.8650056602904}}