{"mean":{"confidence_interval":{"confidence_level":0.95,"lower_bound":1363346.7567362457,"upper_bound":1366390.300983335},"point_estimate":1364598.2655460583,"standard_error":796.7648976643109},"median":{"confidence_interval":{"confidence_level":0.95,"lower_bound":1362821.3333333333,"upper_bound":1364608.4090909092},"point_estimate":1363771.9431818184,"standard_error":514.2480760598395},"median_abs_dev":{"confidence_interval":{"confidence_level":0.95,"lower_bound":2568.1091363074106,"upper_bound":4247.378782660388},"point_estimate":3553.0831952536396,"standard_error":451.7783563268007},"slope":{"confidence_interval":{"confidence_level":0.95,"lower_bound":1363582.1417942375,"upper_bound":1364891.1513507455},"point_estimate":1364238.7875749962,"standard_error":333.9688270466821},"std_dev":{"confidence_interval":{"confidence_level":0.95,"lower_bound":3215.772715464792,"upper_bound":12794.49147210674},"point_estimate":7978.493778136279,"standard_error":3147.751918920819}}