{"mean":{"confidence_interval":{"confidence_level":0.95,"lower_bound":913404.6311045627,"upper_bound":915087.0445082885},"point_estimate":914172.1539318659,"standard_error":428.70283795684014},"median":{"confidence_interval":{"confidence_level":0.95,"lower_bound":913262.108311229,"upper_bound":914315.0},"point_estimate":913677.3576845299,"standard_error":315.5453997606189},"median_abs_dev":{"confidence_interval":{"confidence_level":0.95,"lower_bound":2010.9840393672973,"upper_bound":3549.8825551054106},"point_estimate":2766.7283526904293,"standard_error":401.68860097749314},"slope":{"confidence_interval":{"confidence_level":0.95,"lower_bound":913747.1135938142,"upper_bound":914921.2465248199},"point_estimate":914331.3251869367,"standard_error":299.2813159077076},"std_dev":{"confidence_interval":{"confidence_level":0.95,"lower_bound":2645.43770620064,"upper_bound":6187.609520195095},"point_estimate":4306.3160044687065,"standard_error":1031.8642709589067}}