{"mean":{"confidence_interval":{"confidence_level":0.95,"lower_bound":291474.8118919692,"upper_bound":292547.0350114324},"point_estimate":292025.4630501421,"standard_error":273.06246679974805},"median":{"confidence_interval":{"confidence_level":0.95,"lower_bound":291580.849528549,"upper_bound":292609.2444444444},"point_estimate":292127.36560150376,"standard_error":246.10927652805066},"median_abs_dev":{"confidence_interval":{"confidence_level":0.95,"lower_bound":1536.427019929175,"upper_bound":2489.2088889245274},"point_estimate":1993.4723910482726,"standard_error":241.9845361767101},"slope":{"confidence_interval":{"confidence_level":0.95,"lower_bound":291807.73941712436,"upper_bound":292851.3052532092},"point_estimate":292304.75791783654,"standard_error":266.0921002941064},"std_dev":{"confidence_interval":{"confidence_level":0.95,"lower_bound":1965.667869867863,"upper_bound":3543.3939849890535},"point_estimate":2747.8248872180975,"standard_error":409.1482577874925}}