{"mean":{"confidence_interval":{"confidence_level":0.95,"lower_bound":0.009599649807410815,"upper_bound":0.014777448491355576},"point_estimate":0.012242966060298066,"standard_error":0.001320916728367963},"median":{"confidence_interval":{"confidence_level":0.95,"lower_bound":0.010883005090466247,"upper_bound":0.014893747903836463},"point_estimate":0.013115806341524427,"standard_error":0.0010543011311351502}}