{"mean":{"confidence_interval":{"confidence_level":0.95,"lower_bound":394384.78269872407,"upper_bound":396062.6196752226},"point_estimate":395176.0405530403,"standard_error":427.46774127686047},"median":{"confidence_interval":{"confidence_level":0.95,"lower_bound":393701.9090909091,"upper_bound":395796.8039215686},"point_estimate":394277.90520833334,"standard_error":556.268852170419},"median_abs_dev":{"confidence_interval":{"confidence_level":0.95,"lower_bound":2636.7602223547956,"upper_bound":4116.290794663131},"point_estimate":3395.561549277473,"standard_error":377.12688258779633},"slope":{"confidence_interval":{"confidence_level":0.95,"lower_bound":393857.46875686746,"upper_bound":395365.24482506484},"point_estimate":394571.6725422393,"standard_error":384.88068226603156},"std_dev":{"confidence_interval":{"confidence_level":0.95,"lower_bound":2915.3788123493787,"upper_bound":5788.332565124634},"point_estimate":4298.5278364032765,"standard_error":770.1660532419355}}