{"mean":{"confidence_interval":{"confidence_level":0.95,"lower_bound":272122.43305665534,"upper_bound":273762.2170763091},"point_estimate":272919.1139550569,"standard_error":419.00502197696983},"median":{"confidence_interval":{"confidence_level":0.95,"lower_bound":271787.722826087,"upper_bound":273092.4166666667},"point_estimate":272715.58392802917,"standard_error":385.12684391682836},"median_abs_dev":{"confidence_interval":{"confidence_level":0.95,"lower_bound":1798.3579637870755,"upper_bound":3218.881690630451},"point_estimate":2409.523948222433,"standard_error":343.71084539700655},"slope":{"confidence_interval":{"confidence_level":0.95,"lower_bound":272201.74613227707,"upper_bound":273395.4032325446},"point_estimate":272769.92065908085,"standard_error":305.25452642809597},"std_dev":{"confidence_interval":{"confidence_level":0.95,"lower_bound":2955.3498258335867,"upper_bound":5425.815985071306},"point_estimate":4203.499187682489,"standard_error":637.6832315764323}}