{"mean":{"confidence_interval":{"confidence_level":0.95,"lower_bound":670025.1227071985,"upper_bound":672353.9071860069},"point_estimate":671098.6316968247,"standard_error":594.5420083876601},"median":{"confidence_interval":{"confidence_level":0.95,"lower_bound":669259.4391758242,"upper_bound":670917.1785714285},"point_estimate":669914.2371794872,"standard_error":425.21642873333224},"median_abs_dev":{"confidence_interval":{"confidence_level":0.95,"lower_bound":2308.763592689846,"upper_bound":4582.776261867509},"point_estimate":3057.507170829564,"standard_error":583.086586582527},"slope":{"confidence_interval":{"confidence_level":0.95,"lower_bound":670204.1205133467,"upper_bound":673875.448937047},"point_estimate":671824.5339515295,"standard_error":943.5702214207621},"std_dev":{"confidence_interval":{"confidence_level":0.95,"lower_bound":3489.8939396958144,"upper_bound":8233.831711702476},"point_estimate":5976.341070729487,"standard_error":1239.0705166660953}}