{"mean":{"confidence_interval":{"confidence_level":0.95,"lower_bound":259866.04416222303,"upper_bound":260802.0559021193},"point_estimate":260357.64790359075,"standard_error":239.57332002426293},"median":{"confidence_interval":{"confidence_level":0.95,"lower_bound":260268.54267785905,"upper_bound":260851.46875},"point_estimate":260518.11446135832,"standard_error":144.85368158008856},"median_abs_dev":{"confidence_interval":{"confidence_level":0.95,"lower_bound":1108.3793151234838,"upper_bound":2144.1901767978693},"point_estimate":1567.1855415160098,"standard_error":264.0187751912715},"slope":{"confidence_interval":{"confidence_level":0.95,"lower_bound":260322.6416702575,"upper_bound":261040.68545694285},"point_estimate":260687.20284912075,"standard_error":182.9995627477454},"std_dev":{"confidence_interval":{"confidence_level":0.95,"lower_bound":1642.897627253562,"upper_bound":3137.7374114051267},"point_estimate":2409.7568783683014,"standard_error":386.4202421962445}}