{"mean":{"confidence_interval":{"confidence_level":0.95,"lower_bound":2971.516926857567,"upper_bound":3007.9359646973858},"point_estimate":2989.4225316883326,"standard_error":9.310493686408634},"median":{"confidence_interval":{"confidence_level":0.95,"lower_bound":2954.390943458251,"upper_bound":3014.2597245125617},"point_estimate":2980.763815092112,"standard_error":15.375174538700517},"median_abs_dev":{"confidence_interval":{"confidence_level":0.95,"lower_bound":85.456744378701,"upper_bound":131.8519201018019},"point_estimate":114.91982005993239,"standard_error":12.139803326358823},"slope":{"confidence_interval":{"confidence_level":0.95,"lower_bound":2952.7097753022217,"upper_bound":2991.428721433796},"point_estimate":2972.3562879025694,"standard_error":9.870687091238764},"std_dev":{"confidence_interval":{"confidence_level":0.95,"lower_bound":77.95331491252647,"upper_bound":112.42110696375855},"point_estimate":93.50579998505927,"standard_error":9.272954005271234}}