{"mean":{"confidence_interval":{"confidence_level":0.95,"lower_bound":249010.07316011484,"upper_bound":250258.66925160357},"point_estimate":249620.53211654094,"standard_error":318.4475906756437},"median":{"confidence_interval":{"confidence_level":0.95,"lower_bound":248849.1324538074,"upper_bound":250094.46649305557},"point_estimate":249498.53348108748,"standard_error":328.63114819303445},"median_abs_dev":{"confidence_interval":{"confidence_level":0.95,"lower_bound":1845.7795289895007,"upper_bound":3156.960374634572},"point_estimate":2294.568701368522,"standard_error":328.40136946678047},"slope":{"confidence_interval":{"confidence_level":0.95,"lower_bound":249403.0561708607,"upper_bound":250256.30569796806},"point_estimate":249824.6067681395,"standard_error":217.4538466480512},"std_dev":{"confidence_interval":{"confidence_level":0.95,"lower_bound":2537.0921358322407,"upper_bound":3796.801458367555},"point_estimate":3192.8778714735163,"standard_error":322.43841359136064}}