{"mean":{"confidence_interval":{"confidence_level":0.95,"lower_bound":241907.35914978627,"upper_bound":243146.17910872007},"point_estimate":242494.24638548642,"standard_error":316.27837019968655},"median":{"confidence_interval":{"confidence_level":0.95,"lower_bound":241550.53933333332,"upper_bound":242678.81860465117},"point_estimate":242092.1023088023,"standard_error":273.0066572271508},"median_abs_dev":{"confidence_interval":{"confidence_level":0.95,"lower_bound":1564.952512435712,"upper_bound":2946.937804151986},"point_estimate":2539.703137412143,"standard_error":348.0027597397368},"slope":{"confidence_interval":{"confidence_level":0.95,"lower_bound":242758.33016402507,"upper_bound":244000.86743020156},"point_estimate":243381.3597576474,"standard_error":317.65695743043693},"std_dev":{"confidence_interval":{"confidence_level":0.95,"lower_bound":2218.811187466582,"upper_bound":4170.654812812256},"point_estimate":3183.7443658624115,"standard_error":511.43306950096417}}