{"mean":{"confidence_interval":{"confidence_level":0.95,"lower_bound":500361.44480797055,"upper_bound":502182.7250977291},"point_estimate":501259.7278546587,"standard_error":464.71364237037227},"median":{"confidence_interval":{"confidence_level":0.95,"lower_bound":500134.75531914894,"upper_bound":501688.3611111111},"point_estimate":500754.98233695654,"standard_error":380.3991409121746},"median_abs_dev":{"confidence_interval":{"confidence_level":0.95,"lower_bound":2316.93185478731,"upper_bound":4092.609024694249},"point_estimate":3248.478956162244,"standard_error":452.0391248279046},"slope":{"confidence_interval":{"confidence_level":0.95,"lower_bound":500685.3416274443,"upper_bound":502001.9274751894},"point_estimate":501332.9773030885,"standard_error":336.2994042866915},"std_dev":{"confidence_interval":{"confidence_level":0.95,"lower_bound":3537.5804363844372,"upper_bound":5757.927760466674},"point_estimate":4678.903070595821,"standard_error":568.8831736861757}}