{"mean":{"confidence_interval":{"confidence_level":0.95,"lower_bound":238342.75746044298,"upper_bound":240134.37056666618},"point_estimate":239202.736043204,"standard_error":454.7834729922803},"median":{"confidence_interval":{"confidence_level":0.95,"lower_bound":238083.4625,"upper_bound":239786.8337121212},"point_estimate":239059.5546171171,"standard_error":374.6296684713601},"median_abs_dev":{"confidence_interval":{"confidence_level":0.95,"lower_bound":2331.7667734504676,"upper_bound":4196.897456908092},"point_estimate":3441.8646638947007,"standard_error":518.4102370674368},"slope":{"confidence_interval":{"confidence_level":0.95,"lower_bound":238778.02280122763,"upper_bound":240079.16154451226},"point_estimate":239417.3256709029,"standard_error":331.9106385026681},"std_dev":{"confidence_interval":{"confidence_level":0.95,"lower_bound":3216.5925442162293,"upper_bound":5956.9405952244315},"point_estimate":4572.334390255805,"standard_error":714.0523666213977}}