{"mean":{"confidence_interval":{"confidence_level":0.95,"lower_bound":246015.22525178065,"upper_bound":248848.47744576252},"point_estimate":247306.04724639253,"standard_error":724.9775021234211},"median":{"confidence_interval":{"confidence_level":0.95,"lower_bound":245818.07279748283,"upper_bound":246889.6275},"point_estimate":246206.5,"standard_error":258.30196110245515},"median_abs_dev":{"confidence_interval":{"confidence_level":0.95,"lower_bound":1693.9627985072216,"upper_bound":3065.4901979403107},"point_estimate":2419.5660920441237,"standard_error":359.535736573044},"slope":{"confidence_interval":{"confidence_level":0.95,"lower_bound":246522.40172448938,"upper_bound":249456.4837237672},"point_estimate":247890.58424634254,"standard_error":748.5084767772727},"std_dev":{"confidence_interval":{"confidence_level":0.95,"lower_bound":4095.750522586068,"upper_bound":10132.494529872625},"point_estimate":7266.955993619913,"standard_error":1572.1865399117128}}