{"mean":{"confidence_interval":{"confidence_level":0.95,"lower_bound":258129.34286272075,"upper_bound":259438.93852903912},"point_estimate":258786.62687522036,"standard_error":331.9488828580191},"median":{"confidence_interval":{"confidence_level":0.95,"lower_bound":258266.44642857142,"upper_bound":259190.28488372092},"point_estimate":258495.22271604938,"standard_error":239.324569942376},"median_abs_dev":{"confidence_interval":{"confidence_level":0.95,"lower_bound":1361.9762819458967,"upper_bound":2489.9191211455727},"point_estimate":1834.1192464983847,"standard_error":303.51988360553975},"slope":{"confidence_interval":{"confidence_level":0.95,"lower_bound":258428.42494307988,"upper_bound":259106.7055754176},"point_estimate":258755.48885104182,"standard_error":173.0221204101298},"std_dev":{"confidence_interval":{"confidence_level":0.95,"lower_bound":2184.88231047195,"upper_bound":4372.552936044731},"point_estimate":3334.6655734722513,"standard_error":562.397519367248}}