{"mean":{"confidence_interval":{"confidence_level":0.95,"lower_bound":804088.5715766437,"upper_bound":808824.974517043},"point_estimate":806309.8562923615,"standard_error":1205.9708072000471},"median":{"confidence_interval":{"confidence_level":0.95,"lower_bound":805049.2142857143,"upper_bound":806933.4615384615},"point_estimate":805718.0906536528,"standard_error":457.67880512831},"median_abs_dev":{"confidence_interval":{"confidence_level":0.95,"lower_bound":4134.611312177012,"upper_bound":6920.732887705593},"point_estimate":5357.987491612441,"standard_error":690.5951226610608},"slope":{"confidence_interval":{"confidence_level":0.95,"lower_bound":803309.1761114205,"upper_bound":807263.598136859},"point_estimate":805298.9837564653,"standard_error":1007.7037045000104},"std_dev":{"confidence_interval":{"confidence_level":0.95,"lower_bound":7266.109309090159,"upper_bound":17246.899362251872},"point_estimate":12122.815318523937,"standard_error":2702.7712961952834}}