{"mean":{"confidence_interval":{"confidence_level":0.95,"lower_bound":390484.60928010504,"upper_bound":393624.9064870052},"point_estimate":391870.0506142343,"standard_error":806.9850200712126},"median":{"confidence_interval":{"confidence_level":0.95,"lower_bound":390002.44326241134,"upper_bound":391669.2380952381},"point_estimate":391170.59929078014,"standard_error":384.88163134398366},"median_abs_dev":{"confidence_interval":{"confidence_level":0.95,"lower_bound":2386.2269552519883,"upper_bound":3802.8521762027435},"point_estimate":3230.0229327597917,"standard_error":372.3252203565119},"slope":{"confidence_interval":{"confidence_level":0.95,"lower_bound":390878.4805440651,"upper_bound":396680.8642348237},"point_estimate":393244.95343874686,"standard_error":1529.363312533062},"std_dev":{"confidence_interval":{"confidence_level":0.95,"lower_bound":3647.562276438736,"upper_bound":12172.486800543624},"point_estimate":8090.114776659984,"standard_error":2293.594394615068}}