{"mean":{"confidence_interval":{"confidence_level":0.95,"lower_bound":495904.2974272921,"upper_bound":500153.3765534318},"point_estimate":497575.9412578722,"standard_error":1124.1686268339809},"median":{"confidence_interval":{"confidence_level":0.95,"lower_bound":495748.1118421053,"upper_bound":498454.347826087},"point_estimate":496878.55903866247,"standard_error":669.1385808558456},"median_abs_dev":{"confidence_interval":{"confidence_level":0.95,"lower_bound":3095.74287503956,"upper_bound":5151.52403250426},"point_estimate":4141.934680554022,"standard_error":570.531106236185},"slope":{"confidence_interval":{"confidence_level":0.95,"lower_bound":495351.6384998958,"upper_bound":497520.57253311976},"point_estimate":496414.059009901,"standard_error":553.982993061081},"std_dev":{"confidence_interval":{"confidence_level":0.95,"lower_bound":3715.97423239099,"upper_bound":18566.8169103412},"point_estimate":11294.880799783996,"standard_error":5003.856496408111}}