{"mean":{"confidence_interval":{"confidence_level":0.95,"lower_bound":658783.7235300868,"upper_bound":664266.2151553574},"point_estimate":661321.4635313229,"standard_error":1395.7537087360408},"median":{"confidence_interval":{"confidence_level":0.95,"lower_bound":657814.3815789474,"upper_bound":663574.0853658536},"point_estimate":661476.0033394049,"standard_error":1371.2572379190601},"median_abs_dev":{"confidence_interval":{"confidence_level":0.95,"lower_bound":7052.906172442382,"upper_bound":10519.678389801777},"point_estimate":8993.97037149923,"standard_error":896.6678427403816},"slope":{"confidence_interval":{"confidence_level":0.95,"lower_bound":659525.161329817,"upper_bound":662843.7701101355},"point_estimate":661202.2723038273,"standard_error":848.5202652875903},"std_dev":{"confidence_interval":{"confidence_level":0.95,"lower_bound":8252.302605083823,"upper_bound":19768.13683577984},"point_estimate":14033.344416171058,"standard_error":3059.5144067205565}}