{"mean":{"confidence_interval":{"confidence_level":0.95,"lower_bound":1578300.875442443,"upper_bound":1588203.5264875793},"point_estimate":1582052.2412880934,"standard_error":2718.2497057267387},"median":{"confidence_interval":{"confidence_level":0.95,"lower_bound":1576578.3655913977,"upper_bound":1579859.0494949496},"point_estimate":1578513.5474254743,"standard_error":870.4108853519954},"median_abs_dev":{"confidence_interval":{"confidence_level":0.95,"lower_bound":4491.764976314506,"upper_bound":6900.593420092259},"point_estimate":5612.119878757706,"standard_error":600.1058128415708},"slope":{"confidence_interval":{"confidence_level":0.95,"lower_bound":1578671.553964306,"upper_bound":1581883.8416305697},"point_estimate":1580202.7293098862,"standard_error":817.3724682954269},"std_dev":{"confidence_interval":{"confidence_level":0.95,"lower_bound":5960.130900583687,"upper_bound":45827.4905460091},"point_estimate":27386.617873500785,"standard_error":13470.35402115944}}