{"mean":{"confidence_interval":{"confidence_level":0.95,"lower_bound":2346771.972522727,"upper_bound":2350005.785022728},"point_estimate":2348325.8054545447,"standard_error":824.3452708390133},"median":{"confidence_interval":{"confidence_level":0.95,"lower_bound":2345485.8181818184,"upper_bound":2349396.5454545454},"point_estimate":2347831.6363636367,"standard_error":1120.560042295954},"median_abs_dev":{"confidence_interval":{"confidence_level":0.95,"lower_bound":5263.328465762032,"upper_bound":8633.819860355514},"point_estimate":6563.133128935264,"standard_error":857.0976668502647},"slope":null,"std_dev":{"confidence_interval":{"confidence_level":0.95,"lower_bound":6298.950916579381,"upper_bound":10527.297376655819},"point_estimate":8298.2660880827,"standard_error":1120.6375519195021}}