{"mean":{"confidence_interval":{"confidence_level":0.95,"lower_bound":2301879.875965909,"upper_bound":2304806.696670455},"point_estimate":2303311.044545454,"standard_error":746.2426143562714},"median":{"confidence_interval":{"confidence_level":0.95,"lower_bound":2300318.1363636362,"upper_bound":2304155.9545454546},"point_estimate":2301879.8181818184,"standard_error":1098.4114396056827},"median_abs_dev":{"confidence_interval":{"confidence_level":0.95,"lower_bound":4931.329685178482,"upper_bound":8928.337502740225},"point_estimate":6852.374905618943,"standard_error":1051.5426358261032},"slope":null,"std_dev":{"confidence_interval":{"confidence_level":0.95,"lower_bound":6180.601908599935,"upper_bound":8859.07820586947},"point_estimate":7498.7272756800885,"standard_error":689.9287986557454}}