{"mean":{"confidence_interval":{"confidence_level":0.95,"lower_bound":190885.23704624438,"upper_bound":191781.77462504595},"point_estimate":191301.61701772793,"standard_error":228.97990251691482},"median":{"confidence_interval":{"confidence_level":0.95,"lower_bound":190716.7358490566,"upper_bound":191425.55135135134},"point_estimate":191111.97527173912,"standard_error":163.36886883926675},"median_abs_dev":{"confidence_interval":{"confidence_level":0.95,"lower_bound":940.3450187776671,"upper_bound":1515.8870886431703},"point_estimate":1164.0419862382346,"standard_error":148.3217401773193},"slope":{"confidence_interval":{"confidence_level":0.95,"lower_bound":191083.1282705783,"upper_bound":191709.89751760368},"point_estimate":191387.96673444659,"standard_error":160.1112631677278},"std_dev":{"confidence_interval":{"confidence_level":0.95,"lower_bound":1458.2808129732045,"upper_bound":3187.3719536904428},"point_estimate":2306.968537988019,"standard_error":459.56830901737914}}