{"mean":{"confidence_interval":{"confidence_level":0.95,"lower_bound":305515.40172888833,"upper_bound":320632.2649432911},"point_estimate":312830.4378330442,"standard_error":3865.747493626061},"median":{"confidence_interval":{"confidence_level":0.95,"lower_bound":299857.2525252525,"upper_bound":313344.641025641},"point_estimate":307250.3407029478,"standard_error":3627.027487382343},"median_abs_dev":{"confidence_interval":{"confidence_level":0.95,"lower_bound":25452.10512077632,"upper_bound":43732.365226605754},"point_estimate":36687.319967307834,"standard_error":4675.671574744364},"slope":{"confidence_interval":{"confidence_level":0.95,"lower_bound":307253.75052122324,"upper_bound":318115.5794982867},"point_estimate":312610.1180306389,"standard_error":2771.791911441856},"std_dev":{"confidence_interval":{"confidence_level":0.95,"lower_bound":30646.057391846294,"upper_bound":46613.37384244351},"point_estimate":38989.94854100224,"standard_error":4091.4416050150376}}