{"mean":{"confidence_interval":{"confidence_level":0.95,"lower_bound":344522.87625394977,"upper_bound":353816.3996824638},"point_estimate":348962.9551454019,"standard_error":2377.0211893137957},"median":{"confidence_interval":{"confidence_level":0.95,"lower_bound":335136.13526570046,"upper_bound":349502.58101851854},"point_estimate":340540.74286811496,"standard_error":4253.487329113463},"median_abs_dev":{"confidence_interval":{"confidence_level":0.95,"lower_bound":11274.872749830929,"upper_bound":24420.602061169648},"point_estimate":17201.992898648583,"standard_error":3527.5201732317178},"slope":{"confidence_interval":{"confidence_level":0.95,"lower_bound":348306.9575318394,"upper_bound":358283.97747579205},"point_estimate":353019.57407122804,"standard_error":2549.50124959963},"std_dev":{"confidence_interval":{"confidence_level":0.95,"lower_bound":18010.19549515862,"upper_bound":29543.23619221236},"point_estimate":23913.34999246184,"standard_error":2954.680745336191}}