{"mean":{"confidence_interval":{"confidence_level":0.95,"lower_bound":828686.4602201612,"upper_bound":835865.1680291294},"point_estimate":831906.1211768589,"standard_error":1848.624080143478},"median":{"confidence_interval":{"confidence_level":0.95,"lower_bound":826513.3191489362,"upper_bound":829059.8197727273},"point_estimate":827879.9843350383,"standard_error":723.3887099208031},"median_abs_dev":{"confidence_interval":{"confidence_level":0.95,"lower_bound":3526.7657270425475,"upper_bound":6210.1426888173855},"point_estimate":4695.0598866014125,"standard_error":720.854154023733},"slope":{"confidence_interval":{"confidence_level":0.95,"lower_bound":828352.6245112411,"upper_bound":835503.3459290318},"point_estimate":831108.8376148958,"standard_error":1897.9807492623677},"std_dev":{"confidence_interval":{"confidence_level":0.95,"lower_bound":7947.442656436689,"upper_bound":26351.484052772164},"point_estimate":18586.9791026877,"standard_error":4564.73557664128}}