{"mean":{"confidence_interval":{"confidence_level":0.95,"lower_bound":255257.59823412664,"upper_bound":256088.93604356388},"point_estimate":255682.6178269815,"standard_error":211.69267742714317},"median":{"confidence_interval":{"confidence_level":0.95,"lower_bound":255300.59375,"upper_bound":256181.27050339367},"point_estimate":255810.07278921024,"standard_error":240.25211345920914},"median_abs_dev":{"confidence_interval":{"confidence_level":0.95,"lower_bound":1440.452196100132,"upper_bound":2247.491553263613},"point_estimate":1880.1415066208235,"standard_error":204.69573493442476},"slope":{"confidence_interval":{"confidence_level":0.95,"lower_bound":255834.2617192093,"upper_bound":256546.10264746577},"point_estimate":256204.01680138908,"standard_error":181.1104525944985},"std_dev":{"confidence_interval":{"confidence_level":0.95,"lower_bound":1665.2124271012644,"upper_bound":2619.715217983454},"point_estimate":2130.0839657402107,"standard_error":246.9984057047893}}