{"mean":{"confidence_interval":{"confidence_level":0.95,"lower_bound":282624.6701012107,"upper_bound":283555.85891800513},"point_estimate":283088.22710425744,"standard_error":236.52569057075615},"median":{"confidence_interval":{"confidence_level":0.95,"lower_bound":282615.54464285716,"upper_bound":283455.8384146341},"point_estimate":282952.7744047619,"standard_error":260.55844551222316},"median_abs_dev":{"confidence_interval":{"confidence_level":0.95,"lower_bound":1404.46635729687,"upper_bound":2591.548689624426},"point_estimate":2046.4360193309637,"standard_error":299.31550240302556},"slope":{"confidence_interval":{"confidence_level":0.95,"lower_bound":283182.29098985536,"upper_bound":284031.37508152414},"point_estimate":283611.20122432394,"standard_error":216.72102851858943},"std_dev":{"confidence_interval":{"confidence_level":0.95,"lower_bound":1972.4138464788925,"upper_bound":2747.1785902838915},"point_estimate":2373.92493394934,"standard_error":198.30286926364315}}