{"mean":{"confidence_interval":{"confidence_level":0.95,"lower_bound":269754.21259609115,"upper_bound":271256.2325268491},"point_estimate":270415.8888071629,"standard_error":385.9319575383048},"median":{"confidence_interval":{"confidence_level":0.95,"lower_bound":269216.0916666667,"upper_bound":270282.1785714286},"point_estimate":269472.1118421053,"standard_error":251.8320750130294},"median_abs_dev":{"confidence_interval":{"confidence_level":0.95,"lower_bound":1289.698284115463,"upper_bound":2429.5503195390456},"point_estimate":1689.8218478432098,"standard_error":304.10197250820767},"slope":{"confidence_interval":{"confidence_level":0.95,"lower_bound":269382.5133305104,"upper_bound":270001.80355788284},"point_estimate":269690.67921235407,"standard_error":157.34656724089717},"std_dev":{"confidence_interval":{"confidence_level":0.95,"lower_bound":2047.0528350367292,"upper_bound":5815.552720953733},"point_estimate":3870.154195727317,"standard_error":1144.664719439029}}