{"mean":{"confidence_interval":{"confidence_level":0.95,"lower_bound":317526.99982786766,"upper_bound":319026.0280098777},"point_estimate":318172.41528118716,"standard_error":386.4729811164527},"median":{"confidence_interval":{"confidence_level":0.95,"lower_bound":317098.3076923077,"upper_bound":318410.8348214286},"point_estimate":317984.73700980394,"standard_error":275.3118983786489},"median_abs_dev":{"confidence_interval":{"confidence_level":0.95,"lower_bound":1554.2482454669275,"upper_bound":2490.6576544122895},"point_estimate":2079.888912108413,"standard_error":233.73191718230078},"slope":{"confidence_interval":{"confidence_level":0.95,"lower_bound":317649.615987108,"upper_bound":318587.0181574786},"point_estimate":318115.2881247229,"standard_error":239.18938104307875},"std_dev":{"confidence_interval":{"confidence_level":0.95,"lower_bound":1858.3061031118532,"upper_bound":6019.273266018627},"point_estimate":3882.282068625886,"standard_error":1321.7698544426796}}