{"mean":{"confidence_interval":{"confidence_level":0.95,"lower_bound":552041.8214991501,"upper_bound":561254.997504933},"point_estimate":556564.9190586653,"standard_error":2346.9646785820078},"median":{"confidence_interval":{"confidence_level":0.95,"lower_bound":553145.5287698413,"upper_bound":562535.83125},"point_estimate":555758.1488095238,"standard_error":2450.036009503487},"median_abs_dev":{"confidence_interval":{"confidence_level":0.95,"lower_bound":13692.639304066197,"upper_bound":22543.91927738114},"point_estimate":18988.823616913287,"standard_error":2242.3143200765635},"slope":{"confidence_interval":{"confidence_level":0.95,"lower_bound":554949.1891354189,"upper_bound":564341.546088481},"point_estimate":559371.7461267918,"standard_error":2401.3197022026343},"std_dev":{"confidence_interval":{"confidence_level":0.95,"lower_bound":18324.20622475159,"upper_bound":28581.96127553016},"point_estimate":23525.494681792443,"standard_error":2628.796035523203}}