{"mean":{"confidence_interval":{"confidence_level":0.95,"lower_bound":259737.91607004715,"upper_bound":261336.5265484566},"point_estimate":260527.28882987367,"standard_error":407.5118502080125},"median":{"confidence_interval":{"confidence_level":0.95,"lower_bound":258858.5243902439,"upper_bound":260835.03242714997},"point_estimate":259881.56006189046,"standard_error":427.0800784169584},"median_abs_dev":{"confidence_interval":{"confidence_level":0.95,"lower_bound":2590.3547863620406,"upper_bound":4400.863063851812},"point_estimate":3670.8978384517095,"standard_error":451.58905678546193},"slope":{"confidence_interval":{"confidence_level":0.95,"lower_bound":260693.24477785474,"upper_bound":262828.10577833233},"point_estimate":261796.24243017586,"standard_error":544.7560746385584},"std_dev":{"confidence_interval":{"confidence_level":0.95,"lower_bound":3353.540744879378,"upper_bound":4746.852858821924},"point_estimate":4069.874749596051,"standard_error":356.5205712768404}}