{"mean":{"confidence_interval":{"confidence_level":0.95,"lower_bound":158865.4212971836,"upper_bound":160157.87083768973},"point_estimate":159450.57314691498,"standard_error":330.2647041481459},"median":{"confidence_interval":{"confidence_level":0.95,"lower_bound":158414.9076923077,"upper_bound":159761.61666666667},"point_estimate":159029.6560325743,"standard_error":305.55845288520015},"median_abs_dev":{"confidence_interval":{"confidence_level":0.95,"lower_bound":1503.009808459328,"upper_bound":2437.071065283753},"point_estimate":1898.3731695646322,"standard_error":239.2420288833607},"slope":{"confidence_interval":{"confidence_level":0.95,"lower_bound":158926.31804674485,"upper_bound":159889.83265146162},"point_estimate":159386.13702034383,"standard_error":246.11346246524533},"std_dev":{"confidence_interval":{"confidence_level":0.95,"lower_bound":1860.9004997079971,"upper_bound":4877.541154737348},"point_estimate":3324.561901700026,"standard_error":855.008254535187}}