{"mean":{"confidence_interval":{"confidence_level":0.95,"lower_bound":282064.53173317754,"upper_bound":283520.7857366538},"point_estimate":282785.64869652904,"standard_error":372.5591269563428},"median":{"confidence_interval":{"confidence_level":0.95,"lower_bound":281385.22352941177,"upper_bound":283244.77397260274},"point_estimate":282113.8617021277,"standard_error":430.2308227545671},"median_abs_dev":{"confidence_interval":{"confidence_level":0.95,"lower_bound":2420.002027726744,"upper_bound":4161.567573951817},"point_estimate":2935.529009968183,"standard_error":401.8630752448728},"slope":{"confidence_interval":{"confidence_level":0.95,"lower_bound":282370.8683094355,"upper_bound":283875.59530961385},"point_estimate":283117.51111349196,"standard_error":384.56730366464916},"std_dev":{"confidence_interval":{"confidence_level":0.95,"lower_bound":3139.7070259261686,"upper_bound":4291.427371228499},"point_estimate":3747.8090025253096,"standard_error":294.18302082481347}}