{"mean":{"confidence_interval":{"confidence_level":0.95,"lower_bound":275228.5393414406,"upper_bound":276712.08048412745},"point_estimate":275928.02587858844,"standard_error":379.2106215612806},"median":{"confidence_interval":{"confidence_level":0.95,"lower_bound":274641.7961474501,"upper_bound":275778.84408602153},"point_estimate":274980.0191511387,"standard_error":282.5485890961374},"median_abs_dev":{"confidence_interval":{"confidence_level":0.95,"lower_bound":1355.0039074499582,"upper_bound":2443.9137091085763},"point_estimate":1804.488426066381,"standard_error":277.6966172977053},"slope":{"confidence_interval":{"confidence_level":0.95,"lower_bound":274909.660174737,"upper_bound":275908.82034108177},"point_estimate":275371.78702009754,"standard_error":255.4310187625164},"std_dev":{"confidence_interval":{"confidence_level":0.95,"lower_bound":2488.983716939441,"upper_bound":4942.4408018467275},"point_estimate":3809.300430991534,"standard_error":625.6606251133887}}