{"mean":{"confidence_interval":{"confidence_level":0.95,"lower_bound":277901.9806452706,"upper_bound":279310.61314278445},"point_estimate":278593.6738045518,"standard_error":358.58778103262284},"median":{"confidence_interval":{"confidence_level":0.95,"lower_bound":277234.1304347826,"upper_bound":279024.45738636365},"point_estimate":278127.31845588237,"standard_error":398.4100179354414},"median_abs_dev":{"confidence_interval":{"confidence_level":0.95,"lower_bound":2475.9060511843322,"upper_bound":4463.033955159296},"point_estimate":3376.315653808432,"standard_error":535.391703278166},"slope":{"confidence_interval":{"confidence_level":0.95,"lower_bound":277110.3327362504,"upper_bound":278486.25629728526},"point_estimate":277788.5007396187,"standard_error":351.27435801063734},"std_dev":{"confidence_interval":{"confidence_level":0.95,"lower_bound":2999.0639027978646,"upper_bound":4185.524525582323},"point_estimate":3596.719177439253,"standard_error":304.99889932985695}}