{"mean":{"confidence_interval":{"confidence_level":0.95,"lower_bound":329583.9161749737,"upper_bound":330871.82944381324},"point_estimate":330184.40477686893,"standard_error":328.4341533237578},"median":{"confidence_interval":{"confidence_level":0.95,"lower_bound":329281.40972222225,"upper_bound":330338.6875},"point_estimate":330011.18284462416,"standard_error":281.1501130792535},"median_abs_dev":{"confidence_interval":{"confidence_level":0.95,"lower_bound":2019.4501729354706,"upper_bound":2954.2148939971926},"point_estimate":2523.5862365738712,"standard_error":234.07114240459845},"slope":{"confidence_interval":{"confidence_level":0.95,"lower_bound":329575.9971308683,"upper_bound":331121.74182275514},"point_estimate":330270.3059415792,"standard_error":396.2897119786774},"std_dev":{"confidence_interval":{"confidence_level":0.95,"lower_bound":2083.4209183411613,"upper_bound":4507.490707469376},"point_estimate":3307.1140978160856,"standard_error":633.2715303295242}}