{"mean":{"confidence_interval":{"confidence_level":0.95,"lower_bound":295200.0554256412,"upper_bound":296986.5108870163},"point_estimate":296026.49054815504,"standard_error":453.8863549761238},"median":{"confidence_interval":{"confidence_level":0.95,"lower_bound":294370.6612903226,"upper_bound":296366.1666666667},"point_estimate":295472.4504862953,"standard_error":498.518801503787},"median_abs_dev":{"confidence_interval":{"confidence_level":0.95,"lower_bound":2636.3308974265224,"upper_bound":4089.186396814209},"point_estimate":3225.83695173378,"standard_error":380.2359326761989},"slope":{"confidence_interval":{"confidence_level":0.95,"lower_bound":294948.3508321817,"upper_bound":296507.59635833505},"point_estimate":295714.7914563322,"standard_error":397.0736327839843},"std_dev":{"confidence_interval":{"confidence_level":0.95,"lower_bound":3037.433014746301,"upper_bound":6288.492974270498},"point_estimate":4559.360065863446,"standard_error":923.2451397416006}}