{"mean":{"confidence_interval":{"confidence_level":0.95,"lower_bound":292794.4347799063,"upper_bound":294828.6673450439},"point_estimate":293719.32410673855,"standard_error":520.7538339107995},"median":{"confidence_interval":{"confidence_level":0.95,"lower_bound":292166.1697530864,"upper_bound":293188.4350961539},"point_estimate":292829.783203125,"standard_error":282.6569636758793},"median_abs_dev":{"confidence_interval":{"confidence_level":0.95,"lower_bound":1831.2612325897169,"upper_bound":3012.7236937373423},"point_estimate":2497.2937980252755,"standard_error":303.1438288061633},"slope":{"confidence_interval":{"confidence_level":0.95,"lower_bound":292811.07207929646,"upper_bound":294830.73030681856},"point_estimate":293683.82766218414,"standard_error":520.2067109914904},"std_dev":{"confidence_interval":{"confidence_level":0.95,"lower_bound":2984.579090499725,"upper_bound":7541.479036021716},"point_estimate":5240.991207177207,"standard_error":1256.149123514049}}