{"mean":{"confidence_interval":{"confidence_level":0.95,"lower_bound":2503777.855602941,"upper_bound":2511274.064735294},"point_estimate":2506900.9082352943,"standard_error":1959.9841366754774},"median":{"confidence_interval":{"confidence_level":0.95,"lower_bound":2502107.382352941,"upper_bound":2505649.294117647},"point_estimate":2503192.1176470593,"standard_error":1049.6400838637564},"median_abs_dev":{"confidence_interval":{"confidence_level":0.95,"lower_bound":5118.501985598708,"upper_bound":8600.802279658288},"point_estimate":6512.058749093099,"standard_error":862.0034355955015},"slope":null,"std_dev":{"confidence_interval":{"confidence_level":0.95,"lower_bound":7038.306774243766,"upper_bound":31585.483662609207},"point_estimate":19793.830270391893,"standard_error":7558.831429647138}}