{"mean":{"confidence_interval":{"confidence_level":0.95,"lower_bound":131369.3708948187,"upper_bound":132096.23723364747},"point_estimate":131728.9556070922,"standard_error":184.89750663414608},"median":{"confidence_interval":{"confidence_level":0.95,"lower_bound":131243.5301415904,"upper_bound":132074.23611111112},"point_estimate":131690.53849765257,"standard_error":237.46224173645365},"median_abs_dev":{"confidence_interval":{"confidence_level":0.95,"lower_bound":1226.6015210309934,"upper_bound":2264.4185456808923},"point_estimate":1786.5456535718379,"standard_error":267.9281859138395},"slope":{"confidence_interval":{"confidence_level":0.95,"lower_bound":131136.70066846444,"upper_bound":131969.042141262},"point_estimate":131550.16605068717,"standard_error":212.31180636161045},"std_dev":{"confidence_interval":{"confidence_level":0.95,"lower_bound":1537.9242757080867,"upper_bound":2191.7314695267155},"point_estimate":1857.178363083905,"standard_error":168.62512405795545}}