{"mean":{"confidence_interval":{"confidence_level":0.95,"lower_bound":253880.34488163877,"upper_bound":254854.227512742},"point_estimate":254370.0176954299,"standard_error":248.30426845875328},"median":{"confidence_interval":{"confidence_level":0.95,"lower_bound":254148.78065698678,"upper_bound":255200.57692307694},"point_estimate":254617.50316455698,"standard_error":265.1111863329074},"median_abs_dev":{"confidence_interval":{"confidence_level":0.95,"lower_bound":1784.2303056776025,"upper_bound":2877.9339364064604},"point_estimate":2443.870173366753,"standard_error":271.77291409339074},"slope":{"confidence_interval":{"confidence_level":0.95,"lower_bound":253998.3730434938,"upper_bound":254981.41376121453},"point_estimate":254489.4860499483,"standard_error":251.52063096409944},"std_dev":{"confidence_interval":{"confidence_level":0.95,"lower_bound":2004.2968353800625,"upper_bound":2975.824425793584},"point_estimate":2494.71374613151,"standard_error":249.81896027989245}}