{"mean":{"confidence_interval":{"confidence_level":0.95,"lower_bound":2665064.155145833,"upper_bound":2719036.5750416666},"point_estimate":2690497.980833334,"standard_error":13797.969707734934},"median":{"confidence_interval":{"confidence_level":0.95,"lower_bound":2626048.125,"upper_bound":2646587.083333333},"point_estimate":2631074.3333333335,"standard_error":5378.294104359979},"median_abs_dev":{"confidence_interval":{"confidence_level":0.95,"lower_bound":30633.72775614204,"upper_bound":63271.86890170024},"point_estimate":41016.37537181389,"standard_error":8125.265154470582},"slope":null,"std_dev":{"confidence_interval":{"confidence_level":0.95,"lower_bound":97922.19473729924,"upper_bound":173216.2738459054},"point_estimate":138378.9334556956,"standard_error":19344.737048720413}}