{"mean":{"confidence_interval":{"confidence_level":0.95,"lower_bound":1735399.6507159094,"upper_bound":1749322.6110568189},"point_estimate":1741320.9368181815,"standard_error":3603.7740308611847},"median":{"confidence_interval":{"confidence_level":0.95,"lower_bound":1732479.3636363635,"upper_bound":1736685.7045454546},"point_estimate":1734705.7045454546,"standard_error":1132.8884708060798},"median_abs_dev":{"confidence_interval":{"confidence_level":0.95,"lower_bound":6133.516091108322,"upper_bound":10088.277390897196},"point_estimate":7962.13468137111,"standard_error":971.9842326517534},"slope":null,"std_dev":{"confidence_interval":{"confidence_level":0.95,"lower_bound":9511.35293692041,"upper_bound":55044.110140454795},"point_estimate":36208.7538251052,"standard_error":12162.597947052429}}