{"mean":{"confidence_interval":{"confidence_level":0.95,"lower_bound":234899.68074491477,"upper_bound":236187.77410664217},"point_estimate":235529.93188101967,"standard_error":327.5918890279514},"median":{"confidence_interval":{"confidence_level":0.95,"lower_bound":234958.16170212766,"upper_bound":236028.86666666667},"point_estimate":235419.59999999998,"standard_error":242.34642772305455},"median_abs_dev":{"confidence_interval":{"confidence_level":0.95,"lower_bound":1575.527629336495,"upper_bound":2447.0069920245533},"point_estimate":2029.4612277223036,"standard_error":226.74673675600778},"slope":{"confidence_interval":{"confidence_level":0.95,"lower_bound":235663.28163133655,"upper_bound":236329.72221335705},"point_estimate":235991.37838392198,"standard_error":169.82895562074495},"std_dev":{"confidence_interval":{"confidence_level":0.95,"lower_bound":2099.778305192226,"upper_bound":4328.253008125118},"point_estimate":3293.2577050652462,"standard_error":564.7583314532633}}