{"mean":{"confidence_interval":{"confidence_level":0.95,"lower_bound":724693.3274368398,"upper_bound":725750.09496503},"point_estimate":725207.8037196839,"standard_error":270.02612625697185},"median":{"confidence_interval":{"confidence_level":0.95,"lower_bound":724486.5606130711,"upper_bound":725703.2613636364},"point_estimate":725137.4293010753,"standard_error":306.44518371561946},"median_abs_dev":{"confidence_interval":{"confidence_level":0.95,"lower_bound":1714.25643443542,"upper_bound":2737.941266776415},"point_estimate":2328.674970431956,"standard_error":263.6639809209509},"slope":{"confidence_interval":{"confidence_level":0.95,"lower_bound":724817.3457351134,"upper_bound":725798.5892508815},"point_estimate":725307.667484853,"standard_error":250.24064108111665},"std_dev":{"confidence_interval":{"confidence_level":0.95,"lower_bound":2089.2682887210653,"upper_bound":3364.546408937153},"point_estimate":2711.266164822826,"standard_error":331.0946539368382}}