{"mean":{"confidence_interval":{"confidence_level":0.95,"lower_bound":1377833.3999587428,"upper_bound":1380508.8444041647},"point_estimate":1379109.7161445392,"standard_error":684.6364639458588},"median":{"confidence_interval":{"confidence_level":0.95,"lower_bound":1376808.0,"upper_bound":1379522.0877192982},"point_estimate":1378061.4970149253,"standard_error":826.147676208918},"median_abs_dev":{"confidence_interval":{"confidence_level":0.95,"lower_bound":3616.8960832013513,"upper_bound":5812.504586334357},"point_estimate":4731.385281426075,"standard_error":562.1330079278403},"slope":{"confidence_interval":{"confidence_level":0.95,"lower_bound":1376925.6939774973,"upper_bound":1379134.0751864023},"point_estimate":1377989.5238569528,"standard_error":562.864608356274},"std_dev":{"confidence_interval":{"confidence_level":0.95,"lower_bound":5098.8832333439195,"upper_bound":8506.831964946154},"point_estimate":6883.044669885331,"standard_error":872.7024206190796}}