{"mean":{"confidence_interval":{"confidence_level":0.95,"lower_bound":1390071.899326862,"upper_bound":1393250.1231979842},"point_estimate":1391608.0990252763,"standard_error":806.997129411192},"median":{"confidence_interval":{"confidence_level":0.95,"lower_bound":1389619.1195652173,"upper_bound":1392045.4285714286},"point_estimate":1390797.9353070175,"standard_error":587.3365240543594},"median_abs_dev":{"confidence_interval":{"confidence_level":0.95,"lower_bound":3450.649367812553,"upper_bound":5929.709935590045},"point_estimate":4328.743503040063,"standard_error":646.1287281113196},"slope":{"confidence_interval":{"confidence_level":0.95,"lower_bound":1390875.9190143356,"upper_bound":1393301.002454345},"point_estimate":1392011.6442766367,"standard_error":620.424016249583},"std_dev":{"confidence_interval":{"confidence_level":0.95,"lower_bound":5139.852481815979,"upper_bound":11022.594026316334},"point_estimate":8088.166569261505,"standard_error":1538.0980927845612}}