{"mean":{"confidence_interval":{"confidence_level":0.95,"lower_bound":264023.71664837265,"upper_bound":265540.3046657799},"point_estimate":264738.8563206628,"standard_error":388.1741981229956},"median":{"confidence_interval":{"confidence_level":0.95,"lower_bound":263354.70357142854,"upper_bound":264696.57403143856},"point_estimate":263995.6396417942,"standard_error":295.02765947191455},"median_abs_dev":{"confidence_interval":{"confidence_level":0.95,"lower_bound":2013.2543976010502,"upper_bound":3217.7211422957316},"point_estimate":2532.6951906126174,"standard_error":304.7323682958318},"slope":{"confidence_interval":{"confidence_level":0.95,"lower_bound":263483.6451869749,"upper_bound":264899.22421172896},"point_estimate":264123.62918058224,"standard_error":361.8609502174012},"std_dev":{"confidence_interval":{"confidence_level":0.95,"lower_bound":2706.159448687845,"upper_bound":5083.147131441336},"point_estimate":3906.18825750156,"standard_error":618.181723486428}}