{"mean":{"confidence_interval":{"confidence_level":0.95,"lower_bound":320844.181822052,"upper_bound":321646.7510370054},"point_estimate":321231.45427764306,"standard_error":204.81222000313306},"median":{"confidence_interval":{"confidence_level":0.95,"lower_bound":320491.95441767067,"upper_bound":321344.0425},"point_estimate":320951.0175257732,"standard_error":212.59529878245868},"median_abs_dev":{"confidence_interval":{"confidence_level":0.95,"lower_bound":1030.424496991337,"upper_bound":1824.8567617344088},"point_estimate":1431.3475376709193,"standard_error":199.82544199891262},"slope":{"confidence_interval":{"confidence_level":0.95,"lower_bound":320641.70822851284,"upper_bound":321185.03533194354},"point_estimate":320907.5567866115,"standard_error":138.93940206452908},"std_dev":{"confidence_interval":{"confidence_level":0.95,"lower_bound":1509.137736623769,"upper_bound":2575.746558200425},"point_estimate":2054.789222055981,"standard_error":275.5633867299693}}