{"mean":{"confidence_interval":{"confidence_level":0.95,"lower_bound":249848.41173708375,"upper_bound":251116.51182187448},"point_estimate":250434.14714138527,"standard_error":324.0627955738308},"median":{"confidence_interval":{"confidence_level":0.95,"lower_bound":249583.94696969696,"upper_bound":250510.0653846154},"point_estimate":249881.28715803614,"standard_error":221.86931340085215},"median_abs_dev":{"confidence_interval":{"confidence_level":0.95,"lower_bound":1449.3834698243118,"upper_bound":2483.602497157244},"point_estimate":2022.0474875801524,"standard_error":265.70320541839004},"slope":{"confidence_interval":{"confidence_level":0.95,"lower_bound":250245.10974329032,"upper_bound":251248.3609147853},"point_estimate":250750.70038791193,"standard_error":256.20609928787997},"std_dev":{"confidence_interval":{"confidence_level":0.95,"lower_bound":2046.7304103137403,"upper_bound":4642.459950491904},"point_estimate":3262.53327908478,"standard_error":753.9702782258202}}