{"mean":{"confidence_interval":{"confidence_level":0.95,"lower_bound":284666.37293742603,"upper_bound":286009.72321611043},"point_estimate":285319.566634977,"standard_error":342.61087930271077},"median":{"confidence_interval":{"confidence_level":0.95,"lower_bound":284324.2083333333,"upper_bound":285925.85755813954},"point_estimate":285122.00294117647,"standard_error":404.33577582781703},"median_abs_dev":{"confidence_interval":{"confidence_level":0.95,"lower_bound":2033.2587276510485,"upper_bound":3325.7559563219856},"point_estimate":2696.335066659721,"standard_error":332.02650477521195},"slope":{"confidence_interval":{"confidence_level":0.95,"lower_bound":285073.82177353883,"upper_bound":286733.9179702517},"point_estimate":285873.8911482193,"standard_error":423.7251980647934},"std_dev":{"confidence_interval":{"confidence_level":0.95,"lower_bound":2586.68379111071,"upper_bound":4252.647920771138},"point_estimate":3445.778618064032,"standard_error":427.8177814180459}}