{"mean":{"confidence_interval":{"confidence_level":0.95,"lower_bound":245066.32947241983,"upper_bound":247320.79907378028},"point_estimate":246070.21052537073,"standard_error":578.1435466783436},"median":{"confidence_interval":{"confidence_level":0.95,"lower_bound":244445.0,"upper_bound":245729.48897058822},"point_estimate":245320.3394411956,"standard_error":294.3260577739071},"median_abs_dev":{"confidence_interval":{"confidence_level":0.95,"lower_bound":1936.2789672108645,"upper_bound":3081.785312898184},"point_estimate":2575.3424793824884,"standard_error":294.42446541804617},"slope":{"confidence_interval":{"confidence_level":0.95,"lower_bound":245068.6504684154,"upper_bound":248005.2336138433},"point_estimate":246203.01984261858,"standard_error":786.8628889087091},"std_dev":{"confidence_interval":{"confidence_level":0.95,"lower_bound":2763.0641105745094,"upper_bound":8548.225944167543},"point_estimate":5817.984021578658,"standard_error":1531.207092512313}}