{"mean":{"confidence_interval":{"confidence_level":0.95,"lower_bound":2477629.94275,"upper_bound":2482320.0659404774},"point_estimate":2479834.843809524,"standard_error":1200.0258056971786},"median":{"confidence_interval":{"confidence_level":0.95,"lower_bound":2476143.928571428,"upper_bound":2480339.904761905},"point_estimate":2478376.6904761903,"standard_error":1115.2181878462168},"median_abs_dev":{"confidence_interval":{"confidence_level":0.95,"lower_bound":5852.4583785981595,"upper_bound":9639.229628869367},"point_estimate":7144.472773160072,"standard_error":945.961236863445},"slope":null,"std_dev":{"confidence_interval":{"confidence_level":0.95,"lower_bound":7957.746459118438,"upper_bound":15864.44425528781},"point_estimate":12076.837486085466,"standard_error":2040.389790619561}}