{"mean":{"confidence_interval":{"confidence_level":0.95,"lower_bound":3266005.212892856,"upper_bound":3269689.6346964287},"point_estimate":3267816.2978571416,"standard_error":941.2157336401549},"median":{"confidence_interval":{"confidence_level":0.95,"lower_bound":3265234.7857142854,"upper_bound":3269534.7142857146},"point_estimate":3266623.1071428573,"standard_error":1231.4480233597096},"median_abs_dev":{"confidence_interval":{"confidence_level":0.95,"lower_bound":6937.720676830935,"upper_bound":10723.80445961461},"point_estimate":8865.471292606175,"standard_error":1010.2491233544476},"slope":null,"std_dev":{"confidence_interval":{"confidence_level":0.95,"lower_bound":7682.304387942013,"upper_bound":11397.689812005208},"point_estimate":9510.784915577418,"standard_error":957.5605391961944}}