{"mean":{"confidence_interval":{"confidence_level":0.95,"lower_bound":2618301.5312794135,"upper_bound":2627639.5718235304},"point_estimate":2622882.7664705887,"standard_error":2378.257433559893},"median":{"confidence_interval":{"confidence_level":0.95,"lower_bound":2617206.0,"upper_bound":2627731.7647058824},"point_estimate":2623793.9117647056,"standard_error":2642.762211537876},"median_abs_dev":{"confidence_interval":{"confidence_level":0.95,"lower_bound":16801.47698994947,"upper_bound":27473.016841521378},"point_estimate":21504.371318221092,"standard_error":2680.990107494952},"slope":null,"std_dev":{"confidence_interval":{"confidence_level":0.95,"lower_bound":20020.02652754631,"upper_bound":27744.775875236737},"point_estimate":23968.350323440758,"standard_error":1979.2257567969766}}