{"mean":{"confidence_interval":{"confidence_level":0.95,"lower_bound":2495.5239600282493,"upper_bound":2506.4948673573826},"point_estimate":2500.266889497001,"standard_error":2.81912188379145},"median":{"confidence_interval":{"confidence_level":0.95,"lower_bound":2492.0287156609056,"upper_bound":2494.7655075187968},"point_estimate":2493.4986540425134,"standard_error":0.6480709630789065},"median_abs_dev":{"confidence_interval":{"confidence_level":0.95,"lower_bound":3.978097956088582,"upper_bound":7.036400318623908},"point_estimate":5.102370992825587,"standard_error":0.7312373600002213},"slope":{"confidence_interval":{"confidence_level":0.95,"lower_bound":2492.5766064853706,"upper_bound":2499.5531573555104},"point_estimate":2495.509587697632,"standard_error":1.8090838006479772},"std_dev":{"confidence_interval":{"confidence_level":0.95,"lower_bound":11.31476049051157,"upper_bound":41.94337746620771},"point_estimate":28.10549423446159,"standard_error":7.902536794850845}}