{"mean":{"confidence_interval":{"confidence_level":0.95,"lower_bound":296071.0301691045,"upper_bound":298184.5694311769},"point_estimate":296974.2796641245,"standard_error":546.7732206648348},"median":{"confidence_interval":{"confidence_level":0.95,"lower_bound":295458.1911764706,"upper_bound":296853.0833333333},"point_estimate":296419.0079373423,"standard_error":324.54765763888616},"median_abs_dev":{"confidence_interval":{"confidence_level":0.95,"lower_bound":2132.113149866732,"upper_bound":3528.857304259598},"point_estimate":3072.8953752886205,"standard_error":369.69534739413535},"slope":{"confidence_interval":{"confidence_level":0.95,"lower_bound":296235.27863141714,"upper_bound":297934.93119008193},"point_estimate":297046.2341332939,"standard_error":434.97109997083896},"std_dev":{"confidence_interval":{"confidence_level":0.95,"lower_bound":2654.3160273657845,"upper_bound":8513.324322228114},"point_estimate":5494.280613226107,"standard_error":1862.6011667269631}}