{"mean":{"confidence_interval":{"confidence_level":0.95,"lower_bound":293975.1411217896,"upper_bound":295911.17348021443},"point_estimate":294923.0370114413,"standard_error":492.19749051570534},"median":{"confidence_interval":{"confidence_level":0.95,"lower_bound":293132.1955128205,"upper_bound":295753.48557692306},"point_estimate":294487.6657654259,"standard_error":766.6643504501718},"median_abs_dev":{"confidence_interval":{"confidence_level":0.95,"lower_bound":3219.449594837445,"upper_bound":4916.389239642051},"point_estimate":3995.8302889875804,"standard_error":456.5184479992382},"slope":{"confidence_interval":{"confidence_level":0.95,"lower_bound":294301.0465040969,"upper_bound":295869.03260283935},"point_estimate":295044.77324516035,"standard_error":398.64013802736963},"std_dev":{"confidence_interval":{"confidence_level":0.95,"lower_bound":3820.255643476814,"upper_bound":6162.5154967974695},"point_estimate":4952.032208693638,"standard_error":609.0166109748803}}