{"mean":{"confidence_interval":{"confidence_level":0.95,"lower_bound":308636.13102527574,"upper_bound":309572.1360616972},"point_estimate":309103.40844872483,"standard_error":238.78277786702907},"median":{"confidence_interval":{"confidence_level":0.95,"lower_bound":308208.84523809527,"upper_bound":309446.6059322034},"point_estimate":308915.0807724253,"standard_error":304.54603279071586},"median_abs_dev":{"confidence_interval":{"confidence_level":0.95,"lower_bound":1656.0411271814442,"upper_bound":2704.4522468913624},"point_estimate":2117.805196703735,"standard_error":278.28091315407704},"slope":{"confidence_interval":{"confidence_level":0.95,"lower_bound":309167.86524542497,"upper_bound":310389.91999916366},"point_estimate":309780.9218811881,"standard_error":313.13106652743875},"std_dev":{"confidence_interval":{"confidence_level":0.95,"lower_bound":2056.7635584978693,"upper_bound":2713.4112959780255},"point_estimate":2403.003360630297,"standard_error":167.67217017678163}}