{"mean":{"confidence_interval":{"confidence_level":0.95,"lower_bound":303211.1360950667,"upper_bound":304200.2421150755},"point_estimate":303681.3723249356,"standard_error":252.6483964797192},"median":{"confidence_interval":{"confidence_level":0.95,"lower_bound":302879.20038924797,"upper_bound":303722.4817982456},"point_estimate":303236.50906593405,"standard_error":225.96307340722106},"median_abs_dev":{"confidence_interval":{"confidence_level":0.95,"lower_bound":1399.3937253613642,"upper_bound":2220.785445275954},"point_estimate":1799.1832576494337,"standard_error":210.0161302992962},"slope":{"confidence_interval":{"confidence_level":0.95,"lower_bound":303016.12372414075,"upper_bound":303854.9548446145},"point_estimate":303415.82320673857,"standard_error":214.6061949925442},"std_dev":{"confidence_interval":{"confidence_level":0.95,"lower_bound":1785.9636488446379,"upper_bound":3225.710636887907},"point_estimate":2531.623297085119,"standard_error":369.99168435669174}}