{"mean":{"confidence_interval":{"confidence_level":0.95,"lower_bound":154061.346810334,"upper_bound":154814.3454828554},"point_estimate":154423.2827998262,"standard_error":192.18206468959247},"median":{"confidence_interval":{"confidence_level":0.95,"lower_bound":153682.36691729323,"upper_bound":154087.93988901464},"point_estimate":153932.1051640071,"standard_error":98.6005179873909},"median_abs_dev":{"confidence_interval":{"confidence_level":0.95,"lower_bound":915.945645208502,"upper_bound":1750.1616339211864},"point_estimate":1273.7700674293462,"standard_error":217.47781149994944},"slope":{"confidence_interval":{"confidence_level":0.95,"lower_bound":153538.0562613848,"upper_bound":154272.2261849325},"point_estimate":153857.45004961052,"standard_error":188.82255787870702},"std_dev":{"confidence_interval":{"confidence_level":0.95,"lower_bound":1505.8412381354292,"upper_bound":2334.1803887285955},"point_estimate":1930.147495270359,"standard_error":212.33466311906994}}