{"mean":{"confidence_interval":{"confidence_level":0.95,"lower_bound":211126.25171759285,"upper_bound":212459.8117737476},"point_estimate":211759.48674265706,"standard_error":340.1431006741563},"median":{"confidence_interval":{"confidence_level":0.95,"lower_bound":210783.75833333333,"upper_bound":212235.6},"point_estimate":211324.17350427352,"standard_error":410.8195458759543},"median_abs_dev":{"confidence_interval":{"confidence_level":0.95,"lower_bound":1834.9411171487673,"upper_bound":2875.5930078030397},"point_estimate":2442.2052035652673,"standard_error":267.67930761012786},"slope":{"confidence_interval":{"confidence_level":0.95,"lower_bound":211545.80038768923,"upper_bound":212567.92786298337},"point_estimate":212061.47069484263,"standard_error":260.984374155919},"std_dev":{"confidence_interval":{"confidence_level":0.95,"lower_bound":1994.9146137424996,"upper_bound":4845.532761700205},"point_estimate":3403.556236761082,"standard_error":771.2297472828524}}