{"mean":{"confidence_interval":{"confidence_level":0.95,"lower_bound":256498.6470666127,"upper_bound":257670.94385465875},"point_estimate":257078.9137329966,"standard_error":299.05197992125704},"median":{"confidence_interval":{"confidence_level":0.95,"lower_bound":256373.25,"upper_bound":257582.22995923914},"point_estimate":257206.99194905072,"standard_error":331.5698962917129},"median_abs_dev":{"confidence_interval":{"confidence_level":0.95,"lower_bound":1659.50709720453,"upper_bound":2835.57375968796},"point_estimate":2022.3185193217598,"standard_error":301.3107500103703},"slope":{"confidence_interval":{"confidence_level":0.95,"lower_bound":256770.0254054172,"upper_bound":258458.38416645274},"point_estimate":257527.55988177922,"standard_error":433.7376749781881},"std_dev":{"confidence_interval":{"confidence_level":0.95,"lower_bound":2291.5125834203436,"upper_bound":3695.5879756505215},"point_estimate":3014.911928377261,"standard_error":359.3006334480935}}