{"mean":{"confidence_interval":{"confidence_level":0.95,"lower_bound":484284.3871958415,"upper_bound":485873.63006988575},"point_estimate":485064.8105822502,"standard_error":404.03719818257025},"median":{"confidence_interval":{"confidence_level":0.95,"lower_bound":484076.81963869464,"upper_bound":485453.3735714286},"point_estimate":484965.3314102564,"standard_error":383.3081795129443},"median_abs_dev":{"confidence_interval":{"confidence_level":0.95,"lower_bound":1994.683598290995,"upper_bound":3257.2577042323605},"point_estimate":2481.303911549921,"standard_error":322.5970650318815},"slope":{"confidence_interval":{"confidence_level":0.95,"lower_bound":484706.688339842,"upper_bound":485755.73465030617},"point_estimate":485216.27007241023,"standard_error":267.4530206242979},"std_dev":{"confidence_interval":{"confidence_level":0.95,"lower_bound":3021.5876944016236,"upper_bound":5113.694208858504},"point_estimate":4050.5039153771004,"standard_error":540.0405413409422}}