{"mean":{"confidence_interval":{"confidence_level":0.95,"lower_bound":0.026522737029832263,"upper_bound":0.03597379517928338},"point_estimate":0.031257115402585134,"standard_error":0.0024080126379743194},"median":{"confidence_interval":{"confidence_level":0.95,"lower_bound":0.025483591764322133,"upper_bound":0.03522738660312985},"point_estimate":0.030026775149933682,"standard_error":0.002472778921778064}}