{"mean":{"confidence_interval":{"confidence_level":0.95,"lower_bound":0.006522786090861443,"upper_bound":0.015594410859355534},"point_estimate":0.011105604949837922,"standard_error":0.002318649675642606},"median":{"confidence_interval":{"confidence_level":0.95,"lower_bound":0.007008717452472224,"upper_bound":0.017335295724546586},"point_estimate":0.012122908651566178,"standard_error":0.0026165195744879246}}