{"mean":{"confidence_interval":{"confidence_level":0.95,"lower_bound":0.09543053499186761,"upper_bound":0.10301689132234203},"point_estimate":0.09934169811741334,"standard_error":0.0019379050368634107},"median":{"confidence_interval":{"confidence_level":0.95,"lower_bound":0.09722806096349101,"upper_bound":0.10280999660299947},"point_estimate":0.10023462431282315,"standard_error":0.0013646055648945923}}