{"mean":{"confidence_interval":{"confidence_level":0.95,"lower_bound":0.021862649883866058,"upper_bound":0.03016028998882441},"point_estimate":0.02582217537641407,"standard_error":0.0021208958241008906},"median":{"confidence_interval":{"confidence_level":0.95,"lower_bound":0.021837196107963752,"upper_bound":0.030819013577755575},"point_estimate":0.02575661872268853,"standard_error":0.0024507134206739954}}