{"mean":{"confidence_interval":{"confidence_level":0.95,"lower_bound":3042731.8509423067,"upper_bound":3091813.6403461546},"point_estimate":3065916.529999999,"standard_error":12491.033319925384},"median":{"confidence_interval":{"confidence_level":0.95,"lower_bound":3003801.6153846155,"upper_bound":3020232.6923076925},"point_estimate":3009780.653846154,"standard_error":4850.175121902083},"median_abs_dev":{"confidence_interval":{"confidence_level":0.95,"lower_bound":19979.631291444246,"upper_bound":50107.529675221595},"point_estimate":30693.012747397657,"standard_error":7537.915142424236},"slope":null,"std_dev":{"confidence_interval":{"confidence_level":0.95,"lower_bound":90614.73015252719,"upper_bound":155359.08270787404},"point_estimate":125158.2608642537,"standard_error":16543.404446365395}}