{"mean":{"confidence_interval":{"confidence_level":0.95,"lower_bound":296078.7182635213,"upper_bound":297078.12829296483},"point_estimate":296587.6148535402,"standard_error":255.52189391929073},"median":{"confidence_interval":{"confidence_level":0.95,"lower_bound":295947.3965864834,"upper_bound":297237.19444444444},"point_estimate":296610.64581388107,"standard_error":359.8004242261222},"median_abs_dev":{"confidence_interval":{"confidence_level":0.95,"lower_bound":1844.5066759980214,"upper_bound":3065.452908304681},"point_estimate":2483.113124493821,"standard_error":307.9890128288856},"slope":{"confidence_interval":{"confidence_level":0.95,"lower_bound":296147.33356181544,"upper_bound":297024.1296728453},"point_estimate":296573.26869316783,"standard_error":224.43390759198584},"std_dev":{"confidence_interval":{"confidence_level":0.95,"lower_bound":2064.4115509907065,"upper_bound":3092.0351644329266},"point_estimate":2564.1117752044056,"standard_error":265.0332324632677}}