{"mean":{"confidence_interval":{"confidence_level":0.95,"lower_bound":477911.4922015828,"upper_bound":479783.19605722604},"point_estimate":478786.4421226203,"standard_error":476.9368492629855},"median":{"confidence_interval":{"confidence_level":0.95,"lower_bound":477114.0350877193,"upper_bound":479224.54347826086},"point_estimate":478121.6501293422,"standard_error":583.6058235161353},"median_abs_dev":{"confidence_interval":{"confidence_level":0.95,"lower_bound":2771.3334386263846,"upper_bound":4649.408276058677},"point_estimate":3659.4354077593,"standard_error":477.6129050251313},"slope":{"confidence_interval":{"confidence_level":0.95,"lower_bound":477862.5652771435,"upper_bound":479486.3360110574},"point_estimate":478635.6756923304,"standard_error":413.7962562461622},"std_dev":{"confidence_interval":{"confidence_level":0.95,"lower_bound":3281.571857601885,"upper_bound":6550.175828199466},"point_estimate":4787.5320719048395,"standard_error":934.1567597646364}}