{"mean":{"confidence_interval":{"confidence_level":0.95,"lower_bound":470304.81510948815,"upper_bound":471560.10956463},"point_estimate":470923.9179327432,"standard_error":320.2419444214091},"median":{"confidence_interval":{"confidence_level":0.95,"lower_bound":470007.5145199063,"upper_bound":471375.7642857143},"point_estimate":470557.0180985109,"standard_error":395.18734734918087},"median_abs_dev":{"confidence_interval":{"confidence_level":0.95,"lower_bound":2144.255417654058,"upper_bound":3521.567432973467},"point_estimate":2763.8459269319524,"standard_error":347.6204693926366},"slope":{"confidence_interval":{"confidence_level":0.95,"lower_bound":470555.24340230826,"upper_bound":471914.4163683925},"point_estimate":471229.22150583717,"standard_error":347.1726581131519},"std_dev":{"confidence_interval":{"confidence_level":0.95,"lower_bound":2629.99537939837,"upper_bound":3782.013358932342},"point_estimate":3211.9063945751886,"standard_error":295.058044823113}}