{"mean":{"confidence_interval":{"confidence_level":0.95,"lower_bound":283731.4316855902,"upper_bound":284888.4729227288},"point_estimate":284289.25996119337,"standard_error":295.03147589151837},"median":{"confidence_interval":{"confidence_level":0.95,"lower_bound":283205.0383687259,"upper_bound":284560.6625},"point_estimate":283807.72229586425,"standard_error":392.85325961718064},"median_abs_dev":{"confidence_interval":{"confidence_level":0.95,"lower_bound":1741.8400362290365,"upper_bound":3068.8223601008217},"point_estimate":2350.108876189617,"standard_error":353.3187588284318},"slope":{"confidence_interval":{"confidence_level":0.95,"lower_bound":283572.2278858184,"upper_bound":284834.42998510844},"point_estimate":284185.6285783952,"standard_error":322.31631496448506},"std_dev":{"confidence_interval":{"confidence_level":0.95,"lower_bound":2333.23056681211,"upper_bound":3603.172378087973},"point_estimate":2968.9274290431495,"standard_error":326.76303793398176}}