{"mean":{"confidence_interval":{"confidence_level":0.95,"lower_bound":541504.6136154037,"upper_bound":543209.5362515212},"point_estimate":542340.6257503622,"standard_error":435.1131808010109},"median":{"confidence_interval":{"confidence_level":0.95,"lower_bound":541308.0322580645,"upper_bound":542824.4871794871},"point_estimate":542060.8481060606,"standard_error":403.71652778426585},"median_abs_dev":{"confidence_interval":{"confidence_level":0.95,"lower_bound":2076.1399333334284,"upper_bound":3440.7496008085836},"point_estimate":2552.321085583124,"standard_error":341.0141323077747},"slope":{"confidence_interval":{"confidence_level":0.95,"lower_bound":541733.1265405543,"upper_bound":543749.1182853798},"point_estimate":542648.64236146,"standard_error":517.229222892106},"std_dev":{"confidence_interval":{"confidence_level":0.95,"lower_bound":3338.7218925727307,"upper_bound":5273.7630097215615},"point_estimate":4366.772677737228,"standard_error":494.3404956166628}}