{"mean":{"confidence_interval":{"confidence_level":0.95,"lower_bound":602120.1433706001,"upper_bound":605733.6124891293},"point_estimate":603740.2029139461,"standard_error":927.027780738821},"median":{"confidence_interval":{"confidence_level":0.95,"lower_bound":601804.290497449,"upper_bound":603550.3717948718},"point_estimate":602612.143037518,"standard_error":379.1536851401517},"median_abs_dev":{"confidence_interval":{"confidence_level":0.95,"lower_bound":2622.534586185473,"upper_bound":5054.722306290626},"point_estimate":3697.9096325498203,"standard_error":604.1236765410368},"slope":{"confidence_interval":{"confidence_level":0.95,"lower_bound":602337.9220969618,"upper_bound":604160.7529235642},"point_estimate":603212.5062553568,"standard_error":463.4063313752653},"std_dev":{"confidence_interval":{"confidence_level":0.95,"lower_bound":4351.462146234616,"upper_bound":13453.073800289334},"point_estimate":9335.839879274627,"standard_error":2348.9955581410236}}