{"mean":{"confidence_interval":{"confidence_level":0.95,"lower_bound":275582.5626374115,"upper_bound":276528.5445220059},"point_estimate":276033.3817581866,"standard_error":241.5201574396906},"median":{"confidence_interval":{"confidence_level":0.95,"lower_bound":275419.82368024136,"upper_bound":276286.0086206897},"point_estimate":275832.08666333667,"standard_error":227.21896875090926},"median_abs_dev":{"confidence_interval":{"confidence_level":0.95,"lower_bound":1225.866303437335,"upper_bound":2001.7342948307073},"point_estimate":1618.8293747708549,"standard_error":202.2223216086431},"slope":{"confidence_interval":{"confidence_level":0.95,"lower_bound":275311.1839786393,"upper_bound":275909.1130204767},"point_estimate":275608.23855327326,"standard_error":152.69840765113088},"std_dev":{"confidence_interval":{"confidence_level":0.95,"lower_bound":1541.2508126046077,"upper_bound":3235.250810303002},"point_estimate":2429.435442692241,"standard_error":433.88349306932486}}