{"mean":{"confidence_interval":{"confidence_level":0.95,"lower_bound":515203.3194589948,"upper_bound":524007.81219691725},"point_estimate":519137.679037059,"standard_error":2258.8171468394235},"median":{"confidence_interval":{"confidence_level":0.95,"lower_bound":510975.8573072497,"upper_bound":516967.0615079365},"point_estimate":513031.1505270092,"standard_error":1529.4837581510694},"median_abs_dev":{"confidence_interval":{"confidence_level":0.95,"lower_bound":6774.553219856977,"upper_bound":12971.355691385694},"point_estimate":9480.664618445671,"standard_error":1540.9560465323475},"slope":{"confidence_interval":{"confidence_level":0.95,"lower_bound":514025.58831726736,"upper_bound":524394.532300625},"point_estimate":518768.11036500667,"standard_error":2655.007774951958},"std_dev":{"confidence_interval":{"confidence_level":0.95,"lower_bound":12464.148362926531,"upper_bound":33100.3260525459},"point_estimate":22592.874645639466,"standard_error":5946.572956336774}}