{"mean":{"confidence_interval":{"confidence_level":0.95,"lower_bound":176228.14695616174,"upper_bound":178162.58829975929},"point_estimate":177142.33405928838,"standard_error":491.1299207279493},"median":{"confidence_interval":{"confidence_level":0.95,"lower_bound":175356.22453703705,"upper_bound":176635.85954785955},"point_estimate":175884.46136521135,"standard_error":290.6185423607935},"median_abs_dev":{"confidence_interval":{"confidence_level":0.95,"lower_bound":2275.0452073576,"upper_bound":4204.144694440465},"point_estimate":3398.3993542869075,"standard_error":518.9821980017156},"slope":{"confidence_interval":{"confidence_level":0.95,"lower_bound":175128.4487804472,"upper_bound":176581.13720279478},"point_estimate":175809.02723905226,"standard_error":370.0884872969603},"std_dev":{"confidence_interval":{"confidence_level":0.95,"lower_bound":3607.299695767911,"upper_bound":6153.9377376003695},"point_estimate":4934.252528941317,"standard_error":653.506687785348}}