{"mean":{"confidence_interval":{"confidence_level":0.95,"lower_bound":119154.38986233114,"upper_bound":120385.36476239597},"point_estimate":119735.88973986151,"standard_error":312.91761118947915},"median":{"confidence_interval":{"confidence_level":0.95,"lower_bound":118791.78,"upper_bound":120089.40322580645},"point_estimate":119579.97512958533,"standard_error":332.20768863612955},"median_abs_dev":{"confidence_interval":{"confidence_level":0.95,"lower_bound":1617.548629711189,"upper_bound":2409.208757720022},"point_estimate":2017.952021773195,"standard_error":191.91591489420136},"slope":{"confidence_interval":{"confidence_level":0.95,"lower_bound":119565.0107658962,"upper_bound":120289.23664291366},"point_estimate":119939.46114156938,"standard_error":184.25675829140863},"std_dev":{"confidence_interval":{"confidence_level":0.95,"lower_bound":2025.60563284159,"upper_bound":4304.1973204384185},"point_estimate":3132.2301252494863,"standard_error":605.8256160626249}}