{"mean":{"confidence_interval":{"confidence_level":0.95,"lower_bound":127399.00136323777,"upper_bound":129044.09077666728},"point_estimate":128179.66482568633,"standard_error":421.0119313149718},"median":{"confidence_interval":{"confidence_level":0.95,"lower_bound":126749.18478260869,"upper_bound":127643.88550101215},"point_estimate":127362.60932055749,"standard_error":217.31201130201865},"median_abs_dev":{"confidence_interval":{"confidence_level":0.95,"lower_bound":1389.6551574875807,"upper_bound":2542.2304189436},"point_estimate":1823.0194203557523,"standard_error":296.9166430005632},"slope":{"confidence_interval":{"confidence_level":0.95,"lower_bound":126866.01570041668,"upper_bound":127534.99815772628},"point_estimate":127205.08796955815,"standard_error":170.26627301910852},"std_dev":{"confidence_interval":{"confidence_level":0.95,"lower_bound":3036.975827019108,"upper_bound":5236.950141300756},"point_estimate":4235.86535706412,"standard_error":563.7199327723055}}