{"mean":{"confidence_interval":{"confidence_level":0.95,"lower_bound":281212.473815254,"upper_bound":282720.7845157635},"point_estimate":281952.1191070364,"standard_error":385.6391765015589},"median":{"confidence_interval":{"confidence_level":0.95,"lower_bound":280488.3425,"upper_bound":282531.5545977011},"point_estimate":281268.0453064672,"standard_error":511.70127308930233},"median_abs_dev":{"confidence_interval":{"confidence_level":0.95,"lower_bound":2774.571528731329,"upper_bound":4634.159001003723},"point_estimate":3709.712743274047,"standard_error":465.179504904217},"slope":{"confidence_interval":{"confidence_level":0.95,"lower_bound":281099.04920771415,"upper_bound":282751.32893127983},"point_estimate":281876.6239892123,"standard_error":421.1112759041559},"std_dev":{"confidence_interval":{"confidence_level":0.95,"lower_bound":3201.4569271712808,"upper_bound":4601.928880634868},"point_estimate":3880.5976974183586,"standard_error":360.8115892830304}}