{"mean":{"confidence_interval":{"confidence_level":0.95,"lower_bound":805675.9124570743,"upper_bound":807499.7688095246},"point_estimate":806515.9380656198,"standard_error":467.92995343656855},"median":{"confidence_interval":{"confidence_level":0.95,"lower_bound":805308.2763157894,"upper_bound":806655.495},"point_estimate":806100.8025362319,"standard_error":347.5544168367201},"median_abs_dev":{"confidence_interval":{"confidence_level":0.95,"lower_bound":1805.2622494048544,"upper_bound":3335.9284313636485},"point_estimate":2459.0270718298543,"standard_error":405.93652608879506},"slope":{"confidence_interval":{"confidence_level":0.95,"lower_bound":805813.6139270477,"upper_bound":807157.1642051521},"point_estimate":806441.136887838,"standard_error":342.54787365281703},"std_dev":{"confidence_interval":{"confidence_level":0.95,"lower_bound":2740.7564769987594,"upper_bound":6598.668595709577},"point_estimate":4704.434906142534,"standard_error":1011.7723925777199}}