{"mean":{"confidence_interval":{"confidence_level":0.95,"lower_bound":258032.85163256832,"upper_bound":260092.3556063052},"point_estimate":258936.95261195232,"standard_error":529.2439051429794},"median":{"confidence_interval":{"confidence_level":0.95,"lower_bound":257296.16,"upper_bound":258483.3086419753},"point_estimate":257680.3784562212,"standard_error":343.94408156183937},"median_abs_dev":{"confidence_interval":{"confidence_level":0.95,"lower_bound":1651.096445519481,"upper_bound":2926.8873714598844},"point_estimate":2221.29220034862,"standard_error":320.8482701513271},"slope":{"confidence_interval":{"confidence_level":0.95,"lower_bound":258079.20122696445,"upper_bound":259917.15952698924},"point_estimate":258927.60206812472,"standard_error":468.1894316078187},"std_dev":{"confidence_interval":{"confidence_level":0.95,"lower_bound":2344.37941366105,"upper_bound":7875.350077872132},"point_estimate":5311.1032782120465,"standard_error":1489.0897407077555}}