{"mean":{"confidence_interval":{"confidence_level":0.95,"lower_bound":265564.5672125156,"upper_bound":270626.7914652089},"point_estimate":267815.3797909976,"standard_error":1301.4175830894803},"median":{"confidence_interval":{"confidence_level":0.95,"lower_bound":263635.61799682875,"upper_bound":265230.43771847687},"point_estimate":264251.42528080026,"standard_error":419.8794589513344},"median_abs_dev":{"confidence_interval":{"confidence_level":0.95,"lower_bound":2367.4064907985617,"upper_bound":4362.074232011428},"point_estimate":3397.634326059305,"standard_error":493.3706619221601},"slope":{"confidence_interval":{"confidence_level":0.95,"lower_bound":264012.27787833015,"upper_bound":267237.4129230197},"point_estimate":265418.07292522537,"standard_error":829.9913422312782},"std_dev":{"confidence_interval":{"confidence_level":0.95,"lower_bound":5917.332635199176,"upper_bound":18650.749284859947},"point_estimate":13069.436048357391,"standard_error":3271.6729776414486}}