{"mean":{"confidence_interval":{"confidence_level":0.95,"lower_bound":242545.72886387704,"upper_bound":244486.6823462265},"point_estimate":243438.2774545848,"standard_error":496.30161035290024},"median":{"confidence_interval":{"confidence_level":0.95,"lower_bound":241873.345,"upper_bound":243209.81666666665},"point_estimate":242612.26553571428,"standard_error":348.0940705117099},"median_abs_dev":{"confidence_interval":{"confidence_level":0.95,"lower_bound":1812.614752360465,"upper_bound":2968.368549616708},"point_estimate":2284.0203521778135,"standard_error":301.20701680265955},"slope":{"confidence_interval":{"confidence_level":0.95,"lower_bound":242489.17350325512,"upper_bound":243615.98283176133},"point_estimate":243040.92365952415,"standard_error":287.05328628266665},"std_dev":{"confidence_interval":{"confidence_level":0.95,"lower_bound":2903.4238121926546,"upper_bound":6845.559399536678},"point_estimate":4979.089776514749,"standard_error":1018.4166720442893}}