{"mean":{"confidence_interval":{"confidence_level":0.95,"lower_bound":264488.2894902101,"upper_bound":266294.2164829802},"point_estimate":265369.62927055045,"standard_error":460.3698259376196},"median":{"confidence_interval":{"confidence_level":0.95,"lower_bound":263986.95695970696,"upper_bound":265615.92641509435},"point_estimate":264562.1041666666,"standard_error":407.32299513705215},"median_abs_dev":{"confidence_interval":{"confidence_level":0.95,"lower_bound":3007.850999598482,"upper_bound":5511.633494810733},"point_estimate":4283.757032153776,"standard_error":638.3413983549001},"slope":{"confidence_interval":{"confidence_level":0.95,"lower_bound":263297.81296520075,"upper_bound":265132.85661447863},"point_estimate":264201.52806413476,"standard_error":466.7923060306995},"std_dev":{"confidence_interval":{"confidence_level":0.95,"lower_bound":3802.276343569162,"upper_bound":5405.316885986302},"point_estimate":4635.242626603386,"standard_error":409.87568880984435}}