{"mean":{"confidence_interval":{"confidence_level":0.95,"lower_bound":308127.98814794316,"upper_bound":309185.30198052886},"point_estimate":308652.25295061816,"standard_error":269.18317352666355},"median":{"confidence_interval":{"confidence_level":0.95,"lower_bound":308087.970703125,"upper_bound":309252.27777777775},"point_estimate":308732.03086932446,"standard_error":293.97974928956666},"median_abs_dev":{"confidence_interval":{"confidence_level":0.95,"lower_bound":1874.7799515076433,"upper_bound":2882.2539468689815},"point_estimate":2364.21231448567,"standard_error":254.69034445971894},"slope":{"confidence_interval":{"confidence_level":0.95,"lower_bound":308469.1683482115,"upper_bound":309514.6897377458},"point_estimate":308998.69814910594,"standard_error":266.9912795568496},"std_dev":{"confidence_interval":{"confidence_level":0.95,"lower_bound":2201.921023601063,"upper_bound":3188.02160608175},"point_estimate":2705.7055501355985,"standard_error":251.58778312163787}}