{"mean":{"confidence_interval":{"confidence_level":0.95,"lower_bound":442346.54315177194,"upper_bound":443860.91770778515},"point_estimate":443074.4681169068,"standard_error":385.3528036504254},"median":{"confidence_interval":{"confidence_level":0.95,"lower_bound":442022.5315208826,"upper_bound":443351.55555555556},"point_estimate":442708.9073751452,"standard_error":345.39857445473666},"median_abs_dev":{"confidence_interval":{"confidence_level":0.95,"lower_bound":2078.2031956685887,"upper_bound":3796.4885392256556},"point_estimate":2956.8447400769596,"standard_error":446.2304580332631},"slope":{"confidence_interval":{"confidence_level":0.95,"lower_bound":441201.25504420145,"upper_bound":442324.3970002102},"point_estimate":441744.561724053,"standard_error":286.1209081615333},"std_dev":{"confidence_interval":{"confidence_level":0.95,"lower_bound":2928.9155348860086,"upper_bound":4845.863201844515},"point_estimate":3865.7542339907745,"standard_error":498.8971387550733}}