{"mean":{"confidence_interval":{"confidence_level":0.95,"lower_bound":450560.83876278147,"upper_bound":453450.3304991897},"point_estimate":451915.78345921665,"standard_error":734.4100366141611},"median":{"confidence_interval":{"confidence_level":0.95,"lower_bound":450065.88385225885,"upper_bound":452748.52779034124},"point_estimate":451319.84694989107,"standard_error":722.534388984568},"median_abs_dev":{"confidence_interval":{"confidence_level":0.95,"lower_bound":3722.322669372826,"upper_bound":5649.007944585983},"point_estimate":4878.2323627470505,"standard_error":477.84775391977945},"slope":{"confidence_interval":{"confidence_level":0.95,"lower_bound":450510.0933654819,"upper_bound":452263.6147645158},"point_estimate":451350.6223634304,"standard_error":448.77479197358684},"std_dev":{"confidence_interval":{"confidence_level":0.95,"lower_bound":4435.9533162148855,"upper_bound":10630.506335529768},"point_estimate":7401.552697386274,"standard_error":1691.4230002023953}}