{"mean":{"confidence_interval":{"confidence_level":0.95,"lower_bound":233665.55020186026,"upper_bound":234842.01004930466},"point_estimate":234180.37533623874,"standard_error":302.7994181542843},"median":{"confidence_interval":{"confidence_level":0.95,"lower_bound":233640.07146892656,"upper_bound":234013.625},"point_estimate":233794.75423557888,"standard_error":85.80776776538052},"median_abs_dev":{"confidence_interval":{"confidence_level":0.95,"lower_bound":716.2317502311623,"upper_bound":1234.929517023241},"point_estimate":930.372417551644,"standard_error":137.90901391716292},"slope":{"confidence_interval":{"confidence_level":0.95,"lower_bound":233825.6228008358,"upper_bound":234328.6402609937},"point_estimate":234064.23317984334,"standard_error":128.49853234276196},"std_dev":{"confidence_interval":{"confidence_level":0.95,"lower_bound":1396.9490478125588,"upper_bound":4688.2513571555},"point_estimate":3048.9374618705847,"standard_error":969.9288335771528}}