{"mean":{"confidence_interval":{"confidence_level":0.95,"lower_bound":2447136.9033823535,"upper_bound":2454103.3235441186},"point_estimate":2450301.5611764705,"standard_error":1783.2288679260587},"median":{"confidence_interval":{"confidence_level":0.95,"lower_bound":2447120.294117647,"upper_bound":2451874.411764706},"point_estimate":2449720.323529412,"standard_error":1221.6996466163087},"median_abs_dev":{"confidence_interval":{"confidence_level":0.95,"lower_bound":6911.750259645048,"upper_bound":11379.914127378024},"point_estimate":8819.376761071275,"standard_error":1125.297917448668},"slope":null,"std_dev":{"confidence_interval":{"confidence_level":0.95,"lower_bound":9763.925584658511,"upper_bound":26303.179313576125},"point_estimate":17935.469097134253,"standard_error":4619.02083099665}}