{"mean":{"confidence_interval":{"confidence_level":0.95,"lower_bound":303197.89115455083,"upper_bound":304906.9314295716},"point_estimate":303963.765241382,"standard_error":437.74487733837475},"median":{"confidence_interval":{"confidence_level":0.95,"lower_bound":302499.3108920491,"upper_bound":303659.4342105263},"point_estimate":303024.69489182695,"standard_error":261.06979303315313},"median_abs_dev":{"confidence_interval":{"confidence_level":0.95,"lower_bound":1591.0157255044396,"upper_bound":2529.795811299849},"point_estimate":2126.3727531266936,"standard_error":236.87539935915032},"slope":{"confidence_interval":{"confidence_level":0.95,"lower_bound":302666.0219724979,"upper_bound":303690.73848001886},"point_estimate":303156.36467637063,"standard_error":261.6295841744896},"std_dev":{"confidence_interval":{"confidence_level":0.95,"lower_bound":2235.424802169633,"upper_bound":6275.633361376174},"point_estimate":4405.024020714937,"standard_error":1050.6752986546912}}