{"mean":{"confidence_interval":{"confidence_level":0.95,"lower_bound":328884.67281746416,"upper_bound":330086.53586653265},"point_estimate":329464.4813977714,"standard_error":306.8406423751463},"median":{"confidence_interval":{"confidence_level":0.95,"lower_bound":328559.28054945054,"upper_bound":329789.43209876545},"point_estimate":328885.07175925927,"standard_error":274.4422274951974},"median_abs_dev":{"confidence_interval":{"confidence_level":0.95,"lower_bound":1761.169414447333,"upper_bound":2830.0441487347116},"point_estimate":2280.4933473919164,"standard_error":279.30327421571303},"slope":{"confidence_interval":{"confidence_level":0.95,"lower_bound":328052.34252824355,"upper_bound":329016.5577626217},"point_estimate":328524.57004581054,"standard_error":245.7822457914346},"std_dev":{"confidence_interval":{"confidence_level":0.95,"lower_bound":2334.8855851421395,"upper_bound":3825.8038329329165},"point_estimate":3091.3846638525665,"standard_error":382.8240568171871}}