{"mean":{"confidence_interval":{"confidence_level":0.95,"lower_bound":0.060866450821872316,"upper_bound":0.07200369277774352},"point_estimate":0.06627322969676497,"standard_error":0.0028197135032685533},"median":{"confidence_interval":{"confidence_level":0.95,"lower_bound":0.0601368158540494,"upper_bound":0.06865681286983483},"point_estimate":0.062379811105436334,"standard_error":0.002147981449694501}}