{"mean":{"confidence_interval":{"confidence_level":0.95,"lower_bound":-0.003761709389451761,"upper_bound":0.00003438248673028816},"point_estimate":-0.0019016712459360985,"standard_error":0.0009716612395314155},"median":{"confidence_interval":{"confidence_level":0.95,"lower_bound":-0.003922475032057449,"upper_bound":-0.0011873402127224875},"point_estimate":-0.0024827286353524824,"standard_error":0.0006502408156059521}}