{"mean":{"confidence_interval":{"confidence_level":0.95,"lower_bound":-0.03375351223522388,"upper_bound":-0.02958247577853631},"point_estimate":-0.031638443295615826,"standard_error":0.001054510797075072},"median":{"confidence_interval":{"confidence_level":0.95,"lower_bound":-0.03321047073346972,"upper_bound":-0.03022587551606537},"point_estimate":-0.03155251388707336,"standard_error":0.0008105167492777511}}