{"mean":{"confidence_interval":{"confidence_level":0.95,"lower_bound":358065.96829165594,"upper_bound":359430.9673305742},"point_estimate":358696.1105339293,"standard_error":348.3007780473529},"median":{"confidence_interval":{"confidence_level":0.95,"lower_bound":357714.62784090906,"upper_bound":358866.33725490194},"point_estimate":358221.9420289855,"standard_error":314.9768066954237},"median_abs_dev":{"confidence_interval":{"confidence_level":0.95,"lower_bound":1713.6585118375701,"upper_bound":2752.4559861297785},"point_estimate":2196.015452777615,"standard_error":266.2345623237419},"slope":{"confidence_interval":{"confidence_level":0.95,"lower_bound":358056.7900557264,"upper_bound":358953.8284001006},"point_estimate":358493.8501640313,"standard_error":228.3328693927941},"std_dev":{"confidence_interval":{"confidence_level":0.95,"lower_bound":2226.8306280591814,"upper_bound":4905.573194265457},"point_estimate":3502.5861260688835,"standard_error":757.9897922168152}}