{"mean":{"confidence_interval":{"confidence_level":0.95,"lower_bound":382170.9854856241,"upper_bound":383198.92646762414},"point_estimate":382676.86039758654,"standard_error":261.0384389112352},"median":{"confidence_interval":{"confidence_level":0.95,"lower_bound":382239.96875,"upper_bound":383211.48055555555},"point_estimate":382765.2988888889,"standard_error":259.4898198651024},"median_abs_dev":{"confidence_interval":{"confidence_level":0.95,"lower_bound":1514.3161291981917,"upper_bound":2292.672376852824},"point_estimate":1928.2874966751451,"standard_error":204.02306010223998},"slope":{"confidence_interval":{"confidence_level":0.95,"lower_bound":382139.5502041118,"upper_bound":383021.9641699237},"point_estimate":382583.69476281956,"standard_error":225.43368105234586},"std_dev":{"confidence_interval":{"confidence_level":0.95,"lower_bound":1921.4648996133244,"upper_bound":3328.6581077737314},"point_estimate":2618.0330278568085,"standard_error":365.20676501088207}}