{"mean":{"confidence_interval":{"confidence_level":0.95,"lower_bound":441114.29932865227,"upper_bound":442082.68868649873},"point_estimate":441591.9931094446,"standard_error":246.76415618105912},"median":{"confidence_interval":{"confidence_level":0.95,"lower_bound":440724.3719298246,"upper_bound":442117.62007050007},"point_estimate":441561.4170521122,"standard_error":396.14211881294966},"median_abs_dev":{"confidence_interval":{"confidence_level":0.95,"lower_bound":1792.9730959763835,"upper_bound":2998.9490241773483},"point_estimate":2540.4105043180357,"standard_error":305.2134947851895},"slope":{"confidence_interval":{"confidence_level":0.95,"lower_bound":441563.77132389136,"upper_bound":442496.0774520908},"point_estimate":442034.21264962316,"standard_error":238.1505895253964},"std_dev":{"confidence_interval":{"confidence_level":0.95,"lower_bound":2044.3804974988798,"upper_bound":2928.1341637687483},"point_estimate":2481.58244505392,"standard_error":226.8965167467225}}