{"mean":{"confidence_interval":{"confidence_level":0.95,"lower_bound":223068.18925725433,"upper_bound":225581.59009984712},"point_estimate":224344.97845643904,"standard_error":639.610651044253},"median":{"confidence_interval":{"confidence_level":0.95,"lower_bound":225152.42105263157,"upper_bound":226719.78269927535},"point_estimate":225840.1358633776,"standard_error":409.87820678039117},"median_abs_dev":{"confidence_interval":{"confidence_level":0.95,"lower_bound":3167.5578726760205,"upper_bound":6229.910142062601},"point_estimate":4244.7470169213875,"standard_error":762.7336284414281},"slope":{"confidence_interval":{"confidence_level":0.95,"lower_bound":224814.4683702476,"upper_bound":226450.9485167973},"point_estimate":225669.0572501847,"standard_error":416.6059496037104},"std_dev":{"confidence_interval":{"confidence_level":0.95,"lower_bound":5191.363857823963,"upper_bound":7623.972673757676},"point_estimate":6443.713553985293,"standard_error":620.2315593446905}}