{"mean":{"confidence_interval":{"confidence_level":0.95,"lower_bound":672396.6424402186,"upper_bound":674392.1469535473},"point_estimate":673285.1445333278,"standard_error":512.3400409618565},"median":{"confidence_interval":{"confidence_level":0.95,"lower_bound":672046.9583333334,"upper_bound":673292.3405797102},"point_estimate":672828.4106886657,"standard_error":346.42980041835096},"median_abs_dev":{"confidence_interval":{"confidence_level":0.95,"lower_bound":1960.841200946787,"upper_bound":3240.0596483188287},"point_estimate":2589.128928085561,"standard_error":306.2658053327986},"slope":{"confidence_interval":{"confidence_level":0.95,"lower_bound":672950.9726441095,"upper_bound":674324.7518710439},"point_estimate":673626.0152844688,"standard_error":350.8263154528449},"std_dev":{"confidence_interval":{"confidence_level":0.95,"lower_bound":2782.4052900655056,"upper_bound":7713.158501660438},"point_estimate":5155.9600213362455,"standard_error":1474.9556216505741}}