{"mean":{"confidence_interval":{"confidence_level":0.95,"lower_bound":678282.8004205959,"upper_bound":681124.4886771608},"point_estimate":679573.2384496517,"standard_error":724.8343762003376},"median":{"confidence_interval":{"confidence_level":0.95,"lower_bound":676856.5941558441,"upper_bound":679726.9697712418},"point_estimate":678173.0199275363,"standard_error":721.8386424006236},"median_abs_dev":{"confidence_interval":{"confidence_level":0.95,"lower_bound":3727.7823154559037,"upper_bound":5884.446563177161},"point_estimate":4732.009815868094,"standard_error":580.7993896320893},"slope":{"confidence_interval":{"confidence_level":0.95,"lower_bound":676943.9278956332,"upper_bound":679373.0062891998},"point_estimate":678128.242207773,"standard_error":620.095034629783},"std_dev":{"confidence_interval":{"confidence_level":0.95,"lower_bound":4518.05245850656,"upper_bound":10411.279154855101},"point_estimate":7278.620061011723,"standard_error":1759.896505048359}}