{"mean":{"confidence_interval":{"confidence_level":0.95,"lower_bound":252447.4870466248,"upper_bound":253960.0973189164},"point_estimate":253146.63746888723,"standard_error":386.0385113425641},"median":{"confidence_interval":{"confidence_level":0.95,"lower_bound":252116.125,"upper_bound":253123.88024129748},"point_estimate":252568.57693039902,"standard_error":278.69157613047105},"median_abs_dev":{"confidence_interval":{"confidence_level":0.95,"lower_bound":1775.485211001166,"upper_bound":2804.2885889243903},"point_estimate":2292.65606275192,"standard_error":267.178616240423},"slope":{"confidence_interval":{"confidence_level":0.95,"lower_bound":252562.35873257314,"upper_bound":253727.33732430026},"point_estimate":253111.99890054678,"standard_error":295.9412068314739},"std_dev":{"confidence_interval":{"confidence_level":0.95,"lower_bound":2443.4092746825736,"upper_bound":5474.536904919097},"point_estimate":3878.9332422717735,"standard_error":852.7818530164842}}