{"mean":{"confidence_interval":{"confidence_level":0.95,"lower_bound":1708136.4252954544,"upper_bound":1713449.7464431813},"point_estimate":1710620.7036363638,"standard_error":1355.2391696548345},"median":{"confidence_interval":{"confidence_level":0.95,"lower_bound":1705780.5,"upper_bound":1709819.1818181819},"point_estimate":1707403.8636363638,"standard_error":888.8251585724281},"median_abs_dev":{"confidence_interval":{"confidence_level":0.95,"lower_bound":5624.243000149727,"upper_bound":9676.28981457523},"point_estimate":7823.376802016325,"standard_error":1049.3117689461671},"slope":null,"std_dev":{"confidence_interval":{"confidence_level":0.95,"lower_bound":8852.501022060713,"upper_bound":17916.67942892233},"point_estimate":13614.588942180726,"standard_error":2329.3476677286408}}