{"mean":{"confidence_interval":{"confidence_level":0.95,"lower_bound":5719411.221312501,"upper_bound":5731695.98103125},"point_estimate":5725214.29375,"standard_error":3139.5618496069383},"median":{"confidence_interval":{"confidence_level":0.95,"lower_bound":5712825.25,"upper_bound":5726122.625},"point_estimate":5720192.875,"standard_error":3256.2744869560493},"median_abs_dev":{"confidence_interval":{"confidence_level":0.95,"lower_bound":17598.64701256156,"upper_bound":26958.67129638791},"point_estimate":23076.853915303946,"standard_error":2338.1274952623758},"slope":null,"std_dev":{"confidence_interval":{"confidence_level":0.95,"lower_bound":22060.71577274552,"upper_bound":40501.19164508666},"point_estimate":31582.882563447754,"standard_error":4736.722669204941}}