{"mean":{"confidence_interval":{"confidence_level":0.95,"lower_bound":5425678.445083333,"upper_bound":5434056.810277776},"point_estimate":5429799.181111111,"standard_error":2141.095659760401},"median":{"confidence_interval":{"confidence_level":0.95,"lower_bound":5421680.444444444,"upper_bound":5431503.888888889},"point_estimate":5426864.5,"standard_error":2818.893447105215},"median_abs_dev":{"confidence_interval":{"confidence_level":0.95,"lower_bound":13617.516024907583,"upper_bound":23834.77137684845},"point_estimate":18894.91299788165,"standard_error":2664.1832293153916},"slope":null,"std_dev":{"confidence_interval":{"confidence_level":0.95,"lower_bound":17616.65505084392,"upper_bound":25350.170124129843},"point_estimate":21548.637770615846,"standard_error":1982.4459472226954}}