{"mean":{"confidence_interval":{"confidence_level":0.95,"lower_bound":307445.7573903165,"upper_bound":310118.954209964},"point_estimate":308535.9779386585,"standard_error":699.0303513389208},"median":{"confidence_interval":{"confidence_level":0.95,"lower_bound":307380.5684931507,"upper_bound":308570.67019736837},"point_estimate":307959.11692290555,"standard_error":259.58486933428173},"median_abs_dev":{"confidence_interval":{"confidence_level":0.95,"lower_bound":2027.0952921583948,"upper_bound":3121.2351215822014},"point_estimate":2657.7600694780463,"standard_error":290.83009598455},"slope":{"confidence_interval":{"confidence_level":0.95,"lower_bound":307815.83371658856,"upper_bound":308704.1504179731},"point_estimate":308251.08756908524,"standard_error":227.4883814340128},"std_dev":{"confidence_interval":{"confidence_level":0.95,"lower_bound":2608.7315862577752,"upper_bound":11355.264728945753},"point_estimate":7019.114809388171,"standard_error":2855.0760415301606}}