{"mean":{"confidence_interval":{"confidence_level":0.95,"lower_bound":1778976.192695652,"upper_bound":1787227.2350978253},"point_estimate":1782700.0252173906,"standard_error":2107.263647711153},"median":{"confidence_interval":{"confidence_level":0.95,"lower_bound":1775616.608695652,"upper_bound":1779283.347826087},"point_estimate":1777705.2826086958,"standard_error":992.5270057724927},"median_abs_dev":{"confidence_interval":{"confidence_level":0.95,"lower_bound":5114.131917901586,"upper_bound":9580.818873384695},"point_estimate":7491.545436563789,"standard_error":1149.8633470848522},"slope":null,"std_dev":{"confidence_interval":{"confidence_level":0.95,"lower_bound":11969.037972058863,"upper_bound":30215.40051541848},"point_estimate":21133.208521201235,"standard_error":4973.926044270134}}