{"mean":{"confidence_interval":{"confidence_level":0.95,"lower_bound":1759344.9368478265,"upper_bound":1762780.2045869562},"point_estimate":1760867.9378260863,"standard_error":881.3454336869097},"median":{"confidence_interval":{"confidence_level":0.95,"lower_bound":1758857.543478261,"upper_bound":1761283.5652173914},"point_estimate":1760373.3260869565,"standard_error":531.655808631106},"median_abs_dev":{"confidence_interval":{"confidence_level":0.95,"lower_bound":3381.4882356184494,"upper_bound":5847.889983135661},"point_estimate":4691.7843080084285,"standard_error":664.5386566468297},"slope":null,"std_dev":{"confidence_interval":{"confidence_level":0.95,"lower_bound":4899.382258061697,"upper_bound":13237.31063021563},"point_estimate":8876.218699780975,"standard_error":2545.1435093305126}}