{"mean":{"confidence_interval":{"confidence_level":0.95,"lower_bound":1801777.869076087,"upper_bound":1807137.5321956517},"point_estimate":1804422.2791304346,"standard_error":1363.1991925},"median":{"confidence_interval":{"confidence_level":0.95,"lower_bound":1800758.8260869565,"upper_bound":1807756.3260869565},"point_estimate":1804709.0434782607,"standard_error":1825.555656368444},"median_abs_dev":{"confidence_interval":{"confidence_level":0.95,"lower_bound":12591.976196882824,"upper_bound":18366.517769364076},"point_estimate":15866.39815309795,"standard_error":1439.3679368230885},"slope":null,"std_dev":{"confidence_interval":{"confidence_level":0.95,"lower_bound":11738.227857527894,"upper_bound":15883.182001091342},"point_estimate":13725.978588776677,"standard_error":1071.53440231156}}