{"mean":{"confidence_interval":{"confidence_level":0.95,"lower_bound":242881.61479030823,"upper_bound":244057.74256600745},"point_estimate":243453.3473000832,"standard_error":299.5654062727465},"median":{"confidence_interval":{"confidence_level":0.95,"lower_bound":242308.93232323232,"upper_bound":243672.97540983607},"point_estimate":243107.39078838745,"standard_error":308.9776154507715},"median_abs_dev":{"confidence_interval":{"confidence_level":0.95,"lower_bound":2295.3994674303044,"upper_bound":3800.9809728201258},"point_estimate":3162.8581522388736,"standard_error":416.0646359116477},"slope":{"confidence_interval":{"confidence_level":0.95,"lower_bound":241909.3878477599,"upper_bound":242889.35117504472},"point_estimate":242379.7514969706,"standard_error":249.98378454057604},"std_dev":{"confidence_interval":{"confidence_level":0.95,"lower_bound":2460.3297281378923,"upper_bound":3544.57126189407},"point_estimate":3008.9424421483723,"standard_error":277.9050487364232}}