{"mean":{"confidence_interval":{"confidence_level":0.95,"lower_bound":241058.91963792455,"upper_bound":242310.49502643762},"point_estimate":241636.95428077236,"standard_error":319.93164116497235},"median":{"confidence_interval":{"confidence_level":0.95,"lower_bound":240627.00614548495,"upper_bound":241546.42045454544},"point_estimate":241101.09841292136,"standard_error":263.70760078097703},"median_abs_dev":{"confidence_interval":{"confidence_level":0.95,"lower_bound":1343.115792695971,"upper_bound":2354.1293550554697},"point_estimate":1847.7894490868603,"standard_error":255.56783623121984},"slope":{"confidence_interval":{"confidence_level":0.95,"lower_bound":240503.39165253114,"upper_bound":241302.40412832837},"point_estimate":240907.7896660263,"standard_error":202.69145212079084},"std_dev":{"confidence_interval":{"confidence_level":0.95,"lower_bound":1938.1450081596658,"upper_bound":4538.543846682847},"point_estimate":3218.2990129012296,"standard_error":701.2807537251593}}