{"mean":{"confidence_interval":{"confidence_level":0.95,"lower_bound":482639.44237658806,"upper_bound":483876.874505992},"point_estimate":483234.0797032291,"standard_error":315.0215934090373},"median":{"confidence_interval":{"confidence_level":0.95,"lower_bound":482455.92994733923,"upper_bound":483323.07575757575},"point_estimate":482921.39717514126,"standard_error":238.24166453492046},"median_abs_dev":{"confidence_interval":{"confidence_level":0.95,"lower_bound":1887.4287427625777,"upper_bound":2886.641156444172},"point_estimate":2358.8726006110733,"standard_error":252.32245106901414},"slope":{"confidence_interval":{"confidence_level":0.95,"lower_bound":482680.9148588483,"upper_bound":483924.50384376844},"point_estimate":483282.7323038274,"standard_error":316.8421028002664},"std_dev":{"confidence_interval":{"confidence_level":0.95,"lower_bound":2361.4014100938557,"upper_bound":4015.647023931966},"point_estimate":3167.8142676367916,"standard_error":431.1280742590603}}