{"mean":{"confidence_interval":{"confidence_level":0.95,"lower_bound":230114.44401059268,"upper_bound":230963.077085318},"point_estimate":230527.90030025985,"standard_error":216.87256061677118},"median":{"confidence_interval":{"confidence_level":0.95,"lower_bound":229802.61666666667,"upper_bound":230736.02352941176},"point_estimate":230277.77175308642,"standard_error":239.62248523227893},"median_abs_dev":{"confidence_interval":{"confidence_level":0.95,"lower_bound":1378.9863919137683,"upper_bound":2259.221139890843},"point_estimate":1819.8492936254947,"standard_error":220.52264917424364},"slope":{"confidence_interval":{"confidence_level":0.95,"lower_bound":229929.018504797,"upper_bound":230721.6339788549},"point_estimate":230315.0540073888,"standard_error":202.4254625125071},"std_dev":{"confidence_interval":{"confidence_level":0.95,"lower_bound":1742.947923174964,"upper_bound":2603.6339786127146},"point_estimate":2184.950821715147,"standard_error":221.1103474483688}}