{"mean":{"confidence_interval":{"confidence_level":0.95,"lower_bound":608826.4634137515,"upper_bound":610055.041087403},"point_estimate":609448.319263313,"standard_error":312.2191066573728},"median":{"confidence_interval":{"confidence_level":0.95,"lower_bound":608928.4710992908,"upper_bound":609707.7626262626},"point_estimate":609213.0080645161,"standard_error":232.32893556997962},"median_abs_dev":{"confidence_interval":{"confidence_level":0.95,"lower_bound":1466.048907097383,"upper_bound":2511.13120166847},"point_estimate":1817.1866868739464,"standard_error":279.4897094394355},"slope":{"confidence_interval":{"confidence_level":0.95,"lower_bound":609313.2502661064,"upper_bound":610565.6960816883},"point_estimate":609891.1403221516,"standard_error":322.1349372416162},"std_dev":{"confidence_interval":{"confidence_level":0.95,"lower_bound":2178.907647718428,"upper_bound":4083.87967863212},"point_estimate":3139.5155918054065,"standard_error":492.99566050603784}}