{"mean":{"confidence_interval":{"confidence_level":0.95,"lower_bound":172298.92348466194,"upper_bound":173679.90799257177},"point_estimate":172917.48793129262,"standard_error":354.4680473715337},"median":{"confidence_interval":{"confidence_level":0.95,"lower_bound":171903.820578087,"upper_bound":172964.7670940171},"point_estimate":172277.77963808557,"standard_error":271.5858651446758},"median_abs_dev":{"confidence_interval":{"confidence_level":0.95,"lower_bound":1646.8971374385233,"upper_bound":2446.2702031684753},"point_estimate":1963.081541927543,"standard_error":200.12774360200905},"slope":{"confidence_interval":{"confidence_level":0.95,"lower_bound":172441.4323960107,"upper_bound":173524.80011775793},"point_estimate":172967.2177848382,"standard_error":276.69623093065894},"std_dev":{"confidence_interval":{"confidence_level":0.95,"lower_bound":1833.5879474656183,"upper_bound":5260.456337795505},"point_estimate":3565.056125632566,"standard_error":943.5227025781999}}