{"mean":{"confidence_interval":{"confidence_level":0.95,"lower_bound":245728.4535791936,"upper_bound":247002.62734977165},"point_estimate":246306.51075511466,"standard_error":324.85802343872814},"median":{"confidence_interval":{"confidence_level":0.95,"lower_bound":245425.49166666667,"upper_bound":246122.6878669276},"point_estimate":245802.71013513513,"standard_error":204.80523577042612},"median_abs_dev":{"confidence_interval":{"confidence_level":0.95,"lower_bound":1376.967887948711,"upper_bound":2182.9171433007227},"point_estimate":1850.0497656446043,"standard_error":208.6874255283512},"slope":{"confidence_interval":{"confidence_level":0.95,"lower_bound":245434.91545844477,"upper_bound":247571.724868585},"point_estimate":246333.8623407714,"standard_error":554.7639955440516},"std_dev":{"confidence_interval":{"confidence_level":0.95,"lower_bound":1882.180468145268,"upper_bound":4685.57128020398},"point_estimate":3262.929738071985,"standard_error":758.9055439942023}}