{"mean":{"confidence_interval":{"confidence_level":0.95,"lower_bound":4356588.244325002,"upper_bound":4365843.720000002},"point_estimate":4360762.419000003,"standard_error":2368.8281356987645},"median":{"confidence_interval":{"confidence_level":0.95,"lower_bound":4354012.0,"upper_bound":4359801.9},"point_estimate":4356690.4,"standard_error":1439.4306534807597},"median_abs_dev":{"confidence_interval":{"confidence_level":0.95,"lower_bound":10085.08980095428,"upper_bound":18593.73104989501},"point_estimate":13263.116974532051,"standard_error":2218.096725759672},"slope":null,"std_dev":{"confidence_interval":{"confidence_level":0.95,"lower_bound":13959.349443057237,"upper_bound":34684.3710720252},"point_estimate":23763.241470604153,"standard_error":6251.919176506335}}