{"mean":{"confidence_interval":{"confidence_level":0.95,"lower_bound":4297563.2311,"upper_bound":4305561.474449999},"point_estimate":4301027.965000001,"standard_error":2064.9776981037444},"median":{"confidence_interval":{"confidence_level":0.95,"lower_bound":4294645.300000001,"upper_bound":4301309.6},"point_estimate":4297331.6,"standard_error":1708.9600030122326},"median_abs_dev":{"confidence_interval":{"confidence_level":0.95,"lower_bound":8189.085357114677,"upper_bound":13055.336147971706},"point_estimate":10554.851602613098,"standard_error":1225.5569187478072},"slope":null,"std_dev":{"confidence_interval":{"confidence_level":0.95,"lower_bound":9811.996384241882,"upper_bound":31786.814128909078},"point_estimate":20694.116844065447,"standard_error":6664.287138680592}}