{"mean":{"confidence_interval":{"confidence_level":0.95,"lower_bound":255858.43569294,"upper_bound":258796.45457456697},"point_estimate":257172.3741722066,"standard_error":755.9139370761822},"median":{"confidence_interval":{"confidence_level":0.95,"lower_bound":255148.6524390244,"upper_bound":256336.44292208875},"point_estimate":255777.0984500574,"standard_error":343.2546211254864},"median_abs_dev":{"confidence_interval":{"confidence_level":0.95,"lower_bound":1529.0503603539482,"upper_bound":2697.982654589842},"point_estimate":2123.7402752409607,"standard_error":272.8861617028398},"slope":{"confidence_interval":{"confidence_level":0.95,"lower_bound":255929.62477209617,"upper_bound":257181.43440091037},"point_estimate":256494.67052977686,"standard_error":320.02788522955444},"std_dev":{"confidence_interval":{"confidence_level":0.95,"lower_bound":3489.468171049549,"upper_bound":10780.473514600426},"point_estimate":7590.646560011698,"standard_error":1840.2218925041027}}