{"mean":{"confidence_interval":{"confidence_level":0.95,"lower_bound":0.055133314499231596,"upper_bound":0.06522467470477789},"point_estimate":0.060194770162933287,"standard_error":0.0025724689404910952},"median":{"confidence_interval":{"confidence_level":0.95,"lower_bound":0.0536065731929285,"upper_bound":0.0649903276321525},"point_estimate":0.05843586962631253,"standard_error":0.0027026502316453106}}