{"mean":{"confidence_interval":{"confidence_level":0.95,"lower_bound":0.03246968089093637,"upper_bound":0.03693448404981105},"point_estimate":0.03478795508657195,"standard_error":0.0011372381911545428},"median":{"confidence_interval":{"confidence_level":0.95,"lower_bound":0.03308184794830125,"upper_bound":0.036109341271043816},"point_estimate":0.034359904459958734,"standard_error":0.0008165895754782865}}