{"mean":{"confidence_interval":{"confidence_level":0.95,"lower_bound":0.04493782328468515,"upper_bound":0.04975766632951653},"point_estimate":0.04735883455683809,"standard_error":0.0012299060772645786},"median":{"confidence_interval":{"confidence_level":0.95,"lower_bound":0.047326057789927,"upper_bound":0.05147244991500344},"point_estimate":0.04945418310080285,"standard_error":0.0010714160546395905}}