{"mean":{"confidence_interval":{"confidence_level":0.95,"lower_bound":295699.8034011463,"upper_bound":297139.7476698548},"point_estimate":296420.72611109365,"standard_error":366.6642993178833},"median":{"confidence_interval":{"confidence_level":0.95,"lower_bound":295861.02898550726,"upper_bound":297455.1145833333},"point_estimate":296754.2732704403,"standard_error":375.0486699106853},"median_abs_dev":{"confidence_interval":{"confidence_level":0.95,"lower_bound":2461.237681133871,"upper_bound":4110.933242877422},"point_estimate":3072.7008936938555,"standard_error":411.84461635745635},"slope":{"confidence_interval":{"confidence_level":0.95,"lower_bound":294904.40434912837,"upper_bound":296367.1053800446},"point_estimate":295637.2591384661,"standard_error":373.42151492010066},"std_dev":{"confidence_interval":{"confidence_level":0.95,"lower_bound":3136.1498258342153,"upper_bound":4192.701078507886},"point_estimate":3693.8581688876916,"standard_error":270.04008604434273}}