{"mean":{"confidence_interval":{"confidence_level":0.95,"lower_bound":26986944.959875003,"upper_bound":30146061.515125},"point_estimate":28521936.73,"standard_error":808098.7755264187},"median":{"confidence_interval":{"confidence_level":0.95,"lower_bound":22827237.0,"upper_bound":26695208.0},"point_estimate":23152268.25,"standard_error":901952.7182893691},"median_abs_dev":{"confidence_interval":{"confidence_level":0.95,"lower_bound":1078552.5626018643,"upper_bound":6659900.239013135},"point_estimate":1683784.3423068523,"standard_error":1312694.1375931497},"slope":null,"std_dev":{"confidence_interval":{"confidence_level":0.95,"lower_bound":6974002.4381547235,"upper_bound":9014156.59227066},"point_estimate":8117365.603592682,"standard_error":521809.29013455706}}