{"mean":{"confidence_interval":{"confidence_level":0.95,"lower_bound":11120763.030850003,"upper_bound":11138030.863300001},"point_estimate":11129190.171999997,"standard_error":4400.618174162635},"median":{"confidence_interval":{"confidence_level":0.95,"lower_bound":11114366.4,"upper_bound":11135046.0},"point_estimate":11126284.600000001,"standard_error":6091.515270685051},"median_abs_dev":{"confidence_interval":{"confidence_level":0.95,"lower_bound":27974.882383344902,"upper_bound":46548.30181360162},"point_estimate":35811.461064219475,"standard_error":4509.256993842292},"slope":null,"std_dev":{"confidence_interval":{"confidence_level":0.95,"lower_bound":36363.62485663439,"upper_bound":51295.84364272659},"point_estimate":44362.617446082775,"standard_error":3816.057407112034}}