{"mean":{"confidence_interval":{"confidence_level":0.95,"lower_bound":11111772.971199995,"upper_bound":11149835.0356},"point_estimate":11125868.105999997,"standard_error":10523.006151335096},"median":{"confidence_interval":{"confidence_level":0.95,"lower_bound":11107581.4,"upper_bound":11116503.4},"point_estimate":11111755.100000001,"standard_error":2179.432745829705},"median_abs_dev":{"confidence_interval":{"confidence_level":0.95,"lower_bound":12030.976320907226,"upper_bound":19251.70891821329},"point_estimate":15214.292669892864,"standard_error":1936.6413651559892},"slope":null,"std_dev":{"confidence_interval":{"confidence_level":0.95,"lower_bound":15310.5440321177,"upper_bound":178499.36697679572},"point_estimate":105973.64517687743,"standard_error":53637.38420832646}}