{"mean":{"confidence_interval":{"confidence_level":0.95,"lower_bound":10760474.644850003,"upper_bound":10774044.3147},"point_estimate":10767011.537999999,"standard_error":3452.7203916986928},"median":{"confidence_interval":{"confidence_level":0.95,"lower_bound":10752720.8,"upper_bound":10776385.4},"point_estimate":10765310.100000001,"standard_error":5538.532926701873},"median_abs_dev":{"confidence_interval":{"confidence_level":0.95,"lower_bound":26654.627106785498,"upper_bound":40919.31449353584},"point_estimate":32035.871971247372,"standard_error":3710.194652267402},"slope":null,"std_dev":{"confidence_interval":{"confidence_level":0.95,"lower_bound":26955.94396824331,"upper_bound":44160.482494319134},"point_estimate":34706.41642822625,"standard_error":4730.015884903382}}