{"mean":{"confidence_interval":{"confidence_level":0.95,"lower_bound":10633732.578950003,"upper_bound":10645544.35745},"point_estimate":10639034.788,"standard_error":3022.3486347707553},"median":{"confidence_interval":{"confidence_level":0.95,"lower_bound":10629457.2,"upper_bound":10639094.3},"point_estimate":10634106.899999999,"standard_error":2204.3210611926374},"median_abs_dev":{"confidence_interval":{"confidence_level":0.95,"lower_bound":14176.769208311482,"upper_bound":22396.599982381973},"point_estimate":18071.262819170122,"standard_error":2088.376903597982},"slope":null,"std_dev":{"confidence_interval":{"confidence_level":0.95,"lower_bound":17069.650825083037,"upper_bound":44392.080283467556},"point_estimate":30302.36678210184,"standard_error":7981.143209066513}}