{"mean":{"confidence_interval":{"confidence_level":0.95,"lower_bound":280314.4479787909,"upper_bound":281927.1947126279},"point_estimate":281055.20473095466,"standard_error":409.4438264981376},"median":{"confidence_interval":{"confidence_level":0.95,"lower_bound":280368.2548076923,"upper_bound":281574.0588235294},"point_estimate":281050.5420319074,"standard_error":366.9051041347792},"median_abs_dev":{"confidence_interval":{"confidence_level":0.95,"lower_bound":1681.0236075883254,"upper_bound":2655.6361366937463},"point_estimate":2001.5228609717726,"standard_error":245.46118854496845},"slope":{"confidence_interval":{"confidence_level":0.95,"lower_bound":280986.645450209,"upper_bound":283025.2209163636},"point_estimate":281793.6769735481,"standard_error":540.1714506641574},"std_dev":{"confidence_interval":{"confidence_level":0.95,"lower_bound":2252.7838986432516,"upper_bound":6088.456266815642},"point_estimate":4128.25847573262,"standard_error":1058.2588150605886}}