{"mean":{"confidence_interval":{"confidence_level":0.95,"lower_bound":484982.35783816356,"upper_bound":486927.2691681756},"point_estimate":485933.83069225075,"standard_error":496.55348421428124},"median":{"confidence_interval":{"confidence_level":0.95,"lower_bound":483765.81481481483,"upper_bound":486711.277960242},"point_estimate":485571.49378109456,"standard_error":730.403414244679},"median_abs_dev":{"confidence_interval":{"confidence_level":0.95,"lower_bound":3427.515033457424,"upper_bound":5501.677484083545},"point_estimate":4596.2697511859105,"standard_error":518.8732816914251},"slope":{"confidence_interval":{"confidence_level":0.95,"lower_bound":484034.1902481024,"upper_bound":485576.34161371656},"point_estimate":484754.93594207184,"standard_error":392.6038652306642},"std_dev":{"confidence_interval":{"confidence_level":0.95,"lower_bound":3959.3208742634915,"upper_bound":6160.757916033427},"point_estimate":5014.103617090736,"standard_error":575.1428185581008}}