{"mean":{"confidence_interval":{"confidence_level":0.95,"lower_bound":342971.58997488924,"upper_bound":344219.46643425117},"point_estimate":343585.84462115064,"standard_error":317.30929510497134},"median":{"confidence_interval":{"confidence_level":0.95,"lower_bound":342596.28244949493,"upper_bound":343877.1041666667},"point_estimate":343231.87077294686,"standard_error":287.93974378441084},"median_abs_dev":{"confidence_interval":{"confidence_level":0.95,"lower_bound":2061.909810012387,"upper_bound":3734.969972024349},"point_estimate":2944.6637890261186,"standard_error":449.46826602037504},"slope":{"confidence_interval":{"confidence_level":0.95,"lower_bound":342753.8078894907,"upper_bound":344153.0669935153},"point_estimate":343429.75847002614,"standard_error":356.61336683932996},"std_dev":{"confidence_interval":{"confidence_level":0.95,"lower_bound":2689.9125285474565,"upper_bound":3623.3368242680444},"point_estimate":3184.8602154547575,"standard_error":238.22940823372687}}