{"mean":{"confidence_interval":{"confidence_level":0.95,"lower_bound":302194.49719618406,"upper_bound":303286.00807907083},"point_estimate":302735.1677274298,"standard_error":279.02936414209375},"median":{"confidence_interval":{"confidence_level":0.95,"lower_bound":301998.6842105263,"upper_bound":303363.2077702703},"point_estimate":302574.99652777775,"standard_error":357.1602370557191},"median_abs_dev":{"confidence_interval":{"confidence_level":0.95,"lower_bound":2071.6866725223667,"upper_bound":3251.026144709217},"point_estimate":2472.2871590973164,"standard_error":304.91229521289705},"slope":{"confidence_interval":{"confidence_level":0.95,"lower_bound":301641.70056035736,"upper_bound":302891.9769028612},"point_estimate":302272.0195049505,"standard_error":318.35201651292834},"std_dev":{"confidence_interval":{"confidence_level":0.95,"lower_bound":2369.4632924650355,"upper_bound":3212.21310740192},"point_estimate":2813.428976953252,"standard_error":215.7346974057305}}