{"mean":{"confidence_interval":{"confidence_level":0.95,"lower_bound":227976.334966219,"upper_bound":229514.6438525631},"point_estimate":228670.12618536374,"standard_error":394.3119028897337},"median":{"confidence_interval":{"confidence_level":0.95,"lower_bound":227474.93777777778,"upper_bound":228240.72853901997},"point_estimate":227848.97626696833,"standard_error":175.4689828815311},"median_abs_dev":{"confidence_interval":{"confidence_level":0.95,"lower_bound":1599.7982084541102,"upper_bound":2481.217435238366},"point_estimate":2076.5626331456583,"standard_error":224.5505326178764},"slope":{"confidence_interval":{"confidence_level":0.95,"lower_bound":227830.1491996262,"upper_bound":228885.38853262123},"point_estimate":228365.44773754987,"standard_error":270.0509228087736},"std_dev":{"confidence_interval":{"confidence_level":0.95,"lower_bound":2045.688571774011,"upper_bound":5660.244216957754},"point_estimate":3965.0955770671662,"standard_error":956.245459019174}}