{"mean":{"confidence_interval":{"confidence_level":0.95,"lower_bound":244706.4480667124,"upper_bound":247285.23918327413},"point_estimate":245721.02706733483,"standard_error":684.2341933487829},"median":{"confidence_interval":{"confidence_level":0.95,"lower_bound":244096.00324675324,"upper_bound":244949.6133786848},"point_estimate":244438.01491596637,"standard_error":208.21672213886865},"median_abs_dev":{"confidence_interval":{"confidence_level":0.95,"lower_bound":1501.2817259647459,"upper_bound":2831.778519597127},"point_estimate":2144.1591717400374,"standard_error":322.96006223213067},"slope":{"confidence_interval":{"confidence_level":0.95,"lower_bound":244218.23514648137,"upper_bound":245147.66645697842},"point_estimate":244662.73478720261,"standard_error":236.84740386430778},"std_dev":{"confidence_interval":{"confidence_level":0.95,"lower_bound":2159.74592294529,"upper_bound":11263.92924546572},"point_estimate":6870.050661270452,"standard_error":3024.2041375329845}}