{"mean":{"confidence_interval":{"confidence_level":0.95,"lower_bound":259010.21807872265,"upper_bound":260339.61508188356},"point_estimate":259632.38965327013,"standard_error":339.12070868760117},"median":{"confidence_interval":{"confidence_level":0.95,"lower_bound":258486.525,"upper_bound":259633.2247709811},"point_estimate":259240.4296822177,"standard_error":299.47985371495713},"median_abs_dev":{"confidence_interval":{"confidence_level":0.95,"lower_bound":1698.010587003412,"upper_bound":3089.166014700173},"point_estimate":2330.789109684044,"standard_error":353.94422251676576},"slope":{"confidence_interval":{"confidence_level":0.95,"lower_bound":258568.28934798573,"upper_bound":259437.13009311495},"point_estimate":258987.385301463,"standard_error":221.1738150171802},"std_dev":{"confidence_interval":{"confidence_level":0.95,"lower_bound":2337.367366958222,"upper_bound":4631.744425798304},"point_estimate":3403.5372593811444,"standard_error":646.717944993803}}