{"mean":{"confidence_interval":{"confidence_level":0.95,"lower_bound":230749.85828284753,"upper_bound":231818.96132613136},"point_estimate":231274.0428631563,"standard_error":272.6291435761432},"median":{"confidence_interval":{"confidence_level":0.95,"lower_bound":230491.27038461537,"upper_bound":231444.064},"point_estimate":231006.03368189326,"standard_error":255.5899187495862},"median_abs_dev":{"confidence_interval":{"confidence_level":0.95,"lower_bound":1457.7921796615608,"upper_bound":2523.907359858356},"point_estimate":2093.534511770474,"standard_error":259.9198897735687},"slope":{"confidence_interval":{"confidence_level":0.95,"lower_bound":230953.58206119717,"upper_bound":231951.1465376147},"point_estimate":231428.80253406236,"standard_error":254.42765055805478},"std_dev":{"confidence_interval":{"confidence_level":0.95,"lower_bound":2129.114830651991,"upper_bound":3320.9869658389393},"point_estimate":2742.8525344246564,"standard_error":305.3132755705289}}