{"mean":{"confidence_interval":{"confidence_level":0.95,"lower_bound":239374.82976529284,"upper_bound":240858.63824571754},"point_estimate":240112.68290356564,"standard_error":379.3940268450923},"median":{"confidence_interval":{"confidence_level":0.95,"lower_bound":239292.26285714286,"upper_bound":240715.14221014493},"point_estimate":239821.6245564893,"standard_error":425.06365754524813},"median_abs_dev":{"confidence_interval":{"confidence_level":0.95,"lower_bound":2498.6300153105603,"upper_bound":4410.58190697989},"point_estimate":3541.1876982849876,"standard_error":486.2177887656395},"slope":{"confidence_interval":{"confidence_level":0.95,"lower_bound":239747.9950825827,"upper_bound":241416.05306518773},"point_estimate":240563.05246283434,"standard_error":426.63385472594155},"std_dev":{"confidence_interval":{"confidence_level":0.95,"lower_bound":3188.992905021179,"upper_bound":4415.833355301569},"point_estimate":3817.8929427978187,"standard_error":314.67410729237236}}