{"mean":{"confidence_interval":{"confidence_level":0.95,"lower_bound":628009.0042401771,"upper_bound":630517.0659254729},"point_estimate":629283.4918332114,"standard_error":639.1212483711198},"median":{"confidence_interval":{"confidence_level":0.95,"lower_bound":628214.1785714285,"upper_bound":631266.4886363636},"point_estimate":629626.6752469605,"standard_error":862.7875633681901},"median_abs_dev":{"confidence_interval":{"confidence_level":0.95,"lower_bound":3716.366888473423,"upper_bound":6070.505592226982},"point_estimate":4635.434414518703,"standard_error":608.3446548933973},"slope":{"confidence_interval":{"confidence_level":0.95,"lower_bound":627636.4098715723,"upper_bound":629760.1100367146},"point_estimate":628725.5235924339,"standard_error":541.0131362986252},"std_dev":{"confidence_interval":{"confidence_level":0.95,"lower_bound":4931.455117467348,"upper_bound":7847.497931641438},"point_estimate":6395.15271788824,"standard_error":747.4009082418575}}