{"mean":{"confidence_interval":{"confidence_level":0.95,"lower_bound":588054.397614847,"upper_bound":592277.8331355028},"point_estimate":590002.7378135565,"standard_error":1074.824348446289},"median":{"confidence_interval":{"confidence_level":0.95,"lower_bound":588088.821969697,"upper_bound":590395.3793103448},"point_estimate":589293.3211500975,"standard_error":612.3567217968571},"median_abs_dev":{"confidence_interval":{"confidence_level":0.95,"lower_bound":3161.9645218075316,"upper_bound":5862.569933213602},"point_estimate":4283.606861643051,"standard_error":699.3726705726395},"slope":{"confidence_interval":{"confidence_level":0.95,"lower_bound":588999.9755303985,"upper_bound":592406.4329242475},"point_estimate":590359.6012147185,"standard_error":888.5359198989079},"std_dev":{"confidence_interval":{"confidence_level":0.95,"lower_bound":5246.167249419711,"upper_bound":15464.947886703585},"point_estimate":10823.364219124376,"standard_error":2605.522004809156}}