{"mean":{"confidence_interval":{"confidence_level":0.95,"lower_bound":269078.64747449,"upper_bound":270083.4634318018},"point_estimate":269572.3295416314,"standard_error":256.5170160410345},"median":{"confidence_interval":{"confidence_level":0.95,"lower_bound":268582.1331521739,"upper_bound":269980.61071428575},"point_estimate":269182.8342857143,"standard_error":353.84974124913583},"median_abs_dev":{"confidence_interval":{"confidence_level":0.95,"lower_bound":1671.3647502069139,"upper_bound":2897.2209162588438},"point_estimate":2195.867131284794,"standard_error":311.73440073292164},"slope":{"confidence_interval":{"confidence_level":0.95,"lower_bound":269224.19933965005,"upper_bound":270202.73688586423},"point_estimate":269693.77928328654,"standard_error":248.83223678785333},"std_dev":{"confidence_interval":{"confidence_level":0.95,"lower_bound":2089.3787358121513,"upper_bound":3070.243367067636},"point_estimate":2578.828313600594,"standard_error":252.98874615843854}}