{"mean":{"confidence_interval":{"confidence_level":0.95,"lower_bound":308855.2136051747,"upper_bound":311054.55650101684},"point_estimate":309856.4887087399,"standard_error":562.5582531357146},"median":{"confidence_interval":{"confidence_level":0.95,"lower_bound":308368.1153456688,"upper_bound":310275.5058922559},"point_estimate":309312.7027027027,"standard_error":547.450231988344},"median_abs_dev":{"confidence_interval":{"confidence_level":0.95,"lower_bound":2839.767241573731,"upper_bound":4495.927193683058},"point_estimate":3726.6226596170027,"standard_error":442.77831237067784},"slope":{"confidence_interval":{"confidence_level":0.95,"lower_bound":309361.8248778948,"upper_bound":310772.80537052196},"point_estimate":310071.83728683315,"standard_error":360.37456687236613},"std_dev":{"confidence_interval":{"confidence_level":0.95,"lower_bound":3250.6591804201616,"upper_bound":8109.356661470986},"point_estimate":5616.6655715348015,"standard_error":1338.023300748899}}