{"mean":{"confidence_interval":{"confidence_level":0.95,"lower_bound":294251.6873076544,"upper_bound":295512.0264586388},"point_estimate":294843.3120005847,"standard_error":320.4182934630937},"median":{"confidence_interval":{"confidence_level":0.95,"lower_bound":294277.27075702074,"upper_bound":295209.02908212563},"point_estimate":294750.1204837491,"standard_error":235.12085811064392},"median_abs_dev":{"confidence_interval":{"confidence_level":0.95,"lower_bound":1668.2055097195066,"upper_bound":2650.3621746222593},"point_estimate":2203.195558345715,"standard_error":245.98114022830782},"slope":{"confidence_interval":{"confidence_level":0.95,"lower_bound":294319.23156719893,"upper_bound":295107.30535075464},"point_estimate":294705.9291020147,"standard_error":201.4134656087006},"std_dev":{"confidence_interval":{"confidence_level":0.95,"lower_bound":2109.700999250328,"upper_bound":4484.209837222157},"point_estimate":3219.733776301221,"standard_error":666.5203534256311}}