{"mean":{"confidence_interval":{"confidence_level":0.95,"lower_bound":329853.4255572656,"upper_bound":344816.58222715365},"point_estimate":336633.8205569447,"standard_error":3844.6377972252167},"median":{"confidence_interval":{"confidence_level":0.95,"lower_bound":324612.39215686277,"upper_bound":326964.19696969696},"point_estimate":325349.9178296654,"standard_error":646.4399785922827},"median_abs_dev":{"confidence_interval":{"confidence_level":0.95,"lower_bound":3863.8293839033095,"upper_bound":7034.439834883854},"point_estimate":5428.241605028061,"standard_error":798.4586331981573},"slope":{"confidence_interval":{"confidence_level":0.95,"lower_bound":324842.0961277982,"upper_bound":331254.7394093873},"point_estimate":327444.02525195805,"standard_error":1676.418257795006},"std_dev":{"confidence_interval":{"confidence_level":0.95,"lower_bound":21604.48235408313,"upper_bound":52256.7817516983},"point_estimate":38577.42565102088,"standard_error":7801.562887685685}}