{"mean":{"confidence_interval":{"confidence_level":0.95,"lower_bound":1610916.354003811,"upper_bound":1627988.450332265},"point_estimate":1617361.2347551275,"standard_error":4567.00938456798},"median":{"confidence_interval":{"confidence_level":0.95,"lower_bound":1608684.9696969697,"upper_bound":1612404.0196078431},"point_estimate":1610408.0857954547,"standard_error":1122.2448629578275},"median_abs_dev":{"confidence_interval":{"confidence_level":0.95,"lower_bound":6143.171350464722,"upper_bound":10330.96414012063},"point_estimate":8357.550973839978,"standard_error":1018.6075378846235},"slope":{"confidence_interval":{"confidence_level":0.95,"lower_bound":1610505.694103293,"upper_bound":1613908.3893626523},"point_estimate":1612179.5961341807,"standard_error":870.5690153598955},"std_dev":{"confidence_interval":{"confidence_level":0.95,"lower_bound":7885.959236817615,"upper_bound":76384.86848491082},"point_estimate":45816.49152408731,"standard_error":21561.521223097225}}