{"mean":{"confidence_interval":{"confidence_level":0.95,"lower_bound":319877.99088561453,"upper_bound":321511.8608273273},"point_estimate":320661.0717245259,"standard_error":415.11474918640283},"median":{"confidence_interval":{"confidence_level":0.95,"lower_bound":319359.734006734,"upper_bound":320527.31542882405},"point_estimate":319931.2717510011,"standard_error":266.2317520075747},"median_abs_dev":{"confidence_interval":{"confidence_level":0.95,"lower_bound":2188.883130171879,"upper_bound":3959.6070387073955},"point_estimate":2911.1487257370345,"standard_error":450.2100358270343},"slope":{"confidence_interval":{"confidence_level":0.95,"lower_bound":319749.8181852236,"upper_bound":321136.0365677489},"point_estimate":320427.04335057386,"standard_error":353.06517076743063},"std_dev":{"confidence_interval":{"confidence_level":0.95,"lower_bound":3042.040384593475,"upper_bound":5206.9909422836445},"point_estimate":4173.979376894143,"standard_error":551.6547947884343}}