{"mean":{"confidence_interval":{"confidence_level":0.95,"lower_bound":553222.4200979739,"upper_bound":555447.5015347862},"point_estimate":554251.8284411844,"standard_error":571.1581831160754},"median":{"confidence_interval":{"confidence_level":0.95,"lower_bound":553262.4895833334,"upper_bound":554528.3409961686},"point_estimate":554066.4957142856,"standard_error":346.3560891497404},"median_abs_dev":{"confidence_interval":{"confidence_level":0.95,"lower_bound":2284.9958145870614,"upper_bound":4088.0684166965375},"point_estimate":3153.917671890102,"standard_error":473.5709912252223},"slope":{"confidence_interval":{"confidence_level":0.95,"lower_bound":553327.3644222316,"upper_bound":554443.5367060408},"point_estimate":553891.4226777006,"standard_error":285.2475972961257},"std_dev":{"confidence_interval":{"confidence_level":0.95,"lower_bound":3321.5488160589343,"upper_bound":7916.896413122342},"point_estimate":5723.527258852948,"standard_error":1192.0569579317546}}