{"mean":{"confidence_interval":{"confidence_level":0.95,"lower_bound":503288.29839657544,"upper_bound":504655.7587536571},"point_estimate":503960.21578975255,"standard_error":348.1574780384878},"median":{"confidence_interval":{"confidence_level":0.95,"lower_bound":503023.2527890466,"upper_bound":504430.52777777775},"point_estimate":503763.2220744681,"standard_error":310.7222749891163},"median_abs_dev":{"confidence_interval":{"confidence_level":0.95,"lower_bound":2421.299244608954,"upper_bound":3492.642725411483},"point_estimate":3010.012962265223,"standard_error":269.3404064362507},"slope":{"confidence_interval":{"confidence_level":0.95,"lower_bound":502840.9034546852,"upper_bound":504069.24941215396},"point_estimate":503454.7921353628,"standard_error":313.2721730092735},"std_dev":{"confidence_interval":{"confidence_level":0.95,"lower_bound":2768.362389517676,"upper_bound":4173.063491726705},"point_estimate":3495.5117770200923,"standard_error":360.2927872357367}}