{"mean":{"confidence_interval":{"confidence_level":0.95,"lower_bound":701581.1279646674,"upper_bound":708789.5331601539},"point_estimate":704277.0320509262,"standard_error":1985.1834442332126},"median":{"confidence_interval":{"confidence_level":0.95,"lower_bound":700866.9918010753,"upper_bound":702821.1486486486},"point_estimate":701697.0835459183,"standard_error":471.225711355247},"median_abs_dev":{"confidence_interval":{"confidence_level":0.95,"lower_bound":3070.4817770125137,"upper_bound":5128.38722201745},"point_estimate":4039.3064869701357,"standard_error":509.72659013767264},"slope":{"confidence_interval":{"confidence_level":0.95,"lower_bound":703585.6245681165,"upper_bound":714183.2278998788},"point_estimate":707614.9181335894,"standard_error":2877.99754957864},"std_dev":{"confidence_interval":{"confidence_level":0.95,"lower_bound":4005.4068388432765,"upper_bound":33596.91428752588},"point_estimate":19999.544367080292,"standard_error":10023.69374519606}}