{"mean":{"confidence_interval":{"confidence_level":0.95,"lower_bound":882922.6432694395,"upper_bound":897687.358440725},"point_estimate":888517.2256914895,"standard_error":4050.605201711902},"median":{"confidence_interval":{"confidence_level":0.95,"lower_bound":881412.9101123596,"upper_bound":887058.1458333333},"point_estimate":884219.16875,"standard_error":1447.3273071400783},"median_abs_dev":{"confidence_interval":{"confidence_level":0.95,"lower_bound":8356.597053886768,"upper_bound":13802.911144915344},"point_estimate":11108.744909573807,"standard_error":1389.7294687513636},"slope":{"confidence_interval":{"confidence_level":0.95,"lower_bound":884402.0222861567,"upper_bound":889273.2788031478},"point_estimate":886785.8926392789,"standard_error":1240.3231532194661},"std_dev":{"confidence_interval":{"confidence_level":0.95,"lower_bound":9949.90472553332,"upper_bound":68365.7264210023},"point_estimate":40780.67145311158,"standard_error":20141.589390561043}}