{"mean":{"confidence_interval":{"confidence_level":0.95,"lower_bound":260867.45386152028,"upper_bound":262000.6265991311},"point_estimate":261440.89277893002,"standard_error":289.0827021481824},"median":{"confidence_interval":{"confidence_level":0.95,"lower_bound":260579.6180432471,"upper_bound":262392.24074074073},"point_estimate":261504.26169590643,"standard_error":442.94722265505885},"median_abs_dev":{"confidence_interval":{"confidence_level":0.95,"lower_bound":2426.7715658566603,"upper_bound":3474.6965743341634},"point_estimate":2917.213518085518,"standard_error":280.5921462412629},"slope":{"confidence_interval":{"confidence_level":0.95,"lower_bound":261619.99805902375,"upper_bound":262849.5410567054},"point_estimate":262242.09765257867,"standard_error":313.9684062292006},"std_dev":{"confidence_interval":{"confidence_level":0.95,"lower_bound":2455.679207573641,"upper_bound":3310.696204800283},"point_estimate":2899.914841510842,"standard_error":218.40614313741807}}