{"mean":{"confidence_interval":{"confidence_level":0.95,"lower_bound":248924.21548122453,"upper_bound":250866.27491641667},"point_estimate":249737.46917294315,"standard_error":503.278267063615},"median":{"confidence_interval":{"confidence_level":0.95,"lower_bound":248802.80642097263,"upper_bound":249506.53226273146},"point_estimate":249287.76976495725,"standard_error":217.32230005082315},"median_abs_dev":{"confidence_interval":{"confidence_level":0.95,"lower_bound":1257.438789785374,"upper_bound":2239.4797709766117},"point_estimate":1811.9202229599055,"standard_error":248.21329321868944},"slope":{"confidence_interval":{"confidence_level":0.95,"lower_bound":248965.35744346434,"upper_bound":249856.22711291577},"point_estimate":249399.38448869513,"standard_error":227.710580080367},"std_dev":{"confidence_interval":{"confidence_level":0.95,"lower_bound":2011.585595965056,"upper_bound":8078.543917984458},"point_estimate":5064.640276703029,"standard_error":1901.8998978678708}}