{"mean":{"confidence_interval":{"confidence_level":0.95,"lower_bound":284637.3120937675,"upper_bound":285945.3949306425},"point_estimate":285239.0148463395,"standard_error":333.12850875779895},"median":{"confidence_interval":{"confidence_level":0.95,"lower_bound":284445.4423736331,"upper_bound":285151.3343930375},"point_estimate":284784.8447368421,"standard_error":200.2030521120912},"median_abs_dev":{"confidence_interval":{"confidence_level":0.95,"lower_bound":1407.7507858649585,"upper_bound":2377.845834684827},"point_estimate":1843.6501008042906,"standard_error":248.99897357307555},"slope":{"confidence_interval":{"confidence_level":0.95,"lower_bound":284971.3183900331,"upper_bound":285918.4246482973},"point_estimate":285432.1521471849,"standard_error":242.42679786790487},"std_dev":{"confidence_interval":{"confidence_level":0.95,"lower_bound":2008.7535444360694,"upper_bound":4825.740810539436},"point_estimate":3341.808024847414,"standard_error":800.6131879251793}}