{"mean":{"confidence_interval":{"confidence_level":0.95,"lower_bound":499179.50648000324,"upper_bound":500649.4568052683},"point_estimate":499887.5107915215,"standard_error":375.5276124650633},"median":{"confidence_interval":{"confidence_level":0.95,"lower_bound":499039.025,"upper_bound":500236.8164193729},"point_estimate":499801.2496240601,"standard_error":295.841038713496},"median_abs_dev":{"confidence_interval":{"confidence_level":0.95,"lower_bound":1791.8228648630263,"upper_bound":3237.6041230303053},"point_estimate":2488.2499796708958,"standard_error":377.6520836170491},"slope":{"confidence_interval":{"confidence_level":0.95,"lower_bound":499895.67997785675,"upper_bound":501099.8241564278},"point_estimate":500472.46378158714,"standard_error":306.9374180272033},"std_dev":{"confidence_interval":{"confidence_level":0.95,"lower_bound":2742.2977340823627,"upper_bound":4856.486043271781},"point_estimate":3775.169243606829,"standard_error":551.037751831152}}