{"mean":{"confidence_interval":{"confidence_level":0.95,"lower_bound":1351591.1904271857,"upper_bound":1361253.491062257},"point_estimate":1356323.6460890325,"standard_error":2469.841056913615},"median":{"confidence_interval":{"confidence_level":0.95,"lower_bound":1346769.75,"upper_bound":1354773.4},"point_estimate":1351126.153508772,"standard_error":2061.6034027180053},"median_abs_dev":{"confidence_interval":{"confidence_level":0.95,"lower_bound":14512.895648866383,"upper_bound":28802.68816166299},"point_estimate":21206.34540491856,"standard_error":3563.1237896884527},"slope":{"confidence_interval":{"confidence_level":0.95,"lower_bound":1347614.2510520404,"upper_bound":1359112.7166817808},"point_estimate":1353103.733137284,"standard_error":2939.690990460504},"std_dev":{"confidence_interval":{"confidence_level":0.95,"lower_bound":21026.729067796532,"upper_bound":27839.689906637395},"point_estimate":24768.36742853433,"standard_error":1733.2569862118028}}