{"mean":{"confidence_interval":{"confidence_level":0.95,"lower_bound":253452.15427630616,"upper_bound":255244.90724023854},"point_estimate":254335.57985339395,"standard_error":458.60052501950656},"median":{"confidence_interval":{"confidence_level":0.95,"lower_bound":252419.38043478262,"upper_bound":255036.81666666668},"point_estimate":253423.8344832251,"standard_error":627.2465501846608},"median_abs_dev":{"confidence_interval":{"confidence_level":0.95,"lower_bound":3138.1649056003275,"upper_bound":5084.6142941230555},"point_estimate":4167.993141110642,"standard_error":501.1137077518869},"slope":{"confidence_interval":{"confidence_level":0.95,"lower_bound":253015.56286173337,"upper_bound":254579.8103025456},"point_estimate":253782.99992537312,"standard_error":399.6049571086482},"std_dev":{"confidence_interval":{"confidence_level":0.95,"lower_bound":3881.2436528532917,"upper_bound":5282.417473804645},"point_estimate":4622.674698568248,"standard_error":358.7432833153649}}