{"mean":{"confidence_interval":{"confidence_level":0.95,"lower_bound":238271.70212247205,"upper_bound":239397.96811405045},"point_estimate":238820.73800082755,"standard_error":286.5258775936027},"median":{"confidence_interval":{"confidence_level":0.95,"lower_bound":237962.825,"upper_bound":238782.21698113208},"point_estimate":238290.58842879257,"standard_error":168.51903653285115},"median_abs_dev":{"confidence_interval":{"confidence_level":0.95,"lower_bound":1537.683102743629,"upper_bound":2752.1798936927084},"point_estimate":2154.3431531622127,"standard_error":323.3216904340897},"slope":{"confidence_interval":{"confidence_level":0.95,"lower_bound":238236.06758397384,"upper_bound":239266.03151999155},"point_estimate":238729.9471309295,"standard_error":263.6673551406339},"std_dev":{"confidence_interval":{"confidence_level":0.95,"lower_bound":2285.003906260041,"upper_bound":3414.648600604228},"point_estimate":2889.2790343425936,"standard_error":288.6793253008959}}