{"mean":{"confidence_interval":{"confidence_level":0.95,"lower_bound":4192449.451458333,"upper_bound":4199818.485812501},"point_estimate":4195818.907499999,"standard_error":1880.992054160226},"median":{"confidence_interval":{"confidence_level":0.95,"lower_bound":4189444.5,"upper_bound":4195497.5},"point_estimate":4191999.125,"standard_error":1351.6089034197937},"median_abs_dev":{"confidence_interval":{"confidence_level":0.95,"lower_bound":8696.375470608473,"upper_bound":14948.190684615645},"point_estimate":11071.253528445499,"standard_error":1572.0829691937117},"slope":null,"std_dev":{"confidence_interval":{"confidence_level":0.95,"lower_bound":11952.972473858394,"upper_bound":26837.00411229605},"point_estimate":18896.310116377048,"standard_error":4406.212394436895}}