{"mean":{"confidence_interval":{"confidence_level":0.95,"lower_bound":2590928.474375,"upper_bound":2613986.4839218752},"point_estimate":2601281.8875,"standard_error":5890.219239672263},"median":{"confidence_interval":{"confidence_level":0.95,"lower_bound":2581708.3125,"upper_bound":2604608.0625},"point_estimate":2595001.6875,"standard_error":5907.872032667207},"median_abs_dev":{"confidence_interval":{"confidence_level":0.95,"lower_bound":31271.369294822216,"upper_bound":48395.13374440838},"point_estimate":39985.90661510825,"standard_error":4375.3738452129755},"slope":null,"std_dev":{"confidence_interval":{"confidence_level":0.95,"lower_bound":34929.66763833373,"upper_bound":85395.9811124756},"point_estimate":58977.39652006689,"standard_error":14910.037201766814}}