{"mean":{"confidence_interval":{"confidence_level":0.95,"lower_bound":277095.57796921255,"upper_bound":278624.8306086549},"point_estimate":277860.4356713733,"standard_error":387.3865190127198},"median":{"confidence_interval":{"confidence_level":0.95,"lower_bound":277281.7806089744,"upper_bound":278002.3640979689},"point_estimate":277730.3954613095,"standard_error":179.60595230986613},"median_abs_dev":{"confidence_interval":{"confidence_level":0.95,"lower_bound":1307.5971867265548,"upper_bound":2496.53923054519},"point_estimate":1779.6502539636174,"standard_error":296.8918891382751},"slope":{"confidence_interval":{"confidence_level":0.95,"lower_bound":277931.2001250157,"upper_bound":278971.7142931874},"point_estimate":278428.2175011083,"standard_error":265.8389033483008},"std_dev":{"confidence_interval":{"confidence_level":0.95,"lower_bound":2397.4045009012766,"upper_bound":5254.151509523371},"point_estimate":3899.1347727631955,"standard_error":733.0382255724215}}