{"mean":{"confidence_interval":{"confidence_level":0.95,"lower_bound":246942.58844731518,"upper_bound":247650.38297878782},"point_estimate":247288.76617951825,"standard_error":180.2308585359695},"median":{"confidence_interval":{"confidence_level":0.95,"lower_bound":246789.8125,"upper_bound":247529.89178388746},"point_estimate":247143.02554615925,"standard_error":207.31303973498413},"median_abs_dev":{"confidence_interval":{"confidence_level":0.95,"lower_bound":1157.6329792355211,"upper_bound":1876.738994793834},"point_estimate":1453.6579855560342,"standard_error":184.02023405006986},"slope":{"confidence_interval":{"confidence_level":0.95,"lower_bound":246945.0251720557,"upper_bound":247651.01889192243},"point_estimate":247296.4049564061,"standard_error":180.80893366857444},"std_dev":{"confidence_interval":{"confidence_level":0.95,"lower_bound":1488.387864893602,"upper_bound":2112.0511800080844},"point_estimate":1810.9966537139169,"standard_error":159.0776465000839}}