{"mean":{"confidence_interval":{"confidence_level":0.95,"lower_bound":234448.90103013103,"upper_bound":235317.35978692462},"point_estimate":234861.39277595712,"standard_error":221.91658054763036},"median":{"confidence_interval":{"confidence_level":0.95,"lower_bound":234066.53851091143,"upper_bound":235065.75},"point_estimate":234481.22082539683,"standard_error":228.45346839099645},"median_abs_dev":{"confidence_interval":{"confidence_level":0.95,"lower_bound":1312.4699536929356,"upper_bound":2079.7147312190873},"point_estimate":1724.0383113887044,"standard_error":205.83626905785974},"slope":{"confidence_interval":{"confidence_level":0.95,"lower_bound":234297.5893323533,"upper_bound":235131.7970078173},"point_estimate":234699.34409516773,"standard_error":212.496309657491},"std_dev":{"confidence_interval":{"confidence_level":0.95,"lower_bound":1612.6841036376272,"upper_bound":2936.2290960045734},"point_estimate":2229.358987091236,"standard_error":357.1425572349178}}