{"mean":{"confidence_interval":{"confidence_level":0.95,"lower_bound":243392.6611398584,"upper_bound":244772.90160368677},"point_estimate":244058.95769722929,"standard_error":350.50461763211763},"median":{"confidence_interval":{"confidence_level":0.95,"lower_bound":242994.7,"upper_bound":244178.0},"point_estimate":243398.7343079922,"standard_error":266.12107673257793},"median_abs_dev":{"confidence_interval":{"confidence_level":0.95,"lower_bound":1793.1942027526811,"upper_bound":2937.46002434297},"point_estimate":2251.3682549635723,"standard_error":278.0728040852041},"slope":{"confidence_interval":{"confidence_level":0.95,"lower_bound":243807.03857476785,"upper_bound":245439.17054537416},"point_estimate":244609.59229909856,"standard_error":417.77888097225696},"std_dev":{"confidence_interval":{"confidence_level":0.95,"lower_bound":2579.3274499050135,"upper_bound":4433.281705323277},"point_estimate":3530.863486384995,"standard_error":475.03689075354663}}