{"mean":{"confidence_interval":{"confidence_level":0.95,"lower_bound":477645.8071510697,"upper_bound":479942.46491310437},"point_estimate":478759.0185617177,"standard_error":585.8920436695779},"median":{"confidence_interval":{"confidence_level":0.95,"lower_bound":477076.13333333336,"upper_bound":478685.9358175474},"point_estimate":477560.6828731343,"standard_error":412.08350530658583},"median_abs_dev":{"confidence_interval":{"confidence_level":0.95,"lower_bound":2676.378412037424,"upper_bound":4986.370714924594},"point_estimate":3883.830071432703,"standard_error":611.9420731231858},"slope":{"confidence_interval":{"confidence_level":0.95,"lower_bound":477986.0122506438,"upper_bound":480372.97228514444},"point_estimate":479130.2851426038,"standard_error":611.5761065483691},"std_dev":{"confidence_interval":{"confidence_level":0.95,"lower_bound":4205.95686453459,"upper_bound":7467.2147343594415},"point_estimate":5862.428276732198,"standard_error":839.3629044862723}}