{"mean":{"confidence_interval":{"confidence_level":0.95,"lower_bound":608556.7913080227,"upper_bound":614718.3008870617},"point_estimate":610843.024474116,"standard_error":1735.3138568145305},"median":{"confidence_interval":{"confidence_level":0.95,"lower_bound":607794.7181182796,"upper_bound":609521.9138486313},"point_estimate":608512.2966666666,"standard_error":474.242402786354},"median_abs_dev":{"confidence_interval":{"confidence_level":0.95,"lower_bound":2524.2163097317457,"upper_bound":4409.698077106885},"point_estimate":3478.0022440030525,"standard_error":506.9702457610964},"slope":{"confidence_interval":{"confidence_level":0.95,"lower_bound":608020.4463219425,"upper_bound":612313.7423846154},"point_estimate":609685.317570563,"standard_error":1119.8732623224294},"std_dev":{"confidence_interval":{"confidence_level":0.95,"lower_bound":3530.497799347294,"upper_bound":29379.840181821968},"point_estimate":17407.03291997885,"standard_error":9028.165984260373}}