{"mean":{"confidence_interval":{"confidence_level":0.95,"lower_bound":279466.6990864278,"upper_bound":280807.1729181156},"point_estimate":280112.1759815365,"standard_error":341.32785825642094},"median":{"confidence_interval":{"confidence_level":0.95,"lower_bound":279399.21877042484,"upper_bound":280435.10730286734},"point_estimate":279952.12291101465,"standard_error":260.3414357320314},"median_abs_dev":{"confidence_interval":{"confidence_level":0.95,"lower_bound":1703.7122738997243,"upper_bound":2768.3947289761813},"point_estimate":2310.616585692863,"standard_error":274.07213472101455},"slope":{"confidence_interval":{"confidence_level":0.95,"lower_bound":279690.79929089395,"upper_bound":280858.3449944821},"point_estimate":280210.1961297473,"standard_error":298.5596696427761},"std_dev":{"confidence_interval":{"confidence_level":0.95,"lower_bound":2364.998864749527,"upper_bound":4484.083044742518},"point_estimate":3433.1394946318183,"standard_error":548.9493648543717}}