{"mean":{"confidence_interval":{"confidence_level":0.95,"lower_bound":258585.59034366178,"upper_bound":260940.4545202236},"point_estimate":259650.1950231995,"standard_error":601.7445701694111},"median":{"confidence_interval":{"confidence_level":0.95,"lower_bound":257743.7318181818,"upper_bound":258888.51829268291},"point_estimate":258296.78041125543,"standard_error":312.21823571478484},"median_abs_dev":{"confidence_interval":{"confidence_level":0.95,"lower_bound":1563.8497439878927,"upper_bound":2827.6440219557367},"point_estimate":2093.7531116374666,"standard_error":330.8061750333617},"slope":{"confidence_interval":{"confidence_level":0.95,"lower_bound":258680.08731363426,"upper_bound":262698.9221283814},"point_estimate":260391.7471050687,"standard_error":1047.845622046772},"std_dev":{"confidence_interval":{"confidence_level":0.95,"lower_bound":3272.022777666214,"upper_bound":8403.874777320198},"point_estimate":6015.0556763084915,"standard_error":1320.7565618366957}}