{"mean":{"confidence_interval":{"confidence_level":0.95,"lower_bound":1345346.742732781,"upper_bound":1351154.4650629116},"point_estimate":1348038.0440669013,"standard_error":1484.0087327669523},"median":{"confidence_interval":{"confidence_level":0.95,"lower_bound":1345794.711111111,"upper_bound":1348398.0952380951},"point_estimate":1347469.8772475028,"standard_error":696.8298033256009},"median_abs_dev":{"confidence_interval":{"confidence_level":0.95,"lower_bound":5189.776252955657,"upper_bound":9681.98722243653},"point_estimate":7230.122755341548,"standard_error":1164.2384932166492},"slope":{"confidence_interval":{"confidence_level":0.95,"lower_bound":1348170.0414853583,"upper_bound":1353595.0926640441},"point_estimate":1350592.3808216343,"standard_error":1391.9293516423006},"std_dev":{"confidence_interval":{"confidence_level":0.95,"lower_bound":8956.937572204575,"upper_bound":20841.755912005116},"point_estimate":14903.216919127139,"standard_error":3157.4869489352873}}