{"mean":{"confidence_interval":{"confidence_level":0.95,"lower_bound":1360316.3283945662,"upper_bound":1362009.4292068784},"point_estimate":1361132.2204382482,"standard_error":433.5688343965598},"median":{"confidence_interval":{"confidence_level":0.95,"lower_bound":1359949.9791666667,"upper_bound":1361379.6688888888},"point_estimate":1360574.5747193187,"standard_error":364.6342927493115},"median_abs_dev":{"confidence_interval":{"confidence_level":0.95,"lower_bound":2204.35802452625,"upper_bound":3453.0875277758864},"point_estimate":2712.2611019975343,"standard_error":326.2924354294052},"slope":{"confidence_interval":{"confidence_level":0.95,"lower_bound":1359833.1463582956,"upper_bound":1361181.2359748979},"point_estimate":1360496.0978158712,"standard_error":343.657154964191},"std_dev":{"confidence_interval":{"confidence_level":0.95,"lower_bound":3156.9662243131725,"upper_bound":5542.135521548173},"point_estimate":4362.815975757127,"standard_error":616.0911480989377}}