{"mean":{"confidence_interval":{"confidence_level":0.95,"lower_bound":373207.6902833346,"upper_bound":401790.021851504},"point_estimate":386358.538074681,"standard_error":7315.06070895975},"median":{"confidence_interval":{"confidence_level":0.95,"lower_bound":365126.4111111111,"upper_bound":381938.1956521739},"point_estimate":375300.0429240862,"standard_error":4996.956877015613},"median_abs_dev":{"confidence_interval":{"confidence_level":0.95,"lower_bound":27134.166714105584,"upper_bound":51275.11742423494},"point_estimate":42629.9889771535,"standard_error":6549.789333903892},"slope":{"confidence_interval":{"confidence_level":0.95,"lower_bound":364627.3006265945,"upper_bound":377049.00962147914},"point_estimate":370584.11063691444,"standard_error":3156.3558194357197},"std_dev":{"confidence_interval":{"confidence_level":0.95,"lower_bound":44585.623036026875,"upper_bound":104179.26504109304},"point_estimate":73967.12795703478,"standard_error":16219.727805759556}}