{"mean":{"confidence_interval":{"confidence_level":0.95,"lower_bound":425503.13219531043,"upper_bound":427762.8304384013},"point_estimate":426662.91169429873,"standard_error":575.3975359997528},"median":{"confidence_interval":{"confidence_level":0.95,"lower_bound":425400.4492753623,"upper_bound":428015.5833333333},"point_estimate":427090.03500000003,"standard_error":665.8757117231919},"median_abs_dev":{"confidence_interval":{"confidence_level":0.95,"lower_bound":3657.74423693706,"upper_bound":5700.347990071129},"point_estimate":4710.2731953567245,"standard_error":513.876472741},"slope":{"confidence_interval":{"confidence_level":0.95,"lower_bound":426734.10265018087,"upper_bound":428418.71983052057},"point_estimate":427593.9780597015,"standard_error":430.79705494889504},"std_dev":{"confidence_interval":{"confidence_level":0.95,"lower_bound":4208.043352096473,"upper_bound":7512.564485026106},"point_estimate":5797.054009676966,"standard_error":871.5118628252283}}