{"mean":{"confidence_interval":{"confidence_level":0.95,"lower_bound":229537.89647229973,"upper_bound":230349.30153184402},"point_estimate":229946.91801359874,"standard_error":206.56711910188704},"median":{"confidence_interval":{"confidence_level":0.95,"lower_bound":229504.12936507937,"upper_bound":230404.41904761904},"point_estimate":229907.67370125663,"standard_error":223.49608303312914},"median_abs_dev":{"confidence_interval":{"confidence_level":0.95,"lower_bound":1470.8160565127648,"upper_bound":2483.6592703302035},"point_estimate":1951.193058565967,"standard_error":258.28053335479484},"slope":{"confidence_interval":{"confidence_level":0.95,"lower_bound":229915.4819032861,"upper_bound":230723.08156533082},"point_estimate":230318.36036412,"standard_error":205.74732143166543},"std_dev":{"confidence_interval":{"confidence_level":0.95,"lower_bound":1712.7880968908348,"upper_bound":2429.9355709255597},"point_estimate":2077.5989655264307,"standard_error":183.86312328392933}}