{"mean":{"confidence_interval":{"confidence_level":0.95,"lower_bound":232560.3367811123,"upper_bound":233883.37997581018},"point_estimate":233222.4386022736,"standard_error":337.12816135334543},"median":{"confidence_interval":{"confidence_level":0.95,"lower_bound":232664.19551020407,"upper_bound":233700.14855172415},"point_estimate":233229.0409090909,"standard_error":310.65600860927975},"median_abs_dev":{"confidence_interval":{"confidence_level":0.95,"lower_bound":1832.521937272151,"upper_bound":3329.579205446864},"point_estimate":2331.55289242481,"standard_error":406.5714526219181},"slope":{"confidence_interval":{"confidence_level":0.95,"lower_bound":233652.0009408029,"upper_bound":234842.0266377141},"point_estimate":234228.1086094281,"standard_error":303.32296231226087},"std_dev":{"confidence_interval":{"confidence_level":0.95,"lower_bound":2739.16366527801,"upper_bound":4004.7422353173015},"point_estimate":3389.6021376187223,"standard_error":323.8354015310444}}