{"mean":{"confidence_interval":{"confidence_level":0.95,"lower_bound":595577.8824131995,"upper_bound":597057.737588104},"point_estimate":596296.478816297,"standard_error":376.37211944148396},"median":{"confidence_interval":{"confidence_level":0.95,"lower_bound":595207.520010965,"upper_bound":596733.0345454545},"point_estimate":596021.0483635301,"standard_error":470.2995931495401},"median_abs_dev":{"confidence_interval":{"confidence_level":0.95,"lower_bound":2499.2540489195912,"upper_bound":4094.9338235498517},"point_estimate":3130.239036183906,"standard_error":409.3905677084187},"slope":{"confidence_interval":{"confidence_level":0.95,"lower_bound":595162.5348407136,"upper_bound":596638.7405735644},"point_estimate":595894.7778764593,"standard_error":377.51083958944594},"std_dev":{"confidence_interval":{"confidence_level":0.95,"lower_bound":2908.506628004905,"upper_bound":4738.179440378055},"point_estimate":3787.6152242113903,"standard_error":479.28132305704435}}