{"mean":{"confidence_interval":{"confidence_level":0.95,"lower_bound":940963.8749710066,"upper_bound":944694.1737576721},"point_estimate":942527.920461994,"standard_error":964.4208788045705},"median":{"confidence_interval":{"confidence_level":0.95,"lower_bound":940516.511569873,"upper_bound":942346.0},"point_estimate":941401.5812636166,"standard_error":480.39015640064986},"median_abs_dev":{"confidence_interval":{"confidence_level":0.95,"lower_bound":2738.201281537539,"upper_bound":4190.360725992424},"point_estimate":3689.5016560770205,"standard_error":364.7999489702722},"slope":{"confidence_interval":{"confidence_level":0.95,"lower_bound":940478.349562844,"upper_bound":941814.7461667417},"point_estimate":941127.8257026747,"standard_error":340.5263712734488},"std_dev":{"confidence_interval":{"confidence_level":0.95,"lower_bound":3575.0049324593074,"upper_bound":15414.304379204217},"point_estimate":9705.121978657948,"standard_error":3519.9080841206674}}