{"mean":{"confidence_interval":{"confidence_level":0.95,"lower_bound":378576.319668969,"upper_bound":380166.01075965},"point_estimate":379360.3677211361,"standard_error":405.65274918757274},"median":{"confidence_interval":{"confidence_level":0.95,"lower_bound":378189.0340277778,"upper_bound":380198.4010416667},"point_estimate":379235.6217672414,"standard_error":582.5470138206565},"median_abs_dev":{"confidence_interval":{"confidence_level":0.95,"lower_bound":2831.977264358149,"upper_bound":4361.717802998751},"point_estimate":3839.6908639439534,"standard_error":408.20562904520824},"slope":{"confidence_interval":{"confidence_level":0.95,"lower_bound":379422.7642698052,"upper_bound":380773.296320546},"point_estimate":380090.82565243094,"standard_error":344.1556736431464},"std_dev":{"confidence_interval":{"confidence_level":0.95,"lower_bound":3265.108828234416,"upper_bound":4951.724124023198},"point_estimate":4086.090556870345,"standard_error":437.6003150533644}}