{"mean":{"confidence_interval":{"confidence_level":0.95,"lower_bound":263391.2862654849,"upper_bound":265310.49445558083},"point_estimate":264297.5244518453,"standard_error":488.01652404559184},"median":{"confidence_interval":{"confidence_level":0.95,"lower_bound":262666.20454545453,"upper_bound":264372.3333333333},"point_estimate":263282.6928353659,"standard_error":428.1537157622526},"median_abs_dev":{"confidence_interval":{"confidence_level":0.95,"lower_bound":2159.974873762924,"upper_bound":3568.252149358397},"point_estimate":3059.3621962414272,"standard_error":378.3925797520513},"slope":{"confidence_interval":{"confidence_level":0.95,"lower_bound":264024.8840563307,"upper_bound":265285.15632766474},"point_estimate":264646.19282917096,"standard_error":320.5108271121201},"std_dev":{"confidence_interval":{"confidence_level":0.95,"lower_bound":3295.5612841709626,"upper_bound":6492.449054417766},"point_estimate":4917.294349058266,"standard_error":830.963054495556}}