{"mean":{"confidence_interval":{"confidence_level":0.95,"lower_bound":334999.75620744174,"upper_bound":337565.99763703515},"point_estimate":336175.01249986,"standard_error":656.99530369072},"median":{"confidence_interval":{"confidence_level":0.95,"lower_bound":334971.5606060606,"upper_bound":336303.2745098039},"point_estimate":335781.23982521845,"standard_error":389.86632470931175},"median_abs_dev":{"confidence_interval":{"confidence_level":0.95,"lower_bound":3157.3678873590197,"upper_bound":5196.426326969832},"point_estimate":4392.0251197532325,"standard_error":509.2292465511158},"slope":{"confidence_interval":{"confidence_level":0.95,"lower_bound":335269.4991037035,"upper_bound":336933.78677618847},"point_estimate":336134.5906566179,"standard_error":424.13769342244103},"std_dev":{"confidence_interval":{"confidence_level":0.95,"lower_bound":3664.5262896393065,"upper_bound":9316.80838647604},"point_estimate":6601.463425982705,"standard_error":1493.9514486057924}}