{"mean":{"confidence_interval":{"confidence_level":0.95,"lower_bound":447108.4109856881,"upper_bound":448534.816413988},"point_estimate":447829.9352546062,"standard_error":364.19460226663455},"median":{"confidence_interval":{"confidence_level":0.95,"lower_bound":447504.82331166486,"upper_bound":448409.7008856683},"point_estimate":448107.89117647056,"standard_error":238.3833940722741},"median_abs_dev":{"confidence_interval":{"confidence_level":0.95,"lower_bound":1875.964481052011,"upper_bound":3142.606117355281},"point_estimate":2479.506576276686,"standard_error":326.2048891687452},"slope":{"confidence_interval":{"confidence_level":0.95,"lower_bound":447672.64053146355,"upper_bound":448668.6148866},"point_estimate":448173.2594384513,"standard_error":254.1610199267241},"std_dev":{"confidence_interval":{"confidence_level":0.95,"lower_bound":2833.382037688146,"upper_bound":4415.681926003334},"point_estimate":3655.1048594278172,"standard_error":405.2690087172808}}