{"mean":{"confidence_interval":{"confidence_level":0.95,"lower_bound":252187.65141517538,"upper_bound":254668.1953513693},"point_estimate":253377.30940482847,"standard_error":632.9007843513809},"median":{"confidence_interval":{"confidence_level":0.95,"lower_bound":250902.41580927517,"upper_bound":252942.22887323942},"point_estimate":252112.14056849005,"standard_error":477.14159709326816},"median_abs_dev":{"confidence_interval":{"confidence_level":0.95,"lower_bound":3188.957822702203,"upper_bound":5537.387131066769},"point_estimate":4179.582125530213,"standard_error":587.5929151031501},"slope":{"confidence_interval":{"confidence_level":0.95,"lower_bound":250672.44372367172,"upper_bound":252803.4928018155},"point_estimate":251657.72551573813,"standard_error":544.1748590026676},"std_dev":{"confidence_interval":{"confidence_level":0.95,"lower_bound":4819.13780010806,"upper_bound":7759.355502229439},"point_estimate":6378.4892448603405,"standard_error":751.5216546971326}}