{"mean":{"confidence_interval":{"confidence_level":0.95,"lower_bound":271077.5499474156,"upper_bound":273086.2418863772},"point_estimate":272013.7213809889,"standard_error":514.663372258545},"median":{"confidence_interval":{"confidence_level":0.95,"lower_bound":270098.7564102564,"upper_bound":271947.0361842105},"point_estimate":270829.31783783785,"standard_error":395.22973207220167},"median_abs_dev":{"confidence_interval":{"confidence_level":0.95,"lower_bound":2321.7366575514293,"upper_bound":3932.835856265221},"point_estimate":2886.492077352486,"standard_error":422.3905718346596},"slope":{"confidence_interval":{"confidence_level":0.95,"lower_bound":270408.2385006307,"upper_bound":271615.9044237477},"point_estimate":270993.37627161224,"standard_error":308.51374729699654},"std_dev":{"confidence_interval":{"confidence_level":0.95,"lower_bound":3227.7724959434495,"upper_bound":6873.8762560960895},"point_estimate":5156.891622881966,"standard_error":939.5188209299652}}