{"mean":{"confidence_interval":{"confidence_level":0.95,"lower_bound":456063.9751511635,"upper_bound":458674.8878653688},"point_estimate":457275.744717457,"standard_error":667.1787234497016},"median":{"confidence_interval":{"confidence_level":0.95,"lower_bound":454849.00505050505,"upper_bound":456846.2054263566},"point_estimate":455698.15375886526,"standard_error":480.34586778380276},"median_abs_dev":{"confidence_interval":{"confidence_level":0.95,"lower_bound":2848.331633270437,"upper_bound":4771.2491813165},"point_estimate":3797.0252954829584,"standard_error":522.5551348443028},"slope":{"confidence_interval":{"confidence_level":0.95,"lower_bound":455297.9183372241,"upper_bound":459315.62894839724},"point_estimate":457019.13226639084,"standard_error":1040.4136736632684},"std_dev":{"confidence_interval":{"confidence_level":0.95,"lower_bound":4163.624220112206,"upper_bound":8972.71793258752},"point_estimate":6694.257088519055,"standard_error":1236.9341885814829}}