{"mean":{"confidence_interval":{"confidence_level":0.95,"lower_bound":425708.6368048686,"upper_bound":427053.75378807465},"point_estimate":426292.3827857793,"standard_error":346.0021416730821},"median":{"confidence_interval":{"confidence_level":0.95,"lower_bound":425457.1447368421,"upper_bound":426397.4858156028},"point_estimate":425969.8068393681,"standard_error":189.30979403811918},"median_abs_dev":{"confidence_interval":{"confidence_level":0.95,"lower_bound":1039.0478420009817,"upper_bound":1756.8799001964346},"point_estimate":1393.1404468290564,"standard_error":183.2014222028344},"slope":{"confidence_interval":{"confidence_level":0.95,"lower_bound":425830.28297438286,"upper_bound":426456.74273384706},"point_estimate":426132.8644352495,"standard_error":159.94554497244835},"std_dev":{"confidence_interval":{"confidence_level":0.95,"lower_bound":1569.1541395350282,"upper_bound":5393.43413887252},"point_estimate":3475.2842008738,"standard_error":1146.2890459388182}}