{"mean":{"confidence_interval":{"confidence_level":0.95,"lower_bound":271271.2496437931,"upper_bound":273359.0373771584},"point_estimate":272144.90729829343,"standard_error":542.3074093887888},"median":{"confidence_interval":{"confidence_level":0.95,"lower_bound":270769.900862069,"upper_bound":272268.2236111111},"point_estimate":271385.30860507244,"standard_error":378.00860275913186},"median_abs_dev":{"confidence_interval":{"confidence_level":0.95,"lower_bound":1567.7573141812861,"upper_bound":2541.665459648231},"point_estimate":1856.8979814519344,"standard_error":253.88180794002886},"slope":{"confidence_interval":{"confidence_level":0.95,"lower_bound":271403.03052200883,"upper_bound":272299.6082528742},"point_estimate":271838.8656938082,"standard_error":228.44664565847043},"std_dev":{"confidence_interval":{"confidence_level":0.95,"lower_bound":2169.285265635618,"upper_bound":8592.945497272944},"point_estimate":5427.638934359187,"standard_error":1985.5361635728277}}