{"mean":{"confidence_interval":{"confidence_level":0.95,"lower_bound":272717.1126471889,"upper_bound":273808.70163044095},"point_estimate":273225.479812487,"standard_error":278.3634111032623},"median":{"confidence_interval":{"confidence_level":0.95,"lower_bound":272578.15169817925,"upper_bound":273354.4830508475},"point_estimate":273072.03387423937,"standard_error":196.9338719420025},"median_abs_dev":{"confidence_interval":{"confidence_level":0.95,"lower_bound":1142.3841073628166,"upper_bound":1840.7253817047067},"point_estimate":1627.6490750807384,"standard_error":180.34769651582806},"slope":{"confidence_interval":{"confidence_level":0.95,"lower_bound":272622.39114028664,"upper_bound":275065.1438300613},"point_estimate":273715.61456849414,"standard_error":627.8602967200311},"std_dev":{"confidence_interval":{"confidence_level":0.95,"lower_bound":1649.6695990783205,"upper_bound":3805.225763206021},"point_estimate":2805.260450536745,"standard_error":548.9944704167477}}