{"mean":{"confidence_interval":{"confidence_level":0.95,"lower_bound":277731.0243605841,"upper_bound":278481.4023061161},"point_estimate":278115.1282525666,"standard_error":190.94263206239356},"median":{"confidence_interval":{"confidence_level":0.95,"lower_bound":277797.99162247754,"upper_bound":278533.90277777775},"point_estimate":278175.8151041666,"standard_error":199.83435109287842},"median_abs_dev":{"confidence_interval":{"confidence_level":0.95,"lower_bound":1159.7256396137425,"upper_bound":1986.0769987429092},"point_estimate":1530.7691622091183,"standard_error":215.73256968361173},"slope":{"confidence_interval":{"confidence_level":0.95,"lower_bound":278102.48028398777,"upper_bound":278959.80720298854},"point_estimate":278542.1319351263,"standard_error":219.2870369646087},"std_dev":{"confidence_interval":{"confidence_level":0.95,"lower_bound":1471.8672266861856,"upper_bound":2342.4854898156887},"point_estimate":1913.6804559148743,"standard_error":223.60722407140983}}