{"mean":{"confidence_interval":{"confidence_level":0.95,"lower_bound":780145.1432387616,"upper_bound":782497.953134748},"point_estimate":781291.8266050934,"standard_error":596.1714437603956},"median":{"confidence_interval":{"confidence_level":0.95,"lower_bound":780793.5853658536,"upper_bound":782673.1578947369},"point_estimate":781788.4172475106,"standard_error":423.6507143929402},"median_abs_dev":{"confidence_interval":{"confidence_level":0.95,"lower_bound":3179.049386236855,"upper_bound":5467.2078680598215},"point_estimate":4313.389135264087,"standard_error":615.0764717813893},"slope":{"confidence_interval":{"confidence_level":0.95,"lower_bound":781771.0091191392,"upper_bound":783102.0007470147},"point_estimate":782443.0932525492,"standard_error":339.52776351157837},"std_dev":{"confidence_interval":{"confidence_level":0.95,"lower_bound":4178.13243125028,"upper_bound":8000.257755332526},"point_estimate":6010.6544362426475,"standard_error":1015.9493792354458}}