{"mean":{"confidence_interval":{"confidence_level":0.95,"lower_bound":637253.4348362485,"upper_bound":642711.6867832467},"point_estimate":639692.0678145434,"standard_error":1401.3885993438935},"median":{"confidence_interval":{"confidence_level":0.95,"lower_bound":635189.870483683,"upper_bound":637876.9736842106},"point_estimate":636283.15625,"standard_error":773.1124314653852},"median_abs_dev":{"confidence_interval":{"confidence_level":0.95,"lower_bound":3682.8733314395936,"upper_bound":6664.461986641415},"point_estimate":4709.622115667775,"standard_error":778.6979507828033},"slope":{"confidence_interval":{"confidence_level":0.95,"lower_bound":636671.3288622643,"upper_bound":639820.6666660828},"point_estimate":638153.7654898773,"standard_error":806.2792794666249},"std_dev":{"confidence_interval":{"confidence_level":0.95,"lower_bound":6490.521746014243,"upper_bound":20191.38334416591},"point_estimate":14086.282714428527,"standard_error":3573.555063968306}}