{"mean":{"confidence_interval":{"confidence_level":0.95,"lower_bound":582131.726173778,"upper_bound":583759.7917008154},"point_estimate":582972.8089268082,"standard_error":414.0146167651382},"median":{"confidence_interval":{"confidence_level":0.95,"lower_bound":582034.6807228916,"upper_bound":584017.1117967854},"point_estimate":583180.2519379845,"standard_error":465.01367273555127},"median_abs_dev":{"confidence_interval":{"confidence_level":0.95,"lower_bound":3169.0040375446656,"upper_bound":4872.422300077461},"point_estimate":4106.555814775757,"standard_error":449.96402907261364},"slope":{"confidence_interval":{"confidence_level":0.95,"lower_bound":581898.7507518099,"upper_bound":583363.8062439085},"point_estimate":582605.0079060144,"standard_error":373.217671351469},"std_dev":{"confidence_interval":{"confidence_level":0.95,"lower_bound":3338.831525639562,"upper_bound":5050.420807888638},"point_estimate":4150.084481299091,"standard_error":447.4972525532609}}