{"mean":{"confidence_interval":{"confidence_level":0.95,"lower_bound":167186.46275818776,"upper_bound":168665.01216006125},"point_estimate":167911.19688612287,"standard_error":378.76703938313415},"median":{"confidence_interval":{"confidence_level":0.95,"lower_bound":166355.42797619046,"upper_bound":168002.93617021278},"point_estimate":166919.01379310346,"standard_error":415.6479524358954},"median_abs_dev":{"confidence_interval":{"confidence_level":0.95,"lower_bound":2141.5199777914086,"upper_bound":4469.215315918721},"point_estimate":3047.393178298432,"standard_error":586.2559516762732},"slope":{"confidence_interval":{"confidence_level":0.95,"lower_bound":167959.49143760907,"upper_bound":170027.0699209516},"point_estimate":168982.6944495345,"standard_error":528.2047893683784},"std_dev":{"confidence_interval":{"confidence_level":0.95,"lower_bound":3131.2058586517655,"upper_bound":4421.69521415844},"point_estimate":3791.106126964921,"standard_error":330.6163837885665}}