{"mean":{"confidence_interval":{"confidence_level":0.95,"lower_bound":1413937.9503155616,"upper_bound":1419355.0572264192},"point_estimate":1416547.6860835492,"standard_error":1384.3732771266816},"median":{"confidence_interval":{"confidence_level":0.95,"lower_bound":1412427.7294117648,"upper_bound":1416038.8208333333},"point_estimate":1414390.1097201768,"standard_error":1009.9869326349802},"median_abs_dev":{"confidence_interval":{"confidence_level":0.95,"lower_bound":6053.869113655011,"upper_bound":11491.575363306742},"point_estimate":8782.23954594204,"standard_error":1398.4593432562626},"slope":{"confidence_interval":{"confidence_level":0.95,"lower_bound":1415339.7877911143,"upper_bound":1423645.692808881},"point_estimate":1419054.0404078616,"standard_error":2136.6836570544815},"std_dev":{"confidence_interval":{"confidence_level":0.95,"lower_bound":10126.339729344965,"upper_bound":17684.727380357086},"point_estimate":13932.619354109429,"standard_error":1955.574616629427}}