{"mean":{"confidence_interval":{"confidence_level":0.95,"lower_bound":394252.9307326087,"upper_bound":396536.6233046352},"point_estimate":395283.0136825027,"standard_error":584.364286708254},"median":{"confidence_interval":{"confidence_level":0.95,"lower_bound":393408.8558201058,"upper_bound":394862.0512820513},"point_estimate":393842.3484794061,"standard_error":400.5716963928385},"median_abs_dev":{"confidence_interval":{"confidence_level":0.95,"lower_bound":1678.575333199307,"upper_bound":3190.1733039291457},"point_estimate":2435.725463146303,"standard_error":374.8024736027444},"slope":{"confidence_interval":{"confidence_level":0.95,"lower_bound":394419.43990511476,"upper_bound":397373.06236286974},"point_estimate":395689.4686379981,"standard_error":762.0238513092585},"std_dev":{"confidence_interval":{"confidence_level":0.95,"lower_bound":3037.3175796644896,"upper_bound":8273.928068839634},"point_estimate":5884.865694886987,"standard_error":1378.0280171074353}}