{"mean":{"confidence_interval":{"confidence_level":0.95,"lower_bound":461468.1517764428,"upper_bound":463165.5462932772},"point_estimate":462218.8550316261,"standard_error":437.3023468590171},"median":{"confidence_interval":{"confidence_level":0.95,"lower_bound":460627.9404761905,"upper_bound":462565.9963768116},"point_estimate":461419.547510589,"standard_error":493.070771520767},"median_abs_dev":{"confidence_interval":{"confidence_level":0.95,"lower_bound":2121.5481890565056,"upper_bound":3415.3111984019324},"point_estimate":3030.100841086025,"standard_error":315.159046516632},"slope":{"confidence_interval":{"confidence_level":0.95,"lower_bound":460954.981017808,"upper_bound":461854.4286997815},"point_estimate":461387.88090438896,"standard_error":230.18589389024407},"std_dev":{"confidence_interval":{"confidence_level":0.95,"lower_bound":2407.657143726254,"upper_bound":6562.677931666594},"point_estimate":4383.547408085349,"standard_error":1277.298930592907}}