{"mean":{"confidence_interval":{"confidence_level":0.95,"lower_bound":406559.3941923821,"upper_bound":410115.3299514899},"point_estimate":407967.8128466323,"standard_error":936.6336125401285},"median":{"confidence_interval":{"confidence_level":0.95,"lower_bound":405657.44444444444,"upper_bound":407473.8172876304},"point_estimate":406406.3523809524,"standard_error":536.2082059957314},"median_abs_dev":{"confidence_interval":{"confidence_level":0.95,"lower_bound":2441.1497627771428,"upper_bound":4253.941505324224},"point_estimate":3234.4847265426556,"standard_error":428.4849360007234},"slope":{"confidence_interval":{"confidence_level":0.95,"lower_bound":405520.90197301545,"upper_bound":407058.8934332772},"point_estimate":406245.9950298015,"standard_error":393.5144555506351},"std_dev":{"confidence_interval":{"confidence_level":0.95,"lower_bound":3097.1529749785345,"upper_bound":15344.660146801863},"point_estimate":9407.299751213151,"standard_error":3978.209484956573}}