{"mean":{"confidence_interval":{"confidence_level":0.95,"lower_bound":823654.9155536902,"upper_bound":826948.627915727},"point_estimate":825287.8677933654,"standard_error":832.3504763045931},"median":{"confidence_interval":{"confidence_level":0.95,"lower_bound":825253.606557377,"upper_bound":826871.6639969489},"point_estimate":825838.7758865248,"standard_error":437.67605045612},"median_abs_dev":{"confidence_interval":{"confidence_level":0.95,"lower_bound":3039.2269877096114,"upper_bound":4679.330816196459},"point_estimate":3649.4891966121227,"standard_error":432.09768384653654},"slope":{"confidence_interval":{"confidence_level":0.95,"lower_bound":825553.1455242147,"upper_bound":827073.0063316976},"point_estimate":826292.1984424413,"standard_error":387.43511845474313},"std_dev":{"confidence_interval":{"confidence_level":0.95,"lower_bound":5013.760775080607,"upper_bound":11440.130515712188},"point_estimate":8386.527603548106,"standard_error":1651.2635175660537}}