{"mean":{"confidence_interval":{"confidence_level":0.95,"lower_bound":252922.94210891597,"upper_bound":254023.15953279907},"point_estimate":253468.239968784,"standard_error":280.06851946264504},"median":{"confidence_interval":{"confidence_level":0.95,"lower_bound":252730.390734913,"upper_bound":253718.5},"point_estimate":253309.125,"standard_error":247.20246713864802},"median_abs_dev":{"confidence_interval":{"confidence_level":0.95,"lower_bound":1523.865790166087,"upper_bound":2509.394460884107},"point_estimate":1919.792718217621,"standard_error":251.59073869744984},"slope":{"confidence_interval":{"confidence_level":0.95,"lower_bound":252742.53295866164,"upper_bound":253622.15875079663},"point_estimate":253170.5431727501,"standard_error":224.34810149553093},"std_dev":{"confidence_interval":{"confidence_level":0.95,"lower_bound":2203.66431193205,"upper_bound":3374.324253334037},"point_estimate":2809.063611575346,"standard_error":298.80572945639346}}