{"mean":{"confidence_interval":{"confidence_level":0.95,"lower_bound":3401577.652583333,"upper_bound":3418439.9891833332},"point_estimate":3408565.055333333,"standard_error":4399.7125135963},"median":{"confidence_interval":{"confidence_level":0.95,"lower_bound":3398299.2,"upper_bound":3404838.0},"point_estimate":3400664.0666666664,"standard_error":1594.951563795956},"median_abs_dev":{"confidence_interval":{"confidence_level":0.95,"lower_bound":9143.24345767445,"upper_bound":15039.790652990618},"point_estimate":12449.342558979826,"standard_error":1492.094391168898},"slope":null,"std_dev":{"confidence_interval":{"confidence_level":0.95,"lower_bound":10915.417014560702,"upper_bound":69393.16647770912},"point_estimate":44033.87713061323,"standard_error":16015.41579830723}}