{"mean":{"confidence_interval":{"confidence_level":0.95,"lower_bound":267486.41002177744,"upper_bound":268474.8991616044},"point_estimate":267964.7951514655,"standard_error":252.29234899714314},"median":{"confidence_interval":{"confidence_level":0.95,"lower_bound":267105.0392857143,"upper_bound":268270.83144098683},"point_estimate":267659.8264957265,"standard_error":354.5499773707837},"median_abs_dev":{"confidence_interval":{"confidence_level":0.95,"lower_bound":1687.0143958773824,"upper_bound":2640.7609503698363},"point_estimate":2221.141925778002,"standard_error":249.44946918730187},"slope":{"confidence_interval":{"confidence_level":0.95,"lower_bound":267315.47923749685,"upper_bound":268357.9104835119},"point_estimate":267826.9398544407,"standard_error":265.5418138403349},"std_dev":{"confidence_interval":{"confidence_level":0.95,"lower_bound":2013.5705711509888,"upper_bound":3040.3437442270824},"point_estimate":2529.9050046908433,"standard_error":264.03660450539945}}