{"mean":{"confidence_interval":{"confidence_level":0.95,"lower_bound":272811.3959166777,"upper_bound":274336.0434067748},"point_estimate":273555.12924713915,"standard_error":388.9834996281409},"median":{"confidence_interval":{"confidence_level":0.95,"lower_bound":272051.03571428574,"upper_bound":274211.14044269046},"point_estimate":273051.8980921053,"standard_error":561.209062773871},"median_abs_dev":{"confidence_interval":{"confidence_level":0.95,"lower_bound":2569.457292577427,"upper_bound":3858.6046686108493},"point_estimate":3170.449249143069,"standard_error":325.8983726606706},"slope":{"confidence_interval":{"confidence_level":0.95,"lower_bound":272527.1228108646,"upper_bound":273637.86506967194},"point_estimate":273089.0721789567,"standard_error":282.8171722594679},"std_dev":{"confidence_interval":{"confidence_level":0.95,"lower_bound":3009.2611560879636,"upper_bound":4700.290765699714},"point_estimate":3898.7748439199427,"standard_error":433.7187711934164}}