{"mean":{"confidence_interval":{"confidence_level":0.95,"lower_bound":272817.18275074614,"upper_bound":273575.4639617821},"point_estimate":273196.1134690472,"standard_error":193.64150736528316},"median":{"confidence_interval":{"confidence_level":0.95,"lower_bound":272888.1484929078,"upper_bound":273530.1707175926},"point_estimate":273307.8739370748,"standard_error":178.50205719881617},"median_abs_dev":{"confidence_interval":{"confidence_level":0.95,"lower_bound":1011.7156320384324,"upper_bound":1857.6643465919024},"point_estimate":1348.6227016515627,"standard_error":215.43618369915006},"slope":{"confidence_interval":{"confidence_level":0.95,"lower_bound":273144.7954831398,"upper_bound":273725.9261033459},"point_estimate":273433.58727648883,"standard_error":148.07708314248808},"std_dev":{"confidence_interval":{"confidence_level":0.95,"lower_bound":1558.7887990201325,"upper_bound":2297.8995003170885},"point_estimate":1941.8365742390597,"standard_error":189.6232866652609}}