{"mean":{"confidence_interval":{"confidence_level":0.95,"lower_bound":279041.5911826342,"upper_bound":279987.4635869687},"point_estimate":279510.78749590326,"standard_error":241.67061054414603},"median":{"confidence_interval":{"confidence_level":0.95,"lower_bound":278638.84338235296,"upper_bound":279751.49239864864},"point_estimate":279131.98300438595,"standard_error":286.6789215912346},"median_abs_dev":{"confidence_interval":{"confidence_level":0.95,"lower_bound":1676.112735222533,"upper_bound":2726.0141403903763},"point_estimate":2344.743966356916,"standard_error":264.56110129782286},"slope":{"confidence_interval":{"confidence_level":0.95,"lower_bound":278801.04975917796,"upper_bound":279723.1761965025},"point_estimate":279248.5238599084,"standard_error":234.68567102316655},"std_dev":{"confidence_interval":{"confidence_level":0.95,"lower_bound":2036.1129134580137,"upper_bound":2803.6881651638305},"point_estimate":2434.8538601326713,"standard_error":195.041866368465}}