{"mean":{"confidence_interval":{"confidence_level":0.95,"lower_bound":257108.82418004324,"upper_bound":258268.3235738732},"point_estimate":257682.81267800526,"standard_error":295.5598234087844},"median":{"confidence_interval":{"confidence_level":0.95,"lower_bound":256860.67045454547,"upper_bound":258127.58771929826},"point_estimate":257203.15443615257,"standard_error":348.08148525519084},"median_abs_dev":{"confidence_interval":{"confidence_level":0.95,"lower_bound":2378.6740740077676,"upper_bound":3701.00732046321},"point_estimate":3034.586416512524,"standard_error":339.3367722843024},"slope":{"confidence_interval":{"confidence_level":0.95,"lower_bound":256555.4519124402,"upper_bound":257744.26624356952},"point_estimate":257144.4665996749,"standard_error":303.5102598576375},"std_dev":{"confidence_interval":{"confidence_level":0.95,"lower_bound":2506.8685150008173,"upper_bound":3379.143563787294},"point_estimate":2967.1827851434246,"standard_error":223.55202870298243}}