{"mean":{"confidence_interval":{"confidence_level":0.95,"lower_bound":226301.32625863526,"upper_bound":227142.50653664622},"point_estimate":226699.2119214097,"standard_error":214.87086503827246},"median":{"confidence_interval":{"confidence_level":0.95,"lower_bound":226274.7457918051,"upper_bound":226765.12850678735},"point_estimate":226533.6207142857,"standard_error":139.58564951062846},"median_abs_dev":{"confidence_interval":{"confidence_level":0.95,"lower_bound":1024.9126406277207,"upper_bound":1657.0024445823308},"point_estimate":1322.762564916277,"standard_error":159.20834933194098},"slope":{"confidence_interval":{"confidence_level":0.95,"lower_bound":225996.18563128202,"upper_bound":226584.46116978794},"point_estimate":226281.54234668243,"standard_error":149.72961331429195},"std_dev":{"confidence_interval":{"confidence_level":0.95,"lower_bound":1451.996747070231,"upper_bound":2946.1254772119446},"point_estimate":2158.341441952338,"standard_error":404.7486735438506}}