{"mean":{"confidence_interval":{"confidence_level":0.95,"lower_bound":255735.7227226225,"upper_bound":257233.726874782},"point_estimate":256400.36555598312,"standard_error":383.6253236652318},"median":{"confidence_interval":{"confidence_level":0.95,"lower_bound":255092.405,"upper_bound":256195.22916666666},"point_estimate":255698.04499103542,"standard_error":282.4213803378437},"median_abs_dev":{"confidence_interval":{"confidence_level":0.95,"lower_bound":1589.5459749617407,"upper_bound":2538.791020557115},"point_estimate":2010.7554934875657,"standard_error":236.44449225775656},"slope":{"confidence_interval":{"confidence_level":0.95,"lower_bound":255076.97317058314,"upper_bound":256197.7612371323},"point_estimate":255609.22218782327,"standard_error":286.364791411435},"std_dev":{"confidence_interval":{"confidence_level":0.95,"lower_bound":2144.796646447672,"upper_bound":5679.468224619035},"point_estimate":3846.347936336357,"standard_error":1060.7085851283546}}