{"mean":{"confidence_interval":{"confidence_level":0.95,"lower_bound":0.028277802278213922,"upper_bound":0.03551213513952986},"point_estimate":0.03187770285547131,"standard_error":0.0018412618425706709},"median":{"confidence_interval":{"confidence_level":0.95,"lower_bound":0.031181265689973488,"upper_bound":0.038153293981533},"point_estimate":0.03395299333905366,"standard_error":0.001832070755755502}}