{"mean":{"confidence_interval":{"confidence_level":0.95,"lower_bound":0.04875832766180341,"upper_bound":0.05895646697962388},"point_estimate":0.05393385753786584,"standard_error":0.0025862643782939222},"median":{"confidence_interval":{"confidence_level":0.95,"lower_bound":0.052451650345229694,"upper_bound":0.06052979513499035},"point_estimate":0.055239110633467314,"standard_error":0.002070074033130002}}