{"mean":{"confidence_interval":{"confidence_level":0.95,"lower_bound":0.04107458702763727,"upper_bound":0.05403681834558278},"point_estimate":0.04740423650558001,"standard_error":0.0033818886577005303},"median":{"confidence_interval":{"confidence_level":0.95,"lower_bound":0.0397950274013238,"upper_bound":0.04597562159340707},"point_estimate":0.0433341780342662,"standard_error":0.0016364172921379664}}