{"mean":{"confidence_interval":{"confidence_level":0.95,"lower_bound":5118294.17675,"upper_bound":5124207.1220625},"point_estimate":5121216.24125,"standard_error":1507.744263241426},"median":{"confidence_interval":{"confidence_level":0.95,"lower_bound":5116739.5,"upper_bound":5124441.125},"point_estimate":5121361.875,"standard_error":2059.6805301894083},"median_abs_dev":{"confidence_interval":{"confidence_level":0.95,"lower_bound":11824.75407756865,"upper_bound":18621.270344406366},"point_estimate":15750.215495377779,"standard_error":1736.0753441134332},"slope":null,"std_dev":{"confidence_interval":{"confidence_level":0.95,"lower_bound":12794.015816432448,"upper_bound":17360.422785305844},"point_estimate":15130.743209225624,"standard_error":1168.2950336465644}}