{"mean":{"confidence_interval":{"confidence_level":0.95,"lower_bound":358775.9328449929,"upper_bound":360223.66694603657},"point_estimate":359461.74989166966,"standard_error":370.4629514037342},"median":{"confidence_interval":{"confidence_level":0.95,"lower_bound":358477.39722222224,"upper_bound":359170.6388888889},"point_estimate":358938.22560386476,"standard_error":168.29337418039978},"median_abs_dev":{"confidence_interval":{"confidence_level":0.95,"lower_bound":1352.8215851492953,"upper_bound":2515.495413493212},"point_estimate":2119.581029126198,"standard_error":303.80673439695937},"slope":{"confidence_interval":{"confidence_level":0.95,"lower_bound":358323.8133935421,"upper_bound":359460.79257621267},"point_estimate":358846.75768090243,"standard_error":288.8955898034319},"std_dev":{"confidence_interval":{"confidence_level":0.95,"lower_bound":2430.2232873334983,"upper_bound":4804.434428544814},"point_estimate":3708.282300104248,"standard_error":608.840681684412}}