{"mean":{"confidence_interval":{"confidence_level":0.95,"lower_bound":292023.360908675,"upper_bound":294429.2554741325},"point_estimate":293239.4367563963,"standard_error":610.2050905556804},"median":{"confidence_interval":{"confidence_level":0.95,"lower_bound":292728.09621993126,"upper_bound":295880.9559748428},"point_estimate":294641.47192028986,"standard_error":743.8592483878865},"median_abs_dev":{"confidence_interval":{"confidence_level":0.95,"lower_bound":3200.450092614951,"upper_bound":5988.995849408858},"point_estimate":4620.69174701407,"standard_error":695.3293344449579},"slope":{"confidence_interval":{"confidence_level":0.95,"lower_bound":291568.8051197199,"upper_bound":294303.6998766889},"point_estimate":292999.54511304863,"standard_error":696.8175885340763},"std_dev":{"confidence_interval":{"confidence_level":0.95,"lower_bound":4992.084955895939,"upper_bound":7194.8264615414255},"point_estimate":6139.871645876458,"standard_error":563.1033985286638}}