{"mean":{"confidence_interval":{"confidence_level":0.95,"lower_bound":503231.818460401,"upper_bound":504917.8664862842},"point_estimate":504071.605499077,"standard_error":429.576039516578},"median":{"confidence_interval":{"confidence_level":0.95,"lower_bound":502372.36418529204,"upper_bound":505068.5740740741},"point_estimate":504107.17037815123,"standard_error":796.4870573672935},"median_abs_dev":{"confidence_interval":{"confidence_level":0.95,"lower_bound":3491.2635214523693,"upper_bound":5226.895515377165},"point_estimate":4284.890465522664,"standard_error":445.2883631699508},"slope":{"confidence_interval":{"confidence_level":0.95,"lower_bound":502548.586298381,"upper_bound":504680.93381474953},"point_estimate":503574.464711098,"standard_error":543.575088931738},"std_dev":{"confidence_interval":{"confidence_level":0.95,"lower_bound":3718.8213171263155,"upper_bound":4904.584809951644},"point_estimate":4336.442275484735,"standard_error":303.5316241889536}}