{"mean":{"confidence_interval":{"confidence_level":0.95,"lower_bound":508283.550473239,"upper_bound":509637.7814848428},"point_estimate":508934.4400767577,"standard_error":343.61579746603996},"median":{"confidence_interval":{"confidence_level":0.95,"lower_bound":507766.5263157895,"upper_bound":508622.3947368421},"point_estimate":508259.5207147375,"standard_error":225.43541649342987},"median_abs_dev":{"confidence_interval":{"confidence_level":0.95,"lower_bound":1498.5927463402581,"upper_bound":3027.0477525091637},"point_estimate":2180.5914463117906,"standard_error":386.20774260145333},"slope":{"confidence_interval":{"confidence_level":0.95,"lower_bound":507846.3885649034,"upper_bound":509166.32501305424},"point_estimate":508465.0856346978,"standard_error":336.9066588470186},"std_dev":{"confidence_interval":{"confidence_level":0.95,"lower_bound":2612.064375463379,"upper_bound":4308.785846235236},"point_estimate":3447.7263882210323,"standard_error":439.78627061091595}}