{"mean":{"confidence_interval":{"confidence_level":0.95,"lower_bound":270613.32321017626,"upper_bound":272405.62824067235},"point_estimate":271437.09898785915,"standard_error":456.85884525979196},"median":{"confidence_interval":{"confidence_level":0.95,"lower_bound":270009.1296296296,"upper_bound":271681.6052631579},"point_estimate":270706.1751373626,"standard_error":392.98198752643447},"median_abs_dev":{"confidence_interval":{"confidence_level":0.95,"lower_bound":2122.9853060217447,"upper_bound":3328.784211982058},"point_estimate":2534.2540729678053,"standard_error":298.3628652384653},"slope":{"confidence_interval":{"confidence_level":0.95,"lower_bound":270193.8607434417,"upper_bound":271253.1925906237},"point_estimate":270715.1638894636,"standard_error":269.91643561649875},"std_dev":{"confidence_interval":{"confidence_level":0.95,"lower_bound":2783.9153105175706,"upper_bound":6424.667835968323},"point_estimate":4571.440688037321,"standard_error":982.2533017165217}}