{"mean":{"confidence_interval":{"confidence_level":0.95,"lower_bound":266959.6255564359,"upper_bound":268887.99962702504},"point_estimate":267891.62042827334,"standard_error":493.4583437564061},"median":{"confidence_interval":{"confidence_level":0.95,"lower_bound":266198.26666666666,"upper_bound":267928.38157894736},"point_estimate":267083.21166666667,"standard_error":460.0021521836386},"median_abs_dev":{"confidence_interval":{"confidence_level":0.95,"lower_bound":2949.9465733678135,"upper_bound":4658.672425319916},"point_estimate":3755.637364424626,"standard_error":422.2956324573223},"slope":{"confidence_interval":{"confidence_level":0.95,"lower_bound":267100.05194858025,"upper_bound":270148.11479616666},"point_estimate":268543.8936522831,"standard_error":777.3933467092597},"std_dev":{"confidence_interval":{"confidence_level":0.95,"lower_bound":3886.1470140259075,"upper_bound":5922.267541146661},"point_estimate":4965.650124651399,"standard_error":519.1331330179031}}