{"mean":{"confidence_interval":{"confidence_level":0.95,"lower_bound":234195.9993082764,"upper_bound":236391.89683853177},"point_estimate":235240.25905463367,"standard_error":559.2693677760508},"median":{"confidence_interval":{"confidence_level":0.95,"lower_bound":233492.88771929825,"upper_bound":234599.9393939394},"point_estimate":233881.75022624433,"standard_error":224.54692310592313},"median_abs_dev":{"confidence_interval":{"confidence_level":0.95,"lower_bound":1798.3865341806254,"upper_bound":3142.5796270540404},"point_estimate":2601.8972375061758,"standard_error":347.9174445847623},"slope":{"confidence_interval":{"confidence_level":0.95,"lower_bound":234983.6482462064,"upper_bound":237834.2812883043},"point_estimate":236268.95256154868,"standard_error":731.394855835805},"std_dev":{"confidence_interval":{"confidence_level":0.95,"lower_bound":4041.0631767766727,"upper_bound":6950.028860370867},"point_estimate":5623.5419296095515,"standard_error":741.5754659218321}}