{"mean":{"confidence_interval":{"confidence_level":0.95,"lower_bound":236027.1107538594,"upper_bound":237026.45759110982},"point_estimate":236495.16918487372,"standard_error":254.6070011802586},"median":{"confidence_interval":{"confidence_level":0.95,"lower_bound":235934.2984375,"upper_bound":236966.36913043476},"point_estimate":236642.85895833332,"standard_error":335.3912896102721},"median_abs_dev":{"confidence_interval":{"confidence_level":0.95,"lower_bound":1377.237776078315,"upper_bound":2193.546037828816},"point_estimate":1783.5210938917326,"standard_error":203.6562552826052},"slope":{"confidence_interval":{"confidence_level":0.95,"lower_bound":235934.45765707488,"upper_bound":236687.76794717892},"point_estimate":236320.1971254618,"standard_error":192.41129288196365},"std_dev":{"confidence_interval":{"confidence_level":0.95,"lower_bound":1711.4124682262204,"upper_bound":3535.6762445493214},"point_estimate":2555.2807646251213,"standard_error":522.0159132667685}}