{"mean":{"confidence_interval":{"confidence_level":0.95,"lower_bound":289421.763985295,"upper_bound":294042.00324122375},"point_estimate":291700.0557314748,"standard_error":1177.700458220575},"median":{"confidence_interval":{"confidence_level":0.95,"lower_bound":289043.4234839235,"upper_bound":293479.5056818182},"point_estimate":291894.67321428575,"standard_error":1266.198492913763},"median_abs_dev":{"confidence_interval":{"confidence_level":0.95,"lower_bound":8760.51155810618,"upper_bound":14812.495656307545},"point_estimate":11671.053511979086,"standard_error":1535.1148474299239},"slope":{"confidence_interval":{"confidence_level":0.95,"lower_bound":285996.19779099536,"upper_bound":290723.4529764656},"point_estimate":288331.9734594355,"standard_error":1205.7452704869647},"std_dev":{"confidence_interval":{"confidence_level":0.95,"lower_bound":9871.040009454315,"upper_bound":13847.938068494906},"point_estimate":11865.984940652625,"standard_error":1022.6114527282306}}