{"mean":{"confidence_interval":{"confidence_level":0.95,"lower_bound":246128.62189811195,"upper_bound":247155.37779453426},"point_estimate":246611.3567241035,"standard_error":263.0517275263276},"median":{"confidence_interval":{"confidence_level":0.95,"lower_bound":245644.84254032257,"upper_bound":246589.5217948718},"point_estimate":246092.62120060791,"standard_error":227.8531412843637},"median_abs_dev":{"confidence_interval":{"confidence_level":0.95,"lower_bound":1272.5060456743565,"upper_bound":1998.2203326653446},"point_estimate":1634.6355849597392,"standard_error":183.27171826273928},"slope":{"confidence_interval":{"confidence_level":0.95,"lower_bound":245930.3929775686,"upper_bound":246685.03747024547},"point_estimate":246307.96381040342,"standard_error":192.92009340013453},"std_dev":{"confidence_interval":{"confidence_level":0.95,"lower_bound":1724.8954340040264,"upper_bound":3512.9172695556554},"point_estimate":2645.2535574958447,"standard_error":462.75917177094715}}