{"mean":{"confidence_interval":{"confidence_level":0.95,"lower_bound":234415.06633720556,"upper_bound":235351.84370314467},"point_estimate":234876.77580539885,"standard_error":237.68259995974825},"median":{"confidence_interval":{"confidence_level":0.95,"lower_bound":234396.24123376622,"upper_bound":235070.46304347826},"point_estimate":234823.0776344086,"standard_error":169.00722935162622},"median_abs_dev":{"confidence_interval":{"confidence_level":0.95,"lower_bound":1250.7891193750922,"upper_bound":2252.6868452696826},"point_estimate":1752.624988805635,"standard_error":248.82726796424876},"slope":{"confidence_interval":{"confidence_level":0.95,"lower_bound":234909.6871963959,"upper_bound":235616.60459994437},"point_estimate":235264.12800472885,"standard_error":180.27056369652587},"std_dev":{"confidence_interval":{"confidence_level":0.95,"lower_bound":1710.543223681294,"upper_bound":3053.2237438883867},"point_estimate":2388.991717725867,"standard_error":346.00784852943264}}