{"mean":{"confidence_interval":{"confidence_level":0.95,"lower_bound":549003.1497740855,"upper_bound":550920.6433735564},"point_estimate":549938.4409353796,"standard_error":489.1831458501683},"median":{"confidence_interval":{"confidence_level":0.95,"lower_bound":548645.1052631579,"upper_bound":550370.8125},"point_estimate":549389.9627403846,"standard_error":445.12183053514923},"median_abs_dev":{"confidence_interval":{"confidence_level":0.95,"lower_bound":2719.187519059238,"upper_bound":5011.649752692186},"point_estimate":3560.5750317871743,"standard_error":581.6135369618997},"slope":{"confidence_interval":{"confidence_level":0.95,"lower_bound":548743.3181032146,"upper_bound":550389.9126473736},"point_estimate":549561.3191606324,"standard_error":421.39047058532},"std_dev":{"confidence_interval":{"confidence_level":0.95,"lower_bound":3953.0361588539304,"upper_bound":5787.253382588865},"point_estimate":4908.972050443363,"standard_error":469.3090693736276}}