{"mean":{"confidence_interval":{"confidence_level":0.95,"lower_bound":584983.3296739227,"upper_bound":586902.0912152512},"point_estimate":585936.5543221816,"standard_error":490.18314323227105},"median":{"confidence_interval":{"confidence_level":0.95,"lower_bound":584554.417763158,"upper_bound":586490.7617354196},"point_estimate":585707.8324074075,"standard_error":482.00939153286384},"median_abs_dev":{"confidence_interval":{"confidence_level":0.95,"lower_bound":3148.5803026302124,"upper_bound":5486.000441650438},"point_estimate":4214.570046724893,"standard_error":591.7798550059811},"slope":{"confidence_interval":{"confidence_level":0.95,"lower_bound":584794.2737193588,"upper_bound":586748.49265088},"point_estimate":585760.1606265701,"standard_error":499.95547048432894},"std_dev":{"confidence_interval":{"confidence_level":0.95,"lower_bound":4090.5950058811077,"upper_bound":5727.501189095352},"point_estimate":4930.689689671375,"standard_error":418.4856558749919}}