{"mean":{"confidence_interval":{"confidence_level":0.95,"lower_bound":578573.8093681878,"upper_bound":580027.5656124704},"point_estimate":579318.0692512129,"standard_error":370.2982914241088},"median":{"confidence_interval":{"confidence_level":0.95,"lower_bound":578817.221056721,"upper_bound":580131.8648989899},"point_estimate":579356.1670911149,"standard_error":367.7520871109036},"median_abs_dev":{"confidence_interval":{"confidence_level":0.95,"lower_bound":1959.4743536333826,"upper_bound":3280.1791737419367},"point_estimate":2688.1356453315825,"standard_error":341.3483310379186},"slope":{"confidence_interval":{"confidence_level":0.95,"lower_bound":579102.8516842684,"upper_bound":580234.8055136647},"point_estimate":579659.0397384366,"standard_error":289.463392894095},"std_dev":{"confidence_interval":{"confidence_level":0.95,"lower_bound":2667.969133033895,"upper_bound":4754.903822742098},"point_estimate":3712.8190790793233,"standard_error":538.9064873984723}}