{"mean":{"confidence_interval":{"confidence_level":0.95,"lower_bound":263325.78922389494,"upper_bound":264621.85035555024},"point_estimate":263934.11647006776,"standard_error":330.9744542538415},"median":{"confidence_interval":{"confidence_level":0.95,"lower_bound":262965.34751990205,"upper_bound":264001.37044063566},"point_estimate":263399.25,"standard_error":274.05025856436896},"median_abs_dev":{"confidence_interval":{"confidence_level":0.95,"lower_bound":1585.0923952632397,"upper_bound":2584.4786263840897},"point_estimate":1941.1732640372998,"standard_error":262.1797384284182},"slope":{"confidence_interval":{"confidence_level":0.95,"lower_bound":262946.33942055784,"upper_bound":264033.2862979737},"point_estimate":263466.3675927294,"standard_error":277.17983813062625},"std_dev":{"confidence_interval":{"confidence_level":0.95,"lower_bound":2219.255953125008,"upper_bound":4501.499397255028},"point_estimate":3329.1426407064664,"standard_error":607.5992203610417}}