{"mean":{"confidence_interval":{"confidence_level":0.95,"lower_bound":459501.7360625864,"upper_bound":462576.50543874875},"point_estimate":460895.6961767367,"standard_error":787.7614667902734},"median":{"confidence_interval":{"confidence_level":0.95,"lower_bound":458896.0443376069,"upper_bound":461185.9674796748},"point_estimate":460458.424456664,"standard_error":506.2369895521358},"median_abs_dev":{"confidence_interval":{"confidence_level":0.95,"lower_bound":3723.3100339167772,"upper_bound":6110.933025459841},"point_estimate":4657.080520373956,"standard_error":569.7705686094952},"slope":{"confidence_interval":{"confidence_level":0.95,"lower_bound":459110.6198091953,"upper_bound":461031.0249286843},"point_estimate":460061.9605782966,"standard_error":487.250168004533},"std_dev":{"confidence_interval":{"confidence_level":0.95,"lower_bound":4616.779111359419,"upper_bound":11439.157997369093},"point_estimate":7899.452521903958,"standard_error":1953.55163882719}}