{"mean":{"confidence_interval":{"confidence_level":0.95,"lower_bound":427630.43028408504,"upper_bound":429455.75225240405},"point_estimate":428501.88634225214,"standard_error":466.2420268842939},"median":{"confidence_interval":{"confidence_level":0.95,"lower_bound":427327.4031986532,"upper_bound":428828.9898989899},"point_estimate":427964.23694871203,"standard_error":408.5991086475213},"median_abs_dev":{"confidence_interval":{"confidence_level":0.95,"lower_bound":2105.3831447827165,"upper_bound":4051.371565176679},"point_estimate":3261.062250598352,"standard_error":490.6454776582308},"slope":{"confidence_interval":{"confidence_level":0.95,"lower_bound":427644.846127849,"upper_bound":429063.29226838046},"point_estimate":428338.34766464704,"standard_error":361.87823811317736},"std_dev":{"confidence_interval":{"confidence_level":0.95,"lower_bound":3275.471742673949,"upper_bound":6060.726862093784},"point_estimate":4697.367368865558,"standard_error":723.433693340968}}