{"mean":{"confidence_interval":{"confidence_level":0.95,"lower_bound":447953.62348182156,"upper_bound":450105.29336371913},"point_estimate":448994.22826634365,"standard_error":548.4414754891227},"median":{"confidence_interval":{"confidence_level":0.95,"lower_bound":447509.7750475354,"upper_bound":449725.5445367204},"point_estimate":448430.9483054483,"standard_error":558.2106002599877},"median_abs_dev":{"confidence_interval":{"confidence_level":0.95,"lower_bound":3027.9231595619694,"upper_bound":5210.286444535974},"point_estimate":3690.1230785442335,"standard_error":586.4469903873356},"slope":{"confidence_interval":{"confidence_level":0.95,"lower_bound":448256.5051085003,"upper_bound":450548.67739083257},"point_estimate":449384.69473720505,"standard_error":584.9033778446754},"std_dev":{"confidence_interval":{"confidence_level":0.95,"lower_bound":4055.13470482558,"upper_bound":7209.269809056173},"point_estimate":5522.142636791352,"standard_error":851.6725534750578}}