{"mean":{"confidence_interval":{"confidence_level":0.95,"lower_bound":276852.8431211179,"upper_bound":277958.79427984793},"point_estimate":277374.48552201164,"standard_error":282.7884180426954},"median":{"confidence_interval":{"confidence_level":0.95,"lower_bound":276674.7534246575,"upper_bound":277527.28571428574},"point_estimate":277247.12008101854,"standard_error":234.34659333341702},"median_abs_dev":{"confidence_interval":{"confidence_level":0.95,"lower_bound":1448.0915089066434,"upper_bound":2417.2122782125343},"point_estimate":1977.2342477157288,"standard_error":253.41238202292337},"slope":{"confidence_interval":{"confidence_level":0.95,"lower_bound":276881.2834847966,"upper_bound":277618.1600233032},"point_estimate":277244.63739027636,"standard_error":188.36126690786006},"std_dev":{"confidence_interval":{"confidence_level":0.95,"lower_bound":1925.7715729559534,"upper_bound":3694.570087117795},"point_estimate":2847.875453254984,"standard_error":453.60969006320164}}