{"mean":{"confidence_interval":{"confidence_level":0.95,"lower_bound":272867.84124766913,"upper_bound":273790.1397589961},"point_estimate":273327.8534260304,"standard_error":234.93125858196726},"median":{"confidence_interval":{"confidence_level":0.95,"lower_bound":272628.5404032258,"upper_bound":273381.4354310345},"point_estimate":272801.0024801587,"standard_error":187.7143236905753},"median_abs_dev":{"confidence_interval":{"confidence_level":0.95,"lower_bound":1231.0956242975003,"upper_bound":2844.5202517200773},"point_estimate":2039.1065994838546,"standard_error":434.6232177187818},"slope":{"confidence_interval":{"confidence_level":0.95,"lower_bound":273067.38905030006,"upper_bound":274112.7483890977},"point_estimate":273595.7061881188,"standard_error":266.6687586904759},"std_dev":{"confidence_interval":{"confidence_level":0.95,"lower_bound":1963.2694380829728,"upper_bound":2723.5766965908156},"point_estimate":2355.802943835508,"standard_error":194.11984870485634}}