{"mean":{"confidence_interval":{"confidence_level":0.95,"lower_bound":332804.3231180146,"upper_bound":334359.8767432737},"point_estimate":333555.5919669126,"standard_error":397.7054599436549},"median":{"confidence_interval":{"confidence_level":0.95,"lower_bound":331738.95238095237,"upper_bound":333823.3777777778},"point_estimate":332705.1092948718,"standard_error":560.7477042115984},"median_abs_dev":{"confidence_interval":{"confidence_level":0.95,"lower_bound":2622.551946802947,"upper_bound":4419.464664066199},"point_estimate":3373.858214432523,"standard_error":445.5165381962962},"slope":{"confidence_interval":{"confidence_level":0.95,"lower_bound":331447.474530523,"upper_bound":332847.462638355},"point_estimate":332118.3934121472,"standard_error":358.5014942627766},"std_dev":{"confidence_interval":{"confidence_level":0.95,"lower_bound":3214.282035872264,"upper_bound":4700.541859055818},"point_estimate":3991.187645228881,"standard_error":380.7228384579154}}