{"mean":{"confidence_interval":{"confidence_level":0.95,"lower_bound":2231590.990717391,"upper_bound":2271808.824695652},"point_estimate":2247631.2399999998,"standard_error":10545.962354245485},"median":{"confidence_interval":{"confidence_level":0.95,"lower_bound":2219443.3913043477,"upper_bound":2244962.4782608696},"point_estimate":2234065.6086956523,"standard_error":5676.813526495443},"median_abs_dev":{"confidence_interval":{"confidence_level":0.95,"lower_bound":30526.797918910732,"upper_bound":48887.12261034131},"point_estimate":42071.09484439353,"standard_error":4795.814581911583},"slope":null,"std_dev":{"confidence_interval":{"confidence_level":0.95,"lower_bound":37373.359270106186,"upper_bound":172380.85528796597},"point_estimate":106062.39045167752,"standard_error":44774.21556367091}}