{"mean":{"confidence_interval":{"confidence_level":0.95,"lower_bound":2012414.5859200007,"upper_bound":2027398.1521100004},"point_estimate":2019760.7851999996,"standard_error":3811.7902002663523},"median":{"confidence_interval":{"confidence_level":0.95,"lower_bound":2007791.32,"upper_bound":2027820.2},"point_estimate":2017450.0,"standard_error":5728.550062392616},"median_abs_dev":{"confidence_interval":{"confidence_level":0.95,"lower_bound":29246.360120773523,"upper_bound":43714.5195279122},"point_estimate":38677.05994534485,"standard_error":3735.4589198297886},"slope":null,"std_dev":{"confidence_interval":{"confidence_level":0.95,"lower_bound":31282.43922013204,"upper_bound":45029.2632164451},"point_estimate":38243.48342151055,"standard_error":3529.97907454636}}