{"mean":{"confidence_interval":{"confidence_level":0.95,"lower_bound":573889.0865988666,"upper_bound":578346.5220178984},"point_estimate":576007.6321301919,"standard_error":1139.4630030077715},"median":{"confidence_interval":{"confidence_level":0.95,"lower_bound":571806.9117647059,"upper_bound":575197.375},"point_estimate":573443.4553595658,"standard_error":812.4448451248078},"median_abs_dev":{"confidence_interval":{"confidence_level":0.95,"lower_bound":5074.006781346987,"upper_bound":9923.059193603245},"point_estimate":7072.1656681176955,"standard_error":1243.100120724711},"slope":{"confidence_interval":{"confidence_level":0.95,"lower_bound":574145.2725974013,"upper_bound":580121.5344447911},"point_estimate":576887.5552268361,"standard_error":1529.0680737681243},"std_dev":{"confidence_interval":{"confidence_level":0.95,"lower_bound":8095.2067095712055,"upper_bound":14867.171138825974},"point_estimate":11490.99189524001,"standard_error":1764.8460555681913}}