{"mean":{"confidence_interval":{"confidence_level":0.95,"lower_bound":2690794.409484375,"upper_bound":2693746.258921875},"point_estimate":2692262.87875,"standard_error":751.6698248007511},"median":{"confidence_interval":{"confidence_level":0.95,"lower_bound":2690506.0,"upper_bound":2694090.875},"point_estimate":2691857.6875,"standard_error":881.9920143596931},"median_abs_dev":{"confidence_interval":{"confidence_level":0.95,"lower_bound":5904.732382670045,"upper_bound":9285.060322657228},"point_estimate":7123.105242289603,"standard_error":880.7853263131001},"slope":null,"std_dev":{"confidence_interval":{"confidence_level":0.95,"lower_bound":6370.615311796578,"upper_bound":8774.728918545576},"point_estimate":7579.794790600549,"standard_error":617.120367222666}}