{"mean":{"confidence_interval":{"confidence_level":0.95,"lower_bound":2682169.5357968747,"upper_bound":2684153.1799375},"point_estimate":2683136.908125,"standard_error":506.60911908048195},"median":{"confidence_interval":{"confidence_level":0.95,"lower_bound":2680876.0,"upper_bound":2683781.9375},"point_estimate":2682671.03125,"standard_error":733.8316583362833},"median_abs_dev":{"confidence_interval":{"confidence_level":0.95,"lower_bound":3286.3218354061246,"upper_bound":5449.157209508121},"point_estimate":4409.159659221768,"standard_error":556.4592971271023},"slope":null,"std_dev":{"confidence_interval":{"confidence_level":0.95,"lower_bound":4083.453171956202,"upper_bound":6048.905853252812},"point_estimate":5090.505484661294,"standard_error":504.1181087293237}}