{"mean":{"confidence_interval":{"confidence_level":0.95,"lower_bound":3880760.7580227256,"upper_bound":3891492.201704547},"point_estimate":3885466.3009090894,"standard_error":2761.8086929726464},"median":{"confidence_interval":{"confidence_level":0.95,"lower_bound":3877121.909090909,"upper_bound":3884443.6363636362},"point_estimate":3880587.090909091,"standard_error":1845.2373510969367},"median_abs_dev":{"confidence_interval":{"confidence_level":0.95,"lower_bound":11393.106888640948,"upper_bound":18496.64770798275},"point_estimate":15502.80662477051,"standard_error":1882.1664311521533},"slope":null,"std_dev":{"confidence_interval":{"confidence_level":0.95,"lower_bound":14408.420532651267,"upper_bound":42016.63548586827},"point_estimate":27860.537864686703,"standard_error":8393.264575907118}}