{"mean":{"confidence_interval":{"confidence_level":0.95,"lower_bound":2721462.361390625,"upper_bound":2729117.222984375},"point_estimate":2724977.73,"standard_error":1960.949251266418},"median":{"confidence_interval":{"confidence_level":0.95,"lower_bound":2717701.75,"upper_bound":2723899.0625},"point_estimate":2721125.4375,"standard_error":1566.028085293217},"median_abs_dev":{"confidence_interval":{"confidence_level":0.95,"lower_bound":9112.754406966269,"upper_bound":15062.798751331866},"point_estimate":12083.282447978854,"standard_error":1495.626037642431},"slope":null,"std_dev":{"confidence_interval":{"confidence_level":0.95,"lower_bound":12014.69369388587,"upper_bound":27659.042583659924},"point_estimate":19677.660979269036,"standard_error":4287.133404292774}}