{"mean":{"confidence_interval":{"confidence_level":0.95,"lower_bound":906388.205497172,"upper_bound":914123.290966835},"point_estimate":910006.1086507835,"standard_error":1978.5736854864613},"median":{"confidence_interval":{"confidence_level":0.95,"lower_bound":904177.2637362637,"upper_bound":908120.9524410774},"point_estimate":906874.9524066092,"standard_error":1081.3544026908837},"median_abs_dev":{"confidence_interval":{"confidence_level":0.95,"lower_bound":6948.1013465536425,"upper_bound":13121.55530073278},"point_estimate":9480.51667874605,"standard_error":1549.23977863926},"slope":{"confidence_interval":{"confidence_level":0.95,"lower_bound":903652.5581980214,"upper_bound":909529.7579141234},"point_estimate":906444.5039544851,"standard_error":1492.599277828132},"std_dev":{"confidence_interval":{"confidence_level":0.95,"lower_bound":12297.819093223192,"upper_bound":26417.90615444932},"point_estimate":19864.73990656492,"standard_error":3594.9082865885575}}