{"mean":{"confidence_interval":{"confidence_level":0.95,"lower_bound":893241.8917638409,"upper_bound":898096.7658737863},"point_estimate":895642.3645341147,"standard_error":1239.8829618859738},"median":{"confidence_interval":{"confidence_level":0.95,"lower_bound":891664.7014925373,"upper_bound":896870.7407407408},"point_estimate":894190.9041666667,"standard_error":1552.4295102813219},"median_abs_dev":{"confidence_interval":{"confidence_level":0.95,"lower_bound":7070.0910614126215,"upper_bound":12010.83121333309},"point_estimate":9030.019546928714,"standard_error":1260.5403374126201},"slope":{"confidence_interval":{"confidence_level":0.95,"lower_bound":892134.0071688971,"upper_bound":897082.3485124225},"point_estimate":894467.2003487513,"standard_error":1265.6546262130746},"std_dev":{"confidence_interval":{"confidence_level":0.95,"lower_bound":9776.236392195258,"upper_bound":14984.83983204343},"point_estimate":12472.283049603579,"standard_error":1326.0721124703762}}