{"mean":{"confidence_interval":{"confidence_level":0.95,"lower_bound":2130949.545656251,"upper_bound":2147607.6100208336},"point_estimate":2137906.5537500004,"standard_error":4313.31388679457},"median":{"confidence_interval":{"confidence_level":0.95,"lower_bound":2129008.9583333335,"upper_bound":2131429.875},"point_estimate":2130175.4583333335,"standard_error":658.7143933043772},"median_abs_dev":{"confidence_interval":{"confidence_level":0.95,"lower_bound":4282.242923974531,"upper_bound":7169.8843602093375},"point_estimate":6007.958405837417,"standard_error":752.1781392059405},"slope":null,"std_dev":{"confidence_interval":{"confidence_level":0.95,"lower_bound":9949.649217060934,"upper_bound":68828.4752784396},"point_estimate":43523.03637836557,"standard_error":15752.5591422564}}