{"mean":{"confidence_interval":{"confidence_level":0.95,"lower_bound":237410.65473411314,"upper_bound":239646.40704929995},"point_estimate":238378.72749774225,"standard_error":575.1827083218111},"median":{"confidence_interval":{"confidence_level":0.95,"lower_bound":236883.78994652408,"upper_bound":238082.72903225807},"point_estimate":237682.66620029457,"standard_error":380.69184792875353},"median_abs_dev":{"confidence_interval":{"confidence_level":0.95,"lower_bound":1947.499116988619,"upper_bound":3362.857011719804},"point_estimate":3010.9238288983574,"standard_error":427.9271601778449},"slope":{"confidence_interval":{"confidence_level":0.95,"lower_bound":236932.0988236273,"upper_bound":240089.6325713837},"point_estimate":238159.1126555342,"standard_error":835.5452554470747},"std_dev":{"confidence_interval":{"confidence_level":0.95,"lower_bound":2499.670026168531,"upper_bound":8914.281777066824},"point_estimate":5788.701547996017,"standard_error":1804.1975623248693}}