{"mean":{"confidence_interval":{"confidence_level":0.95,"lower_bound":238158.04421198688,"upper_bound":239146.54458154502},"point_estimate":238628.7145018703,"standard_error":252.76073592584214},"median":{"confidence_interval":{"confidence_level":0.95,"lower_bound":238037.38591549295,"upper_bound":238733.88590909092},"point_estimate":238312.6532114393,"standard_error":172.13005658944735},"median_abs_dev":{"confidence_interval":{"confidence_level":0.95,"lower_bound":1260.9991541310185,"upper_bound":2093.070209169712},"point_estimate":1716.504841288775,"standard_error":213.13039931310362},"slope":{"confidence_interval":{"confidence_level":0.95,"lower_bound":238201.4035225077,"upper_bound":239045.97314638976},"point_estimate":238604.68992049652,"standard_error":214.97470474922298},"std_dev":{"confidence_interval":{"confidence_level":0.95,"lower_bound":1764.774994044716,"upper_bound":3373.640177780381},"point_estimate":2544.601337898239,"standard_error":425.9423490511106}}