{"mean":{"confidence_interval":{"confidence_level":0.95,"lower_bound":246065.70095187958,"upper_bound":247732.90530609328},"point_estimate":246771.47288540658,"standard_error":432.08013634097676},"median":{"confidence_interval":{"confidence_level":0.95,"lower_bound":245671.4058695652,"upper_bound":246596.76315789475},"point_estimate":246110.9048973363,"standard_error":244.1611333231629},"median_abs_dev":{"confidence_interval":{"confidence_level":0.95,"lower_bound":1341.0885815894617,"upper_bound":2616.2128345311685},"point_estimate":1861.685249219812,"standard_error":337.6367651186851},"slope":{"confidence_interval":{"confidence_level":0.95,"lower_bound":246269.2189234234,"upper_bound":247153.112897388},"point_estimate":246709.12734963794,"standard_error":226.50523864094222},"std_dev":{"confidence_interval":{"confidence_level":0.95,"lower_bound":1943.5130179411594,"upper_bound":6822.461429766971},"point_estimate":4343.496373808476,"standard_error":1558.9717956398827}}