{"mean":{"confidence_interval":{"confidence_level":0.95,"lower_bound":238964.90214339257,"upper_bound":240477.50982526198},"point_estimate":239660.06993314237,"standard_error":386.8424187892756},"median":{"confidence_interval":{"confidence_level":0.95,"lower_bound":238393.0,"upper_bound":239322.68902439025},"point_estimate":238812.82932692306,"standard_error":209.72046046376335},"median_abs_dev":{"confidence_interval":{"confidence_level":0.95,"lower_bound":1533.0092601126078,"upper_bound":2498.920685084439},"point_estimate":2006.537409112116,"standard_error":250.48543664781002},"slope":{"confidence_interval":{"confidence_level":0.95,"lower_bound":238679.59280671785,"upper_bound":239678.6525909547},"point_estimate":239172.7817947392,"standard_error":255.6835613886994},"std_dev":{"confidence_interval":{"confidence_level":0.95,"lower_bound":2280.533099377067,"upper_bound":5303.647329018185},"point_estimate":3892.7382374041194,"standard_error":778.6075558290722}}