{"mean":{"confidence_interval":{"confidence_level":0.95,"lower_bound":208797.00145354998,"upper_bound":209789.35913979835},"point_estimate":209245.01514733414,"standard_error":253.5168191540294},"median":{"confidence_interval":{"confidence_level":0.95,"lower_bound":208492.3722222222,"upper_bound":209226.3126924454},"point_estimate":208834.09182692308,"standard_error":192.9483127868213},"median_abs_dev":{"confidence_interval":{"confidence_level":0.95,"lower_bound":1077.4686723456807,"upper_bound":1945.3117727597157},"point_estimate":1599.3519577047957,"standard_error":229.16383232366013},"slope":{"confidence_interval":{"confidence_level":0.95,"lower_bound":208846.92462472492,"upper_bound":209807.23538609216},"point_estimate":209288.8136308556,"standard_error":245.04664678414753},"std_dev":{"confidence_interval":{"confidence_level":0.95,"lower_bound":1462.752296620379,"upper_bound":3746.3887956520875},"point_estimate":2543.841269815161,"standard_error":678.0027462663841}}