{"mean":{"confidence_interval":{"confidence_level":0.95,"lower_bound":624692.2479746592,"upper_bound":628807.980481539},"point_estimate":626508.9502589318,"standard_error":1060.5444518364109},"median":{"confidence_interval":{"confidence_level":0.95,"lower_bound":623454.6666666666,"upper_bound":626021.5769230769},"point_estimate":624505.3720238095,"standard_error":566.7762761710035},"median_abs_dev":{"confidence_interval":{"confidence_level":0.95,"lower_bound":3651.28495938069,"upper_bound":5669.56409053939},"point_estimate":4780.727028192273,"standard_error":503.36682259831355},"slope":{"confidence_interval":{"confidence_level":0.95,"lower_bound":624050.2292237027,"upper_bound":628429.5695721722},"point_estimate":625851.5504078617,"standard_error":1139.2053139967284},"std_dev":{"confidence_interval":{"confidence_level":0.95,"lower_bound":4710.831147767092,"upper_bound":15894.206380187223},"point_estimate":10651.926292676253,"standard_error":3018.2041989878467}}