{"mean":{"confidence_interval":{"confidence_level":0.95,"lower_bound":238775.1954834391,"upper_bound":240048.65152095273},"point_estimate":239355.47209535397,"standard_error":325.78626727449347},"median":{"confidence_interval":{"confidence_level":0.95,"lower_bound":238394.25356443948,"upper_bound":239066.892},"point_estimate":238728.26,"standard_error":183.79037907946173},"median_abs_dev":{"confidence_interval":{"confidence_level":0.95,"lower_bound":993.2315825863917,"upper_bound":1747.617935133016},"point_estimate":1390.8844157377443,"standard_error":188.6206184945476},"slope":{"confidence_interval":{"confidence_level":0.95,"lower_bound":238684.39611984976,"upper_bound":240912.63464551032},"point_estimate":239510.35582857986,"standard_error":615.0740046376574},"std_dev":{"confidence_interval":{"confidence_level":0.95,"lower_bound":1760.3917803962252,"upper_bound":4626.3221980257},"point_estimate":3276.74733016148,"standard_error":744.8433762540399}}