{"mean":{"confidence_interval":{"confidence_level":0.95,"lower_bound":164855.76383644415,"upper_bound":167927.25282351187},"point_estimate":166285.92320169,"standard_error":783.7439592608056},"median":{"confidence_interval":{"confidence_level":0.95,"lower_bound":163430.16666666666,"upper_bound":165372.38657407407},"point_estimate":164055.0390070922,"standard_error":554.6393551141202},"median_abs_dev":{"confidence_interval":{"confidence_level":0.95,"lower_bound":3201.097608510043,"upper_bound":6257.241245774584},"point_estimate":4505.175456245205,"standard_error":784.6479870744658},"slope":{"confidence_interval":{"confidence_level":0.95,"lower_bound":166046.80008590934,"upper_bound":170570.34875764267},"point_estimate":168187.59750357125,"standard_error":1153.9731143675374},"std_dev":{"confidence_interval":{"confidence_level":0.95,"lower_bound":5252.03936886572,"upper_bound":10492.477160950619},"point_estimate":7854.282683460427,"standard_error":1376.3141000355745}}