{"mean":{"confidence_interval":{"confidence_level":0.95,"lower_bound":-0.02970886051473429,"upper_bound":-0.01861631181356549},"point_estimate":-0.02453696807093053,"standard_error":0.0028832030479735587},"median":{"confidence_interval":{"confidence_level":0.95,"lower_bound":-0.029387498594368178,"upper_bound":-0.024690997077283727},"point_estimate":-0.027636021608215433,"standard_error":0.0012249740469833365}}