{"mean":{"confidence_interval":{"confidence_level":0.95,"lower_bound":93362267.5075,"upper_bound":98634989.77875},"point_estimate":95949320.01,"standard_error":1350844.2607712692},"median":{"confidence_interval":{"confidence_level":0.95,"lower_bound":91082460.0,"upper_bound":100586436.0},"point_estimate":96509779.0,"standard_error":2220672.204044367},"median_abs_dev":{"confidence_interval":{"confidence_level":0.95,"lower_bound":9312134.822076559,"upper_bound":14738851.027733088},"point_estimate":11951597.177016735,"standard_error":1364946.0149398497},"slope":null,"std_dev":{"confidence_interval":{"confidence_level":0.95,"lower_bound":11154655.159639535,"upper_bound":15782880.973907292},"point_estimate":13556734.820925862,"standard_error":1181263.5690475637}}