{"mean":{"confidence_interval":{"confidence_level":0.95,"lower_bound":695562.9717355614,"upper_bound":699146.9598342114},"point_estimate":697174.6278792799,"standard_error":920.578928097399},"median":{"confidence_interval":{"confidence_level":0.95,"lower_bound":694670.6397991544,"upper_bound":696605.3679245283},"point_estimate":695670.04,"standard_error":489.87083331741894},"median_abs_dev":{"confidence_interval":{"confidence_level":0.95,"lower_bound":3285.7922300988394,"upper_bound":5652.141766321085},"point_estimate":4547.834418963412,"standard_error":601.7576378625682},"slope":{"confidence_interval":{"confidence_level":0.95,"lower_bound":693476.2137390375,"upper_bound":696620.7585433753},"point_estimate":694913.5121604847,"standard_error":800.9079285214414},"std_dev":{"confidence_interval":{"confidence_level":0.95,"lower_bound":4681.417342838956,"upper_bound":13515.670910152105},"point_estimate":9255.924163571952,"standard_error":2342.079607974418}}