{"mean":{"confidence_interval":{"confidence_level":0.95,"lower_bound":284651.537328694,"upper_bound":286065.22836704686},"point_estimate":285344.56411887525,"standard_error":360.79805955789595},"median":{"confidence_interval":{"confidence_level":0.95,"lower_bound":284068.2100456621,"upper_bound":285102.55319148937},"point_estimate":284689.6474550574,"standard_error":263.37762954291304},"median_abs_dev":{"confidence_interval":{"confidence_level":0.95,"lower_bound":2211.8443590705047,"upper_bound":3651.925466604753},"point_estimate":2993.3881508951995,"standard_error":366.4935319606724},"slope":{"confidence_interval":{"confidence_level":0.95,"lower_bound":284847.15982785524,"upper_bound":286292.1592059187},"point_estimate":285549.8304231319,"standard_error":368.51380128834313},"std_dev":{"confidence_interval":{"confidence_level":0.95,"lower_bound":2955.2009166288776,"upper_bound":4167.760342400766},"point_estimate":3610.47973902002,"standard_error":309.66231486340143}}