{"mean":{"confidence_interval":{"confidence_level":0.95,"lower_bound":482314.6129353607,"upper_bound":484096.484548662},"point_estimate":483212.39482610516,"standard_error":453.6763395392528},"median":{"confidence_interval":{"confidence_level":0.95,"lower_bound":482335.0797839506,"upper_bound":483963.66341191647},"point_estimate":483271.2380952381,"standard_error":469.53756058969043},"median_abs_dev":{"confidence_interval":{"confidence_level":0.95,"lower_bound":2589.5032088886355,"upper_bound":4045.8879085540552},"point_estimate":3171.8822223643033,"standard_error":376.5786224403557},"slope":{"confidence_interval":{"confidence_level":0.95,"lower_bound":482849.86181048525,"upper_bound":484457.00729935744},"point_estimate":483642.1305512044,"standard_error":408.96559827740555},"std_dev":{"confidence_interval":{"confidence_level":0.95,"lower_bound":3548.883152803993,"upper_bound":5616.669777600372},"point_estimate":4569.392254933219,"standard_error":532.8195011658856}}