{"mean":{"confidence_interval":{"confidence_level":0.95,"lower_bound":3525380.7754833326,"upper_bound":3542527.973216667},"point_estimate":3533698.194000001,"standard_error":4369.409636112113},"median":{"confidence_interval":{"confidence_level":0.95,"lower_bound":3519138.6666666665,"upper_bound":3534831.2},"point_estimate":3526916.666666667,"standard_error":3497.0102460426533},"median_abs_dev":{"confidence_interval":{"confidence_level":0.95,"lower_bound":25549.843026399565,"upper_bound":46572.31993317549},"point_estimate":37323.91071736808,"standard_error":5333.593525624452},"slope":null,"std_dev":{"confidence_interval":{"confidence_level":0.95,"lower_bound":34578.405461201015,"upper_bound":53740.16570486753},"point_estimate":43953.55918204644,"standard_error":4947.006002524906}}