{"mean":{"confidence_interval":{"confidence_level":0.95,"lower_bound":3402689.768300001,"upper_bound":3440089.429183334},"point_estimate":3420979.268000001,"standard_error":9533.386272709093},"median":{"confidence_interval":{"confidence_level":0.95,"lower_bound":3384130.666666667,"upper_bound":3431735.5666666664},"point_estimate":3407837.033333333,"standard_error":12855.162788059864},"median_abs_dev":{"confidence_interval":{"confidence_level":0.95,"lower_bound":66125.68852603447,"upper_bound":109758.65517139462},"point_estimate":82449.60843622684,"standard_error":11104.19112254742},"slope":null,"std_dev":{"confidence_interval":{"confidence_level":0.95,"lower_bound":81056.84017362907,"upper_bound":108633.26225635996},"point_estimate":95832.11829082684,"standard_error":7043.90245209}}