{"mean":{"confidence_interval":{"confidence_level":0.95,"lower_bound":3116395.017140625,"upper_bound":3132421.931625},"point_estimate":3124006.25,"standard_error":4088.0988865229583},"median":{"confidence_interval":{"confidence_level":0.95,"lower_bound":3111157.8125,"upper_bound":3126526.0625},"point_estimate":3115794.59375,"standard_error":4088.9054112104195},"median_abs_dev":{"confidence_interval":{"confidence_level":0.95,"lower_bound":24314.59323707968,"upper_bound":39824.488542973995},"point_estimate":32816.51645489037,"standard_error":3913.9177047385015},"slope":null,"std_dev":{"confidence_interval":{"confidence_level":0.95,"lower_bound":29663.393492965333,"upper_bound":53171.29752625631},"point_estimate":41116.67740701554,"standard_error":6165.348668875065}}