{"mean":{"confidence_interval":{"confidence_level":0.95,"lower_bound":639186.5572982596,"upper_bound":642089.9671731873},"point_estimate":640639.6281673625,"standard_error":742.0986614472293},"median":{"confidence_interval":{"confidence_level":0.95,"lower_bound":639829.2476547842,"upper_bound":642673.1987179487},"point_estimate":641363.7186456119,"standard_error":675.8000874381917},"median_abs_dev":{"confidence_interval":{"confidence_level":0.95,"lower_bound":4902.994066020877,"upper_bound":8280.618941878469},"point_estimate":6599.782964177882,"standard_error":867.5068391419653},"slope":{"confidence_interval":{"confidence_level":0.95,"lower_bound":638167.9504159625,"upper_bound":641532.6344007453},"point_estimate":639871.7935732229,"standard_error":857.9246427468249},"std_dev":{"confidence_interval":{"confidence_level":0.95,"lower_bound":6186.530965369875,"upper_bound":8603.54138107114},"point_estimate":7446.798714159592,"standard_error":618.7759839948267}}