{"mean":{"confidence_interval":{"confidence_level":0.95,"lower_bound":551558.0753222008,"upper_bound":553167.696254621},"point_estimate":552365.950424208,"standard_error":409.8605440648648},"median":{"confidence_interval":{"confidence_level":0.95,"lower_bound":551730.5660377359,"upper_bound":553482.9},"point_estimate":552872.6153846154,"standard_error":476.55949143734745},"median_abs_dev":{"confidence_interval":{"confidence_level":0.95,"lower_bound":2953.813808904024,"upper_bound":4583.080733738258},"point_estimate":3735.246825820906,"standard_error":397.2550392525977},"slope":{"confidence_interval":{"confidence_level":0.95,"lower_bound":551925.8200049355,"upper_bound":553470.677859492},"point_estimate":552696.0991665436,"standard_error":394.0919009664387},"std_dev":{"confidence_interval":{"confidence_level":0.95,"lower_bound":3468.699064757364,"upper_bound":4725.203281734464},"point_estimate":4118.563262766172,"standard_error":320.99063860182736}}