{"mean":{"confidence_interval":{"confidence_level":0.95,"lower_bound":556310.7375147225,"upper_bound":566153.1459423872},"point_estimate":560569.3159075271,"standard_error":2536.1077885589457},"median":{"confidence_interval":{"confidence_level":0.95,"lower_bound":554566.8656716418,"upper_bound":555847.481472332},"point_estimate":555222.5011833047,"standard_error":311.60686389432647},"median_abs_dev":{"confidence_interval":{"confidence_level":0.95,"lower_bound":2148.45260998233,"upper_bound":3675.701105754674},"point_estimate":2792.697664787244,"standard_error":389.9840403792072},"slope":{"confidence_interval":{"confidence_level":0.95,"lower_bound":555620.3313900545,"upper_bound":567088.5623928142},"point_estimate":560141.2237727206,"standard_error":3018.343326601947},"std_dev":{"confidence_interval":{"confidence_level":0.95,"lower_bound":6793.466766550424,"upper_bound":38026.51855015912},"point_estimate":25362.70874389976,"standard_error":7693.984102099714}}