{"mean":{"confidence_interval":{"confidence_level":0.95,"lower_bound":475265.27329827106,"upper_bound":476855.7798867873},"point_estimate":476035.4423712252,"standard_error":405.08222269615106},"median":{"confidence_interval":{"confidence_level":0.95,"lower_bound":474855.70666666667,"upper_bound":476346.14285714284},"point_estimate":475895.77853396605,"standard_error":335.49466831288976},"median_abs_dev":{"confidence_interval":{"confidence_level":0.95,"lower_bound":2286.202610306638,"upper_bound":3585.7941783750516},"point_estimate":3185.8041729805545,"standard_error":329.9768280648566},"slope":{"confidence_interval":{"confidence_level":0.95,"lower_bound":474467.2090667392,"upper_bound":476365.9475193244},"point_estimate":475266.73036796215,"standard_error":491.515067199596},"std_dev":{"confidence_interval":{"confidence_level":0.95,"lower_bound":3142.56941773143,"upper_bound":4900.224787304752},"point_estimate":4070.5474668422507,"standard_error":448.6814788257979}}