{"mean":{"confidence_interval":{"confidence_level":0.95,"lower_bound":475253.2421707293,"upper_bound":476635.8958563748},"point_estimate":475926.88385465386,"standard_error":352.0856454053493},"median":{"confidence_interval":{"confidence_level":0.95,"lower_bound":475044.7315257353,"upper_bound":476199.10732165206},"point_estimate":475558.68316170864,"standard_error":345.42812298612836},"median_abs_dev":{"confidence_interval":{"confidence_level":0.95,"lower_bound":1988.782211591317,"upper_bound":3336.9484717310424},"point_estimate":2526.8059911381656,"standard_error":342.8440516098447},"slope":{"confidence_interval":{"confidence_level":0.95,"lower_bound":475347.4718986734,"upper_bound":476274.7840721892},"point_estimate":475815.77234520466,"standard_error":236.85503890603394},"std_dev":{"confidence_interval":{"confidence_level":0.95,"lower_bound":2741.381058344491,"upper_bound":4249.829175454252},"point_estimate":3528.6695462864614,"standard_error":386.39308865884385}}