{"mean":{"confidence_interval":{"confidence_level":0.95,"lower_bound":442347.2194363963,"upper_bound":446739.015474765},"point_estimate":444364.3502415322,"standard_error":1119.834280973857},"median":{"confidence_interval":{"confidence_level":0.95,"lower_bound":440300.13749999995,"upper_bound":442599.84285714285},"point_estimate":441922.2693109502,"standard_error":597.3851843251039},"median_abs_dev":{"confidence_interval":{"confidence_level":0.95,"lower_bound":4484.217071922352,"upper_bound":7445.117581975751},"point_estimate":6644.963586878444,"standard_error":774.6635660445381},"slope":{"confidence_interval":{"confidence_level":0.95,"lower_bound":441217.5190520668,"upper_bound":446223.99187052314},"point_estimate":443379.74272942217,"standard_error":1290.922582059904},"std_dev":{"confidence_interval":{"confidence_level":0.95,"lower_bound":6693.250055354274,"upper_bound":15715.972452649436},"point_estimate":11267.09100363921,"standard_error":2369.3155072477093}}