{"mean":{"confidence_interval":{"confidence_level":0.95,"lower_bound":352851.8686384779,"upper_bound":354984.24228383263},"point_estimate":353841.8194190668,"standard_error":543.2877118857335},"median":{"confidence_interval":{"confidence_level":0.95,"lower_bound":352353.37575757573,"upper_bound":353960.8390804598},"point_estimate":353192.9283687944,"standard_error":407.0990389127953},"median_abs_dev":{"confidence_interval":{"confidence_level":0.95,"lower_bound":2019.9606331900563,"upper_bound":3365.5529458077995},"point_estimate":2552.664846563366,"standard_error":356.1345602602842},"slope":{"confidence_interval":{"confidence_level":0.95,"lower_bound":353240.5084078339,"upper_bound":355192.51438324363},"point_estimate":354101.38001576276,"standard_error":499.790242396587},"std_dev":{"confidence_interval":{"confidence_level":0.95,"lower_bound":3156.900666740352,"upper_bound":7391.074678374249},"point_estimate":5483.924332027288,"standard_error":1070.3769922296076}}