{"mean":{"confidence_interval":{"confidence_level":0.95,"lower_bound":219891.80256540826,"upper_bound":221823.548874606},"point_estimate":220786.21462456818,"standard_error":493.25155265274657},"median":{"confidence_interval":{"confidence_level":0.95,"lower_bound":219453.44318181818,"upper_bound":220576.74829931973},"point_estimate":219854.84753711201,"standard_error":316.2533307577307},"median_abs_dev":{"confidence_interval":{"confidence_level":0.95,"lower_bound":1583.9690844894792,"upper_bound":2816.032680465689},"point_estimate":2180.342668350011,"standard_error":318.9982877534867},"slope":{"confidence_interval":{"confidence_level":0.95,"lower_bound":219906.6752698076,"upper_bound":220796.09528398034},"point_estimate":220336.60932761934,"standard_error":226.74540834275126},"std_dev":{"confidence_interval":{"confidence_level":0.95,"lower_bound":2917.7776346385835,"upper_bound":6639.921014909745},"point_estimate":4960.612503111154,"standard_error":942.8325635568661}}