{"mean":{"confidence_interval":{"confidence_level":0.95,"lower_bound":495697.91914263176,"upper_bound":497916.7379659406},"point_estimate":496795.3947757004,"standard_error":565.635015897979},"median":{"confidence_interval":{"confidence_level":0.95,"lower_bound":495283.5772584583,"upper_bound":497821.56},"point_estimate":496301.75843373494,"standard_error":627.6776970856502},"median_abs_dev":{"confidence_interval":{"confidence_level":0.95,"lower_bound":3742.06977317495,"upper_bound":6215.436410345949},"point_estimate":5029.349542813377,"standard_error":661.0278706091688},"slope":{"confidence_interval":{"confidence_level":0.95,"lower_bound":496442.0677300682,"upper_bound":498455.3390054544},"point_estimate":497450.5259671937,"standard_error":512.6706149064701},"std_dev":{"confidence_interval":{"confidence_level":0.95,"lower_bound":4631.147932491513,"upper_bound":6681.157497115835},"point_estimate":5670.587733582303,"standard_error":526.1646515068927}}