{"mean":{"confidence_interval":{"confidence_level":0.95,"lower_bound":494640.7409117814,"upper_bound":496563.2040758003},"point_estimate":495545.6243222995,"standard_error":493.93621835503825},"median":{"confidence_interval":{"confidence_level":0.95,"lower_bound":494085.40449438203,"upper_bound":495226.5483870968},"point_estimate":494670.9810787804,"standard_error":317.07490426950386},"median_abs_dev":{"confidence_interval":{"confidence_level":0.95,"lower_bound":1963.4830401412407,"upper_bound":3326.4173736365833},"point_estimate":2706.495264349876,"standard_error":340.88866545881433},"slope":{"confidence_interval":{"confidence_level":0.95,"lower_bound":494716.5808785462,"upper_bound":496683.62264144403},"point_estimate":495557.74885325844,"standard_error":506.93984475442016},"std_dev":{"confidence_interval":{"confidence_level":0.95,"lower_bound":3153.411116257222,"upper_bound":6466.271233437031},"point_estimate":4950.2836712923645,"standard_error":838.4347769854758}}