{"mean":{"confidence_interval":{"confidence_level":0.95,"lower_bound":487639.0060354362,"upper_bound":489535.8055146828},"point_estimate":488527.8278966963,"standard_error":484.51348948861056},"median":{"confidence_interval":{"confidence_level":0.95,"lower_bound":486900.7092958271,"upper_bound":488872.9783653846},"point_estimate":487907.8298611111,"standard_error":504.29213846036583},"median_abs_dev":{"confidence_interval":{"confidence_level":0.95,"lower_bound":2796.1851343321414,"upper_bound":4529.922201629079},"point_estimate":3727.9075787027286,"standard_error":438.85744148643687},"slope":{"confidence_interval":{"confidence_level":0.95,"lower_bound":487497.522904537,"upper_bound":489061.1223023314},"point_estimate":488279.1487793705,"standard_error":399.8756633993689},"std_dev":{"confidence_interval":{"confidence_level":0.95,"lower_bound":3327.345832550657,"upper_bound":6645.639448741479},"point_estimate":4854.7908452693055,"standard_error":943.4741320236418}}