{"mean":{"confidence_interval":{"confidence_level":0.95,"lower_bound":1936111.0078673076,"upper_bound":1975929.9699931894},"point_estimate":1955482.0445262163,"standard_error":10141.834253572846},"median":{"confidence_interval":{"confidence_level":0.95,"lower_bound":1917007.822831424,"upper_bound":1957301.605263158},"point_estimate":1935006.159696213,"standard_error":10039.377299403846},"median_abs_dev":{"confidence_interval":{"confidence_level":0.95,"lower_bound":51092.293283987994,"upper_bound":91184.78176452512},"point_estimate":62642.77904347368,"standard_error":10047.889827286761},"slope":{"confidence_interval":{"confidence_level":0.95,"lower_bound":1929505.0724079343,"upper_bound":1963482.884916788},"point_estimate":1945790.5074656422,"standard_error":8666.779861226401},"std_dev":{"confidence_interval":{"confidence_level":0.95,"lower_bound":82102.62974491513,"upper_bound":119183.63568658697},"point_estimate":101970.15736361608,"standard_error":9469.009484487497}}