{"mean":{"confidence_interval":{"confidence_level":0.95,"lower_bound":399514.9132340207,"upper_bound":410542.938014036},"point_estimate":404758.60493658,"standard_error":2820.2091139529016},"median":{"confidence_interval":{"confidence_level":0.95,"lower_bound":389154.06333333335,"upper_bound":398542.0833333333},"point_estimate":392538.5785440613,"standard_error":2283.127516287384},"median_abs_dev":{"confidence_interval":{"confidence_level":0.95,"lower_bound":6528.591328179463,"upper_bound":18077.372379565495},"point_estimate":11588.14869301062,"standard_error":2794.4815066716305},"slope":{"confidence_interval":{"confidence_level":0.95,"lower_bound":395025.0819334714,"upper_bound":404438.3081534164},"point_estimate":399415.2460016748,"standard_error":2411.236186628342},"std_dev":{"confidence_interval":{"confidence_level":0.95,"lower_bound":21101.45528987091,"upper_bound":34580.10526272447},"point_estimate":28414.635595040952,"standard_error":3457.5635742926042}}