{"mean":{"confidence_interval":{"confidence_level":0.95,"lower_bound":237387.36045167525,"upper_bound":238183.20170302718},"point_estimate":237768.084999508,"standard_error":202.9992200652321},"median":{"confidence_interval":{"confidence_level":0.95,"lower_bound":237089.8301056338,"upper_bound":237597.84986013986},"point_estimate":237343.5693548387,"standard_error":136.89407587832778},"median_abs_dev":{"confidence_interval":{"confidence_level":0.95,"lower_bound":977.0797116012209,"upper_bound":1805.8120323596793},"point_estimate":1369.130290440085,"standard_error":211.43958061935547},"slope":{"confidence_interval":{"confidence_level":0.95,"lower_bound":237027.4172369725,"upper_bound":237663.49995209917},"point_estimate":237337.4466605586,"standard_error":162.08327015410345},"std_dev":{"confidence_interval":{"confidence_level":0.95,"lower_bound":1529.385919500703,"upper_bound":2522.161009488736},"point_estimate":2049.9685202229107,"standard_error":254.38810976525036}}