{"mean":{"confidence_interval":{"confidence_level":0.95,"lower_bound":240152.98196880415,"upper_bound":241543.01978651324},"point_estimate":240779.0306140053,"standard_error":353.5177401785333},"median":{"confidence_interval":{"confidence_level":0.95,"lower_bound":240203.39580389328,"upper_bound":240992.64},"point_estimate":240587.32636363636,"standard_error":176.74694179183268},"median_abs_dev":{"confidence_interval":{"confidence_level":0.95,"lower_bound":1117.7097267543975,"upper_bound":1925.703983203247},"point_estimate":1341.767333989395,"standard_error":198.00073215174103},"slope":{"confidence_interval":{"confidence_level":0.95,"lower_bound":240237.07176527873,"upper_bound":241029.52943291614},"point_estimate":240599.69454174672,"standard_error":202.69735185203723},"std_dev":{"confidence_interval":{"confidence_level":0.95,"lower_bound":1812.2120654725743,"upper_bound":5362.698292319843},"point_estimate":3546.3754331342957,"standard_error":1024.3471241205564}}