{"mean":{"confidence_interval":{"confidence_level":0.95,"lower_bound":520057.3086597354,"upper_bound":521537.0146195363},"point_estimate":520776.9925946875,"standard_error":378.86393221525145},"median":{"confidence_interval":{"confidence_level":0.95,"lower_bound":519651.0930232558,"upper_bound":521307.0304878049},"point_estimate":520350.06268939393,"standard_error":399.1514379322634},"median_abs_dev":{"confidence_interval":{"confidence_level":0.95,"lower_bound":2339.9881720466374,"upper_bound":3874.131394553713},"point_estimate":3072.1142187544983,"standard_error":388.4235150457388},"slope":{"confidence_interval":{"confidence_level":0.95,"lower_bound":519555.0462637973,"upper_bound":520671.36191098887},"point_estimate":520105.26820452197,"standard_error":285.59360616570416},"std_dev":{"confidence_interval":{"confidence_level":0.95,"lower_bound":2868.129371320855,"upper_bound":4771.7599856622855},"point_estimate":3800.678097336636,"standard_error":494.49255221823364}}