{"mean":{"confidence_interval":{"confidence_level":0.95,"lower_bound":297462.8243730925,"upper_bound":298910.721848108},"point_estimate":298179.77997103456,"standard_error":368.4340838882511},"median":{"confidence_interval":{"confidence_level":0.95,"lower_bound":297159.6728395062,"upper_bound":298696.1910230904},"point_estimate":297714.1535714286,"standard_error":428.7445721326939},"median_abs_dev":{"confidence_interval":{"confidence_level":0.95,"lower_bound":2283.2010000775,"upper_bound":4364.028282753228},"point_estimate":3371.0347079682624,"standard_error":511.48585029910174},"slope":{"confidence_interval":{"confidence_level":0.95,"lower_bound":295858.36624843354,"upper_bound":297204.873860907},"point_estimate":296539.15570563026,"standard_error":344.5324556451403},"std_dev":{"confidence_interval":{"confidence_level":0.95,"lower_bound":3107.4482843425635,"upper_bound":4245.535040410854},"point_estimate":3702.850517691363,"standard_error":291.2173791017213}}