{"mean":{"confidence_interval":{"confidence_level":0.95,"lower_bound":243406.484391755,"upper_bound":244264.56045659014},"point_estimate":243820.08699313796,"standard_error":219.14706362847025},"median":{"confidence_interval":{"confidence_level":0.95,"lower_bound":243291.93364681295,"upper_bound":243914.91499999998},"point_estimate":243713.43109756097,"standard_error":152.52118537516762},"median_abs_dev":{"confidence_interval":{"confidence_level":0.95,"lower_bound":1078.8264758129437,"upper_bound":1680.3589483322305},"point_estimate":1378.4793879637448,"standard_error":150.0730629097904},"slope":{"confidence_interval":{"confidence_level":0.95,"lower_bound":243315.91237867286,"upper_bound":244586.8712885404},"point_estimate":243873.41170311806,"standard_error":328.8389351589234},"std_dev":{"confidence_interval":{"confidence_level":0.95,"lower_bound":1613.77338443721,"upper_bound":2728.394292624102},"point_estimate":2201.9437890218423,"standard_error":285.68749572505885}}