{"mean":{"confidence_interval":{"confidence_level":0.95,"lower_bound":0.07081321751349928,"upper_bound":0.10706507971510827},"point_estimate":0.08622305575143385,"standard_error":0.009129551771922453},"median":{"confidence_interval":{"confidence_level":0.95,"lower_bound":0.05014038903176554,"upper_bound":0.06386388400341798},"point_estimate":0.05589421266102246,"standard_error":0.004181084585249534}}