{"mean":{"confidence_interval":{"confidence_level":0.95,"lower_bound":0.04974544385859056,"upper_bound":0.05309872090855096},"point_estimate":0.051485238425645896,"standard_error":0.0008566428230470238},"median":{"confidence_interval":{"confidence_level":0.95,"lower_bound":0.051761324949803234,"upper_bound":0.05527358412352301},"point_estimate":0.05384904958362258,"standard_error":0.0008783667334708895}}