{"mean":{"confidence_interval":{"confidence_level":0.95,"lower_bound":0.05717808420077859,"upper_bound":0.06653530757728003},"point_estimate":0.062248976502575326,"standard_error":0.0023998405728801664},"median":{"confidence_interval":{"confidence_level":0.95,"lower_bound":0.06043158475473254,"upper_bound":0.06748303705101177},"point_estimate":0.0645370316120697,"standard_error":0.0019344732391603041}}