{"mean":{"confidence_interval":{"confidence_level":0.95,"lower_bound":476718.0697128213,"upper_bound":480259.9840255518},"point_estimate":478464.31877191685,"standard_error":904.2010923225724},"median":{"confidence_interval":{"confidence_level":0.95,"lower_bound":475437.15508283133,"upper_bound":477998.82857142854},"point_estimate":477164.69617537316,"standard_error":761.0281284196654},"median_abs_dev":{"confidence_interval":{"confidence_level":0.95,"lower_bound":4344.909764818817,"upper_bound":7742.163381893998},"point_estimate":6356.842766567472,"standard_error":851.0268066842542},"slope":{"confidence_interval":{"confidence_level":0.95,"lower_bound":477831.08319551195,"upper_bound":482195.65991503856},"point_estimate":479865.42104034283,"standard_error":1116.9300411830488},"std_dev":{"confidence_interval":{"confidence_level":0.95,"lower_bound":7125.355096170712,"upper_bound":10849.02601606488},"point_estimate":9054.117260002493,"standard_error":954.164891644017}}