{"mean":{"confidence_interval":{"confidence_level":0.95,"lower_bound":639614.915582992,"upper_bound":641468.8868881813},"point_estimate":640546.0822439011,"standard_error":473.92790548434726},"median":{"confidence_interval":{"confidence_level":0.95,"lower_bound":639246.5769230769,"upper_bound":641468.9027777778},"point_estimate":640569.7765278945,"standard_error":556.888062837729},"median_abs_dev":{"confidence_interval":{"confidence_level":0.95,"lower_bound":3381.6015259994892,"upper_bound":5496.61110094353},"point_estimate":4516.713566135819,"standard_error":524.9423340664317},"slope":{"confidence_interval":{"confidence_level":0.95,"lower_bound":639588.4849045167,"upper_bound":641314.7468013712},"point_estimate":640451.5711511748,"standard_error":440.25301450056634},"std_dev":{"confidence_interval":{"confidence_level":0.95,"lower_bound":4001.075935620481,"upper_bound":5495.7055272042235},"point_estimate":4771.893254551507,"standard_error":381.8191670628546}}