{"mean":{"confidence_interval":{"confidence_level":0.95,"lower_bound":2481797.0480294116,"upper_bound":2484825.696867648},"point_estimate":2483271.4252941175,"standard_error":770.4575582704075},"median":{"confidence_interval":{"confidence_level":0.95,"lower_bound":2481339.823529412,"upper_bound":2484004.1764705884},"point_estimate":2482539.529411765,"standard_error":678.4721869925596},"median_abs_dev":{"confidence_interval":{"confidence_level":0.95,"lower_bound":4020.462281563439,"upper_bound":7801.964332075903},"point_estimate":6015.169728503792,"standard_error":1032.9978475802727},"slope":null,"std_dev":{"confidence_interval":{"confidence_level":0.95,"lower_bound":6198.4372745901555,"upper_bound":9231.0726765311},"point_estimate":7740.21977443617,"standard_error":778.570248544848}}