{"mean":{"confidence_interval":{"confidence_level":0.95,"lower_bound":847171.4492305659,"upper_bound":856382.1364036836},"point_estimate":851884.1908866116,"standard_error":2343.288024138185},"median":{"confidence_interval":{"confidence_level":0.95,"lower_bound":847499.4574468085,"upper_bound":855208.3478260869},"point_estimate":852064.6855779428,"standard_error":2016.6275373113776},"median_abs_dev":{"confidence_interval":{"confidence_level":0.95,"lower_bound":13286.685499298032,"upper_bound":23174.22496910159},"point_estimate":18989.15176400041,"standard_error":2428.175984654442},"slope":{"confidence_interval":{"confidence_level":0.95,"lower_bound":849781.844523671,"upper_bound":857022.5049956496},"point_estimate":853400.814685976,"standard_error":1850.2953197756526},"std_dev":{"confidence_interval":{"confidence_level":0.95,"lower_bound":18300.450508110986,"upper_bound":28847.71739511696},"point_estimate":23683.102042594688,"standard_error":2716.7902399451464}}