{"mean":{"confidence_interval":{"confidence_level":0.95,"lower_bound":242489.96490641643,"upper_bound":243704.59484954874},"point_estimate":243018.1871266044,"standard_error":310.760498053511},"median":{"confidence_interval":{"confidence_level":0.95,"lower_bound":242445.4435483871,"upper_bound":243053.55625},"point_estimate":242659.203125,"standard_error":139.56856181753346},"median_abs_dev":{"confidence_interval":{"confidence_level":0.95,"lower_bound":871.0225169678691,"upper_bound":1823.8815866352697},"point_estimate":1224.0035103718653,"standard_error":257.4653333530312},"slope":{"confidence_interval":{"confidence_level":0.95,"lower_bound":242346.76327192178,"upper_bound":243081.79865856474},"point_estimate":242711.3918708438,"standard_error":187.58029302132942},"std_dev":{"confidence_interval":{"confidence_level":0.95,"lower_bound":1550.4016362175373,"upper_bound":4772.072126928677},"point_estimate":3124.757384731436,"standard_error":982.922585855913}}