{"mean":{"confidence_interval":{"confidence_level":0.95,"lower_bound":788159.2816583758,"upper_bound":790730.4001601243},"point_estimate":789294.9469413859,"standard_error":658.9449533218555},"median":{"confidence_interval":{"confidence_level":0.95,"lower_bound":787396.00625,"upper_bound":789401.2514245014},"point_estimate":788160.0562015504,"standard_error":478.59683712964363},"median_abs_dev":{"confidence_interval":{"confidence_level":0.95,"lower_bound":2960.8821288036957,"upper_bound":5084.972289249551},"point_estimate":4160.421012391345,"standard_error":527.8427528264031},"slope":{"confidence_interval":{"confidence_level":0.95,"lower_bound":787323.6032394053,"upper_bound":788846.3296127223},"point_estimate":788040.5893719521,"standard_error":388.04083175484516},"std_dev":{"confidence_interval":{"confidence_level":0.95,"lower_bound":3627.912338480653,"upper_bound":9944.76162809388},"point_estimate":6616.010658915136,"standard_error":1974.158426365107}}