{"mean":{"confidence_interval":{"confidence_level":0.95,"lower_bound":202369.94339120036,"upper_bound":203655.911451111},"point_estimate":203014.47376510996,"standard_error":328.4118811422402},"median":{"confidence_interval":{"confidence_level":0.95,"lower_bound":202205.9589041096,"upper_bound":203525.97714285715},"point_estimate":202935.8125,"standard_error":383.5522675356679},"median_abs_dev":{"confidence_interval":{"confidence_level":0.95,"lower_bound":2358.852684767591,"upper_bound":3958.990617168674},"point_estimate":3272.3260179360436,"standard_error":415.81330136167975},"slope":{"confidence_interval":{"confidence_level":0.95,"lower_bound":200764.86440201887,"upper_bound":202359.96381337545},"point_estimate":201545.08262154573,"standard_error":408.02592217408454},"std_dev":{"confidence_interval":{"confidence_level":0.95,"lower_bound":2837.5255723334963,"upper_bound":3702.334572049004},"point_estimate":3294.7438547476704,"standard_error":220.1803140868145}}