{"mean":{"confidence_interval":{"confidence_level":0.95,"lower_bound":902965.9927919543,"upper_bound":929549.698257394},"point_estimate":914867.2847547102,"standard_error":6835.004960888788},"median":{"confidence_interval":{"confidence_level":0.95,"lower_bound":886189.6898734177,"upper_bound":901847.6212121212},"point_estimate":890429.5439408708,"standard_error":3710.6221025211325},"median_abs_dev":{"confidence_interval":{"confidence_level":0.95,"lower_bound":18065.602645997114,"upper_bound":41721.6496183695},"point_estimate":24237.52365013268,"standard_error":5811.490449246458},"slope":{"confidence_interval":{"confidence_level":0.95,"lower_bound":908562.6879163367,"upper_bound":927829.2210000099},"point_estimate":917840.2043076695,"standard_error":4911.717379824705},"std_dev":{"confidence_interval":{"confidence_level":0.95,"lower_bound":37018.426555411526,"upper_bound":100326.73518116672},"point_estimate":68792.91450346012,"standard_error":17610.91513495052}}