{"mean":{"confidence_interval":{"confidence_level":0.95,"lower_bound":327082.511951668,"upper_bound":328170.4727066517},"point_estimate":327595.09971411544,"standard_error":277.07272072045737},"median":{"confidence_interval":{"confidence_level":0.95,"lower_bound":326829.0363636364,"upper_bound":327769.0625},"point_estimate":327331.2735745614,"standard_error":230.70994479740955},"median_abs_dev":{"confidence_interval":{"confidence_level":0.95,"lower_bound":1442.870596790213,"upper_bound":2586.2903166460637},"point_estimate":2060.398645343719,"standard_error":297.4347546961338},"slope":{"confidence_interval":{"confidence_level":0.95,"lower_bound":326999.212959347,"upper_bound":327699.11938648275},"point_estimate":327344.1439936456,"standard_error":178.64980672727629},"std_dev":{"confidence_interval":{"confidence_level":0.95,"lower_bound":1941.135848006556,"upper_bound":3744.0592038941977},"point_estimate":2769.289478051903,"standard_error":501.69954188084495}}