{"mean":{"confidence_interval":{"confidence_level":0.95,"lower_bound":6008007.933194443,"upper_bound":6015523.0823611105},"point_estimate":6011596.847777779,"standard_error":1919.5538992551249},"median":{"confidence_interval":{"confidence_level":0.95,"lower_bound":6006759.555555556,"upper_bound":6012157.555555556},"point_estimate":6009436.222222222,"standard_error":1332.9815221574468},"median_abs_dev":{"confidence_interval":{"confidence_level":0.95,"lower_bound":9352.817200622503,"upper_bound":15691.343921423419},"point_estimate":11871.177989244461,"standard_error":1607.8771847008625},"slope":null,"std_dev":{"confidence_interval":{"confidence_level":0.95,"lower_bound":14467.677729855683,"upper_bound":23685.580888544693},"point_estimate":19230.45704973887,"standard_error":2356.0719770239166}}