{"mean":{"confidence_interval":{"confidence_level":0.95,"lower_bound":275118.2826200516,"upper_bound":277941.2097015528},"point_estimate":276499.7521661285,"standard_error":720.9271837260487},"median":{"confidence_interval":{"confidence_level":0.95,"lower_bound":272891.8249423963,"upper_bound":275736.52840909094},"point_estimate":273618.7632478633,"standard_error":733.7826020019376},"median_abs_dev":{"confidence_interval":{"confidence_level":0.95,"lower_bound":3758.5618173631115,"upper_bound":7825.351934300442},"point_estimate":5278.735584571578,"standard_error":1019.6408007753812},"slope":{"confidence_interval":{"confidence_level":0.95,"lower_bound":274667.8231205602,"upper_bound":278375.85244789434},"point_estimate":276466.42719890643,"standard_error":947.1693294675428},"std_dev":{"confidence_interval":{"confidence_level":0.95,"lower_bound":6186.622487636274,"upper_bound":8170.371714552251},"point_estimate":7251.6055792987945,"standard_error":508.55248818799487}}