{"mean":{"confidence_interval":{"confidence_level":0.95,"lower_bound":347288.6932155686,"upper_bound":349256.41053723125},"point_estimate":348209.54861527495,"standard_error":503.8754308487486},"median":{"confidence_interval":{"confidence_level":0.95,"lower_bound":346878.51626984123,"upper_bound":348077.49074074073},"point_estimate":347396.7694261483,"standard_error":313.53920145734975},"median_abs_dev":{"confidence_interval":{"confidence_level":0.95,"lower_bound":2131.124999985453,"upper_bound":3476.6734808573656},"point_estimate":2790.186457003787,"standard_error":327.93402414772356},"slope":{"confidence_interval":{"confidence_level":0.95,"lower_bound":346720.27544754214,"upper_bound":347863.55283969693},"point_estimate":347280.0481030491,"standard_error":291.75328457165836},"std_dev":{"confidence_interval":{"confidence_level":0.95,"lower_bound":3215.4775444592974,"upper_bound":6749.606525096703},"point_estimate":5065.321074911588,"standard_error":911.4007642251142}}