{"mean":{"confidence_interval":{"confidence_level":0.95,"lower_bound":319580.9921333977,"upper_bound":320542.6002895205},"point_estimate":320057.41078307375,"standard_error":244.4628326836468},"median":{"confidence_interval":{"confidence_level":0.95,"lower_bound":319546.0598940678,"upper_bound":320432.73333333334},"point_estimate":319992.33130114566,"standard_error":235.49156905180652},"median_abs_dev":{"confidence_interval":{"confidence_level":0.95,"lower_bound":1320.2588383625218,"upper_bound":2051.363601351096},"point_estimate":1686.1310930982759,"standard_error":181.37556047338057},"slope":{"confidence_interval":{"confidence_level":0.95,"lower_bound":319728.8915234872,"upper_bound":320309.30700829305},"point_estimate":320013.4193165361,"standard_error":147.7637210836081},"std_dev":{"confidence_interval":{"confidence_level":0.95,"lower_bound":1909.6773823310036,"upper_bound":2981.547042958534},"point_estimate":2460.659984293031,"standard_error":275.2838470815043}}