{"mean":{"confidence_interval":{"confidence_level":0.95,"lower_bound":1372095.7043804447,"upper_bound":1374185.7353329528},"point_estimate":1373110.9068188723,"standard_error":532.9799964535423},"median":{"confidence_interval":{"confidence_level":0.95,"lower_bound":1371506.53125,"upper_bound":1373426.7701149425},"point_estimate":1372587.476923077,"standard_error":432.10213363421116},"median_abs_dev":{"confidence_interval":{"confidence_level":0.95,"lower_bound":2891.5338915221414,"upper_bound":5379.353322759712},"point_estimate":4456.499176557078,"standard_error":629.8954969807203},"slope":{"confidence_interval":{"confidence_level":0.95,"lower_bound":1372614.166746743,"upper_bound":1374512.7531953573},"point_estimate":1373545.0329451752,"standard_error":483.26033125213246},"std_dev":{"confidence_interval":{"confidence_level":0.95,"lower_bound":4078.468330133149,"upper_bound":6642.15931612427},"point_estimate":5361.16748909881,"standard_error":663.597074323506}}