{"mean":{"confidence_interval":{"confidence_level":0.95,"lower_bound":1281787.5512460682,"upper_bound":1289567.9924157322},"point_estimate":1284964.2022196534,"standard_error":2033.215823968333},"median":{"confidence_interval":{"confidence_level":0.95,"lower_bound":1281415.464736842,"upper_bound":1284458.6344086023},"point_estimate":1282283.971431083,"standard_error":787.6678157217643},"median_abs_dev":{"confidence_interval":{"confidence_level":0.95,"lower_bound":4594.985837288701,"upper_bound":7373.540321221727},"point_estimate":6120.344059828955,"standard_error":684.8784372962716},"slope":{"confidence_interval":{"confidence_level":0.95,"lower_bound":1281846.4730249546,"upper_bound":1285868.995138356},"point_estimate":1283582.506833161,"standard_error":1028.6762052254358},"std_dev":{"confidence_interval":{"confidence_level":0.95,"lower_bound":6773.7832719503995,"upper_bound":32974.37474489657},"point_estimate":20472.05663196979,"standard_error":8061.853062576648}}