{"mean":{"confidence_interval":{"confidence_level":0.95,"lower_bound":958396.1746980795,"upper_bound":963208.0823783892},"point_estimate":960595.6551642892,"standard_error":1233.1534566129446},"median":{"confidence_interval":{"confidence_level":0.95,"lower_bound":955666.6274928774,"upper_bound":959552.5},"point_estimate":957451.9355699855,"standard_error":1102.6905718325063},"median_abs_dev":{"confidence_interval":{"confidence_level":0.95,"lower_bound":4743.458020243374,"upper_bound":9067.529206825518},"point_estimate":6867.494858077647,"standard_error":1121.8767403297848},"slope":{"confidence_interval":{"confidence_level":0.95,"lower_bound":957174.4434483908,"upper_bound":961622.12007884},"point_estimate":959216.4357337077,"standard_error":1133.942137405603},"std_dev":{"confidence_interval":{"confidence_level":0.95,"lower_bound":7554.079389507939,"upper_bound":17776.081564268206},"point_estimate":12397.493274209617,"standard_error":2969.6452292214353}}