{"mean":{"confidence_interval":{"confidence_level":0.95,"lower_bound":766574.1575690832,"upper_bound":771320.4362354159},"point_estimate":768737.4053868634,"standard_error":1212.0658192534163},"median":{"confidence_interval":{"confidence_level":0.95,"lower_bound":765283.5164835164,"upper_bound":767700.9809127816},"point_estimate":766318.8847468355,"standard_error":730.6441129564959},"median_abs_dev":{"confidence_interval":{"confidence_level":0.95,"lower_bound":3898.161759257624,"upper_bound":6888.497674478944},"point_estimate":5337.676396045904,"standard_error":777.5062820934918},"slope":{"confidence_interval":{"confidence_level":0.95,"lower_bound":766733.4579789464,"upper_bound":772310.0305229783},"point_estimate":769174.4094665288,"standard_error":1438.14247623387},"std_dev":{"confidence_interval":{"confidence_level":0.95,"lower_bound":6777.751058051252,"upper_bound":17430.311086844875},"point_estimate":12206.941309344751,"standard_error":2828.424907468116}}