{"mean":{"confidence_interval":{"confidence_level":0.95,"lower_bound":340959.49189339747,"upper_bound":342270.4387862199},"point_estimate":341567.30516100227,"standard_error":334.98974194029086},"median":{"confidence_interval":{"confidence_level":0.95,"lower_bound":340735.3976430977,"upper_bound":341844.96732026146},"point_estimate":341235.9246031746,"standard_error":282.9356853404011},"median_abs_dev":{"confidence_interval":{"confidence_level":0.95,"lower_bound":1410.699307650088,"upper_bound":2494.653397294314},"point_estimate":1736.7100946944265,"standard_error":278.3666604399627},"slope":{"confidence_interval":{"confidence_level":0.95,"lower_bound":341087.98349239223,"upper_bound":341931.5626993348},"point_estimate":341503.4526003645,"standard_error":215.65789255347647},"std_dev":{"confidence_interval":{"confidence_level":0.95,"lower_bound":2006.4988712549489,"upper_bound":4677.439977622851},"point_estimate":3366.5263292475693,"standard_error":706.0521251240867}}