{"mean":{"confidence_interval":{"confidence_level":0.95,"lower_bound":259356.19925496317,"upper_bound":262546.46060124296},"point_estimate":260774.42308480394,"standard_error":818.4754635742264},"median":{"confidence_interval":{"confidence_level":0.95,"lower_bound":258621.3977632336,"upper_bound":259730.265625},"point_estimate":259136.67728120758,"standard_error":306.9730803109222},"median_abs_dev":{"confidence_interval":{"confidence_level":0.95,"lower_bound":1925.4349187821483,"upper_bound":2939.9274314681193},"point_estimate":2461.6075696597854,"standard_error":255.30350045267554},"slope":{"confidence_interval":{"confidence_level":0.95,"lower_bound":258884.2505762874,"upper_bound":260190.74420649305},"point_estimate":259490.8431106842,"standard_error":332.5179526702879},"std_dev":{"confidence_interval":{"confidence_level":0.95,"lower_bound":3643.6426552191565,"upper_bound":11822.636414224442},"point_estimate":8248.807820198292,"standard_error":2075.787308364997}}