{"mean":{"confidence_interval":{"confidence_level":0.95,"lower_bound":298732.98902037425,"upper_bound":300849.8767504634},"point_estimate":299679.8995729645,"standard_error":542.1214967869206},"median":{"confidence_interval":{"confidence_level":0.95,"lower_bound":298079.7766666667,"upper_bound":299784.62220893137},"point_estimate":299020.7213647959,"standard_error":456.21690833615645},"median_abs_dev":{"confidence_interval":{"confidence_level":0.95,"lower_bound":2218.328543911495,"upper_bound":3818.801398095623},"point_estimate":2915.779030269135,"standard_error":418.1422919229957},"slope":{"confidence_interval":{"confidence_level":0.95,"lower_bound":298376.03139454016,"upper_bound":299814.16455289104},"point_estimate":299068.9005401212,"standard_error":367.56079409202067},"std_dev":{"confidence_interval":{"confidence_level":0.95,"lower_bound":3091.753534595641,"upper_bound":8030.669903259827},"point_estimate":5431.615754226301,"standard_error":1505.5178253921852}}