{"mean":{"confidence_interval":{"confidence_level":0.95,"lower_bound":270445.30417359254,"upper_bound":271609.9307396705},"point_estimate":270994.7776787295,"standard_error":296.35387779620294},"median":{"confidence_interval":{"confidence_level":0.95,"lower_bound":270383.1648599819,"upper_bound":271196.02976190473},"point_estimate":270720.96431079897,"standard_error":171.3955403837767},"median_abs_dev":{"confidence_interval":{"confidence_level":0.95,"lower_bound":1309.5119060323623,"upper_bound":2792.8321229551684},"point_estimate":2071.994620464756,"standard_error":394.61005882251294},"slope":{"confidence_interval":{"confidence_level":0.95,"lower_bound":271029.91083375516,"upper_bound":273183.27448440436},"point_estimate":271974.50401137874,"standard_error":555.1696282214745},"std_dev":{"confidence_interval":{"confidence_level":0.95,"lower_bound":2026.5320065681115,"upper_bound":4093.036483834374},"point_estimate":2980.493009668607,"standard_error":582.6538967310267}}