{"mean":{"confidence_interval":{"confidence_level":0.95,"lower_bound":260974.439789848,"upper_bound":262225.96778476035},"point_estimate":261589.17367237044,"standard_error":319.33215624315727},"median":{"confidence_interval":{"confidence_level":0.95,"lower_bound":260582.25892857142,"upper_bound":261685.57142857142},"point_estimate":261118.09074074076,"standard_error":270.9714593980109},"median_abs_dev":{"confidence_interval":{"confidence_level":0.95,"lower_bound":1947.3013942323023,"upper_bound":3584.3558891602047},"point_estimate":2723.0815906139455,"standard_error":410.56290985271943},"slope":{"confidence_interval":{"confidence_level":0.95,"lower_bound":260663.71023944466,"upper_bound":261896.71877054824},"point_estimate":261257.06589921677,"standard_error":312.8302352298185},"std_dev":{"confidence_interval":{"confidence_level":0.95,"lower_bound":2636.1209476325685,"upper_bound":3760.034429048358},"point_estimate":3219.950295006745,"standard_error":287.2366296253975}}