{"mean":{"confidence_interval":{"confidence_level":0.95,"lower_bound":415573.71544924646,"upper_bound":416767.66072283196},"point_estimate":416158.5929058077,"standard_error":303.86472666680055},"median":{"confidence_interval":{"confidence_level":0.95,"lower_bound":415234.585547504,"upper_bound":416293.36398467433},"point_estimate":415544.83273069677,"standard_error":262.901717012092},"median_abs_dev":{"confidence_interval":{"confidence_level":0.95,"lower_bound":1793.8249921116217,"upper_bound":3197.117546799326},"point_estimate":2489.9902076583066,"standard_error":383.9791799485576},"slope":{"confidence_interval":{"confidence_level":0.95,"lower_bound":415406.49150232755,"upper_bound":416686.02357957955},"point_estimate":416034.0347697158,"standard_error":326.38806849131197},"std_dev":{"confidence_interval":{"confidence_level":0.95,"lower_bound":2447.8482121918655,"upper_bound":3613.9034602657825},"point_estimate":3056.291607813612,"standard_error":298.60829327608104}}