{"mean":{"confidence_interval":{"confidence_level":0.95,"lower_bound":329668.0558271512,"upper_bound":330806.24654330476},"point_estimate":330227.664636237,"standard_error":290.9953015682495},"median":{"confidence_interval":{"confidence_level":0.95,"lower_bound":329531.7049808429,"upper_bound":330145.05666666664},"point_estimate":329858.50964419474,"standard_error":176.19826882751005},"median_abs_dev":{"confidence_interval":{"confidence_level":0.95,"lower_bound":1651.241118193069,"upper_bound":3179.1177828053433},"point_estimate":2320.378094638355,"standard_error":369.1767727781004},"slope":{"confidence_interval":{"confidence_level":0.95,"lower_bound":329460.103349181,"upper_bound":330440.5072069255},"point_estimate":329939.4611162012,"standard_error":251.01619594523444},"std_dev":{"confidence_interval":{"confidence_level":0.95,"lower_bound":2438.285954429588,"upper_bound":3341.2855384015},"point_estimate":2917.61100542382,"standard_error":230.55341661086356}}