{"mean":{"confidence_interval":{"confidence_level":0.95,"lower_bound":315187.6686657288,"upper_bound":322081.7224975833},"point_estimate":318298.8752158328,"standard_error":1756.1911929907124},"median":{"confidence_interval":{"confidence_level":0.95,"lower_bound":315095.4038461539,"upper_bound":317073.6270352781},"point_estimate":316530.8209436133,"standard_error":543.3728326474292},"median_abs_dev":{"confidence_interval":{"confidence_level":0.95,"lower_bound":3734.3277763138217,"upper_bound":6076.676102996282},"point_estimate":5322.084741998577,"standard_error":619.0430844091335},"slope":{"confidence_interval":{"confidence_level":0.95,"lower_bound":317362.6163239352,"upper_bound":324750.60226029},"point_estimate":320823.74927811435,"standard_error":1889.67896280808},"std_dev":{"confidence_interval":{"confidence_level":0.95,"lower_bound":9595.141430653783,"upper_bound":25260.27746900956},"point_estimate":17664.209114164467,"standard_error":4122.688309542156}}