{"mean":{"confidence_interval":{"confidence_level":0.95,"lower_bound":324416.4877377992,"upper_bound":325803.25436636736},"point_estimate":325064.38132547087,"standard_error":353.36299588191935},"median":{"confidence_interval":{"confidence_level":0.95,"lower_bound":324429.46240251686,"upper_bound":325330.8786764706},"point_estimate":324721.4652575588,"standard_error":230.01584246312976},"median_abs_dev":{"confidence_interval":{"confidence_level":0.95,"lower_bound":1447.7170597118086,"upper_bound":2659.656000621335},"point_estimate":1728.4872285237552,"standard_error":333.0031800874514},"slope":{"confidence_interval":{"confidence_level":0.95,"lower_bound":324872.6342853118,"upper_bound":327437.2975506555},"point_estimate":325892.63649327616,"standard_error":685.3300835548034},"std_dev":{"confidence_interval":{"confidence_level":0.95,"lower_bound":2232.1213484275368,"upper_bound":4983.559554135501},"point_estimate":3553.945716525752,"standard_error":747.9103706104651}}