{"mean":{"confidence_interval":{"confidence_level":0.95,"lower_bound":292781.14448093314,"upper_bound":293690.9972329538},"point_estimate":293228.8191563185,"standard_error":232.10415932468044},"median":{"confidence_interval":{"confidence_level":0.95,"lower_bound":292577.0288461539,"upper_bound":293624.5625},"point_estimate":293146.02514385036,"standard_error":277.4614196199525},"median_abs_dev":{"confidence_interval":{"confidence_level":0.95,"lower_bound":1260.0929318235333,"upper_bound":2186.9962625619373},"point_estimate":1600.3903491988772,"standard_error":228.14794075671486},"slope":{"confidence_interval":{"confidence_level":0.95,"lower_bound":293053.4469757329,"upper_bound":293907.40465690766},"point_estimate":293462.1950650214,"standard_error":217.513616776722},"std_dev":{"confidence_interval":{"confidence_level":0.95,"lower_bound":1832.0583210460095,"upper_bound":2789.8671823768773},"point_estimate":2325.87479475615,"standard_error":245.37410296292745}}