{"mean":{"confidence_interval":{"confidence_level":0.95,"lower_bound":584263.1293663078,"upper_bound":585991.0000596391},"point_estimate":585091.2250134308,"standard_error":442.76607068955593},"median":{"confidence_interval":{"confidence_level":0.95,"lower_bound":583552.6453608247,"upper_bound":584859.2741935484},"point_estimate":584296.8503836317,"standard_error":318.66617474903654},"median_abs_dev":{"confidence_interval":{"confidence_level":0.95,"lower_bound":2075.0997489130164,"upper_bound":3653.8359089311266},"point_estimate":2954.051485529748,"standard_error":398.2847943792126},"slope":{"confidence_interval":{"confidence_level":0.95,"lower_bound":584549.5907452614,"upper_bound":586285.3568439767},"point_estimate":585382.5226717895,"standard_error":444.52492217037445},"std_dev":{"confidence_interval":{"confidence_level":0.95,"lower_bound":3222.294960384719,"upper_bound":5667.1743575844575},"point_estimate":4438.056221310029,"standard_error":634.8277376554511}}