{"mean":{"confidence_interval":{"confidence_level":0.95,"lower_bound":586513.4257670592,"upper_bound":594625.1353253234},"point_estimate":590225.9307215919,"standard_error":2084.9219389669906},"median":{"confidence_interval":{"confidence_level":0.95,"lower_bound":583394.015625,"upper_bound":585522.4631578948},"point_estimate":584658.5189075631,"standard_error":553.6032816970313},"median_abs_dev":{"confidence_interval":{"confidence_level":0.95,"lower_bound":3155.2836781492047,"upper_bound":5255.50082461273},"point_estimate":4176.019702449166,"standard_error":540.9011620508352},"slope":{"confidence_interval":{"confidence_level":0.95,"lower_bound":586473.7262332492,"upper_bound":595059.6989689138},"point_estimate":590273.7018545885,"standard_error":2207.062108288296},"std_dev":{"confidence_interval":{"confidence_level":0.95,"lower_bound":12390.863721615664,"upper_bound":27491.342522409886},"point_estimate":20924.68770554143,"standard_error":3853.336606352014}}