{"mean":{"confidence_interval":{"confidence_level":0.95,"lower_bound":171179.57529223527,"upper_bound":172156.50000433417},"point_estimate":171669.40079421576,"standard_error":249.61561302775542},"median":{"confidence_interval":{"confidence_level":0.95,"lower_bound":171181.426570406,"upper_bound":172577.8492063492},"point_estimate":171855.9052029639,"standard_error":350.58139593802963},"median_abs_dev":{"confidence_interval":{"confidence_level":0.95,"lower_bound":1707.4716038047295,"upper_bound":2756.793840140453},"point_estimate":2208.9511250860305,"standard_error":269.38773205559954},"slope":{"confidence_interval":{"confidence_level":0.95,"lower_bound":171504.90723426602,"upper_bound":172419.38363269946},"point_estimate":171967.15025860796,"standard_error":233.61568790263217},"std_dev":{"confidence_interval":{"confidence_level":0.95,"lower_bound":2049.812015692552,"upper_bound":2936.436983982874},"point_estimate":2497.333774237059,"standard_error":227.01158883467284}}