{"mean":{"confidence_interval":{"confidence_level":0.95,"lower_bound":434258.6021013469,"upper_bound":436520.3702750465},"point_estimate":435353.57150296477,"standard_error":575.8163579989736},"median":{"confidence_interval":{"confidence_level":0.95,"lower_bound":433626.5164473684,"upper_bound":435643.2450980392},"point_estimate":434308.8040966387,"standard_error":516.2883848352606},"median_abs_dev":{"confidence_interval":{"confidence_level":0.95,"lower_bound":3520.0683143288757,"upper_bound":5795.1995120669035},"point_estimate":4706.159991148224,"standard_error":583.2204488667143},"slope":{"confidence_interval":{"confidence_level":0.95,"lower_bound":433680.8860209479,"upper_bound":437220.9870511347},"point_estimate":435292.5430116743,"standard_error":907.0517959277},"std_dev":{"confidence_interval":{"confidence_level":0.95,"lower_bound":4589.206175962354,"upper_bound":6875.199508471307},"point_estimate":5794.7165697511855,"standard_error":583.8745387129741}}