{"mean":{"confidence_interval":{"confidence_level":0.95,"lower_bound":728147.0452960995,"upper_bound":729268.7089965316},"point_estimate":728682.7883306716,"standard_error":285.5076096774665},"median":{"confidence_interval":{"confidence_level":0.95,"lower_bound":727958.8251718213,"upper_bound":729322.036779661},"point_estimate":728465.9967357911,"standard_error":361.0555344690529},"median_abs_dev":{"confidence_interval":{"confidence_level":0.95,"lower_bound":1982.6725369823937,"upper_bound":2941.90953171907},"point_estimate":2417.1495654217633,"standard_error":250.30707951918373},"slope":{"confidence_interval":{"confidence_level":0.95,"lower_bound":728306.7647863794,"upper_bound":729304.39444526},"point_estimate":728794.3031210285,"standard_error":253.9614749790182},"std_dev":{"confidence_interval":{"confidence_level":0.95,"lower_bound":2064.5093231896885,"upper_bound":3830.447453270763},"point_estimate":2870.8677955582243,"standard_error":488.20029303169343}}