{"mean":{"confidence_interval":{"confidence_level":0.95,"lower_bound":268569.27230567887,"upper_bound":269861.0587206087},"point_estimate":269200.04207775893,"standard_error":328.7737783349898},"median":{"confidence_interval":{"confidence_level":0.95,"lower_bound":268530.5488505747,"upper_bound":269402.78323211876},"point_estimate":268849.0018671383,"standard_error":238.66629895956646},"median_abs_dev":{"confidence_interval":{"confidence_level":0.95,"lower_bound":1509.2457901301102,"upper_bound":2658.3973339562003},"point_estimate":1914.3233517715084,"standard_error":310.6324762558605},"slope":{"confidence_interval":{"confidence_level":0.95,"lower_bound":268842.6053924855,"upper_bound":269894.69893663295},"point_estimate":269344.7311142308,"standard_error":268.9378884899284},"std_dev":{"confidence_interval":{"confidence_level":0.95,"lower_bound":2403.152561306256,"upper_bound":4192.487278872473},"point_estimate":3307.4443015838324,"standard_error":460.9244176907249}}