{"mean":{"confidence_interval":{"confidence_level":0.95,"lower_bound":1581306.3352875,"upper_bound":1595639.4144124996},"point_estimate":1587106.8160000003,"standard_error":3737.8965093555403},"median":{"confidence_interval":{"confidence_level":0.95,"lower_bound":1578979.65,"upper_bound":1583680.0},"point_estimate":1580824.175,"standard_error":1246.0771558307733},"median_abs_dev":{"confidence_interval":{"confidence_level":0.95,"lower_bound":7941.843279004028,"upper_bound":13398.070637136698},"point_estimate":10510.521863400936,"standard_error":1429.2313773536418},"slope":null,"std_dev":{"confidence_interval":{"confidence_level":0.95,"lower_bound":10381.975295410788,"upper_bound":60420.949859958266},"point_estimate":37393.48846940141,"standard_error":14692.60243738273}}