{"mean":{"confidence_interval":{"confidence_level":0.95,"lower_bound":1762393.8876363626,"upper_bound":1764198.6280795445},"point_estimate":1763284.0231818177,"standard_error":460.2277419311093},"median":{"confidence_interval":{"confidence_level":0.95,"lower_bound":1761929.9772727273,"upper_bound":1763904.5},"point_estimate":1763046.477272727,"standard_error":507.5581865964019},"median_abs_dev":{"confidence_interval":{"confidence_level":0.95,"lower_bound":3102.475226738456,"upper_bound":5284.794997085161},"point_estimate":4240.168533812933,"standard_error":550.091719130913},"slope":null,"std_dev":{"confidence_interval":{"confidence_level":0.95,"lower_bound":3797.8387576884647,"upper_bound":5411.728473597466},"point_estimate":4622.538642147019,"standard_error":412.67594814509675}}