{"mean":{"confidence_interval":{"confidence_level":0.95,"lower_bound":2059478.8004342113,"upper_bound":2061457.5376973685},"point_estimate":2060461.1105263168,"standard_error":504.3632045650123},"median":{"confidence_interval":{"confidence_level":0.95,"lower_bound":2059570.2631578948,"upper_bound":2061275.6578947369},"point_estimate":2060648.0789473685,"standard_error":441.7511005596501},"median_abs_dev":{"confidence_interval":{"confidence_level":0.95,"lower_bound":2813.1164026887704,"upper_bound":5362.525089006729},"point_estimate":3971.339108442078,"standard_error":643.9352965685971},"slope":null,"std_dev":{"confidence_interval":{"confidence_level":0.95,"lower_bound":4255.549605113841,"upper_bound":5805.874623910281},"point_estimate":5075.782513204449,"standard_error":394.65169043471224}}