{"mean":{"confidence_interval":{"confidence_level":0.95,"lower_bound":239015.76892831948,"upper_bound":240135.89484380058},"point_estimate":239558.58592294887,"standard_error":285.8671755290583},"median":{"confidence_interval":{"confidence_level":0.95,"lower_bound":238253.375,"upper_bound":239680.2857142857},"point_estimate":239044.32511783188,"standard_error":338.8413228642661},"median_abs_dev":{"confidence_interval":{"confidence_level":0.95,"lower_bound":1801.4737658268448,"upper_bound":3105.150024406619},"point_estimate":2425.553490423368,"standard_error":327.9307056833474},"slope":{"confidence_interval":{"confidence_level":0.95,"lower_bound":238202.55256924962,"upper_bound":239107.15161578034},"point_estimate":238636.96124279592,"standard_error":230.98034738455652},"std_dev":{"confidence_interval":{"confidence_level":0.95,"lower_bound":2295.351988153259,"upper_bound":3410.2904689630795},"point_estimate":2879.2243623404493,"standard_error":285.8611023896365}}