{"mean":{"confidence_interval":{"confidence_level":0.95,"lower_bound":502303.7806472536,"upper_bound":504168.06465079804},"point_estimate":503216.9329665546,"standard_error":474.5527662004254},"median":{"confidence_interval":{"confidence_level":0.95,"lower_bound":502229.6590909091,"upper_bound":503853.0},"point_estimate":502933.84226190473,"standard_error":405.6328549603903},"median_abs_dev":{"confidence_interval":{"confidence_level":0.95,"lower_bound":2202.855557241271,"upper_bound":3907.9622515215337},"point_estimate":2800.7467501297724,"standard_error":441.3630056105291},"slope":{"confidence_interval":{"confidence_level":0.95,"lower_bound":502442.06896096596,"upper_bound":503747.5507165597},"point_estimate":503073.8906531698,"standard_error":333.53481528472105},"std_dev":{"confidence_interval":{"confidence_level":0.95,"lower_bound":3460.947334565776,"upper_bound":6147.984232840333},"point_estimate":4782.247591559366,"standard_error":698.0311755632131}}