{"mean":{"confidence_interval":{"confidence_level":0.95,"lower_bound":1278821.0639195933,"upper_bound":1284464.4206730956},"point_estimate":1281862.0502598744,"standard_error":1438.073989412973},"median":{"confidence_interval":{"confidence_level":0.95,"lower_bound":1282738.2150537635,"upper_bound":1285416.6666666667},"point_estimate":1283854.403071253,"standard_error":700.3929053418445},"median_abs_dev":{"confidence_interval":{"confidence_level":0.95,"lower_bound":3614.4946400474337,"upper_bound":5854.4090327119275},"point_estimate":4589.35270969823,"standard_error":582.9611041476402},"slope":{"confidence_interval":{"confidence_level":0.95,"lower_bound":1283354.6827705568,"upper_bound":1286939.625837717},"point_estimate":1284968.1288281365,"standard_error":919.3967261457258},"std_dev":{"confidence_interval":{"confidence_level":0.95,"lower_bound":8237.876563191568,"upper_bound":19534.579758235654},"point_estimate":14476.86202319661,"standard_error":2857.292115342627}}