{"mean":{"confidence_interval":{"confidence_level":0.95,"lower_bound":160794.58543341176,"upper_bound":161872.70447179614},"point_estimate":161291.42817746318,"standard_error":275.02483579586396},"median":{"confidence_interval":{"confidence_level":0.95,"lower_bound":160411.8341013825,"upper_bound":161299.38976190478},"point_estimate":160847.8169956507,"standard_error":222.76230408625963},"median_abs_dev":{"confidence_interval":{"confidence_level":0.95,"lower_bound":1385.8134946185585,"upper_bound":2445.118819635083},"point_estimate":1894.5513507570179,"standard_error":267.1700478887783},"slope":{"confidence_interval":{"confidence_level":0.95,"lower_bound":160963.53240961916,"upper_bound":161847.37347750182},"point_estimate":161412.2689700015,"standard_error":225.2146994179331},"std_dev":{"confidence_interval":{"confidence_level":0.95,"lower_bound":1800.177816800264,"upper_bound":3925.2099301770963},"point_estimate":2779.0975991455475,"standard_error":628.9752902619973}}