{"mean":{"confidence_interval":{"confidence_level":0.95,"lower_bound":3125067.767571428,"upper_bound":3136991.0932857157},"point_estimate":3130873.168571428,"standard_error":3046.1013119909862},"median":{"confidence_interval":{"confidence_level":0.95,"lower_bound":3121350.5,"upper_bound":3134583.1428571427},"point_estimate":3127348.0357142854,"standard_error":3223.8791737331517},"median_abs_dev":{"confidence_interval":{"confidence_level":0.95,"lower_bound":22558.28809951018,"upper_bound":35670.296366725255},"point_estimate":30637.134206082188,"standard_error":3218.1285813289182},"slope":null,"std_dev":{"confidence_interval":{"confidence_level":0.95,"lower_bound":24985.622097449505,"upper_bound":36438.65144749489},"point_estimate":30640.924258435898,"standard_error":2947.875891649582}}