{"mean":{"confidence_interval":{"confidence_level":0.95,"lower_bound":3057191.5499107144,"upper_bound":3064158.718321429},"point_estimate":3060551.0542857144,"standard_error":1777.5802840065078},"median":{"confidence_interval":{"confidence_level":0.95,"lower_bound":3055365.214285714,"upper_bound":3063757.0},"point_estimate":3059198.4285714286,"standard_error":2081.2253008831644},"median_abs_dev":{"confidence_interval":{"confidence_level":0.95,"lower_bound":11171.2849016698,"upper_bound":20171.03739189191},"point_estimate":14975.795284126436,"standard_error":2271.10238000234},"slope":null,"std_dev":{"confidence_interval":{"confidence_level":0.95,"lower_bound":13500.831613698097,"upper_bound":23158.911947519897},"point_estimate":17880.54286434842,"standard_error":2628.65792090415}}