{"mean":{"confidence_interval":{"confidence_level":0.95,"lower_bound":438017.9076338725,"upper_bound":439828.32476431155},"point_estimate":438946.99345466227,"standard_error":461.43355771175226},"median":{"confidence_interval":{"confidence_level":0.95,"lower_bound":437867.9599039172,"upper_bound":440190.36},"point_estimate":439413.775,"standard_error":685.0033820217649},"median_abs_dev":{"confidence_interval":{"confidence_level":0.95,"lower_bound":3310.6296569162646,"upper_bound":4926.9627094880325},"point_estimate":4170.73905095458,"standard_error":399.719412888734},"slope":{"confidence_interval":{"confidence_level":0.95,"lower_bound":438678.27494119736,"upper_bound":440079.7838449312},"point_estimate":439367.7336692774,"standard_error":356.8358943635165},"std_dev":{"confidence_interval":{"confidence_level":0.95,"lower_bound":3586.4029440211943,"upper_bound":5787.520070311093},"point_estimate":4641.707804056084,"standard_error":577.3601873229109}}