{"mean":{"confidence_interval":{"confidence_level":0.95,"lower_bound":289232.3370736488,"upper_bound":290440.6607052465},"point_estimate":289780.50371085526,"standard_error":308.4820028143395},"median":{"confidence_interval":{"confidence_level":0.95,"lower_bound":289214.5358373079,"upper_bound":289927.8958333333},"point_estimate":289685.1114517405,"standard_error":181.73973817540946},"median_abs_dev":{"confidence_interval":{"confidence_level":0.95,"lower_bound":1170.4924588197084,"upper_bound":2178.5975126934127},"point_estimate":1602.1626344137437,"standard_error":262.4183465297022},"slope":{"confidence_interval":{"confidence_level":0.95,"lower_bound":289441.5109483139,"upper_bound":290221.7862795974},"point_estimate":289828.62724250037,"standard_error":197.95880570568866},"std_dev":{"confidence_interval":{"confidence_level":0.95,"lower_bound":1638.5548928665492,"upper_bound":4650.124847945811},"point_estimate":3092.3543043008417,"standard_error":863.8058225330784}}