{"mean":{"confidence_interval":{"confidence_level":0.95,"lower_bound":232014.40361257124,"upper_bound":232697.82568628763},"point_estimate":232361.26929414485,"standard_error":174.38063491281258},"median":{"confidence_interval":{"confidence_level":0.95,"lower_bound":231852.88611111112,"upper_bound":232870.52962962963},"point_estimate":232404.45973544975,"standard_error":256.21937751841915},"median_abs_dev":{"confidence_interval":{"confidence_level":0.95,"lower_bound":1449.447073562641,"upper_bound":2259.571108458857},"point_estimate":1913.223999255681,"standard_error":204.32784569046794},"slope":{"confidence_interval":{"confidence_level":0.95,"lower_bound":232493.76425691892,"upper_bound":233164.5377720807},"point_estimate":232831.37740860056,"standard_error":170.42290890919506},"std_dev":{"confidence_interval":{"confidence_level":0.95,"lower_bound":1499.8036394924586,"upper_bound":1999.87088530394},"point_estimate":1754.7182803811183,"standard_error":127.54396773169341}}