{"mean":{"confidence_interval":{"confidence_level":0.95,"lower_bound":0.09126920427690766,"upper_bound":0.11941634856952967},"point_estimate":0.1078944637732242,"standard_error":0.0074062714276768886},"median":{"confidence_interval":{"confidence_level":0.95,"lower_bound":0.11170740454353334,"upper_bound":0.11655270027590307},"point_estimate":0.1144258369748763,"standard_error":0.0011896704589578044}}