{"mean":{"confidence_interval":{"confidence_level":0.95,"lower_bound":-0.0025040461740960056,"upper_bound":0.006675399144267074},"point_estimate":0.0021987441271229535,"standard_error":0.002339792321443778},"median":{"confidence_interval":{"confidence_level":0.95,"lower_bound":-0.0009918437578682049,"upper_bound":0.008648352517075075},"point_estimate":0.002262597843858627,"standard_error":0.002548362906847262}}