{"mean":{"confidence_interval":{"confidence_level":0.95,"lower_bound":0.08885291053883848,"upper_bound":0.10760695657360624},"point_estimate":0.09758331596686709,"standard_error":0.004666611343236352},"median":{"confidence_interval":{"confidence_level":0.95,"lower_bound":0.08396521726744566,"upper_bound":0.09363060179550087},"point_estimate":0.087517788581563,"standard_error":0.002451246407396181}}