{"mean":{"confidence_interval":{"confidence_level":0.95,"lower_bound":468322.202155482,"upper_bound":470194.0713020812},"point_estimate":469251.2972624167,"standard_error":476.4334801888372},"median":{"confidence_interval":{"confidence_level":0.95,"lower_bound":467894.6288874491,"upper_bound":470549.19545990566},"point_estimate":469349.02920190274,"standard_error":815.1495969975734},"median_abs_dev":{"confidence_interval":{"confidence_level":0.95,"lower_bound":3591.6559621613574,"upper_bound":5450.311453744108},"point_estimate":4638.056748944488,"standard_error":467.27197416552343},"slope":{"confidence_interval":{"confidence_level":0.95,"lower_bound":467651.4959104619,"upper_bound":469192.813801789},"point_estimate":468394.3250805379,"standard_error":391.86719800657943},"std_dev":{"confidence_interval":{"confidence_level":0.95,"lower_bound":3920.772923026233,"upper_bound":5607.495570859127},"point_estimate":4780.717389991746,"standard_error":430.39299246668537}}