{"mean":{"confidence_interval":{"confidence_level":0.95,"lower_bound":5872328.87934375,"upper_bound":5891449.8941875},"point_estimate":5880168.135,"standard_error":4972.200892165661},"median":{"confidence_interval":{"confidence_level":0.95,"lower_bound":5866981.625,"upper_bound":5878403.9375},"point_estimate":5873462.1875,"standard_error":2840.021571973923},"median_abs_dev":{"confidence_interval":{"confidence_level":0.95,"lower_bound":18367.467761412263,"upper_bound":29324.90085437894},"point_estimate":24702.895436435938,"standard_error":2752.1632370432276},"slope":null,"std_dev":{"confidence_interval":{"confidence_level":0.95,"lower_bound":20545.525952043954,"upper_bound":79720.85602434071},"point_estimate":49880.910792735536,"standard_error":19530.72800357824}}