{"mean":{"confidence_interval":{"confidence_level":0.95,"lower_bound":6168452.16225,"upper_bound":6224071.42853125},"point_estimate":6190190.37125,"standard_error":14718.916299475108},"median":{"confidence_interval":{"confidence_level":0.95,"lower_bound":6161921.75,"upper_bound":6177852.625},"point_estimate":6172105.0,"standard_error":3802.295484818199},"median_abs_dev":{"confidence_interval":{"confidence_level":0.95,"lower_bound":18815.954253450036,"upper_bound":34392.14957691729},"point_estimate":26052.246737480164,"standard_error":3888.465230098133},"slope":null,"std_dev":{"confidence_interval":{"confidence_level":0.95,"lower_bound":25234.72695654981,"upper_bound":243224.8228725883},"point_estimate":147852.6400068262,"standard_error":64694.90343344131}}