{"mean":{"confidence_interval":{"confidence_level":0.95,"lower_bound":228446.4472686387,"upper_bound":229911.1020865144},"point_estimate":229141.8323142648,"standard_error":374.2757056492321},"median":{"confidence_interval":{"confidence_level":0.95,"lower_bound":228331.6680851064,"upper_bound":229207.59944805194},"point_estimate":228876.4592281049,"standard_error":217.9186720733323},"median_abs_dev":{"confidence_interval":{"confidence_level":0.95,"lower_bound":1519.1564720039585,"upper_bound":2511.0076917843235},"point_estimate":1919.8293218574336,"standard_error":267.4143698078118},"slope":{"confidence_interval":{"confidence_level":0.95,"lower_bound":228758.42604015188,"upper_bound":229621.58262538371},"point_estimate":229171.23837978425,"standard_error":220.28515681196905},"std_dev":{"confidence_interval":{"confidence_level":0.95,"lower_bound":2457.819822964707,"upper_bound":4909.739827574319},"point_estimate":3752.1328979758314,"standard_error":629.8015982647694}}