{"mean":{"confidence_interval":{"confidence_level":0.95,"lower_bound":252693.7332859401,"upper_bound":253534.3413629747},"point_estimate":253118.1312018825,"standard_error":214.3296807677114},"median":{"confidence_interval":{"confidence_level":0.95,"lower_bound":252657.99137931035,"upper_bound":253457.925},"point_estimate":253037.6292293233,"standard_error":226.8212664389438},"median_abs_dev":{"confidence_interval":{"confidence_level":0.95,"lower_bound":1185.5623547318062,"upper_bound":1885.3629101327701},"point_estimate":1569.2903474681302,"standard_error":181.38274937744802},"slope":{"confidence_interval":{"confidence_level":0.95,"lower_bound":252951.00963669145,"upper_bound":253612.83966149137},"point_estimate":253282.86496601152,"standard_error":168.494993509855},"std_dev":{"confidence_interval":{"confidence_level":0.95,"lower_bound":1612.395102351117,"upper_bound":2672.8635678904},"point_estimate":2151.89596098663,"standard_error":271.5508063235932}}