{"mean":{"confidence_interval":{"confidence_level":0.95,"lower_bound":438802.05688616383,"upper_bound":440296.91165495315},"point_estimate":439493.03309666197,"standard_error":382.0833716777963},"median":{"confidence_interval":{"confidence_level":0.95,"lower_bound":438346.6736111111,"upper_bound":439656.7863247863},"point_estimate":439017.7545990566,"standard_error":323.66812112575735},"median_abs_dev":{"confidence_interval":{"confidence_level":0.95,"lower_bound":1786.1380292588867,"upper_bound":2806.415231280211},"point_estimate":2269.429456471964,"standard_error":265.61616807280114},"slope":{"confidence_interval":{"confidence_level":0.95,"lower_bound":438734.97679255897,"upper_bound":439679.21432456153},"point_estimate":439198.91028126696,"standard_error":240.53836727983693},"std_dev":{"confidence_interval":{"confidence_level":0.95,"lower_bound":2234.6993195684972,"upper_bound":5302.758599942257},"point_estimate":3841.9295840153895,"standard_error":805.4224087571379}}