{"mean":{"confidence_interval":{"confidence_level":0.95,"lower_bound":455141.033061051,"upper_bound":457734.3128311395},"point_estimate":456321.0906452829,"standard_error":664.1085713135602},"median":{"confidence_interval":{"confidence_level":0.95,"lower_bound":454302.68004742544,"upper_bound":455785.08974358975},"point_estimate":454787.7914859438,"standard_error":366.8133306605215},"median_abs_dev":{"confidence_interval":{"confidence_level":0.95,"lower_bound":1916.8248648331846,"upper_bound":3942.8634517641135},"point_estimate":2781.769383947016,"standard_error":513.2322584516312},"slope":{"confidence_interval":{"confidence_level":0.95,"lower_bound":455306.2286404337,"upper_bound":459937.0432050964},"point_estimate":457188.0437801094,"standard_error":1219.3257771952774},"std_dev":{"confidence_interval":{"confidence_level":0.95,"lower_bound":3938.8370287481875,"upper_bound":9684.365199303564},"point_estimate":6692.175297650092,"standard_error":1678.524258614333}}