{"mean":{"confidence_interval":{"confidence_level":0.95,"lower_bound":248433.01200412097,"upper_bound":250523.67613255556},"point_estimate":249358.47371884927,"standard_error":537.1955135213997},"median":{"confidence_interval":{"confidence_level":0.95,"lower_bound":248253.40476190476,"upper_bound":249409.66527777776},"point_estimate":248778.82275641026,"standard_error":271.16345107412815},"median_abs_dev":{"confidence_interval":{"confidence_level":0.95,"lower_bound":1510.7778439977612,"upper_bound":2875.1099916128614},"point_estimate":2176.801267291557,"standard_error":340.45602312389144},"slope":{"confidence_interval":{"confidence_level":0.95,"lower_bound":248554.58839813792,"upper_bound":250469.5179362075},"point_estimate":249325.6885037683,"standard_error":502.8204801143514},"std_dev":{"confidence_interval":{"confidence_level":0.95,"lower_bound":2543.410949991185,"upper_bound":8149.373897205679},"point_estimate":5413.502903798854,"standard_error":1534.0351976241554}}