{"mean":{"confidence_interval":{"confidence_level":0.95,"lower_bound":256741.82033083797,"upper_bound":259783.65622222266},"point_estimate":258119.51802251392,"standard_error":782.5502264536067},"median":{"confidence_interval":{"confidence_level":0.95,"lower_bound":255431.08673469388,"upper_bound":256272.48456790124},"point_estimate":255869.90150093808,"standard_error":216.3358396964281},"median_abs_dev":{"confidence_interval":{"confidence_level":0.95,"lower_bound":1176.5660771358125,"upper_bound":2181.82728318204},"point_estimate":1371.944382191393,"standard_error":247.68187102387554},"slope":{"confidence_interval":{"confidence_level":0.95,"lower_bound":255525.9017562146,"upper_bound":256115.25519857602},"point_estimate":255816.96163883552,"standard_error":150.11282853240135},"std_dev":{"confidence_interval":{"confidence_level":0.95,"lower_bound":4435.352159129291,"upper_bound":10837.721140300817},"point_estimate":7876.089391111823,"standard_error":1643.317244634246}}