{"mean":{"confidence_interval":{"confidence_level":0.95,"lower_bound":193012.19369898943,"upper_bound":193971.33871603064},"point_estimate":193429.71669808665,"standard_error":246.84041197320371},"median":{"confidence_interval":{"confidence_level":0.95,"lower_bound":192836.6742332136,"upper_bound":193387.07551020407},"point_estimate":193023.49393939396,"standard_error":125.73042876133896},"median_abs_dev":{"confidence_interval":{"confidence_level":0.95,"lower_bound":854.5300536804117,"upper_bound":1419.2957632255184},"point_estimate":1149.2260735971631,"standard_error":150.37637291527992},"slope":{"confidence_interval":{"confidence_level":0.95,"lower_bound":192814.13983844695,"upper_bound":193349.8784217679},"point_estimate":193080.98124604698,"standard_error":136.57633771626624},"std_dev":{"confidence_interval":{"confidence_level":0.95,"lower_bound":1170.0670847362508,"upper_bound":3797.9177657124696},"point_estimate":2474.6473159762536,"standard_error":774.0273590107132}}