{"mean":{"confidence_interval":{"confidence_level":0.95,"lower_bound":261592.20776341975,"upper_bound":262697.4845737597},"point_estimate":262131.0403159345,"standard_error":281.12692991455265},"median":{"confidence_interval":{"confidence_level":0.95,"lower_bound":261608.7341008772,"upper_bound":262396.6844312602},"point_estimate":262154.00045518205,"standard_error":203.94462371192103},"median_abs_dev":{"confidence_interval":{"confidence_level":0.95,"lower_bound":1618.2446816042036,"upper_bound":2876.4666658586602},"point_estimate":2124.497089581501,"standard_error":309.32059860396146},"slope":{"confidence_interval":{"confidence_level":0.95,"lower_bound":261694.8155966877,"upper_bound":262755.442693178},"point_estimate":262210.2109420718,"standard_error":270.6335345572685},"std_dev":{"confidence_interval":{"confidence_level":0.95,"lower_bound":2118.183553303136,"upper_bound":3619.481056202146},"point_estimate":2823.9744514181943,"standard_error":396.4624579616547}}