{"mean":{"confidence_interval":{"confidence_level":0.95,"lower_bound":237619.75006249011,"upper_bound":239629.65041414404},"point_estimate":238639.54235101643,"standard_error":512.5413973514028},"median":{"confidence_interval":{"confidence_level":0.95,"lower_bound":238577.96068548388,"upper_bound":240175.6116666667},"point_estimate":239142.20843545752,"standard_error":422.3265559128375},"median_abs_dev":{"confidence_interval":{"confidence_level":0.95,"lower_bound":2497.192555665941,"upper_bound":4002.180875100934},"point_estimate":3097.385317822931,"standard_error":389.0283416196893},"slope":{"confidence_interval":{"confidence_level":0.95,"lower_bound":235379.3568054908,"upper_bound":238532.22772762313},"point_estimate":236960.38307521798,"standard_error":806.5064557844119},"std_dev":{"confidence_interval":{"confidence_level":0.95,"lower_bound":4130.148780174512,"upper_bound":6045.472705626168},"point_estimate":5150.598613737857,"standard_error":488.9283781004861}}