{"mean":{"confidence_interval":{"confidence_level":0.95,"lower_bound":447673.42694073473,"upper_bound":449269.61885250855},"point_estimate":448402.77714966185,"standard_error":407.1945855218898},"median":{"confidence_interval":{"confidence_level":0.95,"lower_bound":447361.61904761905,"upper_bound":448677.1439393939},"point_estimate":448001.5955882353,"standard_error":322.21468681265424},"median_abs_dev":{"confidence_interval":{"confidence_level":0.95,"lower_bound":1922.390505672176,"upper_bound":3123.1712278412147},"point_estimate":2392.522178516866,"standard_error":310.5556046949331},"slope":{"confidence_interval":{"confidence_level":0.95,"lower_bound":447969.22945811576,"upper_bound":449435.18277299136},"point_estimate":448706.80163735774,"standard_error":374.74973046850823},"std_dev":{"confidence_interval":{"confidence_level":0.95,"lower_bound":2363.7726505454457,"upper_bound":5974.251237985883},"point_estimate":4089.641325340568,"standard_error":1047.6257942632508}}