{"mean":{"confidence_interval":{"confidence_level":0.95,"lower_bound":305867.302161528,"upper_bound":311462.64919376187},"point_estimate":308451.07673987676,"standard_error":1430.8514320541854},"median":{"confidence_interval":{"confidence_level":0.95,"lower_bound":303032.00263157894,"upper_bound":305859.38890243904},"point_estimate":304396.5262820513,"standard_error":846.5328573031619},"median_abs_dev":{"confidence_interval":{"confidence_level":0.95,"lower_bound":4314.882974335937,"upper_bound":8505.910898398339},"point_estimate":5718.900204579407,"standard_error":1087.8804760520245},"slope":{"confidence_interval":{"confidence_level":0.95,"lower_bound":303916.32470349624,"upper_bound":308354.99267667724},"point_estimate":305922.25765775086,"standard_error":1133.6926972594654},"std_dev":{"confidence_interval":{"confidence_level":0.95,"lower_bound":8538.147709079934,"upper_bound":19481.593307553194},"point_estimate":14362.040493786215,"standard_error":2823.267048789625}}