{"mean":{"confidence_interval":{"confidence_level":0.95,"lower_bound":2815661.604566667,"upper_bound":2819247.6382833323},"point_estimate":2817298.2266666675,"standard_error":917.5218841692591},"median":{"confidence_interval":{"confidence_level":0.95,"lower_bound":2814886.533333333,"upper_bound":2818590.6},"point_estimate":2816925.0,"standard_error":881.405945659954},"median_abs_dev":{"confidence_interval":{"confidence_level":0.95,"lower_bound":5162.363688349563,"upper_bound":7852.285592094639},"point_estimate":6527.344064116432,"standard_error":663.723810824997},"slope":null,"std_dev":{"confidence_interval":{"confidence_level":0.95,"lower_bound":5733.33221226774,"upper_bound":13232.676127441211},"point_estimate":9252.100973356784,"standard_error":2186.8131291447417}}