{"mean":{"confidence_interval":{"confidence_level":0.95,"lower_bound":417212.4704033504,"upper_bound":419068.77425090055},"point_estimate":418091.86943754,"standard_error":473.60396811369947},"median":{"confidence_interval":{"confidence_level":0.95,"lower_bound":417113.3958333333,"upper_bound":418239.5848924526},"point_estimate":417745.58166666667,"standard_error":288.81561828590947},"median_abs_dev":{"confidence_interval":{"confidence_level":0.95,"lower_bound":2002.4476873429437,"upper_bound":3876.9742542489275},"point_estimate":2733.563444509946,"standard_error":479.20159576797005},"slope":{"confidence_interval":{"confidence_level":0.95,"lower_bound":417212.4465021435,"upper_bound":418657.14123302826},"point_estimate":417903.27333234815,"standard_error":368.38893242081025},"std_dev":{"confidence_interval":{"confidence_level":0.95,"lower_bound":3314.2943535804598,"upper_bound":6307.673277942335},"point_estimate":4751.190516204396,"standard_error":799.795290244641}}