{"mean":{"confidence_interval":{"confidence_level":0.95,"lower_bound":412618.96105868486,"upper_bound":414970.7989510069},"point_estimate":413603.50184832735,"standard_error":609.9801538574566},"median":{"confidence_interval":{"confidence_level":0.95,"lower_bound":412265.7999778369,"upper_bound":413295.33722222224},"point_estimate":412628.676923077,"standard_error":247.83908888459985},"median_abs_dev":{"confidence_interval":{"confidence_level":0.95,"lower_bound":1541.029618795179,"upper_bound":2682.5066804485596},"point_estimate":2055.739132269862,"standard_error":277.46495371322317},"slope":{"confidence_interval":{"confidence_level":0.95,"lower_bound":412624.06460738136,"upper_bound":417320.87699356436},"point_estimate":414321.148068568,"standard_error":1300.7665383950098},"std_dev":{"confidence_interval":{"confidence_level":0.95,"lower_bound":2274.4155389628722,"upper_bound":9690.942526369457},"point_estimate":6098.777244148919,"standard_error":2222.5125831961127}}