{"mean":{"confidence_interval":{"confidence_level":0.95,"lower_bound":504343.4475732354,"upper_bound":506338.32050896285},"point_estimate":505247.228104941,"standard_error":508.06430681687306},"median":{"confidence_interval":{"confidence_level":0.95,"lower_bound":504203.7291666667,"upper_bound":505758.68888888886},"point_estimate":504992.93814363144,"standard_error":350.3446957181036},"median_abs_dev":{"confidence_interval":{"confidence_level":0.95,"lower_bound":2697.5298630767466,"upper_bound":3986.358382191243},"point_estimate":3399.3296567985044,"standard_error":314.33733325019796},"slope":{"confidence_interval":{"confidence_level":0.95,"lower_bound":504599.90382173104,"upper_bound":505925.0709592936},"point_estimate":505239.01949608396,"standard_error":337.59990958411976},"std_dev":{"confidence_interval":{"confidence_level":0.95,"lower_bound":3009.378312273144,"upper_bound":7474.30008689776},"point_estimate":5113.241563741315,"standard_error":1329.1601319462761}}