{"mean":{"confidence_interval":{"confidence_level":0.95,"lower_bound":-0.052114273765976764,"upper_bound":-0.04485597073463439},"point_estimate":-0.04842692646520996,"standard_error":0.0018517330456951865},"median":{"confidence_interval":{"confidence_level":0.95,"lower_bound":-0.04877205236862847,"upper_bound":-0.043987048705855784},"point_estimate":-0.04685075509226366,"standard_error":0.0012740431684588973}}