{"mean":{"confidence_interval":{"confidence_level":0.95,"lower_bound":0.03634229446147332,"upper_bound":0.042697950641393916},"point_estimate":0.03974154408892705,"standard_error":0.0016209828629708378},"median":{"confidence_interval":{"confidence_level":0.95,"lower_bound":0.03608898070322497,"upper_bound":0.04303866876649068},"point_estimate":0.040177090253088465,"standard_error":0.0017186305160888716}}