{"mean":{"confidence_interval":{"confidence_level":0.95,"lower_bound":-0.020429781176948738,"upper_bound":-0.009267729104060318},"point_estimate":-0.015052958765010671,"standard_error":0.0028336886497829445},"median":{"confidence_interval":{"confidence_level":0.95,"lower_bound":-0.02283745589291925,"upper_bound":-0.013273939945158108},"point_estimate":-0.019414425148689407,"standard_error":0.002467095539313014}}