{"mean":{"confidence_interval":{"confidence_level":0.95,"lower_bound":2052739.2574749994,"upper_bound":2055055.3828500006},"point_estimate":2053892.3190000006,"standard_error":591.0809928011597},"median":{"confidence_interval":{"confidence_level":0.95,"lower_bound":2052462.0499999998,"upper_bound":2055824.95},"point_estimate":2053886.925,"standard_error":855.1297896275127},"median_abs_dev":{"confidence_interval":{"confidence_level":0.95,"lower_bound":4566.630308926313,"upper_bound":7350.656539499863},"point_estimate":6145.636345893041,"standard_error":659.4732853765153},"slope":null,"std_dev":{"confidence_interval":{"confidence_level":0.95,"lower_bound":5034.56797528724,"upper_bound":6833.364671758578},"point_estimate":5941.922030343869,"standard_error":461.76769892031166}}