{"mean":{"confidence_interval":{"confidence_level":0.95,"lower_bound":1603080.0142374998,"upper_bound":1624219.5436750003},"point_estimate":1613006.4065000003,"standard_error":5400.985536222163},"median":{"confidence_interval":{"confidence_level":0.95,"lower_bound":1590411.0,"upper_bound":1596049.2},"point_estimate":1592538.4,"standard_error":1363.6239187842718},"median_abs_dev":{"confidence_interval":{"confidence_level":0.95,"lower_bound":10398.21491539461,"upper_bound":19061.602536588907},"point_estimate":13169.639046192066,"standard_error":2482.923690436212},"slope":null,"std_dev":{"confidence_interval":{"confidence_level":0.95,"lower_bound":38506.10741811221,"upper_bound":67871.39865363833},"point_estimate":54339.78417792498,"standard_error":7480.966763653636}}