{"mean":{"confidence_interval":{"confidence_level":0.95,"lower_bound":1759460.7703863638,"upper_bound":1762024.3380454548},"point_estimate":1760741.5427272727,"standard_error":654.2284197222004},"median":{"confidence_interval":{"confidence_level":0.95,"lower_bound":1758632.5,"upper_bound":1761704.0},"point_estimate":1760077.6590909092,"standard_error":860.345887006208},"median_abs_dev":{"confidence_interval":{"confidence_level":0.95,"lower_bound":4286.466087536127,"upper_bound":7593.23685155664},"point_estimate":5354.544586756059,"standard_error":845.4249785910627},"slope":null,"std_dev":{"confidence_interval":{"confidence_level":0.95,"lower_bound":5626.6797344277875,"upper_bound":7428.812190928928},"point_estimate":6575.258687343438,"standard_error":460.0433804832925}}