{"mean":{"confidence_interval":{"confidence_level":0.95,"lower_bound":247491.26201284298,"upper_bound":248775.4708848139},"point_estimate":248080.23684997408,"standard_error":328.01067407662623},"median":{"confidence_interval":{"confidence_level":0.95,"lower_bound":247497.0105633803,"upper_bound":248132.32247899158},"point_estimate":247785.99607843137,"standard_error":162.41780273382204},"median_abs_dev":{"confidence_interval":{"confidence_level":0.95,"lower_bound":1355.5668163185003,"upper_bound":2301.7078837066297},"point_estimate":1908.650924075193,"standard_error":236.19763911879693},"slope":{"confidence_interval":{"confidence_level":0.95,"lower_bound":247830.93972815503,"upper_bound":248555.39273915958},"point_estimate":248194.89476725284,"standard_error":184.8346565586188},"std_dev":{"confidence_interval":{"confidence_level":0.95,"lower_bound":1916.5453692372405,"upper_bound":4682.040354487989},"point_estimate":3292.45864749471,"standard_error":735.9355550383283}}