{"mean":{"confidence_interval":{"confidence_level":0.95,"lower_bound":242215.92796411781,"upper_bound":243154.6008575318},"point_estimate":242665.3083436032,"standard_error":238.46872483487476},"median":{"confidence_interval":{"confidence_level":0.95,"lower_bound":242039.5391025641,"upper_bound":242754.36923076923},"point_estimate":242424.9546897547,"standard_error":204.89090474022353},"median_abs_dev":{"confidence_interval":{"confidence_level":0.95,"lower_bound":1127.2529228335945,"upper_bound":1758.7873827147043},"point_estimate":1432.0470103326047,"standard_error":149.06887658639843},"slope":{"confidence_interval":{"confidence_level":0.95,"lower_bound":242131.8519360374,"upper_bound":242840.4517838123},"point_estimate":242481.91180493572,"standard_error":180.9325343440242},"std_dev":{"confidence_interval":{"confidence_level":0.95,"lower_bound":1672.854019739046,"upper_bound":3162.2072417138147},"point_estimate":2398.3352289539794,"standard_error":392.2686755612307}}