{"mean":{"confidence_interval":{"confidence_level":0.95,"lower_bound":306955.2633137002,"upper_bound":307821.0207215078},"point_estimate":307381.62618813815,"standard_error":220.36913628364115},"median":{"confidence_interval":{"confidence_level":0.95,"lower_bound":306874.2680722892,"upper_bound":307673.90084773937},"point_estimate":307241.3876590668,"standard_error":222.46081168031344},"median_abs_dev":{"confidence_interval":{"confidence_level":0.95,"lower_bound":1422.853727459196,"upper_bound":2321.0241789038605},"point_estimate":1832.5994674648434,"standard_error":226.75936093107416},"slope":{"confidence_interval":{"confidence_level":0.95,"lower_bound":307703.7307492418,"upper_bound":308484.81043987075},"point_estimate":308098.13153834786,"standard_error":198.81320245107943},"std_dev":{"confidence_interval":{"confidence_level":0.95,"lower_bound":1777.0199689352414,"upper_bound":2639.2246984228714},"point_estimate":2213.937162909181,"standard_error":220.429818591053}}