{"mean":{"confidence_interval":{"confidence_level":0.95,"lower_bound":272970.8494766576,"upper_bound":273696.855435549},"point_estimate":273321.3723980994,"standard_error":185.6607826781035},"median":{"confidence_interval":{"confidence_level":0.95,"lower_bound":272649.48554421763,"upper_bound":273551.87903225806},"point_estimate":273079.20840468036,"standard_error":239.97000870217954},"median_abs_dev":{"confidence_interval":{"confidence_level":0.95,"lower_bound":1222.2047309869652,"upper_bound":1964.6355851207757},"point_estimate":1474.4937797729729,"standard_error":191.42407979282854},"slope":{"confidence_interval":{"confidence_level":0.95,"lower_bound":272518.01498586126,"upper_bound":273102.9028207234},"point_estimate":272804.1577877937,"standard_error":148.79689454438395},"std_dev":{"confidence_interval":{"confidence_level":0.95,"lower_bound":1443.084844733895,"upper_bound":2322.030312139018},"point_estimate":1862.6979409413407,"standard_error":231.10567841037326}}