{"mean":{"confidence_interval":{"confidence_level":0.95,"lower_bound":316767.3813416017,"upper_bound":318571.3347036728},"point_estimate":317602.03960573935,"standard_error":460.0067409641416},"median":{"confidence_interval":{"confidence_level":0.95,"lower_bound":316768.92916666664,"upper_bound":317918.6268726592},"point_estimate":317172.85882867133,"standard_error":339.5427738106789},"median_abs_dev":{"confidence_interval":{"confidence_level":0.95,"lower_bound":2026.5219271339517,"upper_bound":3679.630129861276},"point_estimate":3116.4951987948803,"standard_error":417.9137537015702},"slope":{"confidence_interval":{"confidence_level":0.95,"lower_bound":316678.97182096355,"upper_bound":317694.3816722298},"point_estimate":317177.8950073888,"standard_error":257.80264050900183},"std_dev":{"confidence_interval":{"confidence_level":0.95,"lower_bound":2744.985008330654,"upper_bound":6733.235991810956},"point_estimate":4640.700548327315,"standard_error":1139.5980715873607}}