{"mean":{"confidence_interval":{"confidence_level":0.95,"lower_bound":332335.4531338866,"upper_bound":333536.1957532869},"point_estimate":332915.1701679427,"standard_error":307.05947440407044},"median":{"confidence_interval":{"confidence_level":0.95,"lower_bound":331601.39015151514,"upper_bound":333022.72},"point_estimate":332279.1233075435,"standard_error":339.07180267256086},"median_abs_dev":{"confidence_interval":{"confidence_level":0.95,"lower_bound":1888.8594103940225,"upper_bound":3299.2146103558284},"point_estimate":2545.004379407288,"standard_error":359.6012580134741},"slope":{"confidence_interval":{"confidence_level":0.95,"lower_bound":332566.63747033535,"upper_bound":334184.4537515516},"point_estimate":333406.67553322494,"standard_error":412.7404140161874},"std_dev":{"confidence_interval":{"confidence_level":0.95,"lower_bound":2354.6535560866087,"upper_bound":3965.079976628997},"point_estimate":3090.8877479500443,"standard_error":442.08081060462735}}