{"mean":{"confidence_interval":{"confidence_level":0.95,"lower_bound":296908.7355583451,"upper_bound":298055.6791679624},"point_estimate":297481.3901296243,"standard_error":293.5231026822372},"median":{"confidence_interval":{"confidence_level":0.95,"lower_bound":296772.7708333333,"upper_bound":298046.30108173075},"point_estimate":297539.09338061465,"standard_error":320.78436731896926},"median_abs_dev":{"confidence_interval":{"confidence_level":0.95,"lower_bound":1790.3526695824492,"upper_bound":3022.5918391857776},"point_estimate":2423.397719210149,"standard_error":318.61975279891885},"slope":{"confidence_interval":{"confidence_level":0.95,"lower_bound":297406.63733159594,"upper_bound":298532.1308162524},"point_estimate":297955.36363627407,"standard_error":287.3917697139031},"std_dev":{"confidence_interval":{"confidence_level":0.95,"lower_bound":2417.9417718181935,"upper_bound":3446.020581820445},"point_estimate":2951.4932545002034,"standard_error":262.5292383013963}}