{"mean":{"confidence_interval":{"confidence_level":0.95,"lower_bound":2028.0227639083434,"upper_bound":2034.7980375885716},"point_estimate":2030.8156363725714,"standard_error":1.754263473199977},"median":{"confidence_interval":{"confidence_level":0.95,"lower_bound":2027.564159148439,"upper_bound":2030.70100118785},"point_estimate":2028.9743574937183,"standard_error":0.7439253710265483},"median_abs_dev":{"confidence_interval":{"confidence_level":0.95,"lower_bound":4.6317777903566935,"upper_bound":8.365411813047428},"point_estimate":6.469342520556108,"standard_error":0.9201149300539332},"slope":{"confidence_interval":{"confidence_level":0.95,"lower_bound":2030.8022073310315,"upper_bound":2033.7963328928458},"point_estimate":2032.2347452707972,"standard_error":0.7647820928054947},"std_dev":{"confidence_interval":{"confidence_level":0.95,"lower_bound":6.920726451389463,"upper_bound":28.022316051718583},"point_estimate":17.65031052546025,"standard_error":6.546470830895266}}