{"mean":{"confidence_interval":{"confidence_level":0.95,"lower_bound":277586.27978939156,"upper_bound":278536.56640682614},"point_estimate":278078.1568578331,"standard_error":242.301989299366},"median":{"confidence_interval":{"confidence_level":0.95,"lower_bound":277677.33978873235,"upper_bound":278322.7908698694},"point_estimate":278131.60162898933,"standard_error":170.61439789142344},"median_abs_dev":{"confidence_interval":{"confidence_level":0.95,"lower_bound":1180.7427893446488,"upper_bound":2005.888304460158},"point_estimate":1463.348951208109,"standard_error":219.57074234508192},"slope":{"confidence_interval":{"confidence_level":0.95,"lower_bound":277974.96618848597,"upper_bound":278643.4218242112},"point_estimate":278301.00975543074,"standard_error":170.28626993711043},"std_dev":{"confidence_interval":{"confidence_level":0.95,"lower_bound":1608.293527184918,"upper_bound":3230.2950233120328},"point_estimate":2422.7803280759745,"standard_error":422.5431562304305}}