{"mean":{"confidence_interval":{"confidence_level":0.95,"lower_bound":283582.8109381745,"upper_bound":285074.3665628018},"point_estimate":284225.5083607318,"standard_error":384.28487062518286},"median":{"confidence_interval":{"confidence_level":0.95,"lower_bound":282941.89197530865,"upper_bound":283966.2083333333},"point_estimate":283513.7304292929,"standard_error":281.70820595552703},"median_abs_dev":{"confidence_interval":{"confidence_level":0.95,"lower_bound":1302.854812383644,"upper_bound":2232.4201448666277},"point_estimate":1846.0652183494117,"standard_error":235.7445719358718},"slope":{"confidence_interval":{"confidence_level":0.95,"lower_bound":283318.0046224195,"upper_bound":284408.630394592},"point_estimate":283801.6810484705,"standard_error":278.5079121381551},"std_dev":{"confidence_interval":{"confidence_level":0.95,"lower_bound":1789.7533122506286,"upper_bound":5898.374695043352},"point_estimate":3848.6790668220574,"standard_error":1200.5601876534738}}