{"mean":{"confidence_interval":{"confidence_level":0.95,"lower_bound":736554.9768745716,"upper_bound":739445.3783348285},"point_estimate":737745.9140144114,"standard_error":754.6372129457369},"median":{"confidence_interval":{"confidence_level":0.95,"lower_bound":736572.4651709402,"upper_bound":738137.1016666667},"point_estimate":737207.3307794803,"standard_error":362.75909624253455},"median_abs_dev":{"confidence_interval":{"confidence_level":0.95,"lower_bound":2298.456206694211,"upper_bound":3480.7757823677457},"point_estimate":3032.7202507585307,"standard_error":302.08489313959853},"slope":{"confidence_interval":{"confidence_level":0.95,"lower_bound":737094.8735928312,"upper_bound":738109.0934085228},"point_estimate":737609.2337682872,"standard_error":258.42436079001556},"std_dev":{"confidence_interval":{"confidence_level":0.95,"lower_bound":2790.906079669791,"upper_bound":12225.024232125117},"point_estimate":7560.526559243286,"standard_error":3019.0001084527084}}