{"mean":{"confidence_interval":{"confidence_level":0.95,"lower_bound":678381.2287535982,"upper_bound":680310.0884629111},"point_estimate":679311.6998741099,"standard_error":494.1346754602184},"median":{"confidence_interval":{"confidence_level":0.95,"lower_bound":677401.2444444444,"upper_bound":679089.5729166666},"point_estimate":678473.6300309597,"standard_error":423.3332476122649},"median_abs_dev":{"confidence_interval":{"confidence_level":0.95,"lower_bound":2626.247591262317,"upper_bound":4351.537275887553},"point_estimate":3407.9900067302706,"standard_error":446.41847461707374},"slope":{"confidence_interval":{"confidence_level":0.95,"lower_bound":678367.3919612196,"upper_bound":680505.3485048302},"point_estimate":679348.2769321708,"standard_error":547.0677346628974},"std_dev":{"confidence_interval":{"confidence_level":0.95,"lower_bound":3796.8756923288797,"upper_bound":5994.095648328962},"point_estimate":4969.809146085493,"standard_error":561.3642484046123}}