{"mean":{"confidence_interval":{"confidence_level":0.95,"lower_bound":228587.9889106361,"upper_bound":229599.59354600744},"point_estimate":229059.07182259648,"standard_error":258.02148658864746},"median":{"confidence_interval":{"confidence_level":0.95,"lower_bound":228552.10899107755,"upper_bound":228982.69825581397},"point_estimate":228794.20757314976,"standard_error":109.19005257580723},"median_abs_dev":{"confidence_interval":{"confidence_level":0.95,"lower_bound":1042.1142627039,"upper_bound":1793.6496908936756},"point_estimate":1411.4318598928542,"standard_error":181.65329184776076},"slope":{"confidence_interval":{"confidence_level":0.95,"lower_bound":228761.2269017576,"upper_bound":229445.23854231788},"point_estimate":229105.18664046106,"standard_error":174.20229758601835},"std_dev":{"confidence_interval":{"confidence_level":0.95,"lower_bound":1415.9428404010287,"upper_bound":3830.1835223767553},"point_estimate":2594.741482982159,"standard_error":663.0426628014526}}