{"mean":{"confidence_interval":{"confidence_level":0.95,"lower_bound":222859.194635063,"upper_bound":224421.69456024183},"point_estimate":223570.90234810754,"standard_error":398.25888176278687},"median":{"confidence_interval":{"confidence_level":0.95,"lower_bound":222301.61714285714,"upper_bound":223834.5947171717},"point_estimate":223278.65512091038,"standard_error":428.26389603933035},"median_abs_dev":{"confidence_interval":{"confidence_level":0.95,"lower_bound":1992.8660116832323,"upper_bound":3121.5049503514388},"point_estimate":2578.3453502897482,"standard_error":284.54072238333947},"slope":{"confidence_interval":{"confidence_level":0.95,"lower_bound":222802.88102910557,"upper_bound":223705.09100072528},"point_estimate":223253.46456805084,"standard_error":230.1592927659518},"std_dev":{"confidence_interval":{"confidence_level":0.95,"lower_bound":2282.3156301863837,"upper_bound":5831.2773845252905},"point_estimate":3985.027663989739,"standard_error":1028.862572942269}}