{"mean":{"confidence_interval":{"confidence_level":0.95,"lower_bound":639182.7824005004,"upper_bound":640858.0376177371},"point_estimate":639935.4036506608,"standard_error":428.60884787563583},"median":{"confidence_interval":{"confidence_level":0.95,"lower_bound":638616.4468085107,"upper_bound":639986.361764706},"point_estimate":639305.1754445964,"standard_error":343.04336109758316},"median_abs_dev":{"confidence_interval":{"confidence_level":0.95,"lower_bound":1591.705007176901,"upper_bound":2647.934593628057},"point_estimate":2136.5250564747134,"standard_error":270.4696493499574},"slope":{"confidence_interval":{"confidence_level":0.95,"lower_bound":639248.0862066686,"upper_bound":641993.5945745914},"point_estimate":640328.63,"standard_error":728.1571173865267},"std_dev":{"confidence_interval":{"confidence_level":0.95,"lower_bound":2117.5869357834054,"upper_bound":6308.78171884271},"point_estimate":4298.459655859839,"standard_error":1118.2996384015778}}