{"mean":{"confidence_interval":{"confidence_level":0.95,"lower_bound":2059924.6949400003,"upper_bound":2077717.6188900005},"point_estimate":2068754.594,"standard_error":4541.042653385335},"median":{"confidence_interval":{"confidence_level":0.95,"lower_bound":2056831.96,"upper_bound":2078577.68},"point_estimate":2067119.22,"standard_error":5971.07187092198},"median_abs_dev":{"confidence_interval":{"confidence_level":0.95,"lower_bound":33664.12256634255,"upper_bound":56852.786758661176},"point_estimate":44082.293277382814,"standard_error":6037.995339446239},"slope":null,"std_dev":{"confidence_interval":{"confidence_level":0.95,"lower_bound":39195.277573669075,"upper_bound":51464.854333413656},"point_estimate":45644.4635764522,"standard_error":3138.8836627574483}}