{"mean":{"confidence_interval":{"confidence_level":0.95,"lower_bound":2035642.57984,"upper_bound":2067768.592160001},"point_estimate":2050060.2544,"standard_error":8249.755144345889},"median":{"confidence_interval":{"confidence_level":0.95,"lower_bound":2017678.26,"upper_bound":2043325.92},"point_estimate":2033721.7200000002,"standard_error":6985.215387622696},"median_abs_dev":{"confidence_interval":{"confidence_level":0.95,"lower_bound":31644.169058203282,"upper_bound":54411.448686003714},"point_estimate":42701.90374588972,"standard_error":5996.80866460925},"slope":null,"std_dev":{"confidence_interval":{"confidence_level":0.95,"lower_bound":44147.47813755691,"upper_bound":117927.87584416357},"point_estimate":82594.58736608911,"standard_error":19622.557677152443}}