{"mean":{"confidence_interval":{"confidence_level":0.95,"lower_bound":1986715.2015200008,"upper_bound":2017346.14386},"point_estimate":2001666.0839999998,"standard_error":7819.1727521624125},"median":{"confidence_interval":{"confidence_level":0.95,"lower_bound":1967289.84,"upper_bound":2005688.96},"point_estimate":1977634.38,"standard_error":10626.202224987192},"median_abs_dev":{"confidence_interval":{"confidence_level":0.95,"lower_bound":48437.32024636576,"upper_bound":86794.90139508246},"point_estimate":67060.16140544409,"standard_error":9858.774102740332},"slope":null,"std_dev":{"confidence_interval":{"confidence_level":0.95,"lower_bound":65363.31544660511,"upper_bound":90374.82881292752},"point_estimate":78607.17621143526,"standard_error":6378.153871274499}}