{"mean":{"confidence_interval":{"confidence_level":0.95,"lower_bound":633728.1848903543,"upper_bound":635229.1930895901},"point_estimate":634459.0825490769,"standard_error":382.77411546021517},"median":{"confidence_interval":{"confidence_level":0.95,"lower_bound":633054.4166666667,"upper_bound":634503.2058823529},"point_estimate":633793.1720779222,"standard_error":444.38675938732814},"median_abs_dev":{"confidence_interval":{"confidence_level":0.95,"lower_bound":2563.438225814807,"upper_bound":4323.307413245977},"point_estimate":3496.700859587793,"standard_error":457.7206654218493},"slope":{"confidence_interval":{"confidence_level":0.95,"lower_bound":633714.9340577452,"upper_bound":635403.1635331039},"point_estimate":634527.6150672381,"standard_error":431.25526668570035},"std_dev":{"confidence_interval":{"confidence_level":0.95,"lower_bound":3187.183369528705,"upper_bound":4396.267390264322},"point_estimate":3830.8399013033777,"standard_error":308.27397393216256}}