{"mean":{"confidence_interval":{"confidence_level":0.95,"lower_bound":261265.05152074332,"upper_bound":262768.16878019465},"point_estimate":262001.60196972973,"standard_error":383.0224009745951},"median":{"confidence_interval":{"confidence_level":0.95,"lower_bound":261225.64705882352,"upper_bound":262498.4438202247},"point_estimate":261945.80859375,"standard_error":292.9276706188198},"median_abs_dev":{"confidence_interval":{"confidence_level":0.95,"lower_bound":2021.397101613039,"upper_bound":3642.358671805776},"point_estimate":2729.2798294434824,"standard_error":414.29263502668334},"slope":{"confidence_interval":{"confidence_level":0.95,"lower_bound":261667.60479290385,"upper_bound":263489.6581263459},"point_estimate":262537.0008888725,"standard_error":468.13027342344054},"std_dev":{"confidence_interval":{"confidence_level":0.95,"lower_bound":3096.482741218439,"upper_bound":4518.258336786479},"point_estimate":3830.681539239534,"standard_error":364.3658126416026}}