{"mean":{"confidence_interval":{"confidence_level":0.95,"lower_bound":278272.52195525885,"upper_bound":279412.0944532424},"point_estimate":278822.0579259,"standard_error":290.51499491659393},"median":{"confidence_interval":{"confidence_level":0.95,"lower_bound":278098.5766129032,"upper_bound":278999.6604294828},"point_estimate":278424.0540497449,"standard_error":231.80461345126898},"median_abs_dev":{"confidence_interval":{"confidence_level":0.95,"lower_bound":1564.3106845746524,"upper_bound":2557.75627221552},"point_estimate":2027.4640386506874,"standard_error":257.9910823840004},"slope":{"confidence_interval":{"confidence_level":0.95,"lower_bound":278240.2702387153,"upper_bound":279114.1866823951},"point_estimate":278678.0950591104,"standard_error":222.7539503108587},"std_dev":{"confidence_interval":{"confidence_level":0.95,"lower_bound":2162.85855467333,"upper_bound":3708.919263584899},"point_estimate":2908.8509061575105,"standard_error":403.2751269729869}}