{"mean":{"confidence_interval":{"confidence_level":0.95,"lower_bound":290630.3504911946,"upper_bound":292496.48049570445},"point_estimate":291495.0625276999,"standard_error":476.2515600687791},"median":{"confidence_interval":{"confidence_level":0.95,"lower_bound":290319.09487179486,"upper_bound":291658.88367537316},"point_estimate":291069.2087912088,"standard_error":335.8266653670137},"median_abs_dev":{"confidence_interval":{"confidence_level":0.95,"lower_bound":1895.6629802945415,"upper_bound":3106.0151748572457},"point_estimate":2408.5890420498135,"standard_error":311.48522358525594},"slope":{"confidence_interval":{"confidence_level":0.95,"lower_bound":291191.8470792341,"upper_bound":292460.9500527992},"point_estimate":291807.29892049654,"standard_error":324.3822999560273},"std_dev":{"confidence_interval":{"confidence_level":0.95,"lower_bound":2817.887172101214,"upper_bound":6516.883475170841},"point_estimate":4775.377257722512,"standard_error":956.4057792553962}}