{"mean":{"confidence_interval":{"confidence_level":0.95,"lower_bound":236902.15623278762,"upper_bound":239061.78197175488},"point_estimate":237857.415251752,"standard_error":552.6536739443353},"median":{"confidence_interval":{"confidence_level":0.95,"lower_bound":236488.78472222222,"upper_bound":237694.51086956522},"point_estimate":237027.98768366466,"standard_error":314.05555877000086},"median_abs_dev":{"confidence_interval":{"confidence_level":0.95,"lower_bound":2256.8336259289636,"upper_bound":4207.797417612453},"point_estimate":3033.634026864167,"standard_error":494.523130681447},"slope":{"confidence_interval":{"confidence_level":0.95,"lower_bound":237410.91160533184,"upper_bound":240344.51868606624},"point_estimate":238645.25430028077,"standard_error":757.9387188186195},"std_dev":{"confidence_interval":{"confidence_level":0.95,"lower_bound":3100.2732135772667,"upper_bound":8298.76232089746},"point_estimate":5568.955552352139,"standard_error":1593.1850819295248}}