{"mean":{"confidence_interval":{"confidence_level":0.95,"lower_bound":248949.6409153083,"upper_bound":250689.5672406543},"point_estimate":249719.22302236952,"standard_error":444.77885881719385},"median":{"confidence_interval":{"confidence_level":0.95,"lower_bound":248592.4642857143,"upper_bound":250063.14057539683},"point_estimate":249226.44187014428,"standard_error":363.1323728980345},"median_abs_dev":{"confidence_interval":{"confidence_level":0.95,"lower_bound":2079.617053152913,"upper_bound":3226.729121422552},"point_estimate":2684.105471987484,"standard_error":299.49022041444215},"slope":{"confidence_interval":{"confidence_level":0.95,"lower_bound":248737.90063433404,"upper_bound":249932.86474745665},"point_estimate":249331.41342914142,"standard_error":304.8058503924277},"std_dev":{"confidence_interval":{"confidence_level":0.95,"lower_bound":2462.004163064499,"upper_bound":6703.160604048649},"point_estimate":4473.642834328376,"standard_error":1308.6394393687901}}