{"mean":{"confidence_interval":{"confidence_level":0.95,"lower_bound":486942.0753475806,"upper_bound":488085.353278212},"point_estimate":487515.8949529834,"standard_error":291.14222616725493},"median":{"confidence_interval":{"confidence_level":0.95,"lower_bound":487117.25471698114,"upper_bound":488435.4651162791},"point_estimate":487720.8602150538,"standard_error":336.16210978541704},"median_abs_dev":{"confidence_interval":{"confidence_level":0.95,"lower_bound":1868.6070594302248,"upper_bound":3104.55020347486},"point_estimate":2432.56985891115,"standard_error":321.74461845141155},"slope":{"confidence_interval":{"confidence_level":0.95,"lower_bound":486796.4370669957,"upper_bound":488178.66616041027},"point_estimate":487496.9186389833,"standard_error":353.03083835929914},"std_dev":{"confidence_interval":{"confidence_level":0.95,"lower_bound":2434.000005677949,"upper_bound":3343.4618909324427},"point_estimate":2912.796647562331,"standard_error":232.89782136223457}}