{"mean":{"confidence_interval":{"confidence_level":0.95,"lower_bound":610135.5841944795,"upper_bound":612149.3528611527},"point_estimate":611086.4882968864,"standard_error":513.5762754262796},"median":{"confidence_interval":{"confidence_level":0.95,"lower_bound":609584.8055555555,"upper_bound":610993.175},"point_estimate":610396.5141467728,"standard_error":309.10582007200964},"median_abs_dev":{"confidence_interval":{"confidence_level":0.95,"lower_bound":2519.6079273694727,"upper_bound":4185.09128734063},"point_estimate":3527.052738509661,"standard_error":421.36623018247036},"slope":{"confidence_interval":{"confidence_level":0.95,"lower_bound":610245.6362979744,"upper_bound":611882.9702054202},"point_estimate":611063.8163115118,"standard_error":417.9019669440185},"std_dev":{"confidence_interval":{"confidence_level":0.95,"lower_bound":3444.2343997307357,"upper_bound":6668.807785791694},"point_estimate":5165.950259706688,"standard_error":820.86597807945}}