{"mean":{"confidence_interval":{"confidence_level":0.95,"lower_bound":2753350.912375001,"upper_bound":2762548.931892857},"point_estimate":2757914.5478571416,"standard_error":2348.372264794407},"median":{"confidence_interval":{"confidence_level":0.95,"lower_bound":2745524.0,"upper_bound":2757542.6071428573},"point_estimate":2749741.3571428573,"standard_error":3462.0760719878276},"median_abs_dev":{"confidence_interval":{"confidence_level":0.95,"lower_bound":15997.677315984403,"upper_bound":32112.9036298815},"point_estimate":22381.38215265099,"standard_error":4336.813059482355},"slope":null,"std_dev":{"confidence_interval":{"confidence_level":0.95,"lower_bound":21046.498252070483,"upper_bound":25624.582805614984},"point_estimate":23573.610880525048,"standard_error":1167.6771499912213}}