{"mean":{"confidence_interval":{"confidence_level":0.95,"lower_bound":305917.67080840573,"upper_bound":307409.378832625},"point_estimate":306630.316709434,"standard_error":380.50125397831914},"median":{"confidence_interval":{"confidence_level":0.95,"lower_bound":305925.43572154467,"upper_bound":307085.96428571426},"point_estimate":306393.50881410256,"standard_error":290.5182124078489},"median_abs_dev":{"confidence_interval":{"confidence_level":0.95,"lower_bound":2190.0928867253915,"upper_bound":3597.4226603517163},"point_estimate":2826.4634820443625,"standard_error":360.68269349986264},"slope":{"confidence_interval":{"confidence_level":0.95,"lower_bound":305693.1485201538,"upper_bound":306942.33865630097},"point_estimate":306296.1709583272,"standard_error":319.14091332913307},"std_dev":{"confidence_interval":{"confidence_level":0.95,"lower_bound":2711.0305346770265,"upper_bound":5118.104103416017},"point_estimate":3817.2253433895953,"standard_error":670.0618519973549}}