{"mean":{"confidence_interval":{"confidence_level":0.95,"lower_bound":259799.4819113253,"upper_bound":261508.71565621565},"point_estimate":260574.1322843881,"standard_error":437.8145839430364},"median":{"confidence_interval":{"confidence_level":0.95,"lower_bound":259392.3742912828,"upper_bound":260342.37638006656},"point_estimate":259895.53733075433,"standard_error":244.8844611698707},"median_abs_dev":{"confidence_interval":{"confidence_level":0.95,"lower_bound":1747.0979555612773,"upper_bound":2985.978703654953},"point_estimate":2403.131736085901,"standard_error":313.1976934706941},"slope":{"confidence_interval":{"confidence_level":0.95,"lower_bound":260219.47549536967,"upper_bound":261433.43589296416},"point_estimate":260784.84238732082,"standard_error":308.8860686075953},"std_dev":{"confidence_interval":{"confidence_level":0.95,"lower_bound":2311.600637588829,"upper_bound":6378.534791787234},"point_estimate":4406.944369185593,"standard_error":1075.90950164286}}