{"mean":{"confidence_interval":{"confidence_level":0.95,"lower_bound":306100.3624085979,"upper_bound":307413.7507419726},"point_estimate":306741.1130745704,"standard_error":334.7903391354249},"median":{"confidence_interval":{"confidence_level":0.95,"lower_bound":305864.85892857146,"upper_bound":307381.4970238095},"point_estimate":306565.9006162756,"standard_error":322.8219730559286},"median_abs_dev":{"confidence_interval":{"confidence_level":0.95,"lower_bound":2222.805485351154,"upper_bound":3605.787384014005},"point_estimate":2906.636368619363,"standard_error":366.39885927546936},"slope":{"confidence_interval":{"confidence_level":0.95,"lower_bound":306776.78100308037,"upper_bound":307761.76831375324},"point_estimate":307273.2762102852,"standard_error":251.99096805143242},"std_dev":{"confidence_interval":{"confidence_level":0.95,"lower_bound":2586.923947002014,"upper_bound":4138.307673479698},"point_estimate":3359.1280687880344,"standard_error":401.127444713119}}