{"mean":{"confidence_interval":{"confidence_level":0.95,"lower_bound":242524.63298826673,"upper_bound":244875.63336570404},"point_estimate":243675.42484513327,"standard_error":599.8289195755079},"median":{"confidence_interval":{"confidence_level":0.95,"lower_bound":241762.6493479753,"upper_bound":243992.30153846153},"point_estimate":242571.7044714779,"standard_error":571.4232765643258},"median_abs_dev":{"confidence_interval":{"confidence_level":0.95,"lower_bound":3831.4701228003073,"upper_bound":6395.129258706653},"point_estimate":5064.76459254112,"standard_error":658.610164576561},"slope":{"confidence_interval":{"confidence_level":0.95,"lower_bound":243993.05514501777,"upper_bound":246334.43355788456},"point_estimate":245079.10051426038,"standard_error":597.1002425782568},"std_dev":{"confidence_interval":{"confidence_level":0.95,"lower_bound":4878.330104077075,"upper_bound":7063.69747556056},"point_estimate":6029.4539066623065,"standard_error":559.3233388187547}}