{"mean":{"confidence_interval":{"confidence_level":0.95,"lower_bound":772881.9399193424,"upper_bound":794316.6861406858},"point_estimate":782374.4039951218,"standard_error":5515.110940043449},"median":{"confidence_interval":{"confidence_level":0.95,"lower_bound":765293.3170731707,"upper_bound":772141.803030303},"point_estimate":768979.8653225807,"standard_error":1557.3487265559206},"median_abs_dev":{"confidence_interval":{"confidence_level":0.95,"lower_bound":9668.485397572067,"upper_bound":17002.689092271463},"point_estimate":12616.45901724182,"standard_error":1890.4153411674224},"slope":{"confidence_interval":{"confidence_level":0.95,"lower_bound":769965.550990261,"upper_bound":785978.4772924607},"point_estimate":777340.0285045072,"standard_error":4116.920898620605},"std_dev":{"confidence_interval":{"confidence_level":0.95,"lower_bound":28016.545795749862,"upper_bound":81913.40194966394},"point_estimate":55466.32731747611,"standard_error":14737.797188375487}}