{"mean":{"confidence_interval":{"confidence_level":0.95,"lower_bound":265313.2856226308,"upper_bound":266183.21611982654},"point_estimate":265733.69495162304,"standard_error":221.80955879786129},"median":{"confidence_interval":{"confidence_level":0.95,"lower_bound":265140.69705882354,"upper_bound":265833.08682232955},"point_estimate":265445.51801658166,"standard_error":173.34611991533671},"median_abs_dev":{"confidence_interval":{"confidence_level":0.95,"lower_bound":1172.7703348041805,"upper_bound":2047.4078072835016},"point_estimate":1601.6845079402153,"standard_error":227.8574325689061},"slope":{"confidence_interval":{"confidence_level":0.95,"lower_bound":265132.121003741,"upper_bound":265848.5052159977},"point_estimate":265485.4759302497,"standard_error":182.67730463549003},"std_dev":{"confidence_interval":{"confidence_level":0.95,"lower_bound":1701.680459228092,"upper_bound":2746.658039042167},"point_estimate":2233.3004602514447,"standard_error":268.82128107744734}}