{"mean":{"confidence_interval":{"confidence_level":0.95,"lower_bound":256043.8351711278,"upper_bound":257434.49486142152},"point_estimate":256723.73526380947,"standard_error":353.892811601887},"median":{"confidence_interval":{"confidence_level":0.95,"lower_bound":255324.24074074073,"upper_bound":257102.2138888889},"point_estimate":256165.71022267206,"standard_error":445.4054776122922},"median_abs_dev":{"confidence_interval":{"confidence_level":0.95,"lower_bound":2191.9758210739374,"upper_bound":3544.118680185402},"point_estimate":2806.3435080540507,"standard_error":356.25860986678066},"slope":{"confidence_interval":{"confidence_level":0.95,"lower_bound":255043.94705749943,"upper_bound":256169.58149918896},"point_estimate":255594.75467489287,"standard_error":286.81452206407613},"std_dev":{"confidence_interval":{"confidence_level":0.95,"lower_bound":2886.9045149817534,"upper_bound":4200.179703448881},"point_estimate":3559.2411692217474,"standard_error":335.44372065035117}}