{"mean":{"confidence_interval":{"confidence_level":0.95,"lower_bound":222207.7461359005,"upper_bound":225693.38532468962},"point_estimate":223737.64610761535,"standard_error":894.7214836187168},"median":{"confidence_interval":{"confidence_level":0.95,"lower_bound":221538.0285714286,"upper_bound":223508.69439935064},"point_estimate":222090.7015873016,"standard_error":514.6907545406926},"median_abs_dev":{"confidence_interval":{"confidence_level":0.95,"lower_bound":2605.6126707614,"upper_bound":4368.412335450203},"point_estimate":3623.633828744292,"standard_error":450.0281351733832},"slope":{"confidence_interval":{"confidence_level":0.95,"lower_bound":221992.14433387533,"upper_bound":223379.551651566},"point_estimate":222661.39411142308,"standard_error":354.6583440205015},"std_dev":{"confidence_interval":{"confidence_level":0.95,"lower_bound":3669.715797110298,"upper_bound":13266.86670700984},"point_estimate":8985.727800852665,"standard_error":2557.042692650613}}