{"mean":{"confidence_interval":{"confidence_level":0.95,"lower_bound":112098.86801992888,"upper_bound":113475.43194375123},"point_estimate":112733.92791122968,"standard_error":351.7266632614548},"median":{"confidence_interval":{"confidence_level":0.95,"lower_bound":111800.37362637362,"upper_bound":112846.22256097561},"point_estimate":112360.14842132505,"standard_error":273.29752565895444},"median_abs_dev":{"confidence_interval":{"confidence_level":0.95,"lower_bound":1690.6290075850686,"upper_bound":2586.533989015327},"point_estimate":2209.805403055345,"standard_error":230.20486973406864},"slope":{"confidence_interval":{"confidence_level":0.95,"lower_bound":111706.57446765238,"upper_bound":112620.18327556094},"point_estimate":112152.91881262008,"standard_error":232.70137391368567},"std_dev":{"confidence_interval":{"confidence_level":0.95,"lower_bound":2063.9727712320305,"upper_bound":4804.8982622442245},"point_estimate":3533.6037493718454,"standard_error":706.188038998916}}