{"mean":{"confidence_interval":{"confidence_level":0.95,"lower_bound":227685.1039978437,"upper_bound":228857.67274273754},"point_estimate":228248.37523219577,"standard_error":298.2210331311783},"median":{"confidence_interval":{"confidence_level":0.95,"lower_bound":227434.34437340155,"upper_bound":228373.74193548388},"point_estimate":227829.3450980392,"standard_error":205.3608903484085},"median_abs_dev":{"confidence_interval":{"confidence_level":0.95,"lower_bound":1542.004323601161,"upper_bound":2435.0099536366156},"point_estimate":1942.4051594429384,"standard_error":218.47679377244282},"slope":{"confidence_interval":{"confidence_level":0.95,"lower_bound":227734.1397598626,"upper_bound":228780.57126122568},"point_estimate":228244.0426298212,"standard_error":266.3626622917769},"std_dev":{"confidence_interval":{"confidence_level":0.95,"lower_bound":2156.8480764309156,"upper_bound":3792.2793247232557},"point_estimate":3008.0537081940406,"standard_error":419.6207163935281}}