{"mean":{"confidence_interval":{"confidence_level":0.95,"lower_bound":240743.5214693187,"upper_bound":242260.41448005082},"point_estimate":241489.8657641199,"standard_error":386.3099190062514},"median":{"confidence_interval":{"confidence_level":0.95,"lower_bound":239683.15533088235,"upper_bound":241519.42307692306},"point_estimate":240641.74166666667,"standard_error":443.11636775183973},"median_abs_dev":{"confidence_interval":{"confidence_level":0.95,"lower_bound":2563.967095948996,"upper_bound":4492.667452409021},"point_estimate":3789.232382273116,"standard_error":483.9073839479396},"slope":{"confidence_interval":{"confidence_level":0.95,"lower_bound":239627.96494305215,"upper_bound":240859.58266561988},"point_estimate":240229.9265730752,"standard_error":314.44310446864375},"std_dev":{"confidence_interval":{"confidence_level":0.95,"lower_bound":3276.578912278616,"upper_bound":4416.840423756434},"point_estimate":3878.7893024106156,"standard_error":291.86206154212056}}