{"mean":{"confidence_interval":{"confidence_level":0.95,"lower_bound":347854.105530778,"upper_bound":349357.9495606064},"point_estimate":348528.1764932592,"standard_error":383.35048924592036},"median":{"confidence_interval":{"confidence_level":0.95,"lower_bound":347591.6957109085,"upper_bound":348489.93859649124},"point_estimate":347841.7095216875,"standard_error":219.86273683611918},"median_abs_dev":{"confidence_interval":{"confidence_level":0.95,"lower_bound":1319.2271022841865,"upper_bound":2276.6304557956464},"point_estimate":2030.2445780322346,"standard_error":249.19887088422888},"slope":{"confidence_interval":{"confidence_level":0.95,"lower_bound":348048.8124675377,"upper_bound":348956.5489958909},"point_estimate":348496.80705186934,"standard_error":232.2843902823402},"std_dev":{"confidence_interval":{"confidence_level":0.95,"lower_bound":2049.890798170381,"upper_bound":5763.274669723958},"point_estimate":3856.154252950383,"standard_error":1079.5504071115301}}