{"mean":{"confidence_interval":{"confidence_level":0.95,"lower_bound":246103.21038757643,"upper_bound":247163.68691516225},"point_estimate":246602.36252918708,"standard_error":271.75802666211086},"median":{"confidence_interval":{"confidence_level":0.95,"lower_bound":245620.12096774194,"upper_bound":246617.23863636365},"point_estimate":246055.68856143858,"standard_error":243.1211735054359},"median_abs_dev":{"confidence_interval":{"confidence_level":0.95,"lower_bound":1338.7709285047863,"upper_bound":2262.6500445521524},"point_estimate":1863.20349311036,"standard_error":238.53762109513033},"slope":{"confidence_interval":{"confidence_level":0.95,"lower_bound":246079.26115286312,"upper_bound":246886.89750158755},"point_estimate":246476.55037091768,"standard_error":205.88682523811616},"std_dev":{"confidence_interval":{"confidence_level":0.95,"lower_bound":1786.488059168664,"upper_bound":3714.8763153856694},"point_estimate":2729.3498270998393,"standard_error":512.8664933418889}}