{"mean":{"confidence_interval":{"confidence_level":0.95,"lower_bound":239172.5847576355,"upper_bound":241388.03474839666},"point_estimate":240246.7855830347,"standard_error":565.0504485798117},"median":{"confidence_interval":{"confidence_level":0.95,"lower_bound":238317.51944444445,"upper_bound":241025.82857142857},"point_estimate":239430.7212631579,"standard_error":708.9581606692391},"median_abs_dev":{"confidence_interval":{"confidence_level":0.95,"lower_bound":3766.433913334472,"upper_bound":6269.753129314631},"point_estimate":4817.625698692282,"standard_error":621.1112313085403},"slope":{"confidence_interval":{"confidence_level":0.95,"lower_bound":239417.51402150578,"upper_bound":241679.22412845056},"point_estimate":240525.3388006502,"standard_error":575.6577794920764},"std_dev":{"confidence_interval":{"confidence_level":0.95,"lower_bound":4408.046633200321,"upper_bound":7150.312604601218},"point_estimate":5692.392958075769,"standard_error":728.794058299755}}