{"mean":{"confidence_interval":{"confidence_level":0.95,"lower_bound":268818.3187817263,"upper_bound":270795.6178659053},"point_estimate":269731.7652510132,"standard_error":503.28032606948756},"median":{"confidence_interval":{"confidence_level":0.95,"lower_bound":268521.75791231124,"upper_bound":269905.9413265306},"point_estimate":269175.3659294513,"standard_error":316.90516124134746},"median_abs_dev":{"confidence_interval":{"confidence_level":0.95,"lower_bound":2296.534056380003,"upper_bound":4360.533148027067},"point_estimate":3039.292010709481,"standard_error":538.9159014280515},"slope":{"confidence_interval":{"confidence_level":0.95,"lower_bound":268650.34038530814,"upper_bound":271160.23527196626},"point_estimate":269784.0546667652,"standard_error":640.7221321235777},"std_dev":{"confidence_interval":{"confidence_level":0.95,"lower_bound":3290.4841699627746,"upper_bound":7062.835998956335},"point_estimate":5075.864553870051,"standard_error":1069.1425723380141}}