{"mean":{"confidence_interval":{"confidence_level":0.95,"lower_bound":300585.0705522292,"upper_bound":303049.79728342366},"point_estimate":301680.5636434223,"standard_error":635.3246087793544},"median":{"confidence_interval":{"confidence_level":0.95,"lower_bound":300135.8801498127,"upper_bound":301099.79365079367},"point_estimate":300714.0539347194,"standard_error":240.45921974345154},"median_abs_dev":{"confidence_interval":{"confidence_level":0.95,"lower_bound":1563.1497689666598,"upper_bound":2641.438106049931},"point_estimate":2152.301917711694,"standard_error":284.54226978953847},"slope":{"confidence_interval":{"confidence_level":0.95,"lower_bound":301100.7205734008,"upper_bound":306772.03102007916},"point_estimate":303534.53330673365,"standard_error":1474.9518345597342},"std_dev":{"confidence_interval":{"confidence_level":0.95,"lower_bound":3029.893782779909,"upper_bound":9422.840004606898},"point_estimate":6375.8920766879155,"standard_error":1693.173395288238}}