{"mean":{"confidence_interval":{"confidence_level":0.95,"lower_bound":306560.29945198185,"upper_bound":309921.8944804224},"point_estimate":308053.8107295823,"standard_error":865.4122503624602},"median":{"confidence_interval":{"confidence_level":0.95,"lower_bound":305791.86666666664,"upper_bound":306806.91198616195},"point_estimate":306153.32042817125,"standard_error":295.3038089755244},"median_abs_dev":{"confidence_interval":{"confidence_level":0.95,"lower_bound":1530.156682899472,"upper_bound":2572.0684986701963},"point_estimate":2031.1860236761056,"standard_error":251.4831716374537},"slope":{"confidence_interval":{"confidence_level":0.95,"lower_bound":306140.09669655544,"upper_bound":307365.626784723},"point_estimate":306707.8937559726,"standard_error":313.20709811582924},"std_dev":{"confidence_interval":{"confidence_level":0.95,"lower_bound":2802.1178800743082,"upper_bound":12574.873199786984},"point_estimate":8715.570719695366,"standard_error":2338.8970760625753}}