{"mean":{"confidence_interval":{"confidence_level":0.95,"lower_bound":-0.026998303741099586,"upper_bound":-0.020175089930191396},"point_estimate":-0.023630675302919735,"standard_error":0.001743908702196453},"median":{"confidence_interval":{"confidence_level":0.95,"lower_bound":-0.028830345126734436,"upper_bound":-0.021560170750401397},"point_estimate":-0.025410552761827798,"standard_error":0.0018348198537958458}}