{"mean":{"confidence_interval":{"confidence_level":0.95,"lower_bound":0.03034974754054181,"upper_bound":0.04118096519202608},"point_estimate":0.03471151957836449,"standard_error":0.0027590171254700427},"median":{"confidence_interval":{"confidence_level":0.95,"lower_bound":0.0308529838661733,"upper_bound":0.03696318214124439},"point_estimate":0.03346403857942848,"standard_error":0.0015744311676269176}}