{"mean":{"confidence_interval":{"confidence_level":0.95,"lower_bound":-0.054171771919916074,"upper_bound":-0.04730197005022063},"point_estimate":-0.050621385399590935,"standard_error":0.0017419491787788466},"median":{"confidence_interval":{"confidence_level":0.95,"lower_bound":-0.05231304971365636,"upper_bound":-0.04635430223364345},"point_estimate":-0.04966412337563286,"standard_error":0.0014773454732873558}}