{"mean":{"confidence_interval":{"confidence_level":0.95,"lower_bound":509711.31735626096,"upper_bound":512573.98989172693},"point_estimate":511075.8799205099,"standard_error":730.2862653628445},"median":{"confidence_interval":{"confidence_level":0.95,"lower_bound":509852.6153846154,"upper_bound":512341.94166666665},"point_estimate":511009.297979798,"standard_error":651.3610301159912},"median_abs_dev":{"confidence_interval":{"confidence_level":0.95,"lower_bound":3218.5557122581945,"upper_bound":5464.05299725925},"point_estimate":4571.638460373242,"standard_error":584.4528085528726},"slope":{"confidence_interval":{"confidence_level":0.95,"lower_bound":510125.80717476684,"upper_bound":511748.1381561802},"point_estimate":510945.5178498596,"standard_error":414.57917204618},"std_dev":{"confidence_interval":{"confidence_level":0.95,"lower_bound":4861.754192638885,"upper_bound":9980.403067186724},"point_estimate":7349.737350692298,"standard_error":1359.9246694133114}}