{"mean":{"confidence_interval":{"confidence_level":0.95,"lower_bound":0.07053595596669499,"upper_bound":0.07348600955391679},"point_estimate":0.07198224463781067,"standard_error":0.0007711465508746856},"median":{"confidence_interval":{"confidence_level":0.95,"lower_bound":0.06949564242157491,"upper_bound":0.07245863858070424},"point_estimate":0.0708052782666364,"standard_error":0.0007948690009658486}}