{"mean":{"confidence_interval":{"confidence_level":0.95,"lower_bound":0.06650618359471003,"upper_bound":0.06857158911309645},"point_estimate":0.06754380732641341,"standard_error":0.000524830599262495},"median":{"confidence_interval":{"confidence_level":0.95,"lower_bound":0.0656561990340741,"upper_bound":0.06876044190833186},"point_estimate":0.06704108655056618,"standard_error":0.0008113711270552102}}