{"mean":{"confidence_interval":{"confidence_level":0.95,"lower_bound":3279907.269875,"upper_bound":3314662.3167499998},"point_estimate":3297168.065,"standard_error":8884.238957992013},"median":{"confidence_interval":{"confidence_level":0.95,"lower_bound":3279871.25,"upper_bound":3319207.375},"point_estimate":3295214.875,"standard_error":9649.798596792241},"median_abs_dev":{"confidence_interval":{"confidence_level":0.95,"lower_bound":68527.06805840135,"upper_bound":108777.91065568097},"point_estimate":88712.75936253369,"standard_error":10206.218830613867},"slope":null,"std_dev":{"confidence_interval":{"confidence_level":0.95,"lower_bound":73791.96686256013,"upper_bound":105031.12383279193},"point_estimate":89152.50206987797,"standard_error":8038.000323326476}}