{"mean":{"confidence_interval":{"confidence_level":0.95,"lower_bound":391611.29087892326,"upper_bound":393476.0169134862},"point_estimate":392429.86278468627,"standard_error":478.94627684787423},"median":{"confidence_interval":{"confidence_level":0.95,"lower_bound":391429.6205357143,"upper_bound":392116.97279244056},"point_estimate":391744.39323018666,"standard_error":203.35053031678373},"median_abs_dev":{"confidence_interval":{"confidence_level":0.95,"lower_bound":1116.3466914536057,"upper_bound":2321.6046676127794},"point_estimate":1573.616608826227,"standard_error":302.3872993175573},"slope":{"confidence_interval":{"confidence_level":0.95,"lower_bound":391260.7532968657,"upper_bound":392185.3725593524},"point_estimate":391699.5027072558,"standard_error":235.36118327626045},"std_dev":{"confidence_interval":{"confidence_level":0.95,"lower_bound":2325.8021776764467,"upper_bound":7238.620052870621},"point_estimate":4809.72797442247,"standard_error":1391.4868302400373}}