{"mean":{"confidence_interval":{"confidence_level":0.95,"lower_bound":698965.8426894074,"upper_bound":713007.1551085232},"point_estimate":704177.9963442225,"standard_error":3842.7003667902018},"median":{"confidence_interval":{"confidence_level":0.95,"lower_bound":697421.3012520266,"upper_bound":698837.3913043478},"point_estimate":698263.5158333334,"standard_error":354.4311553269504},"median_abs_dev":{"confidence_interval":{"confidence_level":0.95,"lower_bound":1915.9862973026081,"upper_bound":3201.468537476131},"point_estimate":2509.0708757382913,"standard_error":316.27480580296765},"slope":{"confidence_interval":{"confidence_level":0.95,"lower_bound":698279.4068809424,"upper_bound":702549.0019083496},"point_estimate":699924.4030308852,"standard_error":1124.2890505007524},"std_dev":{"confidence_interval":{"confidence_level":0.95,"lower_bound":4724.070286173426,"upper_bound":64982.78985462742},"point_estimate":38683.7460181471,"standard_error":19225.41425089959}}