{"mean":{"confidence_interval":{"confidence_level":0.95,"lower_bound":694757.9312278315,"upper_bound":696088.0917422177},"point_estimate":695422.4157035141,"standard_error":339.82952456270306},"median":{"confidence_interval":{"confidence_level":0.95,"lower_bound":694384.3857142857,"upper_bound":695719.9820862396},"point_estimate":695096.294011544,"standard_error":410.20651039473546},"median_abs_dev":{"confidence_interval":{"confidence_level":0.95,"lower_bound":1927.7438086581813,"upper_bound":3703.863806982402},"point_estimate":2873.991847346003,"standard_error":449.6600960220004},"slope":{"confidence_interval":{"confidence_level":0.95,"lower_bound":694809.1981694367,"upper_bound":695969.3128687213},"point_estimate":695375.3244066795,"standard_error":296.17270373169595},"std_dev":{"confidence_interval":{"confidence_level":0.95,"lower_bound":2806.0396207596086,"upper_bound":3986.4297390630827},"point_estimate":3416.572104845217,"standard_error":302.93883139674546}}