{"mean":{"confidence_interval":{"confidence_level":0.95,"lower_bound":960024.3591566442,"upper_bound":966220.5096212259},"point_estimate":962517.4561015536,"standard_error":1629.790238321857},"median":{"confidence_interval":{"confidence_level":0.95,"lower_bound":959577.4565217391,"upper_bound":960886.4625},"point_estimate":960056.8175642292,"standard_error":349.0837129055681},"median_abs_dev":{"confidence_interval":{"confidence_level":0.95,"lower_bound":2880.531368237107,"upper_bound":5328.650928033127},"point_estimate":4113.589743879765,"standard_error":655.6522383883018},"slope":{"confidence_interval":{"confidence_level":0.95,"lower_bound":959084.4754982458,"upper_bound":961157.8064369765},"point_estimate":960120.4588163145,"standard_error":529.1532401755195},"std_dev":{"confidence_interval":{"confidence_level":0.95,"lower_bound":5336.110465784882,"upper_bound":26744.288826831435},"point_estimate":16468.270138495955,"standard_error":6853.172548530586}}