{"mean":{"confidence_interval":{"confidence_level":0.95,"lower_bound":265757.6288697387,"upper_bound":267352.0432899737},"point_estimate":266529.7016033101,"standard_error":406.6035125281381},"median":{"confidence_interval":{"confidence_level":0.95,"lower_bound":264727.521978022,"upper_bound":266388.9623287671},"point_estimate":265306.30795940175,"standard_error":375.74559202959244},"median_abs_dev":{"confidence_interval":{"confidence_level":0.95,"lower_bound":2252.4983280775923,"upper_bound":3856.1884225981285},"point_estimate":3111.627237858993,"standard_error":416.2152757208266},"slope":{"confidence_interval":{"confidence_level":0.95,"lower_bound":265279.31427911506,"upper_bound":266856.26790819113},"point_estimate":266048.11366706074,"standard_error":401.32000292758505},"std_dev":{"confidence_interval":{"confidence_level":0.95,"lower_bound":3253.489970772511,"upper_bound":4838.7028551410285},"point_estimate":4098.980460979626,"standard_error":404.0699346507084}}