{"mean":{"confidence_interval":{"confidence_level":0.95,"lower_bound":2345490.501454545,"upper_bound":2373831.485556818},"point_estimate":2359607.226363636,"standard_error":7227.0666651302445},"median":{"confidence_interval":{"confidence_level":0.95,"lower_bound":2334861.9545454546,"upper_bound":2371365.3863636367},"point_estimate":2354960.5681818184,"standard_error":9543.26663338156},"median_abs_dev":{"confidence_interval":{"confidence_level":0.95,"lower_bound":53001.70232721363,"upper_bound":92336.49483797209},"point_estimate":72388.81979666029,"standard_error":10163.031702135875},"slope":null,"std_dev":{"confidence_interval":{"confidence_level":0.95,"lower_bound":62480.8019098391,"upper_bound":81777.71714640196},"point_estimate":72567.50221798051,"standard_error":4939.427325764209}}