{"mean":{"confidence_interval":{"confidence_level":0.95,"lower_bound":227012.15151672612,"upper_bound":228742.5917693757},"point_estimate":227812.7844617267,"standard_error":444.02754686264774},"median":{"confidence_interval":{"confidence_level":0.95,"lower_bound":226701.92702127658,"upper_bound":227388.99231041814},"point_estimate":227101.52153846156,"standard_error":178.01333891193966},"median_abs_dev":{"confidence_interval":{"confidence_level":0.95,"lower_bound":1331.961820783739,"upper_bound":2189.886905776327},"point_estimate":1774.4777337125172,"standard_error":220.26389598343576},"slope":{"confidence_interval":{"confidence_level":0.95,"lower_bound":227908.85260871184,"upper_bound":231258.60498835525},"point_estimate":229442.8190577804,"standard_error":860.7041363855714},"std_dev":{"confidence_interval":{"confidence_level":0.95,"lower_bound":2581.2645518796326,"upper_bound":6007.158502362377},"point_estimate":4472.778678414998,"standard_error":870.547496189306}}