{"mean":{"confidence_interval":{"confidence_level":0.95,"lower_bound":231644.7292300509,"upper_bound":233312.05715002902},"point_estimate":232368.89052493233,"standard_error":428.03354891401517},"median":{"confidence_interval":{"confidence_level":0.95,"lower_bound":230981.33015873015,"upper_bound":232523.9814106583},"point_estimate":231886.59061403509,"standard_error":380.569161538192},"median_abs_dev":{"confidence_interval":{"confidence_level":0.95,"lower_bound":2051.614342326563,"upper_bound":3288.7475857980216},"point_estimate":2888.0647516309223,"standard_error":328.8595128618927},"slope":{"confidence_interval":{"confidence_level":0.95,"lower_bound":231326.9021328029,"upper_bound":232530.03402112328},"point_estimate":231907.3988296143,"standard_error":306.7094411662727},"std_dev":{"confidence_interval":{"confidence_level":0.95,"lower_bound":2239.6227974353833,"upper_bound":6569.014512994368},"point_estimate":4303.592703805906,"standard_error":1372.2159178759478}}