{"mean":{"confidence_interval":{"confidence_level":0.95,"lower_bound":383871.23191611224,"upper_bound":384895.04738787306},"point_estimate":384384.3439478787,"standard_error":261.06441602150966},"median":{"confidence_interval":{"confidence_level":0.95,"lower_bound":383777.0571428572,"upper_bound":384703.5283687943},"point_estimate":384199.4871419054,"standard_error":241.75994072289024},"median_abs_dev":{"confidence_interval":{"confidence_level":0.95,"lower_bound":1365.72875479462,"upper_bound":3209.520068019614},"point_estimate":2635.0685660132676,"standard_error":532.6124729286855},"slope":{"confidence_interval":{"confidence_level":0.95,"lower_bound":383955.99650707707,"upper_bound":385129.10854212864},"point_estimate":384519.7675188414,"standard_error":299.25681499045197},"std_dev":{"confidence_interval":{"confidence_level":0.95,"lower_bound":2189.2262193764323,"upper_bound":3026.3595909228966},"point_estimate":2623.760219507021,"standard_error":214.04801496285262}}