{"mean":{"confidence_interval":{"confidence_level":0.95,"lower_bound":420155.97254489886,"upper_bound":421773.1221837391},"point_estimate":420920.98399362824,"standard_error":413.4017206769864},"median":{"confidence_interval":{"confidence_level":0.95,"lower_bound":419920.73333333334,"upper_bound":421119.82554112555},"point_estimate":420620.7906746032,"standard_error":290.7019897447857},"median_abs_dev":{"confidence_interval":{"confidence_level":0.95,"lower_bound":1805.9089622373422,"upper_bound":3011.791494277751},"point_estimate":2479.4093325430986,"standard_error":308.8553839623074},"slope":{"confidence_interval":{"confidence_level":0.95,"lower_bound":419993.7665619388,"upper_bound":421007.46172576543},"point_estimate":420472.8132545195,"standard_error":258.4459775690934},"std_dev":{"confidence_interval":{"confidence_level":0.95,"lower_bound":2664.528924519338,"upper_bound":5699.288449829346},"point_estimate":4151.117370279113,"standard_error":806.9899691602888}}