{"mean":{"confidence_interval":{"confidence_level":0.95,"lower_bound":629707.5805369095,"upper_bound":633847.2691773608},"point_estimate":631441.7358279144,"standard_error":1076.839386506575},"median":{"confidence_interval":{"confidence_level":0.95,"lower_bound":628768.4558823529,"upper_bound":630472.2542293232},"point_estimate":629347.6608464385,"standard_error":474.12765761967535},"median_abs_dev":{"confidence_interval":{"confidence_level":0.95,"lower_bound":2533.0632252526284,"upper_bound":4385.090190462931},"point_estimate":3354.2610168886854,"standard_error":445.072704676544},"slope":{"confidence_interval":{"confidence_level":0.95,"lower_bound":629867.113637873,"upper_bound":638467.0021854605},"point_estimate":632959.0015752919,"standard_error":2394.1812892627763},"std_dev":{"confidence_interval":{"confidence_level":0.95,"lower_bound":3943.7620694333336,"upper_bound":17047.860200162002},"point_estimate":10792.81070495258,"standard_error":3841.176893987635}}