{"mean":{"confidence_interval":{"confidence_level":0.95,"lower_bound":598646.9513602459,"upper_bound":604259.5518323849},"point_estimate":600881.275774776,"standard_error":1476.9098467703839},"median":{"confidence_interval":{"confidence_level":0.95,"lower_bound":597242.6727272727,"upper_bound":599858.3924731183},"point_estimate":598704.7482517483,"standard_error":673.742367230086},"median_abs_dev":{"confidence_interval":{"confidence_level":0.95,"lower_bound":3682.0944595287383,"upper_bound":6085.501060276302},"point_estimate":5451.097473195494,"standard_error":656.2733190909839},"slope":{"confidence_interval":{"confidence_level":0.95,"lower_bound":598236.1091786755,"upper_bound":600999.8675469785},"point_estimate":599500.6841539826,"standard_error":706.7856509061085},"std_dev":{"confidence_interval":{"confidence_level":0.95,"lower_bound":4924.778443921733,"upper_bound":24287.173323612755},"point_estimate":14863.451440006656,"standard_error":6373.717394131021}}