{"mean":{"confidence_interval":{"confidence_level":0.95,"lower_bound":827655.7028251467,"upper_bound":833240.7305015542},"point_estimate":829894.3849467874,"standard_error":1468.5371296424},"median":{"confidence_interval":{"confidence_level":0.95,"lower_bound":826368.5,"upper_bound":828344.2530120482},"point_estimate":827565.6173595506,"standard_error":472.43569001627156},"median_abs_dev":{"confidence_interval":{"confidence_level":0.95,"lower_bound":3027.4623955817187,"upper_bound":5037.1579962768365},"point_estimate":3911.879807623372,"standard_error":521.5880910888387},"slope":{"confidence_interval":{"confidence_level":0.95,"lower_bound":826192.6766512594,"upper_bound":831352.1682245345},"point_estimate":828072.85045515,"standard_error":1389.525165357845},"std_dev":{"confidence_interval":{"confidence_level":0.95,"lower_bound":4950.588258885863,"upper_bound":23904.623244877355},"point_estimate":14738.429780886163,"standard_error":6152.712012161135}}