{"mean":{"confidence_interval":{"confidence_level":0.95,"lower_bound":437353.2673328417,"upper_bound":438736.66648897744},"point_estimate":438033.19090981415,"standard_error":352.9613930014689},"median":{"confidence_interval":{"confidence_level":0.95,"lower_bound":437219.8333333334,"upper_bound":438285.92424242425},"point_estimate":437664.5773221344,"standard_error":267.8217926325014},"median_abs_dev":{"confidence_interval":{"confidence_level":0.95,"lower_bound":1924.4072155572119,"upper_bound":3400.035601265232},"point_estimate":2562.482617543675,"standard_error":382.635786896153},"slope":{"confidence_interval":{"confidence_level":0.95,"lower_bound":436783.1495833858,"upper_bound":437926.4155504359},"point_estimate":437321.5051544259,"standard_error":291.46598088460087},"std_dev":{"confidence_interval":{"confidence_level":0.95,"lower_bound":2916.355949340304,"upper_bound":4138.01652398082},"point_estimate":3551.6793974352436,"standard_error":313.5571959559464}}