{"mean":{"confidence_interval":{"confidence_level":0.95,"lower_bound":2677456.686515625,"upper_bound":2680023.1732656253},"point_estimate":2678723.2075,"standard_error":654.6296478454749},"median":{"confidence_interval":{"confidence_level":0.95,"lower_bound":2676851.65625,"upper_bound":2680036.125},"point_estimate":2678630.90625,"standard_error":797.5595930797911},"median_abs_dev":{"confidence_interval":{"confidence_level":0.95,"lower_bound":4733.941715955734,"upper_bound":7729.025319032371},"point_estimate":5970.291100256145,"standard_error":772.3008993431872},"slope":null,"std_dev":{"confidence_interval":{"confidence_level":0.95,"lower_bound":5423.87435031624,"upper_bound":7637.710702914165},"point_estimate":6556.470220931447,"standard_error":568.3760575218389}}