{"mean":{"confidence_interval":{"confidence_level":0.95,"lower_bound":2724466.6805781247,"upper_bound":2728667.2297187503},"point_estimate":2726527.22875,"standard_error":1068.9201654252108},"median":{"confidence_interval":{"confidence_level":0.95,"lower_bound":2722635.0625,"upper_bound":2726783.53125},"point_estimate":2724607.46875,"standard_error":1081.1273241965405},"median_abs_dev":{"confidence_interval":{"confidence_level":0.95,"lower_bound":7447.516649030149,"upper_bound":11995.438399538398},"point_estimate":10101.463264413178,"standard_error":1142.4547923336322},"slope":null,"std_dev":{"confidence_interval":{"confidence_level":0.95,"lower_bound":9142.16486587019,"upper_bound":12082.599134365144},"point_estimate":10722.724854376014,"standard_error":751.7954002095099}}