{"mean":{"confidence_interval":{"confidence_level":0.95,"lower_bound":2714956.35575,"upper_bound":2718779.4554999997},"point_estimate":2716780.629375,"standard_error":973.4721700695978},"median":{"confidence_interval":{"confidence_level":0.95,"lower_bound":2714024.59375,"upper_bound":2718256.625},"point_estimate":2716570.125,"standard_error":1050.1743486295954},"median_abs_dev":{"confidence_interval":{"confidence_level":0.95,"lower_bound":5756.379722803831,"upper_bound":9967.334298044443},"point_estimate":8278.328609280288,"standard_error":1086.2203020884372},"slope":null,"std_dev":{"confidence_interval":{"confidence_level":0.95,"lower_bound":7171.829085128295,"upper_bound":12412.729573621773},"point_estimate":9785.824575106652,"standard_error":1358.9247596105279}}