{"mean":{"confidence_interval":{"confidence_level":0.95,"lower_bound":239538.37050031402,"upper_bound":240859.4476264999},"point_estimate":240144.35725557082,"standard_error":338.3849011977763},"median":{"confidence_interval":{"confidence_level":0.95,"lower_bound":239187.7522583559,"upper_bound":239881.5357142857},"point_estimate":239618.40303379417,"standard_error":161.61943998104397},"median_abs_dev":{"confidence_interval":{"confidence_level":0.95,"lower_bound":1243.6062680031018,"upper_bound":2257.5854692465796},"point_estimate":1715.9500726343826,"standard_error":249.74541416270563},"slope":{"confidence_interval":{"confidence_level":0.95,"lower_bound":239144.97703230008,"upper_bound":239763.71028916535},"point_estimate":239441.85226777007,"standard_error":157.68313791620542},"std_dev":{"confidence_interval":{"confidence_level":0.95,"lower_bound":1885.5861773721015,"upper_bound":4676.378138744886},"point_estimate":3397.8413112086114,"standard_error":723.7189527429282}}