{"mean":{"confidence_interval":{"confidence_level":0.95,"lower_bound":212603.7164206538,"upper_bound":213682.27348732177},"point_estimate":213111.47327640333,"standard_error":275.5050076674384},"median":{"confidence_interval":{"confidence_level":0.95,"lower_bound":212440.92115384617,"upper_bound":213373.7132352941},"point_estimate":212792.96604938273,"standard_error":243.74511968004649},"median_abs_dev":{"confidence_interval":{"confidence_level":0.95,"lower_bound":1481.8995275576922,"upper_bound":2466.1114501314637},"point_estimate":1851.4263691306176,"standard_error":254.23341231833004},"slope":{"confidence_interval":{"confidence_level":0.95,"lower_bound":212588.08779294838,"upper_bound":214468.54156549953},"point_estimate":213365.75057425743,"standard_error":493.65948222561883},"std_dev":{"confidence_interval":{"confidence_level":0.95,"lower_bound":1909.088119709537,"upper_bound":3730.7717057752725},"point_estimate":2772.0569801300503,"standard_error":493.1259016321725}}