{"mean":{"confidence_interval":{"confidence_level":0.95,"lower_bound":215484.5979328496,"upper_bound":216959.17329783717},"point_estimate":216177.4742708081,"standard_error":376.2317048017686},"median":{"confidence_interval":{"confidence_level":0.95,"lower_bound":215306.2013168955,"upper_bound":216218.4406779661},"point_estimate":215696.36666666667,"standard_error":237.94595484933095},"median_abs_dev":{"confidence_interval":{"confidence_level":0.95,"lower_bound":1503.6321636531468,"upper_bound":2520.9536770337113},"point_estimate":2022.234328661699,"standard_error":259.36411017446324},"slope":{"confidence_interval":{"confidence_level":0.95,"lower_bound":215707.25467986192,"upper_bound":216692.16648555585},"point_estimate":216183.70989271466,"standard_error":251.29930339858083},"std_dev":{"confidence_interval":{"confidence_level":0.95,"lower_bound":2422.069534044929,"upper_bound":5171.83849513381},"point_estimate":3781.6840959463916,"standard_error":728.0846134572492}}