{"mean":{"confidence_interval":{"confidence_level":0.95,"lower_bound":1627481.9986467443,"upper_bound":1630614.3849191621},"point_estimate":1628929.3912163756,"standard_error":799.8709933805559},"median":{"confidence_interval":{"confidence_level":0.95,"lower_bound":1626842.625,"upper_bound":1629112.5},"point_estimate":1627950.301442308,"standard_error":642.6906625825942},"median_abs_dev":{"confidence_interval":{"confidence_level":0.95,"lower_bound":3089.5025677919116,"upper_bound":5353.678332794067},"point_estimate":3870.1807602497606,"standard_error":580.236831954569},"slope":{"confidence_interval":{"confidence_level":0.95,"lower_bound":1627699.5786832562,"upper_bound":1629701.9917961084},"point_estimate":1628683.4402127974,"standard_error":510.2815585147055},"std_dev":{"confidence_interval":{"confidence_level":0.95,"lower_bound":4782.794184380304,"upper_bound":11105.191876669658},"point_estimate":8042.891908393284,"standard_error":1652.5552602983123}}