{"mean":{"confidence_interval":{"confidence_level":0.95,"lower_bound":1253499.1525656169,"upper_bound":1255937.570809964},"point_estimate":1254684.2364152092,"standard_error":621.6050730134524},"median":{"confidence_interval":{"confidence_level":0.95,"lower_bound":1253363.1320754718,"upper_bound":1254799.1423059963},"point_estimate":1254213.579495614,"standard_error":403.92154656156697},"median_abs_dev":{"confidence_interval":{"confidence_level":0.95,"lower_bound":2076.6147907795626,"upper_bound":3943.339163114854},"point_estimate":2883.5446306249632,"standard_error":477.2629806135431},"slope":{"confidence_interval":{"confidence_level":0.95,"lower_bound":1253393.1438394315,"upper_bound":1255133.7424190538},"point_estimate":1254196.1900783214,"standard_error":443.14941781865576},"std_dev":{"confidence_interval":{"confidence_level":0.95,"lower_bound":4434.145932562103,"upper_bound":7973.345837140999},"point_estimate":6267.776279435455,"standard_error":909.6520432281775}}