{"mean":{"confidence_interval":{"confidence_level":0.95,"lower_bound":217340.7452471097,"upper_bound":218597.0040412382},"point_estimate":217922.7426143462,"standard_error":321.08425557982156},"median":{"confidence_interval":{"confidence_level":0.95,"lower_bound":216766.20588235295,"upper_bound":218000.525},"point_estimate":217447.03569786536,"standard_error":305.44846425150405},"median_abs_dev":{"confidence_interval":{"confidence_level":0.95,"lower_bound":1662.6871894320964,"upper_bound":2632.3197227465926},"point_estimate":2211.250865487271,"standard_error":252.41468854911483},"slope":{"confidence_interval":{"confidence_level":0.95,"lower_bound":216864.5617031478,"upper_bound":217677.31276136776},"point_estimate":217262.9367335599,"standard_error":207.1139127857241},"std_dev":{"confidence_interval":{"confidence_level":0.95,"lower_bound":1978.9392275073697,"upper_bound":4408.3652843667405},"point_estimate":3226.280289258093,"standard_error":638.2358598106929}}