{"mean":{"confidence_interval":{"confidence_level":0.95,"lower_bound":410288.50309290044,"upper_bound":411357.9997981252},"point_estimate":410807.96904500807,"standard_error":272.5304884347087},"median":{"confidence_interval":{"confidence_level":0.95,"lower_bound":410054.1595394737,"upper_bound":410858.23019416095},"point_estimate":410413.7918569254,"standard_error":193.46700488502321},"median_abs_dev":{"confidence_interval":{"confidence_level":0.95,"lower_bound":1454.198717364587,"upper_bound":2506.188317530098},"point_estimate":1943.9259374106718,"standard_error":266.3218182880053},"slope":{"confidence_interval":{"confidence_level":0.95,"lower_bound":410201.02180052357,"upper_bound":411256.48583310534},"point_estimate":410706.48993251566,"standard_error":269.18491044828363},"std_dev":{"confidence_interval":{"confidence_level":0.95,"lower_bound":2160.4660751919655,"upper_bound":3293.995717907816},"point_estimate":2741.159424639025,"standard_error":291.2815373274862}}