{"mean":{"confidence_interval":{"confidence_level":0.95,"lower_bound":412795.6367642978,"upper_bound":414183.04608656716},"point_estimate":413492.7992965914,"standard_error":353.82590670627457},"median":{"confidence_interval":{"confidence_level":0.95,"lower_bound":412853.7083333333,"upper_bound":413943.77192982455},"point_estimate":413418.4609279609,"standard_error":292.88691404585495},"median_abs_dev":{"confidence_interval":{"confidence_level":0.95,"lower_bound":2096.402458998524,"upper_bound":4020.2301361219825},"point_estimate":2959.3363629759406,"standard_error":481.5067630529783},"slope":{"confidence_interval":{"confidence_level":0.95,"lower_bound":413044.89009003295,"upper_bound":414210.4670579701},"point_estimate":413611.934702724,"standard_error":296.7823951785338},"std_dev":{"confidence_interval":{"confidence_level":0.95,"lower_bound":2954.9394455280385,"upper_bound":4134.119624034435},"point_estimate":3563.622364654949,"standard_error":300.7232906772595}}