{"mean":{"confidence_interval":{"confidence_level":0.95,"lower_bound":398504.20030229306,"upper_bound":399967.4416501468},"point_estimate":399208.5877621857,"standard_error":373.65425896052454},"median":{"confidence_interval":{"confidence_level":0.95,"lower_bound":398352.6100628931,"upper_bound":399181.24813962413},"point_estimate":398961.15909090906,"standard_error":246.02948975035486},"median_abs_dev":{"confidence_interval":{"confidence_level":0.95,"lower_bound":1840.0358410011945,"upper_bound":3097.901774429292},"point_estimate":2501.3513014477517,"standard_error":308.9227737274856},"slope":{"confidence_interval":{"confidence_level":0.95,"lower_bound":398331.4624405405,"upper_bound":399480.46547354065},"point_estimate":398884.62127481407,"standard_error":292.6809694841963},"std_dev":{"confidence_interval":{"confidence_level":0.95,"lower_bound":2748.986079048027,"upper_bound":4857.2174544976515},"point_estimate":3755.639316028101,"standard_error":555.0699602761529}}