{"mean":{"confidence_interval":{"confidence_level":0.95,"lower_bound":320213.0210847051,"upper_bound":321219.49568828783},"point_estimate":320698.4772772497,"standard_error":256.31963326389786},"median":{"confidence_interval":{"confidence_level":0.95,"lower_bound":319854.3645833333,"upper_bound":320591.16049382713},"point_estimate":320146.54774392274,"standard_error":180.39350038410745},"median_abs_dev":{"confidence_interval":{"confidence_level":0.95,"lower_bound":1375.378334413297,"upper_bound":2316.8782895806976},"point_estimate":1805.0258051407575,"standard_error":242.26403599108562},"slope":{"confidence_interval":{"confidence_level":0.95,"lower_bound":319928.12343055056,"upper_bound":320888.3305335323},"point_estimate":320379.6491522585,"standard_error":245.4233745421238},"std_dev":{"confidence_interval":{"confidence_level":0.95,"lower_bound":1968.9933303254586,"upper_bound":3130.063713304355},"point_estimate":2577.781347746308,"standard_error":297.39171188980464}}