{"mean":{"confidence_interval":{"confidence_level":0.95,"lower_bound":406413.1014826484,"upper_bound":408340.67423542595},"point_estimate":407302.9654762051,"standard_error":492.55967343394275},"median":{"confidence_interval":{"confidence_level":0.95,"lower_bound":405775.9727891156,"upper_bound":406680.28723404254},"point_estimate":406231.0641059141,"standard_error":191.7946092560798},"median_abs_dev":{"confidence_interval":{"confidence_level":0.95,"lower_bound":1591.3795734330276,"upper_bound":3219.794140328932},"point_estimate":2249.253504483675,"standard_error":381.41383551300595},"slope":{"confidence_interval":{"confidence_level":0.95,"lower_bound":406347.7461064548,"upper_bound":408018.13325801335},"point_estimate":407106.24127776956,"standard_error":426.0427884445817},"std_dev":{"confidence_interval":{"confidence_level":0.95,"lower_bound":3008.223248440226,"upper_bound":6574.596742428321},"point_estimate":4955.3737354184495,"standard_error":909.5796834318301}}