{"mean":{"confidence_interval":{"confidence_level":0.95,"lower_bound":1666202.1026028355,"upper_bound":1696472.8128439027},"point_estimate":1680050.9394452786,"standard_error":7741.586253028194},"median":{"confidence_interval":{"confidence_level":0.95,"lower_bound":1648472.2,"upper_bound":1655274.5869565217},"point_estimate":1652765.2001831501,"standard_error":1686.1064081738605},"median_abs_dev":{"confidence_interval":{"confidence_level":0.95,"lower_bound":9651.963330927918,"upper_bound":19473.486138367163},"point_estimate":14861.533793454237,"standard_error":2636.6323295801535},"slope":{"confidence_interval":{"confidence_level":0.95,"lower_bound":1659620.3803598501,"upper_bound":1682012.4260218597},"point_estimate":1669965.3382444214,"standard_error":5732.641534191477},"std_dev":{"confidence_interval":{"confidence_level":0.95,"lower_bound":45146.425594354136,"upper_bound":104966.14375210884},"point_estimate":77747.20210840624,"standard_error":15289.276934694648}}