{"mean":{"confidence_interval":{"confidence_level":0.95,"lower_bound":436769.3440165914,"upper_bound":446618.31031254254},"point_estimate":441604.97478433663,"standard_error":2506.6334149431423},"median":{"confidence_interval":{"confidence_level":0.95,"lower_bound":429005.86666666664,"upper_bound":440644.75425627246},"point_estimate":432648.2838669951,"standard_error":3030.4908409667255},"median_abs_dev":{"confidence_interval":{"confidence_level":0.95,"lower_bound":17487.77716713138,"upper_bound":30668.678324101318},"point_estimate":22116.785079828325,"standard_error":3293.580554059802},"slope":{"confidence_interval":{"confidence_level":0.95,"lower_bound":441113.8533480969,"upper_bound":455059.29129299504},"point_estimate":448153.92812078225,"standard_error":3550.7500178929245},"std_dev":{"confidence_interval":{"confidence_level":0.95,"lower_bound":21419.957215996477,"upper_bound":28618.128552937043},"point_estimate":25235.776809980805,"standard_error":1831.6512704372553}}