{"mean":{"confidence_interval":{"confidence_level":0.95,"lower_bound":845597.7833646765,"upper_bound":860174.5499929431},"point_estimate":852152.5779651739,"standard_error":3730.2325026496937},"median":{"confidence_interval":{"confidence_level":0.95,"lower_bound":839488.0450310558,"upper_bound":845875.9285714285},"point_estimate":841550.9299242424,"standard_error":1541.9204287333816},"median_abs_dev":{"confidence_interval":{"confidence_level":0.95,"lower_bound":8639.460233904763,"upper_bound":15960.452835597382},"point_estimate":11812.237652168675,"standard_error":1873.3316717300368},"slope":{"confidence_interval":{"confidence_level":0.95,"lower_bound":843917.0669664467,"upper_bound":856825.9141408633},"point_estimate":850060.3262464904,"standard_error":3305.472112441837},"std_dev":{"confidence_interval":{"confidence_level":0.95,"lower_bound":21362.487803899854,"upper_bound":54103.48927561811},"point_estimate":37593.0825119919,"standard_error":9143.62987390191}}