{"mean":{"confidence_interval":{"confidence_level":0.95,"lower_bound":786165.5657855762,"upper_bound":788906.4304646207},"point_estimate":787506.3352660192,"standard_error":700.0062623666128},"median":{"confidence_interval":{"confidence_level":0.95,"lower_bound":785657.3055555555,"upper_bound":788060.1098901099},"point_estimate":786571.3839285714,"standard_error":566.8330558077494},"median_abs_dev":{"confidence_interval":{"confidence_level":0.95,"lower_bound":4109.453778591786,"upper_bound":6789.224570603489},"point_estimate":6144.450265914202,"standard_error":703.6717048437106},"slope":{"confidence_interval":{"confidence_level":0.95,"lower_bound":786099.2200518204,"upper_bound":788838.85137245},"point_estimate":787437.8818737994,"standard_error":695.2914436542585},"std_dev":{"confidence_interval":{"confidence_level":0.95,"lower_bound":5470.14930632399,"upper_bound":8442.756080350815},"point_estimate":6992.370403227845,"standard_error":762.359766139811}}