{"mean":{"confidence_interval":{"confidence_level":0.95,"lower_bound":2404.27761320752,"upper_bound":2423.8906536529184},"point_estimate":2413.445150481048,"standard_error":5.0228866918220785},"median":{"confidence_interval":{"confidence_level":0.95,"lower_bound":2388.274688689035,"upper_bound":2391.8795662701336},"point_estimate":2389.7939419386294,"standard_error":0.9167408069906743},"median_abs_dev":{"confidence_interval":{"confidence_level":0.95,"lower_bound":3.538471937179381,"upper_bound":12.74883790221384},"point_estimate":6.314424130197994,"standard_error":2.5300475410080625},"slope":{"confidence_interval":{"confidence_level":0.95,"lower_bound":2421.6858376796445,"upper_bound":2451.845475323886},"point_estimate":2437.4431745785255,"standard_error":7.6984828355717445},"std_dev":{"confidence_interval":{"confidence_level":0.95,"lower_bound":36.0393948774682,"upper_bound":65.69168568207762},"point_estimate":50.56265391448719,"standard_error":7.8630211728002255}}