{"mean":{"confidence_interval":{"confidence_level":0.95,"lower_bound":219611.1947780526,"upper_bound":220489.1876788963},"point_estimate":220029.84133853167,"standard_error":223.64561657379755},"median":{"confidence_interval":{"confidence_level":0.95,"lower_bound":219075.52564935066,"upper_bound":220175.63222222222},"point_estimate":219561.85095238098,"standard_error":275.7530300148722},"median_abs_dev":{"confidence_interval":{"confidence_level":0.95,"lower_bound":1296.5752434152855,"upper_bound":2255.5881557829935},"point_estimate":1696.880971541004,"standard_error":253.9731158056038},"slope":{"confidence_interval":{"confidence_level":0.95,"lower_bound":219616.32397394546,"upper_bound":220394.49045999895},"point_estimate":219998.36102379192,"standard_error":199.2559144038739},"std_dev":{"confidence_interval":{"confidence_level":0.95,"lower_bound":1662.8592385819031,"upper_bound":2886.258109697266},"point_estimate":2244.555879500033,"standard_error":326.32316990807414}}