{"mean":{"confidence_interval":{"confidence_level":0.95,"lower_bound":243692.21865028175,"upper_bound":245004.1601280194},"point_estimate":244307.79337399377,"standard_error":335.1612538494519},"median":{"confidence_interval":{"confidence_level":0.95,"lower_bound":242957.31172360247,"upper_bound":244608.06048387097},"point_estimate":243699.62574404763,"standard_error":406.99640004403653},"median_abs_dev":{"confidence_interval":{"confidence_level":0.95,"lower_bound":1886.8413140649923,"upper_bound":3004.515438747635},"point_estimate":2372.9291788524956,"standard_error":271.3606350722033},"slope":{"confidence_interval":{"confidence_level":0.95,"lower_bound":242882.14926334773,"upper_bound":243958.24575449366},"point_estimate":243406.90948500074,"standard_error":274.79868974965495},"std_dev":{"confidence_interval":{"confidence_level":0.95,"lower_bound":2278.3366500972356,"upper_bound":4543.988018104265},"point_estimate":3369.1596475784036,"standard_error":607.2172426784471}}