{"mean":{"confidence_interval":{"confidence_level":0.95,"lower_bound":267389.689337636,"upper_bound":268674.1651209533},"point_estimate":268014.935318406,"standard_error":327.4155025241002},"median":{"confidence_interval":{"confidence_level":0.95,"lower_bound":267492.07629870134,"upper_bound":268432.6826923077},"point_estimate":267961.0067657498,"standard_error":250.4309301952849},"median_abs_dev":{"confidence_interval":{"confidence_level":0.95,"lower_bound":2118.584784560061,"upper_bound":3463.0904299205977},"point_estimate":2907.359040489306,"standard_error":346.8542859094887},"slope":{"confidence_interval":{"confidence_level":0.95,"lower_bound":268064.487736385,"upper_bound":269271.2104804648},"point_estimate":268668.7282178218,"standard_error":307.1758839455672},"std_dev":{"confidence_interval":{"confidence_level":0.95,"lower_bound":2691.26171782601,"upper_bound":3839.4541483849803},"point_estimate":3297.40035693282,"standard_error":293.871245625635}}