{"mean":{"confidence_interval":{"confidence_level":0.95,"lower_bound":456238.89035445865,"upper_bound":457931.1322761986},"point_estimate":457072.8642563796,"standard_error":431.14123363557803},"median":{"confidence_interval":{"confidence_level":0.95,"lower_bound":455765.4427083334,"upper_bound":457882.08181818185},"point_estimate":456632.18023255817,"standard_error":575.7822118998158},"median_abs_dev":{"confidence_interval":{"confidence_level":0.95,"lower_bound":3140.2141800828945,"upper_bound":4916.09360331331},"point_estimate":3991.1333895598655,"standard_error":456.2558955366727},"slope":{"confidence_interval":{"confidence_level":0.95,"lower_bound":456451.0976443016,"upper_bound":458400.4590380531},"point_estimate":457369.7399379341,"standard_error":497.18251254776186},"std_dev":{"confidence_interval":{"confidence_level":0.95,"lower_bound":3579.4645444331877,"upper_bound":5026.182205352268},"point_estimate":4324.414265046883,"standard_error":369.31580718353973}}