{"mean":{"confidence_interval":{"confidence_level":0.95,"lower_bound":648200.2309518356,"upper_bound":649883.215091315},"point_estimate":649018.7338258219,"standard_error":429.2762246941775},"median":{"confidence_interval":{"confidence_level":0.95,"lower_bound":647823.356321839,"upper_bound":649465.2474747475},"point_estimate":648555.7336956521,"standard_error":372.068962012437},"median_abs_dev":{"confidence_interval":{"confidence_level":0.95,"lower_bound":2514.0766114711137,"upper_bound":4035.7190006206365},"point_estimate":3233.930427969344,"standard_error":390.21550071887054},"slope":{"confidence_interval":{"confidence_level":0.95,"lower_bound":648808.7083459302,"upper_bound":650407.8901651152},"point_estimate":649582.5109088222,"standard_error":408.25650908554485},"std_dev":{"confidence_interval":{"confidence_level":0.95,"lower_bound":3391.4096232639836,"upper_bound":5237.989989451704},"point_estimate":4318.765486207357,"standard_error":477.5023939718394}}