{"mean":{"confidence_interval":{"confidence_level":0.95,"lower_bound":473792.11166178976,"upper_bound":475457.5317495648},"point_estimate":474535.2273834713,"standard_error":427.0342227775476},"median":{"confidence_interval":{"confidence_level":0.95,"lower_bound":473509.9397163121,"upper_bound":474878.2951807229},"point_estimate":473948.5585526316,"standard_error":329.45413266973526},"median_abs_dev":{"confidence_interval":{"confidence_level":0.95,"lower_bound":1893.3968622165964,"upper_bound":3146.354721992518},"point_estimate":2392.4587473330644,"standard_error":323.4962821931934},"slope":{"confidence_interval":{"confidence_level":0.95,"lower_bound":473845.14127964526,"upper_bound":474787.25098596036},"point_estimate":474313.81942515145,"standard_error":240.33744337018797},"std_dev":{"confidence_interval":{"confidence_level":0.95,"lower_bound":2325.725545145594,"upper_bound":6442.11251428411},"point_estimate":4299.260038652031,"standard_error":1236.7512097831248}}