{"mean":{"confidence_interval":{"confidence_level":0.95,"lower_bound":503959.7563735656,"upper_bound":505697.37187258026},"point_estimate":504787.3010751405,"standard_error":441.9083573177638},"median":{"confidence_interval":{"confidence_level":0.95,"lower_bound":503573.0055555556,"upper_bound":505110.1153947369},"point_estimate":504322.2885292048,"standard_error":362.03237701879294},"median_abs_dev":{"confidence_interval":{"confidence_level":0.95,"lower_bound":2529.9164541806717,"upper_bound":4148.685376346111},"point_estimate":3480.959413200617,"standard_error":419.9151110604592},"slope":{"confidence_interval":{"confidence_level":0.95,"lower_bound":503668.28706022026,"upper_bound":505024.5554308038},"point_estimate":504328.8316580464,"standard_error":345.48825910271955},"std_dev":{"confidence_interval":{"confidence_level":0.95,"lower_bound":3304.7708012836883,"upper_bound":5621.16616870754},"point_estimate":4440.559010004236,"standard_error":603.5860036142052}}