{"mean":{"confidence_interval":{"confidence_level":0.95,"lower_bound":497408.9319865406,"upper_bound":499258.0546082102},"point_estimate":498268.7111099547,"standard_error":473.65529295165004},"median":{"confidence_interval":{"confidence_level":0.95,"lower_bound":496844.26124661247,"upper_bound":498240.61333333334},"point_estimate":497292.7934533552,"standard_error":326.66775206067774},"median_abs_dev":{"confidence_interval":{"confidence_level":0.95,"lower_bound":2311.379601298394,"upper_bound":3757.821565392837},"point_estimate":3112.085906777859,"standard_error":380.62286785436584},"slope":{"confidence_interval":{"confidence_level":0.95,"lower_bound":496624.8008479052,"upper_bound":497981.87254987244},"point_estimate":497265.52296586375,"standard_error":347.1904323551541},"std_dev":{"confidence_interval":{"confidence_level":0.95,"lower_bound":3105.394833136089,"upper_bound":6524.820058078255},"point_estimate":4778.020998416335,"standard_error":915.882269052595}}