{"mean":{"confidence_interval":{"confidence_level":0.95,"lower_bound":474128.7050618735,"upper_bound":475701.5464707401},"point_estimate":474896.84557659423,"standard_error":400.3738841785169},"median":{"confidence_interval":{"confidence_level":0.95,"lower_bound":473491.67330917873,"upper_bound":474903.15773809527},"point_estimate":474009.03580901853,"standard_error":386.20221763049307},"median_abs_dev":{"confidence_interval":{"confidence_level":0.95,"lower_bound":1916.1327976485247,"upper_bound":3729.975194087425},"point_estimate":2833.7936232195207,"standard_error":468.68790825282485},"slope":{"confidence_interval":{"confidence_level":0.95,"lower_bound":473679.38858336094,"upper_bound":474950.4357990894},"point_estimate":474275.6010994532,"standard_error":323.92107565151707},"std_dev":{"confidence_interval":{"confidence_level":0.95,"lower_bound":3221.158238576011,"upper_bound":4709.15217487389},"point_estimate":4016.9884389466733,"standard_error":379.9850918502597}}