{"mean":{"confidence_interval":{"confidence_level":0.95,"lower_bound":639962.4743770919,"upper_bound":646320.4012456872},"point_estimate":642810.0629282385,"standard_error":1630.1931504186468},"median":{"confidence_interval":{"confidence_level":0.95,"lower_bound":637744.5,"upper_bound":641317.4605263158},"point_estimate":639475.7112318841,"standard_error":828.1186014222613},"median_abs_dev":{"confidence_interval":{"confidence_level":0.95,"lower_bound":4588.47088722578,"upper_bound":7566.47621934468},"point_estimate":6022.073774154638,"standard_error":767.242015670653},"slope":{"confidence_interval":{"confidence_level":0.95,"lower_bound":638422.6192737179,"upper_bound":642036.6474318733},"point_estimate":640045.0758755726,"standard_error":921.7641408377114},"std_dev":{"confidence_interval":{"confidence_level":0.95,"lower_bound":7967.703340361345,"upper_bound":23868.06626342289},"point_estimate":16478.51480356551,"standard_error":4155.903226722896}}