{"mean":{"confidence_interval":{"confidence_level":0.95,"lower_bound":253450.58472217183,"upper_bound":255051.00598389743},"point_estimate":254174.30985259567,"standard_error":410.4786466574243},"median":{"confidence_interval":{"confidence_level":0.95,"lower_bound":253218.9815378759,"upper_bound":254088.06372549018},"point_estimate":253624.19600297915,"standard_error":230.28512185798093},"median_abs_dev":{"confidence_interval":{"confidence_level":0.95,"lower_bound":1382.5360582675785,"upper_bound":2575.953511723822},"point_estimate":2180.9443782140506,"standard_error":300.4589729360322},"slope":{"confidence_interval":{"confidence_level":0.95,"lower_bound":253575.4513371074,"upper_bound":255308.48819485327},"point_estimate":254296.25389020244,"standard_error":448.45403580519246},"std_dev":{"confidence_interval":{"confidence_level":0.95,"lower_bound":2379.262111401212,"upper_bound":5952.3044641238885},"point_estimate":4110.543505568792,"standard_error":1016.5459610712269}}