{"mean":{"confidence_interval":{"confidence_level":0.95,"lower_bound":691147.1659120368,"upper_bound":694624.9354138643},"point_estimate":692534.9054198621,"standard_error":915.7681630249597},"median":{"confidence_interval":{"confidence_level":0.95,"lower_bound":690520.3333333334,"upper_bound":691857.2048192772},"point_estimate":691335.4194444444,"standard_error":290.324003304902},"median_abs_dev":{"confidence_interval":{"confidence_level":0.95,"lower_bound":2128.3274438237518,"upper_bound":3364.0950281222654},"point_estimate":2920.949731501931,"standard_error":314.816568653114},"slope":{"confidence_interval":{"confidence_level":0.95,"lower_bound":690973.638708611,"upper_bound":698477.505324887},"point_estimate":693661.9378114379,"standard_error":2093.3300818404177},"std_dev":{"confidence_interval":{"confidence_level":0.95,"lower_bound":2892.802645482757,"upper_bound":14976.177986393433},"point_estimate":9189.443639262307,"standard_error":3888.9652285629763}}