{"mean":{"confidence_interval":{"confidence_level":0.95,"lower_bound":449725.56871685805,"upper_bound":451653.60509931494},"point_estimate":450584.1508763767,"standard_error":495.56632452185994},"median":{"confidence_interval":{"confidence_level":0.95,"lower_bound":449079.4066666667,"upper_bound":450225.1468253968},"point_estimate":449647.45263157896,"standard_error":276.26478607617673},"median_abs_dev":{"confidence_interval":{"confidence_level":0.95,"lower_bound":1944.1555448426568,"upper_bound":3108.1253831744134},"point_estimate":2592.649082571488,"standard_error":303.83030053249655},"slope":{"confidence_interval":{"confidence_level":0.95,"lower_bound":449618.70838596456,"upper_bound":450769.83039681904},"point_estimate":450177.405985912,"standard_error":293.59451332724177},"std_dev":{"confidence_interval":{"confidence_level":0.95,"lower_bound":2403.6955218388466,"upper_bound":7315.543750598117},"point_estimate":4971.91314103194,"standard_error":1334.2185768398613}}