{"mean":{"confidence_interval":{"confidence_level":0.95,"lower_bound":6317835.0909687495,"upper_bound":6376269.671124999},"point_estimate":6346212.19375,"standard_error":14868.873351998549},"median":{"confidence_interval":{"confidence_level":0.95,"lower_bound":6299625.875,"upper_bound":6365159.5},"point_estimate":6334672.1875,"standard_error":15759.784422758548},"median_abs_dev":{"confidence_interval":{"confidence_level":0.95,"lower_bound":102690.43392688036,"upper_bound":171618.17462816834},"point_estimate":136243.43191869557,"standard_error":17117.318550261916},"slope":null,"std_dev":{"confidence_interval":{"confidence_level":0.95,"lower_bound":118255.3089095901,"upper_bound":182897.12383604283},"point_estimate":149133.9943297324,"standard_error":16836.263257495273}}