{"mean":{"confidence_interval":{"confidence_level":0.95,"lower_bound":229540.3322892373,"upper_bound":231078.53339349557},"point_estimate":230223.29160972484,"standard_error":395.67665884149375},"median":{"confidence_interval":{"confidence_level":0.95,"lower_bound":228954.17142857143,"upper_bound":230005.48},"point_estimate":229362.60169133195,"standard_error":308.3802255855956},"median_abs_dev":{"confidence_interval":{"confidence_level":0.95,"lower_bound":1441.2821679052483,"upper_bound":2533.46099312543},"point_estimate":1832.0631389634357,"standard_error":274.2036657515338},"slope":{"confidence_interval":{"confidence_level":0.95,"lower_bound":229209.4543617357,"upper_bound":231650.08939728915},"point_estimate":230263.4139612827,"standard_error":630.1020414053772},"std_dev":{"confidence_interval":{"confidence_level":0.95,"lower_bound":1903.506966819041,"upper_bound":5863.507854381274},"point_estimate":3963.4113777007374,"standard_error":1043.716819708932}}