{"mean":{"confidence_interval":{"confidence_level":0.95,"lower_bound":493056.48950248584,"upper_bound":502069.8593978292},"point_estimate":497459.488481841,"standard_error":2303.124293089469},"median":{"confidence_interval":{"confidence_level":0.95,"lower_bound":489138.77192982455,"upper_bound":497663.24242424243},"point_estimate":491506.926923077,"standard_error":2007.5086446911344},"median_abs_dev":{"confidence_interval":{"confidence_level":0.95,"lower_bound":12742.6726881434,"upper_bound":23965.230901696308},"point_estimate":19501.069498632918,"standard_error":2903.269061356874},"slope":{"confidence_interval":{"confidence_level":0.95,"lower_bound":483353.2766415554,"upper_bound":491201.03673802246},"point_estimate":487151.0790054677,"standard_error":2003.8130208800746},"std_dev":{"confidence_interval":{"confidence_level":0.95,"lower_bound":18724.774289858346,"upper_bound":27077.6366563412},"point_estimate":23138.698210198207,"standard_error":2133.2143637984445}}