{"mean":{"confidence_interval":{"confidence_level":0.95,"lower_bound":456824.1967721928,"upper_bound":458311.6363910919},"point_estimate":457547.7467116822,"standard_error":379.496351089072},"median":{"confidence_interval":{"confidence_level":0.95,"lower_bound":456393.6666666667,"upper_bound":458120.10256410256},"point_estimate":456911.3855555556,"standard_error":415.11973633130117},"median_abs_dev":{"confidence_interval":{"confidence_level":0.95,"lower_bound":2438.2384602213633,"upper_bound":4474.816187222794},"point_estimate":3136.9599779744367,"standard_error":533.9931041716475},"slope":{"confidence_interval":{"confidence_level":0.95,"lower_bound":456529.231875141,"upper_bound":458164.9119223885},"point_estimate":457344.0683178169,"standard_error":417.8070662222231},"std_dev":{"confidence_interval":{"confidence_level":0.95,"lower_bound":3020.243144641441,"upper_bound":4654.023030980495},"point_estimate":3827.04362807943,"standard_error":423.7567296777701}}