{"mean":{"confidence_interval":{"confidence_level":0.95,"lower_bound":0.031139101518199586,"upper_bound":0.03772523198616203},"point_estimate":0.03475663200077994,"standard_error":0.0016877972565709782},"median":{"confidence_interval":{"confidence_level":0.95,"lower_bound":0.036680309880462225,"upper_bound":0.03942960572318459},"point_estimate":0.03823814888248056,"standard_error":0.0007118834418235835}}