{"mean":{"confidence_interval":{"confidence_level":0.95,"lower_bound":0.03184305259328942,"upper_bound":0.036837033859602616},"point_estimate":0.03449624138766283,"standard_error":0.0012689433262756168},"median":{"confidence_interval":{"confidence_level":0.95,"lower_bound":0.03365535391604357,"upper_bound":0.037720347492548933},"point_estimate":0.03597039264085233,"standard_error":0.0010149542772747353}}