{"mean":{"confidence_interval":{"confidence_level":0.95,"lower_bound":0.05057153295414733,"upper_bound":0.05673389518262012},"point_estimate":0.05364043905240101,"standard_error":0.0015656366176390788},"median":{"confidence_interval":{"confidence_level":0.95,"lower_bound":0.0507592114387736,"upper_bound":0.05630548656545731},"point_estimate":0.05354698409162917,"standard_error":0.0013655233314655091}}