{"mean":{"confidence_interval":{"confidence_level":0.95,"lower_bound":254322.08940244588,"upper_bound":255234.87510444064},"point_estimate":254765.2573270429,"standard_error":232.69038517490847},"median":{"confidence_interval":{"confidence_level":0.95,"lower_bound":254350.97785829307,"upper_bound":254916.49152542374},"point_estimate":254596.88037634408,"standard_error":184.96701364747955},"median_abs_dev":{"confidence_interval":{"confidence_level":0.95,"lower_bound":1020.9498247961963,"upper_bound":1959.4444675626394},"point_estimate":1417.2861245032104,"standard_error":241.76974808950766},"slope":{"confidence_interval":{"confidence_level":0.95,"lower_bound":254731.65631416088,"upper_bound":255530.29269320087},"point_estimate":255128.1711408305,"standard_error":203.43156687654547},"std_dev":{"confidence_interval":{"confidence_level":0.95,"lower_bound":1677.1797605511758,"upper_bound":3079.221825290282},"point_estimate":2343.3568841912656,"standard_error":371.879209436093}}