{"mean":{"confidence_interval":{"confidence_level":0.95,"lower_bound":211803.89659973458,"upper_bound":212854.6873803495},"point_estimate":212297.79164115436,"standard_error":267.5151319303748},"median":{"confidence_interval":{"confidence_level":0.95,"lower_bound":211510.288,"upper_bound":212216.38163265307},"point_estimate":211892.67349593496,"standard_error":181.30901409767705},"median_abs_dev":{"confidence_interval":{"confidence_level":0.95,"lower_bound":1385.6809648820033,"upper_bound":2472.9081063171134},"point_estimate":1881.0660300412026,"standard_error":284.61075390568544},"slope":{"confidence_interval":{"confidence_level":0.95,"lower_bound":211660.35756997394,"upper_bound":212473.14232829172},"point_estimate":212055.0202713167,"standard_error":207.49445116619302},"std_dev":{"confidence_interval":{"confidence_level":0.95,"lower_bound":1861.0153120071063,"upper_bound":3658.689936685249},"point_estimate":2690.1922957469737,"standard_error":513.8779744663741}}