{"mean":{"confidence_interval":{"confidence_level":0.95,"lower_bound":237852.40331040655,"upper_bound":239160.49498963068},"point_estimate":238440.54658750512,"standard_error":335.8071257157079},"median":{"confidence_interval":{"confidence_level":0.95,"lower_bound":237465.11428571428,"upper_bound":238303.9420875421},"point_estimate":237768.84419642857,"standard_error":225.24179195104864},"median_abs_dev":{"confidence_interval":{"confidence_level":0.95,"lower_bound":1392.787361939739,"upper_bound":2391.0823880870844},"point_estimate":1852.2437276905976,"standard_error":255.79803938755555},"slope":{"confidence_interval":{"confidence_level":0.95,"lower_bound":237857.35325275618,"upper_bound":238703.58784393547},"point_estimate":238270.61076695728,"standard_error":215.92259163959017},"std_dev":{"confidence_interval":{"confidence_level":0.95,"lower_bound":1918.6163507601377,"upper_bound":4964.3157224749475},"point_estimate":3367.077416200051,"standard_error":914.2912772368771}}