{"mean":{"confidence_interval":{"confidence_level":0.95,"lower_bound":262747.89104235027,"upper_bound":264439.37408979156},"point_estimate":263548.21643364476,"standard_error":432.13561573822085},"median":{"confidence_interval":{"confidence_level":0.95,"lower_bound":262420.40476190473,"upper_bound":263886.3501994993},"point_estimate":263187.4317129629,"standard_error":331.22791611027685},"median_abs_dev":{"confidence_interval":{"confidence_level":0.95,"lower_bound":2365.881328434247,"upper_bound":3802.3764433876086},"point_estimate":3321.4850085757116,"standard_error":366.33194070294604},"slope":{"confidence_interval":{"confidence_level":0.95,"lower_bound":263655.0215451171,"upper_bound":264966.3913310342},"point_estimate":264318.3726621841,"standard_error":333.6334063850946},"std_dev":{"confidence_interval":{"confidence_level":0.95,"lower_bound":2933.3611023100043,"upper_bound":5727.230537110853},"point_estimate":4353.274874365218,"standard_error":725.2675337544214}}