{"mean":{"confidence_interval":{"confidence_level":0.95,"lower_bound":243850.19860846133,"upper_bound":245497.44520691075},"point_estimate":244639.76473362368,"standard_error":419.57082558345496},"median":{"confidence_interval":{"confidence_level":0.95,"lower_bound":242884.53894736842,"upper_bound":244596.2988764045},"point_estimate":243624.5137142857,"standard_error":480.0792262454141},"median_abs_dev":{"confidence_interval":{"confidence_level":0.95,"lower_bound":2272.073300307803,"upper_bound":3982.185680405755},"point_estimate":3137.733987330786,"standard_error":470.9360451523991},"slope":{"confidence_interval":{"confidence_level":0.95,"lower_bound":242913.92244452925,"upper_bound":244672.07796585505},"point_estimate":243734.5752380671,"standard_error":447.56698999256},"std_dev":{"confidence_interval":{"confidence_level":0.95,"lower_bound":3218.5358290189906,"upper_bound":5255.803880617843},"point_estimate":4213.676631666662,"standard_error":530.9129228099142}}