{"mean":{"confidence_interval":{"confidence_level":0.95,"lower_bound":587621.4239903088,"upper_bound":590241.4307494693},"point_estimate":588708.1386664811,"standard_error":683.1179105521637},"median":{"confidence_interval":{"confidence_level":0.95,"lower_bound":587304.796875,"upper_bound":588279.2353932584},"point_estimate":587858.5529850747,"standard_error":253.69256405260253},"median_abs_dev":{"confidence_interval":{"confidence_level":0.95,"lower_bound":1528.4638045585862,"upper_bound":2710.7086091334027},"point_estimate":2108.467077633029,"standard_error":305.3966751765317},"slope":{"confidence_interval":{"confidence_level":0.95,"lower_bound":587370.1922955835,"upper_bound":594042.7012924473},"point_estimate":589988.0556376533,"standard_error":1794.869896839681},"std_dev":{"confidence_interval":{"confidence_level":0.95,"lower_bound":2368.4745022675716,"upper_bound":10965.19744620762},"point_estimate":6871.611675153288,"standard_error":2570.925398853823}}