{"mean":{"confidence_interval":{"confidence_level":0.95,"lower_bound":418098.14505737036,"upper_bound":423388.19897934824},"point_estimate":420709.43397718127,"standard_error":1348.196623867439},"median":{"confidence_interval":{"confidence_level":0.95,"lower_bound":417397.071875,"upper_bound":423772.89130434784},"point_estimate":420732.7594043887,"standard_error":1715.1600103601518},"median_abs_dev":{"confidence_interval":{"confidence_level":0.95,"lower_bound":9305.079128801826,"upper_bound":17021.939275780514},"point_estimate":12708.804880352329,"standard_error":1905.2567614514232},"slope":{"confidence_interval":{"confidence_level":0.95,"lower_bound":420773.2730037878,"upper_bound":428092.56040347816},"point_estimate":424343.8407492242,"standard_error":1869.2483909813072},"std_dev":{"confidence_interval":{"confidence_level":0.95,"lower_bound":11489.415189026187,"upper_bound":15448.278741765836},"point_estimate":13544.73004059021,"standard_error":1012.688104297687}}