{"mean":{"confidence_interval":{"confidence_level":0.95,"lower_bound":254545.98122008878,"upper_bound":256380.19015284904},"point_estimate":255380.6299407265,"standard_error":470.69707853480895},"median":{"confidence_interval":{"confidence_level":0.95,"lower_bound":253888.69810606062,"upper_bound":254891.57142857142},"point_estimate":254285.07957393484,"standard_error":269.1747235867645},"median_abs_dev":{"confidence_interval":{"confidence_level":0.95,"lower_bound":1580.6380496237907,"upper_bound":3611.5750769879205},"point_estimate":2625.095381915196,"standard_error":551.5026821452286},"slope":{"confidence_interval":{"confidence_level":0.95,"lower_bound":253951.32941788627,"upper_bound":255115.23016801424},"point_estimate":254497.85537535098,"standard_error":297.2893737430583},"std_dev":{"confidence_interval":{"confidence_level":0.95,"lower_bound":2812.2746236560397,"upper_bound":6828.08179441251},"point_estimate":4720.653935503876,"standard_error":1165.9319985987127}}