{"mean":{"confidence_interval":{"confidence_level":0.95,"lower_bound":282516.7425346824,"upper_bound":283992.71096502105},"point_estimate":283176.5061027681,"standard_error":378.21995100010065},"median":{"confidence_interval":{"confidence_level":0.95,"lower_bound":282136.77058629773,"upper_bound":283036.4669834308},"point_estimate":282656.4767932489,"standard_error":250.28193016582497},"median_abs_dev":{"confidence_interval":{"confidence_level":0.95,"lower_bound":1238.669324789026,"upper_bound":2497.8221820536687},"point_estimate":1755.7488289511884,"standard_error":341.6339379589331},"slope":{"confidence_interval":{"confidence_level":0.95,"lower_bound":282412.1742322668,"upper_bound":283127.5455497218},"point_estimate":282756.31975247525,"standard_error":182.54048174863738},"std_dev":{"confidence_interval":{"confidence_level":0.95,"lower_bound":2072.994549366672,"upper_bound":5640.484383703249},"point_estimate":3779.1835414749776,"standard_error":1071.9061588325042}}