{"mean":{"confidence_interval":{"confidence_level":0.95,"lower_bound":272944.0314688216,"upper_bound":275391.28266363015},"point_estimate":274176.02112450753,"standard_error":623.5027765487017},"median":{"confidence_interval":{"confidence_level":0.95,"lower_bound":272983.0375,"upper_bound":276823.0119047619},"point_estimate":274754.8968237705,"standard_error":1032.1729781957542},"median_abs_dev":{"confidence_interval":{"confidence_level":0.95,"lower_bound":5723.999762887146,"upper_bound":9035.091829108598},"point_estimate":7417.09907840892,"standard_error":814.4329179381322},"slope":{"confidence_interval":{"confidence_level":0.95,"lower_bound":270987.0000599615,"upper_bound":274752.0312110982},"point_estimate":272840.2572011231,"standard_error":959.0537027402446},"std_dev":{"confidence_interval":{"confidence_level":0.95,"lower_bound":5597.858389200649,"upper_bound":6883.364999985458},"point_estimate":6290.537136431514,"standard_error":328.4986731803799}}