{"mean":{"confidence_interval":{"confidence_level":0.95,"lower_bound":323722.4929284286,"upper_bound":325140.56320038857},"point_estimate":324423.59260089183,"standard_error":361.5516054063291},"median":{"confidence_interval":{"confidence_level":0.95,"lower_bound":323185.437230709,"upper_bound":325021.82303370786},"point_estimate":324094.4141129032,"standard_error":403.0544215521985},"median_abs_dev":{"confidence_interval":{"confidence_level":0.95,"lower_bound":2589.883133565826,"upper_bound":4258.412863572105},"point_estimate":3442.005840500612,"standard_error":434.81271509076214},"slope":{"confidence_interval":{"confidence_level":0.95,"lower_bound":322859.6120765585,"upper_bound":324191.3865850134},"point_estimate":323494.5037446431,"standard_error":339.68720544913066},"std_dev":{"confidence_interval":{"confidence_level":0.95,"lower_bound":3056.238356074903,"upper_bound":4122.092792998926},"point_estimate":3615.7195200155793,"standard_error":272.14943530869175}}