{"mean":{"confidence_interval":{"confidence_level":0.95,"lower_bound":250869.45339849833,"upper_bound":252617.23345582272},"point_estimate":251642.15992051802,"standard_error":448.7148614169807},"median":{"confidence_interval":{"confidence_level":0.95,"lower_bound":250324.16666666666,"upper_bound":251796.38636363635},"point_estimate":251017.83574879228,"standard_error":374.1549256675544},"median_abs_dev":{"confidence_interval":{"confidence_level":0.95,"lower_bound":1734.870482982493,"upper_bound":2803.885271713036},"point_estimate":2237.7370678627917,"standard_error":265.49006530004897},"slope":{"confidence_interval":{"confidence_level":0.95,"lower_bound":250845.70536985455,"upper_bound":251912.83146651622},"point_estimate":251373.9114925373,"standard_error":271.8585766027178},"std_dev":{"confidence_interval":{"confidence_level":0.95,"lower_bound":2182.8975240567024,"upper_bound":6718.313547619885},"point_estimate":4493.070213413511,"standard_error":1240.4992643207888}}