{"mean":{"confidence_interval":{"confidence_level":0.95,"lower_bound":253796.1108806709,"upper_bound":255008.94014434106},"point_estimate":254370.9062566029,"standard_error":310.46672162509515},"median":{"confidence_interval":{"confidence_level":0.95,"lower_bound":253056.21040706604,"upper_bound":254236.58333333334},"point_estimate":253784.21250000002,"standard_error":306.0246127244347},"median_abs_dev":{"confidence_interval":{"confidence_level":0.95,"lower_bound":1624.982720377366,"upper_bound":2822.59285772115},"point_estimate":2194.799630504257,"standard_error":314.22956930632074},"slope":{"confidence_interval":{"confidence_level":0.95,"lower_bound":253359.98542440002,"upper_bound":254372.94475590592},"point_estimate":253838.48715235703,"standard_error":258.93692671917523},"std_dev":{"confidence_interval":{"confidence_level":0.95,"lower_bound":2180.2451901357203,"upper_bound":4112.92535662167},"point_estimate":3119.1254697715995,"standard_error":513.0904517880724}}