{"mean":{"confidence_interval":{"confidence_level":0.95,"lower_bound":229701.29573774614,"upper_bound":230977.60712686478},"point_estimate":230294.03246981456,"standard_error":326.1603383249482},"median":{"confidence_interval":{"confidence_level":0.95,"lower_bound":229240.80585964915,"upper_bound":230200.71494252875},"point_estimate":229703.6530154639,"standard_error":276.6863508074144},"median_abs_dev":{"confidence_interval":{"confidence_level":0.95,"lower_bound":1191.6371945678027,"upper_bound":1916.430322246722},"point_estimate":1469.6342211238673,"standard_error":187.58559995244295},"slope":{"confidence_interval":{"confidence_level":0.95,"lower_bound":229188.34164157414,"upper_bound":230574.73444603768},"point_estimate":229786.92837771538,"standard_error":355.48301405143525},"std_dev":{"confidence_interval":{"confidence_level":0.95,"lower_bound":2020.9425984747868,"upper_bound":4450.821618634233},"point_estimate":3268.112275294869,"standard_error":631.0626839111976}}