{"mean":{"confidence_interval":{"confidence_level":0.95,"lower_bound":290898.4916457886,"upper_bound":291990.18545588484},"point_estimate":291424.3669646009,"standard_error":279.7737015313953},"median":{"confidence_interval":{"confidence_level":0.95,"lower_bound":290330.57371959026,"upper_bound":291451.6532258064},"point_estimate":290899.45510204084,"standard_error":289.28836720801024},"median_abs_dev":{"confidence_interval":{"confidence_level":0.95,"lower_bound":1416.1256411391835,"upper_bound":2632.449763656867},"point_estimate":1850.8122669411123,"standard_error":321.6987465301292},"slope":{"confidence_interval":{"confidence_level":0.95,"lower_bound":291084.7823802484,"upper_bound":292268.88710324216},"point_estimate":291651.80529629084,"standard_error":301.4697818487695},"std_dev":{"confidence_interval":{"confidence_level":0.95,"lower_bound":2102.376920419537,"upper_bound":3545.8969623845665},"point_estimate":2817.6173184952395,"standard_error":374.6562243324977}}