{"mean":{"confidence_interval":{"confidence_level":0.95,"lower_bound":275021.7758152003,"upper_bound":276136.3992016935},"point_estimate":275546.16304567247,"standard_error":284.16521823894334},"median":{"confidence_interval":{"confidence_level":0.95,"lower_bound":274825.85294117645,"upper_bound":275702.7702702703},"point_estimate":275146.56511627906,"standard_error":199.6067553455952},"median_abs_dev":{"confidence_interval":{"confidence_level":0.95,"lower_bound":1289.607618818706,"upper_bound":2441.4287393482864},"point_estimate":1986.6098347305992,"standard_error":309.94853981499386},"slope":{"confidence_interval":{"confidence_level":0.95,"lower_bound":274914.74966752075,"upper_bound":276419.76145027037},"point_estimate":275608.9076230235,"standard_error":385.9993814021432},"std_dev":{"confidence_interval":{"confidence_level":0.95,"lower_bound":1874.8711113429677,"upper_bound":3766.4454941082804},"point_estimate":2844.8958798542844,"standard_error":492.783465284284}}