{"mean":{"confidence_interval":{"confidence_level":0.95,"lower_bound":262845.0074876568,"upper_bound":264270.21811484854},"point_estimate":263506.2044554359,"standard_error":364.8448524990154},"median":{"confidence_interval":{"confidence_level":0.95,"lower_bound":262404.45917960966,"upper_bound":263233.900390625},"point_estimate":262905.15849743155,"standard_error":242.46014124222063},"median_abs_dev":{"confidence_interval":{"confidence_level":0.95,"lower_bound":1278.2820872387163,"upper_bound":2385.9567539119935},"point_estimate":1834.0230801013374,"standard_error":290.27563142769714},"slope":{"confidence_interval":{"confidence_level":0.95,"lower_bound":262578.12485527707,"upper_bound":263351.91392475815},"point_estimate":262950.72758090735,"standard_error":198.15831143907164},"std_dev":{"confidence_interval":{"confidence_level":0.95,"lower_bound":2231.646855458491,"upper_bound":5095.784323035366},"point_estimate":3662.5712591669867,"standard_error":755.4754838359145}}