{"mean":{"confidence_interval":{"confidence_level":0.95,"lower_bound":459153.4015311363,"upper_bound":460429.40570861945},"point_estimate":459767.6394364949,"standard_error":325.6504364287306},"median":{"confidence_interval":{"confidence_level":0.95,"lower_bound":458605.3112244898,"upper_bound":459832.23333333334},"point_estimate":459267.01785714284,"standard_error":328.6583993992289},"median_abs_dev":{"confidence_interval":{"confidence_level":0.95,"lower_bound":1968.1109375000462,"upper_bound":3167.226703944038},"point_estimate":2594.602209510379,"standard_error":294.5949544483741},"slope":{"confidence_interval":{"confidence_level":0.95,"lower_bound":459162.21372641233,"upper_bound":460291.63135479356},"point_estimate":459710.5800265997,"standard_error":287.6429589155044},"std_dev":{"confidence_interval":{"confidence_level":0.95,"lower_bound":2429.8228565272884,"upper_bound":4094.01432420174},"point_estimate":3266.848497372652,"standard_error":429.5947203854591}}