{"mean":{"confidence_interval":{"confidence_level":0.95,"lower_bound":398266.4589540874,"upper_bound":404192.855306892},"point_estimate":400915.6172756273,"standard_error":1522.9365370505564},"median":{"confidence_interval":{"confidence_level":0.95,"lower_bound":396740.86363636365,"upper_bound":398260.5350378788},"point_estimate":397805.2407161804,"standard_error":405.66404336121445},"median_abs_dev":{"confidence_interval":{"confidence_level":0.95,"lower_bound":3249.71157747235,"upper_bound":5944.304682074717},"point_estimate":4598.895119400808,"standard_error":694.0913046463545},"slope":{"confidence_interval":{"confidence_level":0.95,"lower_bound":397998.2657496342,"upper_bound":405909.9504179549},"point_estimate":401494.82244421454,"standard_error":2025.1007849025875},"std_dev":{"confidence_interval":{"confidence_level":0.95,"lower_bound":7861.88790937817,"upper_bound":22144.28412980541},"point_estimate":15281.203581318228,"standard_error":3759.404496078086}}