{"mean":{"confidence_interval":{"confidence_level":0.95,"lower_bound":485113.6351670017,"upper_bound":487449.22643002274},"point_estimate":486256.51957356674,"standard_error":593.5809453967098},"median":{"confidence_interval":{"confidence_level":0.95,"lower_bound":484204.8596491228,"upper_bound":487017.3103448276},"point_estimate":486204.5279879386,"standard_error":790.2025366727731},"median_abs_dev":{"confidence_interval":{"confidence_level":0.95,"lower_bound":4223.8618830023515,"upper_bound":6764.066961426923},"point_estimate":5396.917972751625,"standard_error":636.9541613801554},"slope":{"confidence_interval":{"confidence_level":0.95,"lower_bound":484605.7141037575,"upper_bound":486985.5356163729},"point_estimate":485776.63767252845,"standard_error":604.436658322221},"std_dev":{"confidence_interval":{"confidence_level":0.95,"lower_bound":4776.675471298273,"upper_bound":7076.318873132345},"point_estimate":5965.910443408544,"standard_error":592.375014403935}}