{"mean":{"confidence_interval":{"confidence_level":0.95,"lower_bound":214415.83322597537,"upper_bound":215599.088356364},"point_estimate":214967.23765335747,"standard_error":302.44598993075357},"median":{"confidence_interval":{"confidence_level":0.95,"lower_bound":214436.09017094015,"upper_bound":215155.03591836733},"point_estimate":214836.11111111112,"standard_error":179.67534335548225},"median_abs_dev":{"confidence_interval":{"confidence_level":0.95,"lower_bound":1359.2073552729864,"upper_bound":2148.3584007238637},"point_estimate":1818.5566553058686,"standard_error":205.25076696184783},"slope":{"confidence_interval":{"confidence_level":0.95,"lower_bound":214912.15589969032,"upper_bound":215815.24051201687},"point_estimate":215348.9539926112,"standard_error":230.6306754559528},"std_dev":{"confidence_interval":{"confidence_level":0.95,"lower_bound":1846.9910968209085,"upper_bound":4342.685863392519},"point_estimate":3037.885907593115,"standard_error":694.6601817695322}}