{"mean":{"confidence_interval":{"confidence_level":0.95,"lower_bound":233281.07299770947,"upper_bound":234800.5500327409},"point_estimate":234011.45881871055,"standard_error":388.4989504213848},"median":{"confidence_interval":{"confidence_level":0.95,"lower_bound":232979.32600619196,"upper_bound":233993.08405797102},"point_estimate":233391.85345454543,"standard_error":260.07745932507424},"median_abs_dev":{"confidence_interval":{"confidence_level":0.95,"lower_bound":2113.2085095252905,"upper_bound":3923.3823915088324},"point_estimate":3272.871564894916,"standard_error":450.2117171215675},"slope":{"confidence_interval":{"confidence_level":0.95,"lower_bound":232176.7674137822,"upper_bound":233390.44523085034},"point_estimate":232766.5785541599,"standard_error":309.59984417142124},"std_dev":{"confidence_interval":{"confidence_level":0.95,"lower_bound":2991.9492529930894,"upper_bound":4744.295338851331},"point_estimate":3899.2149544836584,"standard_error":450.0058294587609}}