{"mean":{"confidence_interval":{"confidence_level":0.95,"lower_bound":144012.05314325308,"upper_bound":144793.81272517642},"point_estimate":144401.67614327598,"standard_error":199.71481120688637},"median":{"confidence_interval":{"confidence_level":0.95,"lower_bound":143899.87142857144,"upper_bound":144690.70562770564},"point_estimate":144422.34015358723,"standard_error":200.87158623056087},"median_abs_dev":{"confidence_interval":{"confidence_level":0.95,"lower_bound":1204.9842466093892,"upper_bound":2015.2228960238958},"point_estimate":1529.963927076126,"standard_error":209.4450712371959},"slope":{"confidence_interval":{"confidence_level":0.95,"lower_bound":144481.16224191277,"upper_bound":145227.5249210552},"point_estimate":144854.49889252466,"standard_error":190.01596773478116},"std_dev":{"confidence_interval":{"confidence_level":0.95,"lower_bound":1634.5644043688799,"upper_bound":2356.6020604932505},"point_estimate":2006.7405768097608,"standard_error":184.53484141977515}}