{"mean":{"confidence_interval":{"confidence_level":0.95,"lower_bound":346905.6404416348,"upper_bound":348470.1620818492},"point_estimate":347601.56268215866,"standard_error":400.6494626838296},"median":{"confidence_interval":{"confidence_level":0.95,"lower_bound":346552.8435185185,"upper_bound":347509.64813119755},"point_estimate":346997.4567099567,"standard_error":253.81561739642044},"median_abs_dev":{"confidence_interval":{"confidence_level":0.95,"lower_bound":1894.858174415136,"upper_bound":3218.530950855695},"point_estimate":2451.4540462726836,"standard_error":349.4311190160404},"slope":{"confidence_interval":{"confidence_level":0.95,"lower_bound":346513.3002272,"upper_bound":347671.3201577473},"point_estimate":347100.5997418846,"standard_error":295.2130314157746},"std_dev":{"confidence_interval":{"confidence_level":0.95,"lower_bound":2263.847539075558,"upper_bound":5974.228218559322},"point_estimate":4030.722418248619,"standard_error":1128.4362690265834}}