{"mean":{"confidence_interval":{"confidence_level":0.95,"lower_bound":361112.4326753589,"upper_bound":364426.7299630959},"point_estimate":362590.46797886473,"standard_error":850.7176349032802},"median":{"confidence_interval":{"confidence_level":0.95,"lower_bound":360969.61643835617,"upper_bound":362184.1666666667},"point_estimate":361474.7109929078,"standard_error":322.7565775914754},"median_abs_dev":{"confidence_interval":{"confidence_level":0.95,"lower_bound":1993.4977471083719,"upper_bound":3313.8813659459},"point_estimate":2549.90068145167,"standard_error":362.407468431438},"slope":{"confidence_interval":{"confidence_level":0.95,"lower_bound":361055.57956439065,"upper_bound":362524.16317378596},"point_estimate":361727.48041968374,"standard_error":373.73328739166885},"std_dev":{"confidence_interval":{"confidence_level":0.95,"lower_bound":3750.2158231079434,"upper_bound":12646.572959501094},"point_estimate":8544.338986699975,"standard_error":2333.207616130551}}