{"mean":{"confidence_interval":{"confidence_level":0.95,"lower_bound":258713.29221242698,"upper_bound":260238.43386874895},"point_estimate":259406.8197136088,"standard_error":387.10843958923925},"median":{"confidence_interval":{"confidence_level":0.95,"lower_bound":258686.72857142857,"upper_bound":259642.8564814815},"point_estimate":259300.88381410256,"standard_error":206.8743530025637},"median_abs_dev":{"confidence_interval":{"confidence_level":0.95,"lower_bound":1621.0194471007628,"upper_bound":3061.8693967772947},"point_estimate":2360.9016533025165,"standard_error":370.06725535207477},"slope":{"confidence_interval":{"confidence_level":0.95,"lower_bound":258549.43041889239,"upper_bound":259663.8431659563},"point_estimate":259091.6466656815,"standard_error":284.1959578468702},"std_dev":{"confidence_interval":{"confidence_level":0.95,"lower_bound":2350.33517804333,"upper_bound":5611.597317193437},"point_estimate":3884.4051879758813,"standard_error":944.4562129825669}}