{"mean":{"confidence_interval":{"confidence_level":0.95,"lower_bound":257152.89441029658,"upper_bound":259023.44570562782},"point_estimate":258032.41529320207,"standard_error":476.87343081747616},"median":{"confidence_interval":{"confidence_level":0.95,"lower_bound":257120.19047619047,"upper_bound":258304.63680555555},"point_estimate":257654.65562770562,"standard_error":348.37605253240105},"median_abs_dev":{"confidence_interval":{"confidence_level":0.95,"lower_bound":1717.5571532373474,"upper_bound":3005.556541357099},"point_estimate":2260.338384870973,"standard_error":333.18531456983607},"slope":{"confidence_interval":{"confidence_level":0.95,"lower_bound":257609.32628418456,"upper_bound":258554.82461509953},"point_estimate":258059.79982562436,"standard_error":240.41630188162085},"std_dev":{"confidence_interval":{"confidence_level":0.95,"lower_bound":2969.054879041362,"upper_bound":6380.594012342527},"point_estimate":4788.459873776636,"standard_error":874.3792722406638}}