{"mean":{"confidence_interval":{"confidence_level":0.95,"lower_bound":248087.41384672726,"upper_bound":249804.47560510028},"point_estimate":248869.26671494602,"standard_error":439.56361094935835},"median":{"confidence_interval":{"confidence_level":0.95,"lower_bound":247549.5220125786,"upper_bound":249227.50841750842},"point_estimate":248392.7925170068,"standard_error":384.5553017814742},"median_abs_dev":{"confidence_interval":{"confidence_level":0.95,"lower_bound":2392.512396214496,"upper_bound":3668.6968846541686},"point_estimate":2933.017073301293,"standard_error":333.38438092570163},"slope":{"confidence_interval":{"confidence_level":0.95,"lower_bound":247919.70558451756,"upper_bound":248984.63862731648},"point_estimate":248446.64834047583,"standard_error":271.3951352961416},"std_dev":{"confidence_interval":{"confidence_level":0.95,"lower_bound":2623.0442241999694,"upper_bound":6333.9969957706035},"point_estimate":4419.0802591943,"standard_error":1044.75457471838}}