{"mean":{"confidence_interval":{"confidence_level":0.95,"lower_bound":0.047806576302417046,"upper_bound":0.05808866569652494},"point_estimate":0.052811793503472204,"standard_error":0.0026087930074512157},"median":{"confidence_interval":{"confidence_level":0.95,"lower_bound":0.04952620169669619,"upper_bound":0.05895303326979029},"point_estimate":0.054376636483667085,"standard_error":0.0022972106825774534}}