{"mean":{"confidence_interval":{"confidence_level":0.95,"lower_bound":0.009161315651791069,"upper_bound":0.017784368374295333},"point_estimate":0.013468839284917822,"standard_error":0.002209840264949238},"median":{"confidence_interval":{"confidence_level":0.95,"lower_bound":0.00938768385558686,"upper_bound":0.015510417634345908},"point_estimate":0.01153420762587265,"standard_error":0.001680678730917729}}