{"mean":{"confidence_interval":{"confidence_level":0.95,"lower_bound":0.006728098801191718,"upper_bound":0.013681120581694683},"point_estimate":0.009833678511826704,"standard_error":0.0018013209797092117},"median":{"confidence_interval":{"confidence_level":0.95,"lower_bound":0.006063685529734242,"upper_bound":0.011006965758763254},"point_estimate":0.00839691419288191,"standard_error":0.001255148143060293}}