{"mean":{"confidence_interval":{"confidence_level":0.95,"lower_bound":476272.2541984626,"upper_bound":478239.97229008464},"point_estimate":477233.2116126343,"standard_error":500.2675186950529},"median":{"confidence_interval":{"confidence_level":0.95,"lower_bound":476291.04051598837,"upper_bound":477613.07575757575},"point_estimate":476679.50964235625,"standard_error":384.87285610911414},"median_abs_dev":{"confidence_interval":{"confidence_level":0.95,"lower_bound":2630.5557362901277,"upper_bound":4675.971963386384},"point_estimate":3490.6935384539443,"standard_error":506.5083025314266},"slope":{"confidence_interval":{"confidence_level":0.95,"lower_bound":476159.63207449816,"upper_bound":477420.2990892584},"point_estimate":476790.5779710359,"standard_error":321.5151851055057},"std_dev":{"confidence_interval":{"confidence_level":0.95,"lower_bound":3885.7889382523736,"upper_bound":6137.081881312375},"point_estimate":5017.747236989812,"standard_error":580.7734185317526}}