{"mean":{"confidence_interval":{"confidence_level":0.95,"lower_bound":294497.95940217545,"upper_bound":295731.55492745404},"point_estimate":295081.14673954615,"standard_error":316.1338295848008},"median":{"confidence_interval":{"confidence_level":0.95,"lower_bound":294332.1195652174,"upper_bound":295537.1666666667},"point_estimate":295046.5901008827,"standard_error":289.00505892602945},"median_abs_dev":{"confidence_interval":{"confidence_level":0.95,"lower_bound":1553.721853843609,"upper_bound":2724.656060710625},"point_estimate":1989.1659851026213,"standard_error":302.4035881863619},"slope":{"confidence_interval":{"confidence_level":0.95,"lower_bound":294993.9641405032,"upper_bound":296702.16711732734},"point_estimate":295708.8245293335,"standard_error":443.03955576146416},"std_dev":{"confidence_interval":{"confidence_level":0.95,"lower_bound":2102.664783442254,"upper_bound":4404.9894110876285},"point_estimate":3175.171960318527,"standard_error":648.5397468424463}}