{"mean":{"confidence_interval":{"confidence_level":0.95,"lower_bound":223669.42420807635,"upper_bound":224447.8603372826},"point_estimate":224049.57536521752,"standard_error":198.48794734171548},"median":{"confidence_interval":{"confidence_level":0.95,"lower_bound":223380.95851793248,"upper_bound":224181.725},"point_estimate":223903.15352112678,"standard_error":214.71380847532188},"median_abs_dev":{"confidence_interval":{"confidence_level":0.95,"lower_bound":1304.2453148450115,"upper_bound":2288.074476878561},"point_estimate":1647.9208947254492,"standard_error":261.82853031521125},"slope":{"confidence_interval":{"confidence_level":0.95,"lower_bound":223866.33455914585,"upper_bound":224833.56679221924},"point_estimate":224335.750315945,"standard_error":246.39966896679113},"std_dev":{"confidence_interval":{"confidence_level":0.95,"lower_bound":1617.899664648447,"upper_bound":2348.330401126643},"point_estimate":1998.87969495166,"standard_error":186.44586510603014}}