{"mean":{"confidence_interval":{"confidence_level":0.95,"lower_bound":174761.82960049558,"upper_bound":176421.04353481755},"point_estimate":175532.96137236804,"standard_error":424.3685535493281},"median":{"confidence_interval":{"confidence_level":0.95,"lower_bound":174053.6244147157,"upper_bound":175523.7206185567},"point_estimate":174918.15813492064,"standard_error":419.98533992028393},"median_abs_dev":{"confidence_interval":{"confidence_level":0.95,"lower_bound":1850.0861572081808,"upper_bound":3550.679925468084},"point_estimate":2567.008167661791,"standard_error":436.2162873436111},"slope":{"confidence_interval":{"confidence_level":0.95,"lower_bound":174361.14641046623,"upper_bound":175372.39714646182},"point_estimate":174860.08140564503,"standard_error":257.47986880184254},"std_dev":{"confidence_interval":{"confidence_level":0.95,"lower_bound":2755.8581284410034,"upper_bound":5826.576143949741},"point_estimate":4257.617940136403,"standard_error":816.8399737900487}}