{"mean":{"confidence_interval":{"confidence_level":0.95,"lower_bound":793072.8825039591,"upper_bound":798301.2010951246},"point_estimate":795593.1161268136,"standard_error":1331.5115720913368},"median":{"confidence_interval":{"confidence_level":0.95,"lower_bound":794619.5138888889,"upper_bound":798334.9252873564},"point_estimate":797133.2521167048,"standard_error":921.2940797090727},"median_abs_dev":{"confidence_interval":{"confidence_level":0.95,"lower_bound":5189.346207302077,"upper_bound":8893.772047527622},"point_estimate":6687.9716950086,"standard_error":952.582078381125},"slope":{"confidence_interval":{"confidence_level":0.95,"lower_bound":794558.2991158024,"upper_bound":798499.9134804982},"point_estimate":796443.9559731048,"standard_error":1001.9730954918945},"std_dev":{"confidence_interval":{"confidence_level":0.95,"lower_bound":7702.778223270497,"upper_bound":18917.467334754612},"point_estimate":13389.967511021048,"standard_error":2956.7338102351473}}