{"mean":{"confidence_interval":{"confidence_level":0.95,"lower_bound":669099.1674346437,"upper_bound":671507.7644361838},"point_estimate":670258.8888394055,"standard_error":613.9079381305115},"median":{"confidence_interval":{"confidence_level":0.95,"lower_bound":667846.9580357142,"upper_bound":670430.2875},"point_estimate":669113.7865646258,"standard_error":686.6836174560051},"median_abs_dev":{"confidence_interval":{"confidence_level":0.95,"lower_bound":3714.9672879431,"upper_bound":6405.699856474742},"point_estimate":4971.72971107623,"standard_error":716.7931595213246},"slope":{"confidence_interval":{"confidence_level":0.95,"lower_bound":668810.1876030854,"upper_bound":670930.2917120218},"point_estimate":669837.4400206887,"standard_error":539.6432947626298},"std_dev":{"confidence_interval":{"confidence_level":0.95,"lower_bound":4695.9530036749275,"upper_bound":7767.251932701237},"point_estimate":6164.023608464041,"standard_error":810.2648654325257}}