{"mean":{"confidence_interval":{"confidence_level":0.95,"lower_bound":183401.22229551364,"upper_bound":184857.66082390267},"point_estimate":184120.7092732296,"standard_error":370.9739269158095},"median":{"confidence_interval":{"confidence_level":0.95,"lower_bound":183432.56642242093,"upper_bound":185375.16367980884},"point_estimate":184349.24221156124,"standard_error":483.94817772582365},"median_abs_dev":{"confidence_interval":{"confidence_level":0.95,"lower_bound":2551.4662662492556,"upper_bound":4136.601519242575},"point_estimate":3329.41892568859,"standard_error":418.61177220734123},"slope":{"confidence_interval":{"confidence_level":0.95,"lower_bound":184275.27551111308,"upper_bound":185351.31303890148},"point_estimate":184840.68515491846,"standard_error":275.10708251578785},"std_dev":{"confidence_interval":{"confidence_level":0.95,"lower_bound":2999.634527743013,"upper_bound":4411.466473071157},"point_estimate":3720.8696613842067,"standard_error":361.946997027304}}