{"mean":{"confidence_interval":{"confidence_level":0.95,"lower_bound":241749.22903712088,"upper_bound":243311.0434709284},"point_estimate":242525.10735173532,"standard_error":397.3453082863263},"median":{"confidence_interval":{"confidence_level":0.95,"lower_bound":241503.2025862069,"upper_bound":242914.39100274723},"point_estimate":242127.37486758473,"standard_error":398.2642403785998},"median_abs_dev":{"confidence_interval":{"confidence_level":0.95,"lower_bound":2370.6557016784254,"upper_bound":3859.3316153406918},"point_estimate":3045.260542254696,"standard_error":372.60733577936827},"slope":{"confidence_interval":{"confidence_level":0.95,"lower_bound":241624.32939923377,"upper_bound":243008.26750299113},"point_estimate":242303.2823769765,"standard_error":353.68825459618785},"std_dev":{"confidence_interval":{"confidence_level":0.95,"lower_bound":3109.2740787060015,"upper_bound":4819.9831079467795},"point_estimate":3992.565187219503,"standard_error":436.42479605072253}}