{"mean":{"confidence_interval":{"confidence_level":0.95,"lower_bound":647272.0397200944,"upper_bound":657110.6712500886},"point_estimate":651577.0369419449,"standard_error":2536.7967575093426},"median":{"confidence_interval":{"confidence_level":0.95,"lower_bound":644948.8823286052,"upper_bound":646525.0081967213},"point_estimate":645624.4306463327,"standard_error":390.55972124886375},"median_abs_dev":{"confidence_interval":{"confidence_level":0.95,"lower_bound":2151.3777965781405,"upper_bound":3398.2006274407568},"point_estimate":2780.730740298838,"standard_error":315.23151391190544},"slope":{"confidence_interval":{"confidence_level":0.95,"lower_bound":648144.3727848417,"upper_bound":663081.3935835675},"point_estimate":654871.3200576326,"standard_error":3825.1062941369787},"std_dev":{"confidence_interval":{"confidence_level":0.95,"lower_bound":10089.43843884958,"upper_bound":37292.74507621455},"point_estimate":25502.61330906571,"standard_error":6938.595190891383}}