{"mean":{"confidence_interval":{"confidence_level":0.95,"lower_bound":269046.57799042464,"upper_bound":270857.1443731262},"point_estimate":269881.714977064,"standard_error":461.8386686644488},"median":{"confidence_interval":{"confidence_level":0.95,"lower_bound":269069.7163461539,"upper_bound":270424.31111111114},"point_estimate":269669.5802083333,"standard_error":339.15802244901084},"median_abs_dev":{"confidence_interval":{"confidence_level":0.95,"lower_bound":2140.0759416334054,"upper_bound":3543.684239106928},"point_estimate":2844.1072514148036,"standard_error":356.4900821736518},"slope":{"confidence_interval":{"confidence_level":0.95,"lower_bound":269748.29864322324,"upper_bound":271415.88192074647},"point_estimate":270551.5571634402,"standard_error":426.153365096957},"std_dev":{"confidence_interval":{"confidence_level":0.95,"lower_bound":2844.25619555962,"upper_bound":6610.240743502525},"point_estimate":4660.116571067991,"standard_error":1048.4899679834123}}