{"mean":{"confidence_interval":{"confidence_level":0.95,"lower_bound":317254.4233660148,"upper_bound":319058.9293790991},"point_estimate":318108.1755315569,"standard_error":460.40079011795683},"median":{"confidence_interval":{"confidence_level":0.95,"lower_bound":316243.88347942074,"upper_bound":318317.3969017094},"point_estimate":317402.98655462184,"standard_error":516.0262847633785},"median_abs_dev":{"confidence_interval":{"confidence_level":0.95,"lower_bound":2616.9294674676207,"upper_bound":4257.006612289405},"point_estimate":3486.6706461427348,"standard_error":413.84501300196285},"slope":{"confidence_interval":{"confidence_level":0.95,"lower_bound":316919.1388661558,"upper_bound":318600.9245162795},"point_estimate":317749.7069107433,"standard_error":429.544113033235},"std_dev":{"confidence_interval":{"confidence_level":0.95,"lower_bound":3245.7513340829923,"upper_bound":6073.503912066246},"point_estimate":4628.730861774809,"standard_error":745.1792666767876}}