{"mean":{"confidence_interval":{"confidence_level":0.95,"lower_bound":451156.4918070162,"upper_bound":452213.96163962793},"point_estimate":451670.51631107175,"standard_error":269.6586437107882},"median":{"confidence_interval":{"confidence_level":0.95,"lower_bound":450964.20673400676,"upper_bound":452162.5544419349},"point_estimate":451498.0470370371,"standard_error":337.37076283610355},"median_abs_dev":{"confidence_interval":{"confidence_level":0.95,"lower_bound":1814.3314609284978,"upper_bound":2941.987664178572},"point_estimate":2284.8689910422554,"standard_error":285.0311776846176},"slope":{"confidence_interval":{"confidence_level":0.95,"lower_bound":451254.33613214316,"upper_bound":452379.89109071204},"point_estimate":451813.12460962514,"standard_error":285.5181766980152},"std_dev":{"confidence_interval":{"confidence_level":0.95,"lower_bound":2122.1546997257583,"upper_bound":3354.043894516249},"point_estimate":2716.819356407553,"standard_error":321.44449960093147}}