{"mean":{"confidence_interval":{"confidence_level":0.95,"lower_bound":1752.1374181442256,"upper_bound":1759.001301587664},"point_estimate":1755.0179210756878,"standard_error":1.7768635437641216},"median":{"confidence_interval":{"confidence_level":0.95,"lower_bound":1751.9745386729485,"upper_bound":1753.3498233215548},"point_estimate":1752.4491744851955,"standard_error":0.34813101829960463},"median_abs_dev":{"confidence_interval":{"confidence_level":0.95,"lower_bound":2.221733281654224,"upper_bound":5.274626716986017},"point_estimate":3.7771224873930898,"standard_error":0.7580015456484498},"slope":{"confidence_interval":{"confidence_level":0.95,"lower_bound":1749.152093586874,"upper_bound":1757.7131413188195},"point_estimate":1752.4051320192934,"standard_error":2.278896295563778},"std_dev":{"confidence_interval":{"confidence_level":0.95,"lower_bound":4.921535581767512,"upper_bound":28.01741613269337},"point_estimate":17.98398884923933,"standard_error":6.261112598699975}}