{"mean":{"confidence_interval":{"confidence_level":0.95,"lower_bound":2875.1930033659446,"upper_bound":2884.4110776914317},"point_estimate":2879.1854497363033,"standard_error":2.3858528575787092},"median":{"confidence_interval":{"confidence_level":0.95,"lower_bound":2869.845930232558,"upper_bound":2873.851527709055},"point_estimate":2872.0942352415027,"standard_error":1.0852196120648483},"median_abs_dev":{"confidence_interval":{"confidence_level":0.95,"lower_bound":4.751017341638881,"upper_bound":9.919100026594155},"point_estimate":7.4113268794718365,"standard_error":1.3914331386395629},"slope":{"confidence_interval":{"confidence_level":0.95,"lower_bound":2871.5474434629227,"upper_bound":2874.7531486059147},"point_estimate":2873.105188543238,"standard_error":0.816566229757441},"std_dev":{"confidence_interval":{"confidence_level":0.95,"lower_bound":11.731357470294409,"upper_bound":36.511556344663944},"point_estimate":23.936924049482826,"standard_error":7.694945505025017}}