{"mean":{"confidence_interval":{"confidence_level":0.95,"lower_bound":2462.2293274471217,"upper_bound":2469.379947913697},"point_estimate":2465.1856165565328,"standard_error":1.8574989846388996},"median":{"confidence_interval":{"confidence_level":0.95,"lower_bound":2461.270420792079,"upper_bound":2463.367104515073},"point_estimate":2462.47321719254,"standard_error":0.6390173368802382},"median_abs_dev":{"confidence_interval":{"confidence_level":0.95,"lower_bound":3.4625948743290533,"upper_bound":6.0143160318385815},"point_estimate":4.601074140205672,"standard_error":0.6696980909799639},"slope":{"confidence_interval":{"confidence_level":0.95,"lower_bound":2460.6088919267013,"upper_bound":2464.5784933475684},"point_estimate":2462.7715198539213,"standard_error":1.0200016520820059},"std_dev":{"confidence_interval":{"confidence_level":0.95,"lower_bound":6.511184864343251,"upper_bound":29.639056863826085},"point_estimate":18.53141848109479,"standard_error":7.008263474052519}}