{"mean":{"confidence_interval":{"confidence_level":0.95,"lower_bound":248201.95970058514,"upper_bound":249614.37787828635},"point_estimate":248852.38411765854,"standard_error":360.9007423153103},"median":{"confidence_interval":{"confidence_level":0.95,"lower_bound":247664.16882366996,"upper_bound":248571.0375},"point_estimate":248041.8207492236,"standard_error":227.03965628273505},"median_abs_dev":{"confidence_interval":{"confidence_level":0.95,"lower_bound":1279.011732769718,"upper_bound":2208.983698883873},"point_estimate":1776.5259801481639,"standard_error":243.55194609626687},"slope":{"confidence_interval":{"confidence_level":0.95,"lower_bound":247311.77898909288,"upper_bound":248054.5682575163},"point_estimate":247665.16724028374,"standard_error":189.68764212415152},"std_dev":{"confidence_interval":{"confidence_level":0.95,"lower_bound":2144.759982892442,"upper_bound":4998.530855243734},"point_estimate":3638.7057887004844,"standard_error":735.7421868570173}}