{"mean":{"confidence_interval":{"confidence_level":0.95,"lower_bound":298409.74642309063,"upper_bound":299742.87031962327},"point_estimate":299070.9610004846,"standard_error":339.51680360302043},"median":{"confidence_interval":{"confidence_level":0.95,"lower_bound":298361.2673611111,"upper_bound":299481.3828486451},"point_estimate":299045.805982906,"standard_error":324.35637449299065},"median_abs_dev":{"confidence_interval":{"confidence_level":0.95,"lower_bound":2076.466203760341,"upper_bound":3458.918975840987},"point_estimate":2792.5318194602246,"standard_error":362.827573099498},"slope":{"confidence_interval":{"confidence_level":0.95,"lower_bound":298474.07587987423,"upper_bound":299637.4150737541},"point_estimate":299053.66497709474,"standard_error":297.19874999740756},"std_dev":{"confidence_interval":{"confidence_level":0.95,"lower_bound":2825.0971122808,"upper_bound":3935.0567803652593},"point_estimate":3409.5108720118105,"standard_error":283.5543618691448}}