{"mean":{"confidence_interval":{"confidence_level":0.95,"lower_bound":307112.53424517025,"upper_bound":319057.05522929237},"point_estimate":312656.36178463104,"standard_error":3065.3616402159346},"median":{"confidence_interval":{"confidence_level":0.95,"lower_bound":299398.775,"upper_bound":303392.0},"point_estimate":300983.4707233065,"standard_error":995.7912110290507},"median_abs_dev":{"confidence_interval":{"confidence_level":0.95,"lower_bound":5089.769410418549,"upper_bound":10123.338835756136},"point_estimate":7125.192860618733,"standard_error":1385.9553872351264},"slope":{"confidence_interval":{"confidence_level":0.95,"lower_bound":306013.05718787207,"upper_bound":320261.1998979148},"point_estimate":312706.6807662184,"standard_error":3649.961735471727},"std_dev":{"confidence_interval":{"confidence_level":0.95,"lower_bound":19468.893682231253,"upper_bound":40639.33358160134},"point_estimate":30794.504036632497,"standard_error":5419.547148059931}}