{"mean":{"confidence_interval":{"confidence_level":0.95,"lower_bound":619719.5556612498,"upper_bound":622759.7468817685},"point_estimate":621192.80891172,"standard_error":776.8930646513229},"median":{"confidence_interval":{"confidence_level":0.95,"lower_bound":617896.5071428572,"upper_bound":620473.4027093595},"point_estimate":619330.0034679543,"standard_error":692.4534360105075},"median_abs_dev":{"confidence_interval":{"confidence_level":0.95,"lower_bound":4138.836082510479,"upper_bound":7335.093457133657},"point_estimate":6139.92721281265,"standard_error":842.3038805484001},"slope":{"confidence_interval":{"confidence_level":0.95,"lower_bound":619616.7357095827,"upper_bound":622484.5651517932},"point_estimate":620945.6175424856,"standard_error":730.1588531053469},"std_dev":{"confidence_interval":{"confidence_level":0.95,"lower_bound":6128.370916611385,"upper_bound":9338.376075347123},"point_estimate":7810.486728424435,"standard_error":820.1521854945229}}