{"mean":{"confidence_interval":{"confidence_level":0.95,"lower_bound":595394.862843901,"upper_bound":597438.9140981935},"point_estimate":596383.1034224051,"standard_error":521.3184855326884},"median":{"confidence_interval":{"confidence_level":0.95,"lower_bound":594772.2299927901,"upper_bound":596174.6539046653},"point_estimate":595433.923464814,"standard_error":313.22142826843464},"median_abs_dev":{"confidence_interval":{"confidence_level":0.95,"lower_bound":2768.9800566832096,"upper_bound":5062.215294393528},"point_estimate":4101.826207081473,"standard_error":593.1482337459807},"slope":{"confidence_interval":{"confidence_level":0.95,"lower_bound":595833.0638160552,"upper_bound":597827.7711491614},"point_estimate":596820.7566026304,"standard_error":508.80664995154405},"std_dev":{"confidence_interval":{"confidence_level":0.95,"lower_bound":4036.1251738049464,"upper_bound":6419.0282365929315},"point_estimate":5252.079322123652,"standard_error":612.9116345659821}}