{"mean":{"confidence_interval":{"confidence_level":0.95,"lower_bound":803532.641689688,"upper_bound":806966.3251697767},"point_estimate":805113.5943792261,"standard_error":877.5874690576153},"median":{"confidence_interval":{"confidence_level":0.95,"lower_bound":802744.1079545454,"upper_bound":803955.2702020202},"point_estimate":803349.7532298055,"standard_error":290.49581604502566},"median_abs_dev":{"confidence_interval":{"confidence_level":0.95,"lower_bound":2461.42251934015,"upper_bound":4480.7544324313},"point_estimate":3214.7105585335325,"standard_error":502.04253513319367},"slope":{"confidence_interval":{"confidence_level":0.95,"lower_bound":803254.8005971152,"upper_bound":804967.4926694366},"point_estimate":804080.4979799024,"standard_error":436.62150523187563},"std_dev":{"confidence_interval":{"confidence_level":0.95,"lower_bound":5284.261768174044,"upper_bound":11762.072547684107},"point_estimate":8863.367349597394,"standard_error":1653.9134189289628}}