{"mean":{"confidence_interval":{"confidence_level":0.95,"lower_bound":455660.6158009894,"upper_bound":457581.35306741565},"point_estimate":456587.44566943636,"standard_error":489.8739374446664},"median":{"confidence_interval":{"confidence_level":0.95,"lower_bound":455208.96428571426,"upper_bound":456528.8352941176},"point_estimate":455884.49046563194,"standard_error":297.94323925964386},"median_abs_dev":{"confidence_interval":{"confidence_level":0.95,"lower_bound":1963.4545059750553,"upper_bound":3786.4651539393903},"point_estimate":2573.6486772252315,"standard_error":457.61977076406407},"slope":{"confidence_interval":{"confidence_level":0.95,"lower_bound":456928.42127020296,"upper_bound":459520.6828267195},"point_estimate":458070.0382695434,"standard_error":668.4416550712303},"std_dev":{"confidence_interval":{"confidence_level":0.95,"lower_bound":3710.5514082953896,"upper_bound":6081.332992745689},"point_estimate":4932.049518057778,"standard_error":608.3241014048077}}