{"mean":{"confidence_interval":{"confidence_level":0.95,"lower_bound":1890358.4620990257,"upper_bound":1951970.0832298486},"point_estimate":1918137.6157625886,"standard_error":15754.534188239071},"median":{"confidence_interval":{"confidence_level":0.95,"lower_bound":1870524.7760290555,"upper_bound":1901229.1666666667},"point_estimate":1890876.7452254642,"standard_error":7990.38848362354},"median_abs_dev":{"confidence_interval":{"confidence_level":0.95,"lower_bound":44246.16100901914,"upper_bound":93703.68811723181},"point_estimate":58050.59043891711,"standard_error":13870.666575432155},"slope":{"confidence_interval":{"confidence_level":0.95,"lower_bound":1866868.7374200788,"upper_bound":1893047.3737800322},"point_estimate":1879497.3539943844,"standard_error":6663.195113508174},"std_dev":{"confidence_interval":{"confidence_level":0.95,"lower_bound":84126.08279537721,"upper_bound":222372.88273826928},"point_estimate":157993.64447233325,"standard_error":35846.21283195035}}