{"mean":{"confidence_interval":{"confidence_level":0.95,"lower_bound":1971289.622557693,"upper_bound":2006291.2726346157},"point_estimate":1988544.4349999994,"standard_error":8942.405985044425},"median":{"confidence_interval":{"confidence_level":0.95,"lower_bound":1954777.2307692308,"upper_bound":2012017.75},"point_estimate":1989307.0192307692,"standard_error":15485.44218258665},"median_abs_dev":{"confidence_interval":{"confidence_level":0.95,"lower_bound":73175.2613239564,"upper_bound":109791.17543158625},"point_estimate":94785.41044799183,"standard_error":9292.472531687516},"slope":null,"std_dev":{"confidence_interval":{"confidence_level":0.95,"lower_bound":75470.2309099503,"upper_bound":103662.1636972651},"point_estimate":89970.76181333496,"standard_error":7225.733303994182}}