{"mean":{"confidence_interval":{"confidence_level":0.95,"lower_bound":229880.57401031393,"upper_bound":230712.81016061263},"point_estimate":230290.71083274513,"standard_error":211.71016220953652},"median":{"confidence_interval":{"confidence_level":0.95,"lower_bound":229517.66039689386,"upper_bound":230560.11428571428},"point_estimate":230137.34303797467,"standard_error":325.13464178635513},"median_abs_dev":{"confidence_interval":{"confidence_level":0.95,"lower_bound":1411.5311511618936,"upper_bound":2172.110636134276},"point_estimate":1765.6200980527121,"standard_error":195.44136775469428},"slope":{"confidence_interval":{"confidence_level":0.95,"lower_bound":230101.83412770228,"upper_bound":230957.78135698693},"point_estimate":230524.68030855624,"standard_error":218.52974797465413},"std_dev":{"confidence_interval":{"confidence_level":0.95,"lower_bound":1738.453583180549,"upper_bound":2495.194343531552},"point_estimate":2130.318722518716,"standard_error":193.800625283131}}