{"mean":{"confidence_interval":{"confidence_level":0.95,"lower_bound":218739.97473942992,"upper_bound":219715.0110530774},"point_estimate":219226.12555938362,"standard_error":248.27457840192312},"median":{"confidence_interval":{"confidence_level":0.95,"lower_bound":218561.56559139784,"upper_bound":219454.86133333333},"point_estimate":218942.74287148594,"standard_error":262.1781146924214},"median_abs_dev":{"confidence_interval":{"confidence_level":0.95,"lower_bound":1322.8393846268089,"upper_bound":2558.3703575664513},"point_estimate":1996.3805979303975,"standard_error":312.99526919342446},"slope":{"confidence_interval":{"confidence_level":0.95,"lower_bound":218734.0271746292,"upper_bound":219568.87093448173},"point_estimate":219138.7187687306,"standard_error":212.76539178932398},"std_dev":{"confidence_interval":{"confidence_level":0.95,"lower_bound":2029.0510154642525,"upper_bound":2908.6909943248033},"point_estimate":2489.705554035915,"standard_error":224.42123274816427}}