{"mean":{"confidence_interval":{"confidence_level":0.95,"lower_bound":150153.2714031698,"upper_bound":150828.47609550622},"point_estimate":150454.02299573208,"standard_error":173.13453232891703},"median":{"confidence_interval":{"confidence_level":0.95,"lower_bound":150020.01960784313,"upper_bound":150548.52529761905},"point_estimate":150298.591025641,"standard_error":118.82275973734765},"median_abs_dev":{"confidence_interval":{"confidence_level":0.95,"lower_bound":725.05057326688,"upper_bound":1239.9358252922505},"point_estimate":846.9423355384828,"standard_error":131.42268431744637},"slope":{"confidence_interval":{"confidence_level":0.95,"lower_bound":150132.8517218681,"upper_bound":150585.3294619961},"point_estimate":150355.7696611708,"standard_error":115.38670304018747},"std_dev":{"confidence_interval":{"confidence_level":0.95,"lower_bound":961.8290307147026,"upper_bound":2599.7159444998383},"point_estimate":1738.962815716355,"standard_error":500.98775385821904}}