{"mean":{"confidence_interval":{"confidence_level":0.95,"lower_bound":292423.761679906,"upper_bound":293595.3217592102},"point_estimate":292997.24313593085,"standard_error":299.2667604812014},"median":{"confidence_interval":{"confidence_level":0.95,"lower_bound":291982.6951754386,"upper_bound":293041.6636456909},"point_estimate":292398.993452381,"standard_error":304.6483827672438},"median_abs_dev":{"confidence_interval":{"confidence_level":0.95,"lower_bound":1659.3155608486472,"upper_bound":3022.650816678182},"point_estimate":2174.1365485604806,"standard_error":340.22058436634944},"slope":{"confidence_interval":{"confidence_level":0.95,"lower_bound":292520.2881244264,"upper_bound":293744.04917245544},"point_estimate":293085.43618737994,"standard_error":312.7637836339403},"std_dev":{"confidence_interval":{"confidence_level":0.95,"lower_bound":2479.4631091526685,"upper_bound":3448.235248792668},"point_estimate":3000.28598454298,"standard_error":247.2523052291365}}