{"mean":{"confidence_interval":{"confidence_level":0.95,"lower_bound":262008.88621214614,"upper_bound":262986.8863315971},"point_estimate":262458.4476411676,"standard_error":250.26921938323346},"median":{"confidence_interval":{"confidence_level":0.95,"lower_bound":261711.80241935485,"upper_bound":262529.0183566434},"point_estimate":262049.83177017653,"standard_error":209.38358304005553},"median_abs_dev":{"confidence_interval":{"confidence_level":0.95,"lower_bound":1343.8779559689126,"upper_bound":1973.0108594678904},"point_estimate":1773.0741768157873,"standard_error":160.8769555707716},"slope":{"confidence_interval":{"confidence_level":0.95,"lower_bound":261696.29042032055,"upper_bound":262346.2897013408},"point_estimate":262013.59491872322,"standard_error":165.67610473932496},"std_dev":{"confidence_interval":{"confidence_level":0.95,"lower_bound":1518.4716882200291,"upper_bound":3556.6662611351458},"point_estimate":2512.715008134339,"standard_error":553.9842223421715}}