{"mean":{"confidence_interval":{"confidence_level":0.95,"lower_bound":210584.17569005702,"upper_bound":212182.00444472357},"point_estimate":211343.28495129742,"standard_error":409.1000515937805},"median":{"confidence_interval":{"confidence_level":0.95,"lower_bound":210243.85274016764,"upper_bound":211828.83157894737},"point_estimate":210965.5925,"standard_error":407.21825487339964},"median_abs_dev":{"confidence_interval":{"confidence_level":0.95,"lower_bound":2491.225455626759,"upper_bound":3903.811616911663},"point_estimate":3277.9024557792764,"standard_error":365.3981519661372},"slope":{"confidence_interval":{"confidence_level":0.95,"lower_bound":209716.06789697244,"upper_bound":211408.44897824552},"point_estimate":210530.02888783804,"standard_error":433.1129230373785},"std_dev":{"confidence_interval":{"confidence_level":0.95,"lower_bound":2816.4725501993503,"upper_bound":5365.721640541514},"point_estimate":4101.017657401336,"standard_error":664.987109714591}}