{"mean":{"confidence_interval":{"confidence_level":0.95,"lower_bound":436574.24705748196,"upper_bound":439715.8724175341},"point_estimate":438087.2657120841,"standard_error":801.2864990885363},"median":{"confidence_interval":{"confidence_level":0.95,"lower_bound":435051.23456790124,"upper_bound":437419.0457894737},"point_estimate":436539.91935483867,"standard_error":600.2363897704245},"median_abs_dev":{"confidence_interval":{"confidence_level":0.95,"lower_bound":4079.25391140228,"upper_bound":7224.053628589091},"point_estimate":5563.699081946515,"standard_error":776.9751170032443},"slope":{"confidence_interval":{"confidence_level":0.95,"lower_bound":436928.40522524645,"upper_bound":440985.82462962036},"point_estimate":438806.2999044382,"standard_error":1036.501084943098},"std_dev":{"confidence_interval":{"confidence_level":0.95,"lower_bound":6249.271500839394,"upper_bound":9640.680909007619},"point_estimate":8050.891485802845,"standard_error":870.8126716898178}}