{"mean":{"confidence_interval":{"confidence_level":0.95,"lower_bound":458757.5746110082,"upper_bound":460989.06588251266},"point_estimate":459856.457705736,"standard_error":569.0638092341517},"median":{"confidence_interval":{"confidence_level":0.95,"lower_bound":458326.2133383383,"upper_bound":460134.511627907},"point_estimate":458813.1154158215,"standard_error":479.23401408217967},"median_abs_dev":{"confidence_interval":{"confidence_level":0.95,"lower_bound":3389.7103856539225,"upper_bound":5723.343010234049},"point_estimate":4612.945100774073,"standard_error":573.8601185560449},"slope":{"confidence_interval":{"confidence_level":0.95,"lower_bound":457837.5700301288,"upper_bound":459498.08082873496},"point_estimate":458651.2626757303,"standard_error":422.1961334913096},"std_dev":{"confidence_interval":{"confidence_level":0.95,"lower_bound":4682.640412211034,"upper_bound":6647.807881881398},"point_estimate":5719.267201679396,"standard_error":501.6649531044847}}