{"mean":{"confidence_interval":{"confidence_level":0.95,"lower_bound":475387.24411621806,"upper_bound":478452.8878282159},"point_estimate":476829.3550338872,"standard_error":784.5846950111021},"median":{"confidence_interval":{"confidence_level":0.95,"lower_bound":474539.1785714286,"upper_bound":476149.5813953488},"point_estimate":475412.078125,"standard_error":396.7578140490069},"median_abs_dev":{"confidence_interval":{"confidence_level":0.95,"lower_bound":3029.1485776641316,"upper_bound":6018.786018770196},"point_estimate":4439.990380181756,"standard_error":704.7159574270748},"slope":{"confidence_interval":{"confidence_level":0.95,"lower_bound":477463.9588552602,"upper_bound":482146.7691963266},"point_estimate":479671.6388739471,"standard_error":1198.0707353191788},"std_dev":{"confidence_interval":{"confidence_level":0.95,"lower_bound":5395.737257834852,"upper_bound":10012.201087608713},"point_estimate":7860.651239391343,"standard_error":1177.97252724847}}