{"mean":{"confidence_interval":{"confidence_level":0.95,"lower_bound":418997.15134802676,"upper_bound":420227.2463311746},"point_estimate":419607.2972908155,"standard_error":314.5143725637694},"median":{"confidence_interval":{"confidence_level":0.95,"lower_bound":418632.2380952381,"upper_bound":420137.42911877396},"point_estimate":419241.7734989648,"standard_error":403.75101593175003},"median_abs_dev":{"confidence_interval":{"confidence_level":0.95,"lower_bound":2093.8327835817595,"upper_bound":3377.388064101834},"point_estimate":2842.368365929173,"standard_error":322.20541556809246},"slope":{"confidence_interval":{"confidence_level":0.95,"lower_bound":418570.91519827605,"upper_bound":419638.5825609913},"point_estimate":419096.58998374466,"standard_error":272.1452173812236},"std_dev":{"confidence_interval":{"confidence_level":0.95,"lower_bound":2607.7498462005783,"upper_bound":3737.952205228041},"point_estimate":3172.9773072728885,"standard_error":290.41362092819185}}