{"mean":{"confidence_interval":{"confidence_level":0.95,"lower_bound":268323.75467390026,"upper_bound":269147.01864803064},"point_estimate":268720.62137805676,"standard_error":210.02199019460758},"median":{"confidence_interval":{"confidence_level":0.95,"lower_bound":268178.94943820225,"upper_bound":268984.24374588544},"point_estimate":268641.7759054326,"standard_error":184.1448536261474},"median_abs_dev":{"confidence_interval":{"confidence_level":0.95,"lower_bound":1196.4260804813448,"upper_bound":1989.0572674026284},"point_estimate":1594.0397101383517,"standard_error":189.31282504510614},"slope":{"confidence_interval":{"confidence_level":0.95,"lower_bound":268115.76944051485,"upper_bound":268811.9663906243},"point_estimate":268447.8220585193,"standard_error":177.5394706344048},"std_dev":{"confidence_interval":{"confidence_level":0.95,"lower_bound":1497.2150656982656,"upper_bound":2818.6539181434473},"point_estimate":2119.6430684726142,"standard_error":352.8260804754498}}