{"mean":{"confidence_interval":{"confidence_level":0.95,"lower_bound":270374.0256728737,"upper_bound":272295.68937069},"point_estimate":271254.8978788722,"standard_error":491.81674899501115},"median":{"confidence_interval":{"confidence_level":0.95,"lower_bound":269807.80568910256,"upper_bound":270871.85},"point_estimate":270294.46854628425,"standard_error":284.2766343891905},"median_abs_dev":{"confidence_interval":{"confidence_level":0.95,"lower_bound":1516.525947318696,"upper_bound":2494.46345114466},"point_estimate":2197.632417645667,"standard_error":262.05743933290154},"slope":{"confidence_interval":{"confidence_level":0.95,"lower_bound":270664.8240795913,"upper_bound":274395.0718190255},"point_estimate":272282.2130700458,"standard_error":973.4928069165175},"std_dev":{"confidence_interval":{"confidence_level":0.95,"lower_bound":2870.171721580103,"upper_bound":6669.156318578975},"point_estimate":4938.359155935994,"standard_error":964.4703604748842}}