{"mean":{"confidence_interval":{"confidence_level":0.95,"lower_bound":1322380.2801654309,"upper_bound":1330396.7262755667},"point_estimate":1326461.376785168,"standard_error":2038.641093279903},"median":{"confidence_interval":{"confidence_level":0.95,"lower_bound":1326293.4841269841,"upper_bound":1333466.8095238095},"point_estimate":1328580.9292929294,"standard_error":1990.23300574894},"median_abs_dev":{"confidence_interval":{"confidence_level":0.95,"lower_bound":11425.972482139397,"upper_bound":20101.229075859093},"point_estimate":16388.99383197179,"standard_error":2164.06464032223},"slope":{"confidence_interval":{"confidence_level":0.95,"lower_bound":1323194.7263246505,"upper_bound":1330746.0881650534},"point_estimate":1327113.0577094725,"standard_error":1926.8848872673127},"std_dev":{"confidence_interval":{"confidence_level":0.95,"lower_bound":16926.73310091002,"upper_bound":23360.355379623816},"point_estimate":20350.98685935325,"standard_error":1634.7342399521228}}