{"mean":{"confidence_interval":{"confidence_level":0.95,"lower_bound":1284593.1675687386,"upper_bound":1295994.3919908646},"point_estimate":1290608.1088946462,"standard_error":2905.4759328524988},"median":{"confidence_interval":{"confidence_level":0.95,"lower_bound":1288736.5188679246,"upper_bound":1294710.2857142857},"point_estimate":1292206.8770572743,"standard_error":1453.7258484766396},"median_abs_dev":{"confidence_interval":{"confidence_level":0.95,"lower_bound":11494.959792502657,"upper_bound":22304.521052385753},"point_estimate":18120.127954331852,"standard_error":2869.43285914855},"slope":{"confidence_interval":{"confidence_level":0.95,"lower_bound":1286065.430904165,"upper_bound":1293391.0962577737},"point_estimate":1289628.8736456332,"standard_error":1873.7198664760633},"std_dev":{"confidence_interval":{"confidence_level":0.95,"lower_bound":17712.54882839466,"upper_bound":41743.15324302649},"point_estimate":29319.592846200547,"standard_error":6520.75489897463}}