{"mean":{"confidence_interval":{"confidence_level":0.95,"lower_bound":577893.6583128981,"upper_bound":579594.295449641},"point_estimate":578704.468458285,"standard_error":433.1707149810845},"median":{"confidence_interval":{"confidence_level":0.95,"lower_bound":577432.706733231,"upper_bound":579450.4},"point_estimate":578424.8390151515,"standard_error":523.9152895746394},"median_abs_dev":{"confidence_interval":{"confidence_level":0.95,"lower_bound":2919.2904348290785,"upper_bound":4711.242046267866},"point_estimate":4095.8673511474553,"standard_error":465.0445768022574},"slope":{"confidence_interval":{"confidence_level":0.95,"lower_bound":577386.3518747409,"upper_bound":579028.0371686534},"point_estimate":578193.271875277,"standard_error":417.7743830102367},"std_dev":{"confidence_interval":{"confidence_level":0.95,"lower_bound":3206.6849838418257,"upper_bound":5735.106631595124},"point_estimate":4357.454127327068,"standard_error":692.9831052364068}}