{"mean":{"confidence_interval":{"confidence_level":0.95,"lower_bound":555970.7421238059,"upper_bound":557223.5875397056},"point_estimate":556589.8451369603,"standard_error":319.52221470693195},"median":{"confidence_interval":{"confidence_level":0.95,"lower_bound":555362.475409836,"upper_bound":557327.0808762459},"point_estimate":556338.4888020833,"standard_error":447.06678659485937},"median_abs_dev":{"confidence_interval":{"confidence_level":0.95,"lower_bound":2300.199396306097,"upper_bound":3698.9124400130713},"point_estimate":2890.686284855113,"standard_error":364.3476728810007},"slope":{"confidence_interval":{"confidence_level":0.95,"lower_bound":555987.1731951089,"upper_bound":557047.490426656},"point_estimate":556517.1438894636,"standard_error":270.6588993505057},"std_dev":{"confidence_interval":{"confidence_level":0.95,"lower_bound":2699.7101385175592,"upper_bound":3665.9071910784155},"point_estimate":3201.8941583682335,"standard_error":246.95985033432183}}