{"mean":{"confidence_interval":{"confidence_level":0.95,"lower_bound":2636779.792078125,"upper_bound":2638889.9271875},"point_estimate":2637835.06375,"standard_error":537.9547024206558},"median":{"confidence_interval":{"confidence_level":0.95,"lower_bound":2636509.875,"upper_bound":2639546.46875},"point_estimate":2638379.5,"standard_error":677.219959293096},"median_abs_dev":{"confidence_interval":{"confidence_level":0.95,"lower_bound":3867.640018835664,"upper_bound":6165.586581788955},"point_estimate":4735.238990932703,"standard_error":566.6118289603949},"slope":null,"std_dev":{"confidence_interval":{"confidence_level":0.95,"lower_bound":4541.324515568325,"upper_bound":6202.093746857383},"point_estimate":5390.947388902947,"standard_error":425.15078489319586}}