{"mean":{"confidence_interval":{"confidence_level":0.95,"lower_bound":260330.30371933192,"upper_bound":261751.63874945682},"point_estimate":261041.34068122358,"standard_error":362.9705076016627},"median":{"confidence_interval":{"confidence_level":0.95,"lower_bound":260190.78356481483,"upper_bound":261510.98863636365},"point_estimate":260519.7978422619,"standard_error":329.2243974569066},"median_abs_dev":{"confidence_interval":{"confidence_level":0.95,"lower_bound":2136.9087647988667,"upper_bound":3628.708402192506},"point_estimate":3006.4474001918434,"standard_error":384.1867222701007},"slope":{"confidence_interval":{"confidence_level":0.95,"lower_bound":261422.10780938747,"upper_bound":262742.48987983173},"point_estimate":262084.52808260676,"standard_error":336.29072029587866},"std_dev":{"confidence_interval":{"confidence_level":0.95,"lower_bound":2784.357075880205,"upper_bound":4508.8761019856365},"point_estimate":3647.873235682878,"standard_error":442.7087530085825}}