{"mean":{"confidence_interval":{"confidence_level":0.95,"lower_bound":124322.87883808612,"upper_bound":125359.3278760489},"point_estimate":124822.65036223846,"standard_error":263.6543476594106},"median":{"confidence_interval":{"confidence_level":0.95,"lower_bound":124114.97693307343,"upper_bound":125046.99375},"point_estimate":124535.91512936313,"standard_error":240.61771087736938},"median_abs_dev":{"confidence_interval":{"confidence_level":0.95,"lower_bound":1483.5785833821456,"upper_bound":2546.6418446587545},"point_estimate":2075.4006696623287,"standard_error":268.2777071223702},"slope":{"confidence_interval":{"confidence_level":0.95,"lower_bound":124188.09080681734,"upper_bound":124968.13632068022},"point_estimate":124562.63171567903,"standard_error":198.97000520018875},"std_dev":{"confidence_interval":{"confidence_level":0.95,"lower_bound":1948.2527094582888,"upper_bound":3325.6532332164925},"point_estimate":2653.4377160071235,"standard_error":355.59753905475856}}