{"mean":{"confidence_interval":{"confidence_level":0.95,"lower_bound":325365.34934205347,"upper_bound":341607.4593622452},"point_estimate":333358.344071058,"standard_error":4158.547644710061},"median":{"confidence_interval":{"confidence_level":0.95,"lower_bound":315357.97777777776,"upper_bound":331229.30409356725},"point_estimate":321488.50690730836,"standard_error":5144.200171502112},"median_abs_dev":{"confidence_interval":{"confidence_level":0.95,"lower_bound":33259.09166855309,"upper_bound":56848.958379638},"point_estimate":42808.83277308791,"standard_error":6801.466456539278},"slope":{"confidence_interval":{"confidence_level":0.95,"lower_bound":325943.32273212605,"upper_bound":343769.0857717293},"point_estimate":334809.61763558444,"standard_error":4560.505246069493},"std_dev":{"confidence_interval":{"confidence_level":0.95,"lower_bound":37067.69573624706,"upper_bound":45613.87413979371},"point_estimate":41787.53155648796,"standard_error":2170.5561236898047}}