{"mean":{"confidence_interval":{"confidence_level":0.95,"lower_bound":274560.514950008,"upper_bound":275599.884825235},"point_estimate":275066.45121835114,"standard_error":265.24024867683136},"median":{"confidence_interval":{"confidence_level":0.95,"lower_bound":274380.5204326923,"upper_bound":275306.63167903526},"point_estimate":274716.34855015675,"standard_error":255.2441998221037},"median_abs_dev":{"confidence_interval":{"confidence_level":0.95,"lower_bound":1544.835012754582,"upper_bound":2402.232991730666},"point_estimate":2014.0444676802974,"standard_error":215.15973544433052},"slope":{"confidence_interval":{"confidence_level":0.95,"lower_bound":274573.4650657666,"upper_bound":275472.0965763491},"point_estimate":275000.53400251217,"standard_error":228.89847250338454},"std_dev":{"confidence_interval":{"confidence_level":0.95,"lower_bound":2021.3102540468922,"upper_bound":3273.4736447468244},"point_estimate":2659.0974868907133,"standard_error":322.1393550489158}}