{"mean":{"confidence_interval":{"confidence_level":0.95,"lower_bound":291579.54050316336,"upper_bound":295097.8614912723},"point_estimate":293104.9075140286,"standard_error":909.0879018033185},"median":{"confidence_interval":{"confidence_level":0.95,"lower_bound":291751.9433962264,"upper_bound":292491.47252747254},"point_estimate":292175.90460526315,"standard_error":164.92806964087188},"median_abs_dev":{"confidence_interval":{"confidence_level":0.95,"lower_bound":1863.92786672561,"upper_bound":3898.0342725326955},"point_estimate":2800.6557351468514,"standard_error":495.6230727160417},"slope":{"confidence_interval":{"confidence_level":0.95,"lower_bound":292390.90382630186,"upper_bound":296225.9466226262},"point_estimate":293985.2843150584,"standard_error":990.5795884907128},"std_dev":{"confidence_interval":{"confidence_level":0.95,"lower_bound":3221.71399433791,"upper_bound":13847.132507876884},"point_estimate":9151.60801477405,"standard_error":2846.108706709167}}