{"mean":{"confidence_interval":{"confidence_level":0.95,"lower_bound":124299.91800132606,"upper_bound":125029.9434484793},"point_estimate":124657.44541057743,"standard_error":185.44886381846558},"median":{"confidence_interval":{"confidence_level":0.95,"lower_bound":124207.45223880597,"upper_bound":124891.65284455128},"point_estimate":124579.22385828198,"standard_error":158.96385417148875},"median_abs_dev":{"confidence_interval":{"confidence_level":0.95,"lower_bound":963.8773064906978,"upper_bound":1647.8095005069006},"point_estimate":1327.8088275296157,"standard_error":173.93373351380706},"slope":{"confidence_interval":{"confidence_level":0.95,"lower_bound":124490.505478546,"upper_bound":125011.06304843543},"point_estimate":124746.83348751294,"standard_error":132.76134029207074},"std_dev":{"confidence_interval":{"confidence_level":0.95,"lower_bound":1348.9307619196286,"upper_bound":2341.90200959971},"point_estimate":1863.2564777231828,"standard_error":254.29620479569948}}