{"mean":{"confidence_interval":{"confidence_level":0.95,"lower_bound":270068.7817069513,"upper_bound":271409.48722866835},"point_estimate":270732.44037035253,"standard_error":342.21893813602185},"median":{"confidence_interval":{"confidence_level":0.95,"lower_bound":269498.76829268294,"upper_bound":271181.6183101173},"point_estimate":270362.86357786355,"standard_error":439.0447329807928},"median_abs_dev":{"confidence_interval":{"confidence_level":0.95,"lower_bound":2082.5631755270942,"upper_bound":3476.688392046078},"point_estimate":2569.8853496405814,"standard_error":356.1673168213283},"slope":{"confidence_interval":{"confidence_level":0.95,"lower_bound":270066.1914677162,"upper_bound":271327.04817531747},"point_estimate":270670.99634106696,"standard_error":322.0693435491538},"std_dev":{"confidence_interval":{"confidence_level":0.95,"lower_bound":2833.2692519608304,"upper_bound":3986.4956130597307},"point_estimate":3439.5204763469783,"standard_error":293.31139036389067}}