{"mean":{"confidence_interval":{"confidence_level":0.95,"lower_bound":268581.88639040675,"upper_bound":272971.1891054408},"point_estimate":270568.4598821701,"standard_error":1124.3356670683258},"median":{"confidence_interval":{"confidence_level":0.95,"lower_bound":267000.28571428574,"upper_bound":268922.4107142857},"point_estimate":268119.44150641025,"standard_error":490.9390629226548},"median_abs_dev":{"confidence_interval":{"confidence_level":0.95,"lower_bound":3516.4348687536108,"upper_bound":6575.453816633508},"point_estimate":4958.933898980532,"standard_error":860.6939520557501},"slope":{"confidence_interval":{"confidence_level":0.95,"lower_bound":269461.3509927277,"upper_bound":274561.76475405775},"point_estimate":271621.10436013003,"standard_error":1311.2483744493156},"std_dev":{"confidence_interval":{"confidence_level":0.95,"lower_bound":6064.245683173089,"upper_bound":16364.588469070286},"point_estimate":11301.669560130755,"standard_error":2759.3750229798006}}