{"mean":{"confidence_interval":{"confidence_level":0.95,"lower_bound":283649.4203853547,"upper_bound":284843.29965924367},"point_estimate":284233.7071105044,"standard_error":304.9377416534789},"median":{"confidence_interval":{"confidence_level":0.95,"lower_bound":282896.13125,"upper_bound":284737.5564516129},"point_estimate":283869.5203761755,"standard_error":513.2239910591268},"median_abs_dev":{"confidence_interval":{"confidence_level":0.95,"lower_bound":2153.733815913378,"upper_bound":3518.6180316726677},"point_estimate":2806.164027625738,"standard_error":370.2768280056703},"slope":{"confidence_interval":{"confidence_level":0.95,"lower_bound":282924.0509238606,"upper_bound":283910.2515557799},"point_estimate":283388.56017437566,"standard_error":250.64188051268064},"std_dev":{"confidence_interval":{"confidence_level":0.95,"lower_bound":2489.5028237719307,"upper_bound":3600.748053824846},"point_estimate":3058.6515304600402,"standard_error":284.7735428686186}}