{"mean":{"confidence_interval":{"confidence_level":0.95,"lower_bound":282007.7568368096,"upper_bound":283538.9989504532},"point_estimate":282711.8019187591,"standard_error":391.83981701615517},"median":{"confidence_interval":{"confidence_level":0.95,"lower_bound":281932.3307692308,"upper_bound":282816.4439655172},"point_estimate":282323.69545454544,"standard_error":225.43141310825663},"median_abs_dev":{"confidence_interval":{"confidence_level":0.95,"lower_bound":1536.9343630052103,"upper_bound":2543.5209799297468},"point_estimate":2000.4809401053774,"standard_error":258.67544667061316},"slope":{"confidence_interval":{"confidence_level":0.95,"lower_bound":282367.7864979976,"upper_bound":283987.55890956783},"point_estimate":283065.9531697946,"standard_error":415.1950963452637},"std_dev":{"confidence_interval":{"confidence_level":0.95,"lower_bound":2231.831183719585,"upper_bound":5492.676860690113},"point_estimate":3943.2069255200013,"standard_error":858.7268797724339}}