{"mean":{"confidence_interval":{"confidence_level":0.95,"lower_bound":0.024253762513042152,"upper_bound":0.03186245397163986},"point_estimate":0.028124007424334074,"standard_error":0.001976187641011685},"median":{"confidence_interval":{"confidence_level":0.95,"lower_bound":0.021903838746207827,"upper_bound":0.032267923906085016},"point_estimate":0.027437174258824193,"standard_error":0.002656300876002882}}