{"mean":{"confidence_interval":{"confidence_level":0.95,"lower_bound":-0.030297748191322214,"upper_bound":-0.024638435260914728},"point_estimate":-0.02743327309570842,"standard_error":0.0014394683270428853},"median":{"confidence_interval":{"confidence_level":0.95,"lower_bound":-0.029927252310644303,"upper_bound":-0.024871381825519786},"point_estimate":-0.02736753997827379,"standard_error":0.0013036282097869088}}