{"mean":{"confidence_interval":{"confidence_level":0.95,"lower_bound":0.11555909924145705,"upper_bound":0.13040123183325675},"point_estimate":0.12330105584536244,"standard_error":0.0037845820379693424},"median":{"confidence_interval":{"confidence_level":0.95,"lower_bound":0.12123053266907366,"upper_bound":0.12753329348480347},"point_estimate":0.12434904284522519,"standard_error":0.001612681769672133}}