{"mean":{"confidence_interval":{"confidence_level":0.95,"lower_bound":-0.028317541493868895,"upper_bound":-0.0215954325802988},"point_estimate":-0.024886439730207766,"standard_error":0.0017075080783973012},"median":{"confidence_interval":{"confidence_level":0.95,"lower_bound":-0.02627640292464826,"upper_bound":-0.020852575923845262},"point_estimate":-0.02315344889475257,"standard_error":0.0013888445786879558}}