{"mean":{"confidence_interval":{"confidence_level":0.95,"lower_bound":244981.46995745262,"upper_bound":245797.2799430091},"point_estimate":245382.5771130801,"standard_error":208.23713812087595},"median":{"confidence_interval":{"confidence_level":0.95,"lower_bound":244619.075,"upper_bound":245801.89285714287},"point_estimate":245319.70244565216,"standard_error":297.56750363408867},"median_abs_dev":{"confidence_interval":{"confidence_level":0.95,"lower_bound":1642.6385376504652,"upper_bound":2596.2609777443536},"point_estimate":2145.3688707445226,"standard_error":236.47965135346237},"slope":{"confidence_interval":{"confidence_level":0.95,"lower_bound":245002.09462619247,"upper_bound":245816.03524898455},"point_estimate":245417.08548618294,"standard_error":207.48641417562837},"std_dev":{"confidence_interval":{"confidence_level":0.95,"lower_bound":1750.0924565404662,"upper_bound":2429.380555819116},"point_estimate":2086.1654583691043,"standard_error":174.89764251644695}}