{"mean":{"confidence_interval":{"confidence_level":0.95,"lower_bound":260103.4660027438,"upper_bound":260761.68265045815},"point_estimate":260422.75489811838,"standard_error":167.62221203481437},"median":{"confidence_interval":{"confidence_level":0.95,"lower_bound":259942.76693469787,"upper_bound":260569.4149484536},"point_estimate":260226.45255359396,"standard_error":148.05626357511184},"median_abs_dev":{"confidence_interval":{"confidence_level":0.95,"lower_bound":869.2503938266656,"upper_bound":1792.1495098959836},"point_estimate":1213.88045799892,"standard_error":232.51442465836934},"slope":{"confidence_interval":{"confidence_level":0.95,"lower_bound":259860.37229064276,"upper_bound":260412.30536568025},"point_estimate":260132.34911482193,"standard_error":140.4663272691757},"std_dev":{"confidence_interval":{"confidence_level":0.95,"lower_bound":1306.5301962425249,"upper_bound":2053.686963253662},"point_estimate":1681.5019253522958,"standard_error":191.83736082379602}}