{"mean":{"confidence_interval":{"confidence_level":0.95,"lower_bound":275935.39836622,"upper_bound":288368.1189616336},"point_estimate":281783.7590534617,"standard_error":3163.4729465655314},"median":{"confidence_interval":{"confidence_level":0.95,"lower_bound":266306.2729371921,"upper_bound":269237.7109375},"point_estimate":268050.5349761526,"standard_error":796.8037730815705},"median_abs_dev":{"confidence_interval":{"confidence_level":0.95,"lower_bound":3851.2732323130494,"upper_bound":8886.768284262478},"point_estimate":6346.419731480307,"standard_error":1339.209831875694},"slope":{"confidence_interval":{"confidence_level":0.95,"lower_bound":273530.0385031873,"upper_bound":281145.8557425347},"point_estimate":276961.24576917395,"standard_error":1946.2650838041855},"std_dev":{"confidence_interval":{"confidence_level":0.95,"lower_bound":22686.1804042328,"upper_bound":39406.5517969297},"point_estimate":31767.263773509672,"standard_error":4281.70131875113}}