{"mean":{"confidence_interval":{"confidence_level":0.95,"lower_bound":245866.7853188029,"upper_bound":246806.08890411665},"point_estimate":246336.438201221,"standard_error":239.03131558017589},"median":{"confidence_interval":{"confidence_level":0.95,"lower_bound":245726.8606770833,"upper_bound":246843.5393258427},"point_estimate":246192.09086165772,"standard_error":276.34551540784895},"median_abs_dev":{"confidence_interval":{"confidence_level":0.95,"lower_bound":1497.0712084216755,"upper_bound":2382.4181716459407},"point_estimate":1863.810683956203,"standard_error":219.41770306379837},"slope":{"confidence_interval":{"confidence_level":0.95,"lower_bound":245850.7394198603,"upper_bound":246753.98415746383},"point_estimate":246281.8169964534,"standard_error":231.23259569613907},"std_dev":{"confidence_interval":{"confidence_level":0.95,"lower_bound":1886.421383642836,"upper_bound":2884.2632857950166},"point_estimate":2404.7728547300776,"standard_error":255.24946361663666}}