{"mean":{"confidence_interval":{"confidence_level":0.95,"lower_bound":1318926.5006388621,"upper_bound":1325099.38734472},"point_estimate":1321215.5176386759,"standard_error":1724.142913876254},"median":{"confidence_interval":{"confidence_level":0.95,"lower_bound":1318724.049382716,"upper_bound":1320652.9432595023},"point_estimate":1319602.3872688478,"standard_error":498.5055170209301},"median_abs_dev":{"confidence_interval":{"confidence_level":0.95,"lower_bound":2677.217083455814,"upper_bound":4588.624221942915},"point_estimate":3356.805988768845,"standard_error":512.7113318986729},"slope":{"confidence_interval":{"confidence_level":0.95,"lower_bound":1319555.6971315942,"upper_bound":1335643.886726099},"point_estimate":1324897.9311216197,"standard_error":4735.646602301266},"std_dev":{"confidence_interval":{"confidence_level":0.95,"lower_bound":3518.3589830743554,"upper_bound":29126.3290336737},"point_estimate":17274.97812695623,"standard_error":8878.82539342194}}