{"mean":{"confidence_interval":{"confidence_level":0.95,"lower_bound":223939.555774561,"upper_bound":225758.04362018243},"point_estimate":224768.6011857331,"standard_error":466.4020936410711},"median":{"confidence_interval":{"confidence_level":0.95,"lower_bound":223194.84298076923,"upper_bound":224393.99079822615},"point_estimate":224071.29930612247,"standard_error":300.32271920458413},"median_abs_dev":{"confidence_interval":{"confidence_level":0.95,"lower_bound":1602.2212363557323,"upper_bound":2704.5397463076647},"point_estimate":2014.4760907760913,"standard_error":285.30669092233757},"slope":{"confidence_interval":{"confidence_level":0.95,"lower_bound":224373.28663576543,"upper_bound":225672.8612626463},"point_estimate":225029.51471375793,"standard_error":333.16923437912106},"std_dev":{"confidence_interval":{"confidence_level":0.95,"lower_bound":2546.6931503497312,"upper_bound":6522.61101023037},"point_estimate":4697.130758059255,"standard_error":1014.9257953568574}}