{"mean":{"confidence_interval":{"confidence_level":0.95,"lower_bound":222317.49411546814,"upper_bound":223088.2164749716},"point_estimate":222687.04878734733,"standard_error":196.55952509176413},"median":{"confidence_interval":{"confidence_level":0.95,"lower_bound":222102.23870056495,"upper_bound":222738.41428571427},"point_estimate":222366.7650568182,"standard_error":165.0933617012959},"median_abs_dev":{"confidence_interval":{"confidence_level":0.95,"lower_bound":922.2447147299263,"upper_bound":1770.7647672590078},"point_estimate":1246.4952985833663,"standard_error":223.9012499489136},"slope":{"confidence_interval":{"confidence_level":0.95,"lower_bound":222215.74580268576,"upper_bound":222891.84446021382},"point_estimate":222544.17827929658,"standard_error":172.13878044853791},"std_dev":{"confidence_interval":{"confidence_level":0.95,"lower_bound":1451.895685432679,"upper_bound":2449.931717513924},"point_estimate":1976.9024447497009,"standard_error":254.97445148111407}}