{"mean":{"confidence_interval":{"confidence_level":0.95,"lower_bound":253844.7038341712,"upper_bound":255142.7649477804},"point_estimate":254473.41784728252,"standard_error":331.5684345986962},"median":{"confidence_interval":{"confidence_level":0.95,"lower_bound":253445.49583333332,"upper_bound":254637.30020053475},"point_estimate":253860.0216277481,"standard_error":350.84988712500706},"median_abs_dev":{"confidence_interval":{"confidence_level":0.95,"lower_bound":1737.0365439638258,"upper_bound":3255.331255632117},"point_estimate":2356.158322219142,"standard_error":408.12936875073115},"slope":{"confidence_interval":{"confidence_level":0.95,"lower_bound":253688.76570374082,"upper_bound":254621.65132380955},"point_estimate":254154.9178542929,"standard_error":238.3456791986704},"std_dev":{"confidence_interval":{"confidence_level":0.95,"lower_bound":2492.44613882083,"upper_bound":4268.991639356988},"point_estimate":3341.99387629801,"standard_error":467.548312206675}}