{"mean":{"confidence_interval":{"confidence_level":0.95,"lower_bound":261523.80145304304,"upper_bound":262536.1421863844},"point_estimate":262026.9329487339,"standard_error":258.84468564831406},"median":{"confidence_interval":{"confidence_level":0.95,"lower_bound":260875.10145623892,"upper_bound":262901.88175675675},"point_estimate":262047.2769396552,"standard_error":502.63906069928873},"median_abs_dev":{"confidence_interval":{"confidence_level":0.95,"lower_bound":2233.5092127948515,"upper_bound":3325.644992233054},"point_estimate":2871.613470596497,"standard_error":267.4026900183093},"slope":{"confidence_interval":{"confidence_level":0.95,"lower_bound":261473.01078708618,"upper_bound":262911.46559071937},"point_estimate":262165.08112457517,"standard_error":366.74517719255357},"std_dev":{"confidence_interval":{"confidence_level":0.95,"lower_bound":2240.01200563763,"upper_bound":2960.887389899211},"point_estimate":2613.745070509201,"standard_error":183.81543497089373}}