{"mean":{"confidence_interval":{"confidence_level":0.95,"lower_bound":1784971.5418375,"upper_bound":1791266.5895375006},"point_estimate":1788115.822000001,"standard_error":1602.038442678612},"median":{"confidence_interval":{"confidence_level":0.95,"lower_bound":1783567.75,"upper_bound":1790597.0},"point_estimate":1787610.5750000002,"standard_error":2138.062666232768},"median_abs_dev":{"confidence_interval":{"confidence_level":0.95,"lower_bound":10823.276327848365,"upper_bound":18432.09058776484},"point_estimate":14836.78565159478,"standard_error":1992.1304349142738},"slope":null,"std_dev":{"confidence_interval":{"confidence_level":0.95,"lower_bound":13723.768605545412,"upper_bound":18378.78641231344},"point_estimate":16171.54023127305,"standard_error":1188.3990076201692}}