{"mean":{"confidence_interval":{"confidence_level":0.95,"lower_bound":303512.62786842516,"upper_bound":304705.64994105906},"point_estimate":304068.9636596313,"standard_error":303.6513083655406},"median":{"confidence_interval":{"confidence_level":0.95,"lower_bound":303662.3888074291,"upper_bound":304250.3269506598},"point_estimate":304081.9161739865,"standard_error":169.53731891069856},"median_abs_dev":{"confidence_interval":{"confidence_level":0.95,"lower_bound":1479.2677820550412,"upper_bound":2290.436498915265},"point_estimate":1801.387197168608,"standard_error":202.82667531116516},"slope":{"confidence_interval":{"confidence_level":0.95,"lower_bound":303583.66884452605,"upper_bound":304330.6102465505},"point_estimate":303963.25977685826,"standard_error":189.81968244665967},"std_dev":{"confidence_interval":{"confidence_level":0.95,"lower_bound":1883.6015681199783,"upper_bound":4222.7427228059405},"point_estimate":3055.5075101260622,"standard_error":618.1118096750364}}