{"mean":{"confidence_interval":{"confidence_level":0.95,"lower_bound":291803.9569566893,"upper_bound":292980.80743238184},"point_estimate":292362.37495350075,"standard_error":298.5772490689136},"median":{"confidence_interval":{"confidence_level":0.95,"lower_bound":291314.0667420814,"upper_bound":292481.10546875},"point_estimate":291740.26203703706,"standard_error":311.49098444861374},"median_abs_dev":{"confidence_interval":{"confidence_level":0.95,"lower_bound":1510.5875535824066,"upper_bound":2632.090536619137},"point_estimate":1874.2058468449454,"standard_error":284.45203927948694},"slope":{"confidence_interval":{"confidence_level":0.95,"lower_bound":291429.6817331224,"upper_bound":292303.8927515116},"point_estimate":291857.72402911185,"standard_error":223.74608088800701},"std_dev":{"confidence_interval":{"confidence_level":0.95,"lower_bound":2138.645771262828,"upper_bound":3936.1472564092946},"point_estimate":2994.1682174852986,"standard_error":479.0984655421959}}