{"mean":{"confidence_interval":{"confidence_level":0.95,"lower_bound":322414.61782661034,"upper_bound":324282.61734372197},"point_estimate":323285.62535537226,"standard_error":477.34319542876057},"median":{"confidence_interval":{"confidence_level":0.95,"lower_bound":322016.3253012048,"upper_bound":323964.1148101898},"point_estimate":322904.2325918762,"standard_error":587.9682382122753},"median_abs_dev":{"confidence_interval":{"confidence_level":0.95,"lower_bound":2562.3479939828267,"upper_bound":4098.960762573683},"point_estimate":3406.5973506645028,"standard_error":376.56972006900827},"slope":{"confidence_interval":{"confidence_level":0.95,"lower_bound":322440.2404956846,"upper_bound":323618.7294668063},"point_estimate":323027.4463861386,"standard_error":300.65146738214287},"std_dev":{"confidence_interval":{"confidence_level":0.95,"lower_bound":3127.5580666217757,"upper_bound":6677.205465767232},"point_estimate":4794.260438745671,"standard_error":996.853161531354}}