{"mean":{"confidence_interval":{"confidence_level":0.95,"lower_bound":257288.209977631,"upper_bound":258653.99653875644},"point_estimate":257983.69850852518,"standard_error":346.43045749427245},"median":{"confidence_interval":{"confidence_level":0.95,"lower_bound":257518.9,"upper_bound":258895.0},"point_estimate":258255.6192204301,"standard_error":306.2019482737874},"median_abs_dev":{"confidence_interval":{"confidence_level":0.95,"lower_bound":2009.729821463015,"upper_bound":3785.708662985039},"point_estimate":2732.1031258968715,"standard_error":472.6791426731532},"slope":{"confidence_interval":{"confidence_level":0.95,"lower_bound":258530.2159302935,"upper_bound":259592.73578055835},"point_estimate":259066.17383478646,"standard_error":272.08884646085625},"std_dev":{"confidence_interval":{"confidence_level":0.95,"lower_bound":2784.7826029599646,"upper_bound":4147.0092095416385},"point_estimate":3483.4845996470117,"standard_error":349.35108954000884}}