{"mean":{"confidence_interval":{"confidence_level":0.95,"lower_bound":233743.3417783113,"upper_bound":235232.6540251176},"point_estimate":234443.1527191113,"standard_error":379.9640902533415},"median":{"confidence_interval":{"confidence_level":0.95,"lower_bound":233095.397429078,"upper_bound":234140.3956521739},"point_estimate":233722.28787878787,"standard_error":291.5788164417617},"median_abs_dev":{"confidence_interval":{"confidence_level":0.95,"lower_bound":1681.8077220510093,"upper_bound":3095.0168333843108},"point_estimate":2355.0531986195565,"standard_error":351.1886314546733},"slope":{"confidence_interval":{"confidence_level":0.95,"lower_bound":233355.50821380765,"upper_bound":234676.50957097733},"point_estimate":233970.28332318604,"standard_error":338.2917751795739},"std_dev":{"confidence_interval":{"confidence_level":0.95,"lower_bound":2555.3964962858727,"upper_bound":5175.955081568279},"point_estimate":3814.3283266180524,"standard_error":703.7213004285812}}