{"mean":{"confidence_interval":{"confidence_level":0.95,"lower_bound":625072.1312453037,"upper_bound":626174.8520231774},"point_estimate":625619.9394867655,"standard_error":281.9082162543011},"median":{"confidence_interval":{"confidence_level":0.95,"lower_bound":624936.1447368421,"upper_bound":626064.7867853795},"point_estimate":625615.3489583333,"standard_error":288.3174893923785},"median_abs_dev":{"confidence_interval":{"confidence_level":0.95,"lower_bound":1770.3192475822814,"upper_bound":3246.9156308028864},"point_estimate":2599.512402518362,"standard_error":398.30340240771733},"slope":{"confidence_interval":{"confidence_level":0.95,"lower_bound":624618.1132751339,"upper_bound":625800.0887319267},"point_estimate":625210.4296172602,"standard_error":301.7137323938657},"std_dev":{"confidence_interval":{"confidence_level":0.95,"lower_bound":2398.745659847875,"upper_bound":3237.454488472103},"point_estimate":2840.6828392736743,"standard_error":214.59828383369583}}