{"mean":{"confidence_interval":{"confidence_level":0.95,"lower_bound":509430.70694104896,"upper_bound":511648.1693481129},"point_estimate":510489.05524420814,"standard_error":565.9246029066796},"median":{"confidence_interval":{"confidence_level":0.95,"lower_bound":509156.5260416667,"upper_bound":511440.4285714286},"point_estimate":510240.03784722224,"standard_error":655.6658628978957},"median_abs_dev":{"confidence_interval":{"confidence_level":0.95,"lower_bound":3874.839327636399,"upper_bound":6299.915875654156},"point_estimate":4951.684766242556,"standard_error":609.0236895228901},"slope":{"confidence_interval":{"confidence_level":0.95,"lower_bound":510187.01585266925,"upper_bound":513669.7131791482},"point_estimate":511743.88288163143,"standard_error":897.8928627092871},"std_dev":{"confidence_interval":{"confidence_level":0.95,"lower_bound":4195.518027127547,"upper_bound":7474.027312854056},"point_estimate":5691.926668072383,"standard_error":905.7784371880009}}