{"mean":{"confidence_interval":{"confidence_level":0.95,"lower_bound":1914467.505139966,"upper_bound":1949262.578348394},"point_estimate":1929705.7556200577,"standard_error":8963.970088711241},"median":{"confidence_interval":{"confidence_level":0.95,"lower_bound":1909163.043478261,"upper_bound":1929039.962962963},"point_estimate":1920036.1076615832,"standard_error":5373.915273610159},"median_abs_dev":{"confidence_interval":{"confidence_level":0.95,"lower_bound":34766.0228925491,"upper_bound":55826.459123326575},"point_estimate":47583.284937862285,"standard_error":5240.913105867609},"slope":{"confidence_interval":{"confidence_level":0.95,"lower_bound":1907812.7181782918,"upper_bound":1926098.6386219994},"point_estimate":1916845.2241377272,"standard_error":4652.854285004622},"std_dev":{"confidence_interval":{"confidence_level":0.95,"lower_bound":41022.959086183524,"upper_bound":137422.04254795203},"point_estimate":90221.70446051046,"standard_error":27211.790558540804}}