{"mean":{"confidence_interval":{"confidence_level":0.95,"lower_bound":1999495.7411442318,"upper_bound":2032669.695413462},"point_estimate":2016120.2526923078,"standard_error":8477.553201796547},"median":{"confidence_interval":{"confidence_level":0.95,"lower_bound":1991122.923076923,"upper_bound":2029323.1153846155},"point_estimate":2016688.7115384615,"standard_error":9563.367462547603},"median_abs_dev":{"confidence_interval":{"confidence_level":0.95,"lower_bound":65578.47608190293,"upper_bound":106491.73472477867},"point_estimate":88157.98898488283,"standard_error":10255.606255185407},"slope":null,"std_dev":{"confidence_interval":{"confidence_level":0.95,"lower_bound":73822.56797141851,"upper_bound":95139.30812556548},"point_estimate":85180.07755423778,"standard_error":5446.9472271482455}}