{"mean":{"confidence_interval":{"confidence_level":0.95,"lower_bound":280418.78915761894,"upper_bound":282443.89774584834},"point_estimate":281344.8704504736,"standard_error":517.0677953810177},"median":{"confidence_interval":{"confidence_level":0.95,"lower_bound":280025.25390625,"upper_bound":281021.40189873416},"point_estimate":280536.63808139536,"standard_error":240.8619102823185},"median_abs_dev":{"confidence_interval":{"confidence_level":0.95,"lower_bound":1646.5086419963204,"upper_bound":3150.533022336082},"point_estimate":2515.512175817489,"standard_error":380.39368850678187},"slope":{"confidence_interval":{"confidence_level":0.95,"lower_bound":280514.2454346792,"upper_bound":281731.94965017133},"point_estimate":281086.8896046993,"standard_error":311.09812919340595},"std_dev":{"confidence_interval":{"confidence_level":0.95,"lower_bound":3003.3757489128984,"upper_bound":7537.8859195470395},"point_estimate":5221.578400217151,"standard_error":1270.4774429733457}}