{"mean":{"confidence_interval":{"confidence_level":0.95,"lower_bound":311737.4255585087,"upper_bound":313032.8786758739},"point_estimate":312362.757725248,"standard_error":330.2847809448528},"median":{"confidence_interval":{"confidence_level":0.95,"lower_bound":311117.3520599251,"upper_bound":312294.77777777775},"point_estimate":311515.70459451125,"standard_error":321.82467324102214},"median_abs_dev":{"confidence_interval":{"confidence_level":0.95,"lower_bound":1692.377755243813,"upper_bound":3057.780079046962},"point_estimate":2103.5571905437573,"standard_error":384.32189208263054},"slope":{"confidence_interval":{"confidence_level":0.95,"lower_bound":310950.19853729766,"upper_bound":311877.216786897},"point_estimate":311403.8327195705,"standard_error":236.87583912456478},"std_dev":{"confidence_interval":{"confidence_level":0.95,"lower_bound":2526.846307833143,"upper_bound":4093.7892746985913},"point_estimate":3325.9985296632312,"standard_error":403.965488445912}}