{"mean":{"confidence_interval":{"confidence_level":0.95,"lower_bound":264256.19627802505,"upper_bound":266359.0656942871},"point_estimate":265236.81424413214,"standard_error":537.1856867706393},"median":{"confidence_interval":{"confidence_level":0.95,"lower_bound":263482.728021978,"upper_bound":265461.57216494845},"point_estimate":264365.48784722225,"standard_error":496.05790535570276},"median_abs_dev":{"confidence_interval":{"confidence_level":0.95,"lower_bound":2641.2933482484473,"upper_bound":4503.46360754752},"point_estimate":3355.961131353296,"standard_error":472.896081810535},"slope":{"confidence_interval":{"confidence_level":0.95,"lower_bound":264873.0803481692,"upper_bound":266688.07779144763},"point_estimate":265743.30137801095,"standard_error":462.95206503484377},"std_dev":{"confidence_interval":{"confidence_level":0.95,"lower_bound":3616.2982429746885,"upper_bound":7431.179199861919},"point_estimate":5405.874204412388,"standard_error":1067.7379423544464}}