{"mean":{"confidence_interval":{"confidence_level":0.95,"lower_bound":257985.21848678184,"upper_bound":259914.42859133022},"point_estimate":258837.78144566246,"standard_error":495.82737793713784},"median":{"confidence_interval":{"confidence_level":0.95,"lower_bound":257747.04807692306,"upper_bound":259060.1765625},"point_estimate":258517.19840230487,"standard_error":346.9911705329982},"median_abs_dev":{"confidence_interval":{"confidence_level":0.95,"lower_bound":1715.282465891499,"upper_bound":3656.232073213921},"point_estimate":2910.402113670953,"standard_error":528.4783001785355},"slope":{"confidence_interval":{"confidence_level":0.95,"lower_bound":257549.3170570472,"upper_bound":258699.39731855138},"point_estimate":258122.84738732083,"standard_error":293.5495716152496},"std_dev":{"confidence_interval":{"confidence_level":0.95,"lower_bound":2579.6511881039023,"upper_bound":7473.791470040247},"point_estimate":4973.316935607447,"standard_error":1450.3480133275577}}