{"mean":{"confidence_interval":{"confidence_level":0.95,"lower_bound":761537.7904020442,"upper_bound":762932.5020889505},"point_estimate":762261.4851217468,"standard_error":355.81646685662076},"median":{"confidence_interval":{"confidence_level":0.95,"lower_bound":761655.4285714285,"upper_bound":762699.9361702128},"point_estimate":762038.7624183006,"standard_error":224.36325164749317},"median_abs_dev":{"confidence_interval":{"confidence_level":0.95,"lower_bound":1651.7937696872295,"upper_bound":2959.3498495752697},"point_estimate":2255.4084960826217,"standard_error":355.2174867851505},"slope":{"confidence_interval":{"confidence_level":0.95,"lower_bound":761839.0368957586,"upper_bound":762688.1435266588},"point_estimate":762255.2690631003,"standard_error":216.79468409599},"std_dev":{"confidence_interval":{"confidence_level":0.95,"lower_bound":2543.5295493798308,"upper_bound":4696.251503874764},"point_estimate":3579.467653714814,"standard_error":566.5296282403343}}