{"mean":{"confidence_interval":{"confidence_level":0.95,"lower_bound":769593.4161492682,"upper_bound":773903.4047689714},"point_estimate":771578.6428064951,"standard_error":1104.1471387778968},"median":{"confidence_interval":{"confidence_level":0.95,"lower_bound":769486.3648097826,"upper_bound":771807.9414893617},"point_estimate":770932.4458439626,"standard_error":635.6549598010058},"median_abs_dev":{"confidence_interval":{"confidence_level":0.95,"lower_bound":3832.511283292645,"upper_bound":6240.329476712031},"point_estimate":4992.85388580486,"standard_error":621.7791665580693},"slope":{"confidence_interval":{"confidence_level":0.95,"lower_bound":771459.154460892,"upper_bound":779238.2101311501},"point_estimate":774897.7899527117,"standard_error":2002.5910752074033},"std_dev":{"confidence_interval":{"confidence_level":0.95,"lower_bound":5912.777562739481,"upper_bound":15326.099387135599},"point_estimate":11108.830634698672,"standard_error":2370.0089226593573}}