{"mean":{"confidence_interval":{"confidence_level":0.95,"lower_bound":326506.4727257479,"upper_bound":328766.5563832584},"point_estimate":327550.04591003933,"standard_error":577.9028434578456},"median":{"confidence_interval":{"confidence_level":0.95,"lower_bound":325788.30516431923,"upper_bound":327112.3299319728},"point_estimate":326516.55045045045,"standard_error":364.95395089269743},"median_abs_dev":{"confidence_interval":{"confidence_level":0.95,"lower_bound":2008.2163760137012,"upper_bound":3525.4868324099994},"point_estimate":2720.7119912431767,"standard_error":385.5600108269646},"slope":{"confidence_interval":{"confidence_level":0.95,"lower_bound":326890.23337525834,"upper_bound":329848.8777425997},"point_estimate":328213.444028373,"standard_error":758.4687956552743},"std_dev":{"confidence_interval":{"confidence_level":0.95,"lower_bound":3502.334366509418,"upper_bound":7954.920056206323},"point_estimate":5819.671869368528,"standard_error":1158.7444570439588}}