{"mean":{"confidence_interval":{"confidence_level":0.95,"lower_bound":362757.23776879197,"upper_bound":364128.9220080796},"point_estimate":363412.5504871247,"standard_error":349.2743049166672},"median":{"confidence_interval":{"confidence_level":0.95,"lower_bound":362542.07352941175,"upper_bound":363891.90476190473},"point_estimate":363250.1403707053,"standard_error":303.41980766211026},"median_abs_dev":{"confidence_interval":{"confidence_level":0.95,"lower_bound":2085.0794157296764,"upper_bound":3085.1862147783954},"point_estimate":2598.902436459873,"standard_error":259.7628324061817},"slope":{"confidence_interval":{"confidence_level":0.95,"lower_bound":363383.839021305,"upper_bound":364758.3280878773},"point_estimate":364038.1409142407,"standard_error":352.8469744796995},"std_dev":{"confidence_interval":{"confidence_level":0.95,"lower_bound":2503.3007956828055,"upper_bound":4642.154468514001},"point_estimate":3515.5274005241818,"standard_error":571.1323381115959}}