{"mean":{"confidence_interval":{"confidence_level":0.95,"lower_bound":823649.1213879167,"upper_bound":842097.1304025034},"point_estimate":831774.9156986293,"standard_error":4742.197990019867},"median":{"confidence_interval":{"confidence_level":0.95,"lower_bound":813252.2925438597,"upper_bound":823274.006329114},"point_estimate":816397.2690565449,"standard_error":2645.1942685149074},"median_abs_dev":{"confidence_interval":{"confidence_level":0.95,"lower_bound":14360.516370404273,"upper_bound":27008.793085133835},"point_estimate":20267.031932746773,"standard_error":3219.970494574187},"slope":{"confidence_interval":{"confidence_level":0.95,"lower_bound":826271.7800606856,"upper_bound":838141.2476303013},"point_estimate":832188.785331757,"standard_error":3030.274195774256},"std_dev":{"confidence_interval":{"confidence_level":0.95,"lower_bound":25103.538735616734,"upper_bound":70953.21614503088},"point_estimate":47646.89938167813,"standard_error":13532.315884623089}}