{"mean":{"confidence_interval":{"confidence_level":0.95,"lower_bound":272307.5604985557,"upper_bound":273982.03245044936},"point_estimate":273069.17900554946,"standard_error":430.11689940432603},"median":{"confidence_interval":{"confidence_level":0.95,"lower_bound":271384.62209302327,"upper_bound":272865.81875},"point_estimate":271836.1287878788,"standard_error":373.0233053318913},"median_abs_dev":{"confidence_interval":{"confidence_level":0.95,"lower_bound":1773.4885038472273,"upper_bound":3301.857749444809},"point_estimate":2270.9004907444337,"standard_error":404.8024140133039},"slope":{"confidence_interval":{"confidence_level":0.95,"lower_bound":271286.84025712166,"upper_bound":272455.8533897105},"point_estimate":271847.5418353776,"standard_error":297.3874926261994},"std_dev":{"confidence_interval":{"confidence_level":0.95,"lower_bound":2606.3012138133217,"upper_bound":6179.966246706739},"point_estimate":4340.001741562781,"standard_error":994.6404025266611}}