{"mean":{"confidence_interval":{"confidence_level":0.95,"lower_bound":472183.08362727077,"upper_bound":473620.43019855826},"point_estimate":472881.74912633636,"standard_error":366.61561194147083},"median":{"confidence_interval":{"confidence_level":0.95,"lower_bound":471684.29807692306,"upper_bound":472992.03529411764},"point_estimate":472227.2250695088,"standard_error":355.6493908677992},"median_abs_dev":{"confidence_interval":{"confidence_level":0.95,"lower_bound":2432.7355224169974,"upper_bound":4173.190582878775},"point_estimate":3206.6761663207385,"standard_error":419.4336769560368},"slope":{"confidence_interval":{"confidence_level":0.95,"lower_bound":471788.93212291563,"upper_bound":473215.5558284345},"point_estimate":472483.7804285503,"standard_error":364.089621468143},"std_dev":{"confidence_interval":{"confidence_level":0.95,"lower_bound":2928.79276923259,"upper_bound":4404.746864834298},"point_estimate":3691.1688269359684,"standard_error":377.6685883573535}}