{"mean":{"confidence_interval":{"confidence_level":0.95,"lower_bound":238732.12095997477,"upper_bound":240107.42897310725},"point_estimate":239371.13887140263,"standard_error":351.74549735198406},"median":{"confidence_interval":{"confidence_level":0.95,"lower_bound":238325.07207207207,"upper_bound":239447.99354166666},"point_estimate":239018.87817737815,"standard_error":259.9823145286704},"median_abs_dev":{"confidence_interval":{"confidence_level":0.95,"lower_bound":1441.940949890654,"upper_bound":2440.5503447668184},"point_estimate":1856.8715044276896,"standard_error":262.8035597157285},"slope":{"confidence_interval":{"confidence_level":0.95,"lower_bound":238977.06134455762,"upper_bound":240614.26791893688},"point_estimate":239681.7627801586,"standard_error":422.2321895666932},"std_dev":{"confidence_interval":{"confidence_level":0.95,"lower_bound":2057.797921110938,"upper_bound":4818.175805857483},"point_estimate":3531.0018222387403,"standard_error":711.4724881789544}}