{"mean":{"confidence_interval":{"confidence_level":0.95,"lower_bound":260092.0866652886,"upper_bound":262537.68513627467},"point_estimate":261148.23273724495,"standard_error":627.7771913208536},"median":{"confidence_interval":{"confidence_level":0.95,"lower_bound":259841.92524085502,"upper_bound":260995.59905660377},"point_estimate":260314.39077380951,"standard_error":270.51001681703707},"median_abs_dev":{"confidence_interval":{"confidence_level":0.95,"lower_bound":1828.086255933015,"upper_bound":3057.171748599048},"point_estimate":2525.3940660985527,"standard_error":310.7715663353029},"slope":{"confidence_interval":{"confidence_level":0.95,"lower_bound":259764.7285403534,"upper_bound":260868.92812060582},"point_estimate":260301.3847207034,"standard_error":281.3607600313778},"std_dev":{"confidence_interval":{"confidence_level":0.95,"lower_bound":2524.65988911403,"upper_bound":9514.97452328806},"point_estimate":6307.878023508811,"standard_error":1888.688814895209}}