{"mean":{"confidence_interval":{"confidence_level":0.95,"lower_bound":263019.0586329953,"upper_bound":264202.1842833812},"point_estimate":263598.0054184438,"standard_error":301.9565019033185},"median":{"confidence_interval":{"confidence_level":0.95,"lower_bound":262170.61440677964,"upper_bound":263596.4074392713},"point_estimate":262900.5036742424,"standard_error":361.7104330139983},"median_abs_dev":{"confidence_interval":{"confidence_level":0.95,"lower_bound":1721.530053023681,"upper_bound":3091.0816523567314},"point_estimate":2400.6511810617217,"standard_error":336.91011440134906},"slope":{"confidence_interval":{"confidence_level":0.95,"lower_bound":263393.7299367857,"upper_bound":264717.53315541905},"point_estimate":264047.08761637355,"standard_error":337.46493011003383},"std_dev":{"confidence_interval":{"confidence_level":0.95,"lower_bound":2430.8390668141546,"upper_bound":3599.163401909721},"point_estimate":3031.342315294103,"standard_error":299.8905553846012}}