{"mean":{"confidence_interval":{"confidence_level":0.95,"lower_bound":320091.719273185,"upper_bound":321110.0171256718},"point_estimate":320578.9146384523,"standard_error":259.4932342614827},"median":{"confidence_interval":{"confidence_level":0.95,"lower_bound":319791.0709451507,"upper_bound":320732.90206185565},"point_estimate":320191.96330030484,"standard_error":271.727184296399},"median_abs_dev":{"confidence_interval":{"confidence_level":0.95,"lower_bound":1262.6620075413014,"upper_bound":2240.326045359494},"point_estimate":1579.7022143460063,"standard_error":269.8705104517474},"slope":{"confidence_interval":{"confidence_level":0.95,"lower_bound":320107.16964591574,"upper_bound":320820.991153226},"point_estimate":320457.3514711098,"standard_error":181.88417365785992},"std_dev":{"confidence_interval":{"confidence_level":0.95,"lower_bound":1846.079315759679,"upper_bound":3449.4977844638274},"point_estimate":2601.642711717303,"standard_error":431.5585481980691}}