{"mean":{"confidence_interval":{"confidence_level":0.95,"lower_bound":268330.2118082919,"upper_bound":271059.8609357097},"point_estimate":269617.4014230966,"standard_error":698.5428850781497},"median":{"confidence_interval":{"confidence_level":0.95,"lower_bound":266455.46428571426,"upper_bound":269400.725},"point_estimate":267939.79583333334,"standard_error":659.7783334932665},"median_abs_dev":{"confidence_interval":{"confidence_level":0.95,"lower_bound":3305.4715555661405,"upper_bound":6129.761049992484},"point_estimate":4341.097653690988,"standard_error":751.8545605103603},"slope":{"confidence_interval":{"confidence_level":0.95,"lower_bound":267517.8556945591,"upper_bound":269626.68562517624},"point_estimate":268515.44701270876,"standard_error":538.5300065936707},"std_dev":{"confidence_interval":{"confidence_level":0.95,"lower_bound":4739.138731033415,"upper_bound":9106.00130893867},"point_estimate":7022.352814241211,"standard_error":1123.4424607007245}}