{"mean":{"confidence_interval":{"confidence_level":0.95,"lower_bound":221243.96516132008,"upper_bound":222378.81210795345},"point_estimate":221801.9262730079,"standard_error":288.4914752489056},"median":{"confidence_interval":{"confidence_level":0.95,"lower_bound":221312.59354838709,"upper_bound":222494.57142857142},"point_estimate":221815.25325309043,"standard_error":289.3420183959839},"median_abs_dev":{"confidence_interval":{"confidence_level":0.95,"lower_bound":1684.912040154934,"upper_bound":2594.1548747400175},"point_estimate":2208.296923662305,"standard_error":234.9837601289628},"slope":{"confidence_interval":{"confidence_level":0.95,"lower_bound":221839.08064000568,"upper_bound":222669.0662600342},"point_estimate":222251.5855049505,"standard_error":212.0366910093077},"std_dev":{"confidence_interval":{"confidence_level":0.95,"lower_bound":2200.2619123671457,"upper_bound":3624.212609116587},"point_estimate":2892.330045023136,"standard_error":370.016724110093}}