{"mean":{"confidence_interval":{"confidence_level":0.95,"lower_bound":680269.9222045889,"upper_bound":682083.5991494475},"point_estimate":681151.2295125227,"standard_error":462.93732440246174},"median":{"confidence_interval":{"confidence_level":0.95,"lower_bound":679421.1724974464,"upper_bound":681443.7094055014},"point_estimate":680225.7479411764,"standard_error":498.5459412839121},"median_abs_dev":{"confidence_interval":{"confidence_level":0.95,"lower_bound":2337.395116636869,"upper_bound":3739.175274792826},"point_estimate":2822.779764303737,"standard_error":348.4990688688463},"slope":{"confidence_interval":{"confidence_level":0.95,"lower_bound":679925.3675367452,"upper_bound":681332.5358982594},"point_estimate":680619.9180774346,"standard_error":359.47351145049697},"std_dev":{"confidence_interval":{"confidence_level":0.95,"lower_bound":3475.150079229035,"upper_bound":5763.591832121359},"point_estimate":4681.558778105799,"standard_error":585.1757228654503}}