{"mean":{"confidence_interval":{"confidence_level":0.95,"lower_bound":679619.8464323931,"upper_bound":684964.3743438735},"point_estimate":682051.9989440353,"standard_error":1366.3160794673138},"median":{"confidence_interval":{"confidence_level":0.95,"lower_bound":677256.3484848485,"upper_bound":680204.3662790698},"point_estimate":678542.659965035,"standard_error":699.4642203325333},"median_abs_dev":{"confidence_interval":{"confidence_level":0.95,"lower_bound":4286.298580634584,"upper_bound":7900.663935186259},"point_estimate":6028.734064733255,"standard_error":932.2319234541976},"slope":{"confidence_interval":{"confidence_level":0.95,"lower_bound":679157.6754206113,"upper_bound":686460.8206914334},"point_estimate":682424.4468937491,"standard_error":1876.955240261081},"std_dev":{"confidence_interval":{"confidence_level":0.95,"lower_bound":8145.642545804358,"upper_bound":19578.14007055332},"point_estimate":13769.84582967157,"standard_error":3141.9822466808773}}