{"mean":{"confidence_interval":{"confidence_level":0.95,"lower_bound":1777320.5322914806,"upper_bound":1784946.7991342242},"point_estimate":1780997.1555156705,"standard_error":1952.1156993584484},"median":{"confidence_interval":{"confidence_level":0.95,"lower_bound":1771468.7758693362,"upper_bound":1777028.459090909},"point_estimate":1774552.2215544872,"standard_error":1653.7830620398654},"median_abs_dev":{"confidence_interval":{"confidence_level":0.95,"lower_bound":7919.035949409157,"upper_bound":15402.123260557775},"point_estimate":12790.03293864591,"standard_error":1939.300187719229},"slope":{"confidence_interval":{"confidence_level":0.95,"lower_bound":1775796.811462885,"upper_bound":1782845.3276234395},"point_estimate":1779228.514946062,"standard_error":1798.0073348928545},"std_dev":{"confidence_interval":{"confidence_level":0.95,"lower_bound":15042.645731754097,"upper_bound":23667.000130466764},"point_estimate":19636.78465364781,"standard_error":2201.5570070165077}}