{"mean":{"confidence_interval":{"confidence_level":0.95,"lower_bound":281013.5765847233,"upper_bound":282223.5757326083},"point_estimate":281615.51482075185,"standard_error":310.0452714347845},"median":{"confidence_interval":{"confidence_level":0.95,"lower_bound":280817.8087635869,"upper_bound":282186.08822151425},"point_estimate":281366.38520408166,"standard_error":369.19671107930816},"median_abs_dev":{"confidence_interval":{"confidence_level":0.95,"lower_bound":2276.005032394377,"upper_bound":3638.6745356028805},"point_estimate":2948.4906394620166,"standard_error":359.4437721982035},"slope":{"confidence_interval":{"confidence_level":0.95,"lower_bound":281928.7119702541,"upper_bound":283166.3320299861},"point_estimate":282542.99360425596,"standard_error":317.37510880293416},"std_dev":{"confidence_interval":{"confidence_level":0.95,"lower_bound":2612.8058320165087,"upper_bound":3616.8488662996597},"point_estimate":3131.225026192664,"standard_error":256.9819170858997}}