{"mean":{"confidence_interval":{"confidence_level":0.95,"lower_bound":325854.881530254,"upper_bound":327201.61436363996},"point_estimate":326501.2957281261,"standard_error":342.6459195324391},"median":{"confidence_interval":{"confidence_level":0.95,"lower_bound":325703.9857142857,"upper_bound":326464.102739726},"point_estimate":326122.2448390151,"standard_error":201.8098051242918},"median_abs_dev":{"confidence_interval":{"confidence_level":0.95,"lower_bound":1248.2512701522169,"upper_bound":2503.8702337732325},"point_estimate":1817.1471465642371,"standard_error":330.9722054079324},"slope":{"confidence_interval":{"confidence_level":0.95,"lower_bound":326009.0835066684,"upper_bound":326717.2397380396},"point_estimate":326354.2525306635,"standard_error":180.91400555757596},"std_dev":{"confidence_interval":{"confidence_level":0.95,"lower_bound":2157.2447226289146,"upper_bound":4705.372871246119},"point_estimate":3445.833534839791,"standard_error":663.9509452750453}}