{"mean":{"confidence_interval":{"confidence_level":0.95,"lower_bound":243177.35757193321,"upper_bound":246812.63527452713},"point_estimate":244899.8246805026,"standard_error":930.6779812477606},"median":{"confidence_interval":{"confidence_level":0.95,"lower_bound":241046.1890909091,"upper_bound":243871.85263157895},"point_estimate":242721.29557823128,"standard_error":669.0481607025596},"median_abs_dev":{"confidence_interval":{"confidence_level":0.95,"lower_bound":4156.3313915103745,"upper_bound":7610.401446091406},"point_estimate":6012.812019982014,"standard_error":865.8056135428568},"slope":{"confidence_interval":{"confidence_level":0.95,"lower_bound":241203.07126615033,"upper_bound":243854.27864001074},"point_estimate":242428.3421593025,"standard_error":675.4383385158209},"std_dev":{"confidence_interval":{"confidence_level":0.95,"lower_bound":6675.623614660364,"upper_bound":11947.64203493122},"point_estimate":9328.055208886066,"standard_error":1363.9214838008772}}