{"mean":{"confidence_interval":{"confidence_level":0.95,"lower_bound":234339.35156914216,"upper_bound":235491.98547631776},"point_estimate":234897.10643876408,"standard_error":293.9030698268357},"median":{"confidence_interval":{"confidence_level":0.95,"lower_bound":234090.85882352942,"upper_bound":235017.19591836736},"point_estimate":234346.39632075472,"standard_error":215.4932074245045},"median_abs_dev":{"confidence_interval":{"confidence_level":0.95,"lower_bound":1304.7388743414122,"upper_bound":2233.624137054254},"point_estimate":1715.551820639641,"standard_error":255.31293752128326},"slope":{"confidence_interval":{"confidence_level":0.95,"lower_bound":234390.7748887384,"upper_bound":235353.26785110717},"point_estimate":234840.39449032067,"standard_error":246.23238062953544},"std_dev":{"confidence_interval":{"confidence_level":0.95,"lower_bound":2229.0168937145354,"upper_bound":3627.505345473227},"point_estimate":2954.30700690608,"standard_error":358.78900145108634}}