{"mean":{"confidence_interval":{"confidence_level":0.95,"lower_bound":0.06121319761476195,"upper_bound":0.06756126760783185},"point_estimate":0.06443724146499452,"standard_error":0.0016081320738056115},"median":{"confidence_interval":{"confidence_level":0.95,"lower_bound":0.06555699270177051,"upper_bound":0.06918189094253147},"point_estimate":0.0676298153903605,"standard_error":0.0009543520682816911}}