{"mean":{"confidence_interval":{"confidence_level":0.95,"lower_bound":425054.3660735805,"upper_bound":426228.78321496263},"point_estimate":425623.86707148544,"standard_error":299.80651589102666},"median":{"confidence_interval":{"confidence_level":0.95,"lower_bound":424466.01714181283,"upper_bound":425571.8095238095},"point_estimate":425017.5562865497,"standard_error":270.48721110932905},"median_abs_dev":{"confidence_interval":{"confidence_level":0.95,"lower_bound":1756.213777381732,"upper_bound":3348.4774993404617},"point_estimate":2576.911247336337,"standard_error":431.0930917609112},"slope":{"confidence_interval":{"confidence_level":0.95,"lower_bound":424621.4295416118,"upper_bound":425587.58003252983},"point_estimate":425074.14509236,"standard_error":246.55982715423838},"std_dev":{"confidence_interval":{"confidence_level":0.95,"lower_bound":2445.4388276794116,"upper_bound":3576.5460086888247},"point_estimate":3013.7229583438157,"standard_error":290.64412878391255}}