{"mean":{"confidence_interval":{"confidence_level":0.95,"lower_bound":717476.9046442705,"upper_bound":720839.0978714413},"point_estimate":719115.1855939471,"standard_error":856.0363691812576},"median":{"confidence_interval":{"confidence_level":0.95,"lower_bound":715502.4193523154,"upper_bound":720092.4620253164},"point_estimate":718664.8061190555,"standard_error":1277.8871055605964},"median_abs_dev":{"confidence_interval":{"confidence_level":0.95,"lower_bound":6154.0196941582535,"upper_bound":9900.589843673893},"point_estimate":8221.27533423177,"standard_error":981.461399570721},"slope":{"confidence_interval":{"confidence_level":0.95,"lower_bound":714097.3742229078,"upper_bound":716741.7297920346},"point_estimate":715350.7497827694,"standard_error":672.7455993210026},"std_dev":{"confidence_interval":{"confidence_level":0.95,"lower_bound":7145.404684176093,"upper_bound":9870.509864412894},"point_estimate":8595.590189190267,"standard_error":696.7457679919654}}