{"mean":{"confidence_interval":{"confidence_level":0.95,"lower_bound":145608.1006212825,"upper_bound":147613.63240497577},"point_estimate":146556.5029027752,"standard_error":513.5239332970162},"median":{"confidence_interval":{"confidence_level":0.95,"lower_bound":144570.67187950938,"upper_bound":146224.35},"point_estimate":145423.13769732325,"standard_error":403.9951117653178},"median_abs_dev":{"confidence_interval":{"confidence_level":0.95,"lower_bound":2414.796093735171,"upper_bound":4486.863420790963},"point_estimate":3158.1166663952895,"standard_error":544.0820327356702},"slope":{"confidence_interval":{"confidence_level":0.95,"lower_bound":145281.57855698487,"upper_bound":147100.91105794156},"point_estimate":146131.57124057927,"standard_error":464.3306725171973},"std_dev":{"confidence_interval":{"confidence_level":0.95,"lower_bound":3794.9529108680413,"upper_bound":6472.026307731442},"point_estimate":5161.70195416076,"standard_error":687.1277463476129}}