{"mean":{"confidence_interval":{"confidence_level":0.95,"lower_bound":148264.77700213023,"upper_bound":150132.11168975712},"point_estimate":149146.29264840952,"standard_error":476.3361877356707},"median":{"confidence_interval":{"confidence_level":0.95,"lower_bound":147954.2263621795,"upper_bound":148961.64532600157},"point_estimate":148376.5962643678,"standard_error":286.85586911551894},"median_abs_dev":{"confidence_interval":{"confidence_level":0.95,"lower_bound":1802.965925507291,"upper_bound":3052.3069602784717},"point_estimate":2598.0957108752755,"standard_error":334.9053605513189},"slope":{"confidence_interval":{"confidence_level":0.95,"lower_bound":148196.47134139034,"upper_bound":149252.8395351255},"point_estimate":148701.8873695877,"standard_error":268.7033481634956},"std_dev":{"confidence_interval":{"confidence_level":0.95,"lower_bound":3305.7038419800733,"upper_bound":6071.004640136192},"point_estimate":4792.348841211687,"standard_error":707.285182580402}}