{"mean":{"confidence_interval":{"confidence_level":0.95,"lower_bound":210396.20599981604,"upper_bound":211956.24349206217},"point_estimate":211089.70027283794,"standard_error":401.33110590262004},"median":{"confidence_interval":{"confidence_level":0.95,"lower_bound":210155.37692307692,"upper_bound":210953.7258008658},"point_estimate":210467.3782717283,"standard_error":186.75813325716598},"median_abs_dev":{"confidence_interval":{"confidence_level":0.95,"lower_bound":1194.0510129679872,"upper_bound":2085.9431977825147},"point_estimate":1564.5919641547587,"standard_error":236.63443313639516},"slope":{"confidence_interval":{"confidence_level":0.95,"lower_bound":210187.39023870393,"upper_bound":211001.61170873174},"point_estimate":210588.12845987882,"standard_error":207.04714815011255},"std_dev":{"confidence_interval":{"confidence_level":0.95,"lower_bound":1870.8985754656383,"upper_bound":5891.832713351318},"point_estimate":4035.862195492729,"standard_error":1063.933425760241}}