{"mean":{"confidence_interval":{"confidence_level":0.95,"lower_bound":-0.09189322949376168,"upper_bound":-0.076040166631559},"point_estimate":-0.08337085616324214,"standard_error":0.00405136039222965},"median":{"confidence_interval":{"confidence_level":0.95,"lower_bound":-0.08251662171473373,"upper_bound":-0.07640339475724288},"point_estimate":-0.07927647106871316,"standard_error":0.0015325652988275621}}