{"mean":{"confidence_interval":{"confidence_level":0.95,"lower_bound":-0.049209093446509776,"upper_bound":-0.0372720766877214},"point_estimate":-0.043687410878323396,"standard_error":0.003038568866279077},"median":{"confidence_interval":{"confidence_level":0.95,"lower_bound":-0.049397173269966975,"upper_bound":-0.042596367115509626},"point_estimate":-0.04634322027061566,"standard_error":0.001627894494855263}}