{"mean":{"confidence_interval":{"confidence_level":0.95,"lower_bound":644872.5430318163,"upper_bound":646187.9272852013},"point_estimate":645526.0377776105,"standard_error":335.94303690875927},"median":{"confidence_interval":{"confidence_level":0.95,"lower_bound":644675.9242424242,"upper_bound":646332.6851345669},"point_estimate":645293.7612876254,"standard_error":426.68592779163276},"median_abs_dev":{"confidence_interval":{"confidence_level":0.95,"lower_bound":2446.5754789167895,"upper_bound":3958.8598092076504},"point_estimate":3450.8966445322644,"standard_error":401.4098700405762},"slope":{"confidence_interval":{"confidence_level":0.95,"lower_bound":645697.6163190958,"upper_bound":647474.7095019846},"point_estimate":646579.994213093,"standard_error":454.4282995824921},"std_dev":{"confidence_interval":{"confidence_level":0.95,"lower_bound":2885.3257536433985,"upper_bound":3831.737050195942},"point_estimate":3385.593127325013,"standard_error":242.39167685233846}}