{"mean":{"confidence_interval":{"confidence_level":0.95,"lower_bound":1511432.3797293962,"upper_bound":1513618.4367452585},"point_estimate":1512484.155245868,"standard_error":556.9611680135611},"median":{"confidence_interval":{"confidence_level":0.95,"lower_bound":1511114.6770451772,"upper_bound":1512559.6496598641},"point_estimate":1511624.9910190615,"standard_error":447.08027782299126},"median_abs_dev":{"confidence_interval":{"confidence_level":0.95,"lower_bound":2919.2529629666087,"upper_bound":4751.132604526038},"point_estimate":3955.608682360168,"standard_error":498.45102233452945},"slope":{"confidence_interval":{"confidence_level":0.95,"lower_bound":1511331.8318264852,"upper_bound":1514643.3669244763},"point_estimate":1512710.5657987292,"standard_error":868.9698133395461},"std_dev":{"confidence_interval":{"confidence_level":0.95,"lower_bound":3984.067295113727,"upper_bound":7132.762205188612},"point_estimate":5607.463381605037,"standard_error":812.0152019972095}}