{"mean":{"confidence_interval":{"confidence_level":0.95,"lower_bound":1224894.6271670132,"upper_bound":1228759.3478915861},"point_estimate":1226529.2087472312,"standard_error":994.4301510450636},"median":{"confidence_interval":{"confidence_level":0.95,"lower_bound":1223807.111111111,"upper_bound":1226121.134328358},"point_estimate":1225248.9512061402,"standard_error":532.0619216944157},"median_abs_dev":{"confidence_interval":{"confidence_level":0.95,"lower_bound":2781.8952660941227,"upper_bound":4718.317013002363},"point_estimate":3566.4616275916774,"standard_error":483.06127500998053},"slope":{"confidence_interval":{"confidence_level":0.95,"lower_bound":1225039.7464460044,"upper_bound":1232075.4370521717},"point_estimate":1227759.8667326733,"standard_error":1892.0271250557753},"std_dev":{"confidence_interval":{"confidence_level":0.95,"lower_bound":4378.6877514273,"upper_bound":15588.328373683607},"point_estimate":10007.698248617846,"standard_error":3401.810479462166}}