{"mean":{"confidence_interval":{"confidence_level":0.95,"lower_bound":1594222.908515132,"upper_bound":1605202.25003029},"point_estimate":1598995.2278854093,"standard_error":2826.932736523139},"median":{"confidence_interval":{"confidence_level":0.95,"lower_bound":1592783.6222222222,"upper_bound":1595341.5227777776},"point_estimate":1594021.3465608465,"standard_error":645.3088055622342},"median_abs_dev":{"confidence_interval":{"confidence_level":0.95,"lower_bound":4188.39443533272,"upper_bound":7609.383340210161},"point_estimate":5926.522541548879,"standard_error":839.5422014358236},"slope":{"confidence_interval":{"confidence_level":0.95,"lower_bound":1593935.9162546836,"upper_bound":1601677.9562332875},"point_estimate":1597139.282964386,"standard_error":1994.9499465562556},"std_dev":{"confidence_interval":{"confidence_level":0.95,"lower_bound":9963.658776180044,"upper_bound":43415.369531720455},"point_estimate":28487.523792451335,"standard_error":8600.082296066728}}