{"mean":{"confidence_interval":{"confidence_level":0.95,"lower_bound":1242813.0182647335,"upper_bound":1245217.2286213362},"point_estimate":1243918.892543141,"standard_error":615.9869932074213},"median":{"confidence_interval":{"confidence_level":0.95,"lower_bound":1242884.0771103897,"upper_bound":1244773.8536585367},"point_estimate":1243753.9364035088,"standard_error":498.10096782446226},"median_abs_dev":{"confidence_interval":{"confidence_level":0.95,"lower_bound":2351.278197999935,"upper_bound":3714.609860461079},"point_estimate":3099.859773930559,"standard_error":344.23836123665484},"slope":{"confidence_interval":{"confidence_level":0.95,"lower_bound":1243088.363150627,"upper_bound":1244923.5641756789},"point_estimate":1244012.8194236737,"standard_error":464.4003126092772},"std_dev":{"confidence_interval":{"confidence_level":0.95,"lower_bound":3404.361483672295,"upper_bound":8799.090078554302},"point_estimate":6198.752653988772,"standard_error":1421.95855894309}}