{"mean":{"confidence_interval":{"confidence_level":0.95,"lower_bound":238477.80099564948,"upper_bound":239634.8384971552},"point_estimate":239055.90823431712,"standard_error":296.0536364221059},"median":{"confidence_interval":{"confidence_level":0.95,"lower_bound":238321.47692307693,"upper_bound":239257.9922077922},"point_estimate":238747.8125695217,"standard_error":240.7190163204269},"median_abs_dev":{"confidence_interval":{"confidence_level":0.95,"lower_bound":1890.5719504356475,"upper_bound":3070.740320677322},"point_estimate":2402.988734954406,"standard_error":293.1139604829995},"slope":{"confidence_interval":{"confidence_level":0.95,"lower_bound":238869.80670280918,"upper_bound":240045.1391764111},"point_estimate":239431.87285828285,"standard_error":299.9037918663758},"std_dev":{"confidence_interval":{"confidence_level":0.95,"lower_bound":2467.013022806582,"upper_bound":3456.5956494240268},"point_estimate":2981.221547799106,"standard_error":252.38494797929306}}