{"mean":{"confidence_interval":{"confidence_level":0.95,"lower_bound":246412.2502612819,"upper_bound":247621.81407975248},"point_estimate":246993.58284078716,"standard_error":308.5203683887574},"median":{"confidence_interval":{"confidence_level":0.95,"lower_bound":245767.6197597659,"upper_bound":247033.56818181818},"point_estimate":246371.77976190476,"standard_error":308.9709216513695},"median_abs_dev":{"confidence_interval":{"confidence_level":0.95,"lower_bound":1649.9114910207177,"upper_bound":2900.900204248727},"point_estimate":2313.5986709254194,"standard_error":332.8754659202936},"slope":{"confidence_interval":{"confidence_level":0.95,"lower_bound":245775.89127748588,"upper_bound":246895.96389458023},"point_estimate":246298.90915841583,"standard_error":285.9197232110806},"std_dev":{"confidence_interval":{"confidence_level":0.95,"lower_bound":2441.087209765381,"upper_bound":3677.775300164604},"point_estimate":3101.797227461799,"standard_error":316.1351056614397}}