{"mean":{"confidence_interval":{"confidence_level":0.95,"lower_bound":1651238.049902393,"upper_bound":1658346.6780582338},"point_estimate":1653891.2597196389,"standard_error":1978.0309012902799},"median":{"confidence_interval":{"confidence_level":0.95,"lower_bound":1651081.3378378379,"upper_bound":1653322.9136363636},"point_estimate":1652233.997868768,"standard_error":591.1737701712891},"median_abs_dev":{"confidence_interval":{"confidence_level":0.95,"lower_bound":3271.270067675872,"upper_bound":4949.269249341938},"point_estimate":4236.719584348361,"standard_error":437.30158244763595},"slope":{"confidence_interval":{"confidence_level":0.95,"lower_bound":1651179.7495762238,"upper_bound":1652974.150573434},"point_estimate":1652074.546333678,"standard_error":457.19899745575543},"std_dev":{"confidence_interval":{"confidence_level":0.95,"lower_bound":3969.4169994732865,"upper_bound":33458.45256141751},"point_estimate":19808.352101025543,"standard_error":10108.281321306702}}