{"mean":{"confidence_interval":{"confidence_level":0.95,"lower_bound":1346373.1166357328,"upper_bound":1357501.1972487348},"point_estimate":1350861.9301700613,"standard_error":2915.948141220695},"median":{"confidence_interval":{"confidence_level":0.95,"lower_bound":1344914.8680555555,"upper_bound":1346190.245614035},"point_estimate":1345453.7505266853,"standard_error":379.5945291823755},"median_abs_dev":{"confidence_interval":{"confidence_level":0.95,"lower_bound":2455.702880734044,"upper_bound":4770.005624926292},"point_estimate":3528.270237360805,"standard_error":597.3897281896798},"slope":{"confidence_interval":{"confidence_level":0.95,"lower_bound":1345499.4823540736,"upper_bound":1359418.1710223237},"point_estimate":1350960.3372602335,"standard_error":3714.9326400398204},"std_dev":{"confidence_interval":{"confidence_level":0.95,"lower_bound":4803.040726925295,"upper_bound":47008.989214256726},"point_estimate":29193.349557536654,"standard_error":11533.198556683645}}