{"mean":{"confidence_interval":{"confidence_level":0.95,"lower_bound":240362.4037786061,"upper_bound":242240.45983706837},"point_estimate":241227.72553274996,"standard_error":482.005064540345},"median":{"confidence_interval":{"confidence_level":0.95,"lower_bound":239687.0,"upper_bound":240726.52319587627},"point_estimate":240226.4974489796,"standard_error":271.0671474548101},"median_abs_dev":{"confidence_interval":{"confidence_level":0.95,"lower_bound":1586.6820446100862,"upper_bound":3006.518012105173},"point_estimate":2142.5240854001,"standard_error":368.04172337328833},"slope":{"confidence_interval":{"confidence_level":0.95,"lower_bound":240280.37191845526,"upper_bound":241900.22033648897},"point_estimate":241019.43866558297,"standard_error":414.5596056465688},"std_dev":{"confidence_interval":{"confidence_level":0.95,"lower_bound":2994.9587707183114,"upper_bound":6644.9400044272215},"point_estimate":4843.088506280847,"standard_error":955.8024220161495}}