{"mean":{"confidence_interval":{"confidence_level":0.95,"lower_bound":244756.540499186,"upper_bound":246597.3155983062},"point_estimate":245615.9980836697,"standard_error":468.9069298200635},"median":{"confidence_interval":{"confidence_level":0.95,"lower_bound":244766.7658227848,"upper_bound":246237.5},"point_estimate":245674.87903225806,"standard_error":379.1179841178496},"median_abs_dev":{"confidence_interval":{"confidence_level":0.95,"lower_bound":2128.6401609925765,"upper_bound":3724.8421129465746},"point_estimate":2959.312314769393,"standard_error":424.8947804312513},"slope":{"confidence_interval":{"confidence_level":0.95,"lower_bound":245752.14283570086,"upper_bound":246839.62632004876},"point_estimate":246287.4050990099,"standard_error":277.5890404320584},"std_dev":{"confidence_interval":{"confidence_level":0.95,"lower_bound":3119.4185598664,"upper_bound":6540.568634359101},"point_estimate":4702.35961352639,"standard_error":968.7616555557499}}