{"mean":{"confidence_interval":{"confidence_level":0.95,"lower_bound":214176.01817267915,"upper_bound":215075.5892755814},"point_estimate":214614.36770023487,"standard_error":229.63262957060923},"median":{"confidence_interval":{"confidence_level":0.95,"lower_bound":213855.88108108108,"upper_bound":214683.6},"point_estimate":214084.6375,"standard_error":213.98551660782712},"median_abs_dev":{"confidence_interval":{"confidence_level":0.95,"lower_bound":1543.2347361547418,"upper_bound":2517.6100135902},"point_estimate":2066.0199042133027,"standard_error":260.7936344153076},"slope":{"confidence_interval":{"confidence_level":0.95,"lower_bound":214539.03031509064,"upper_bound":215371.67965641755},"point_estimate":214955.10575735185,"standard_error":212.14983385032954},"std_dev":{"confidence_interval":{"confidence_level":0.95,"lower_bound":1867.4900758014721,"upper_bound":2774.8830865685463},"point_estimate":2305.318614269262,"standard_error":235.12893713334003}}