{"mean":{"confidence_interval":{"confidence_level":0.95,"lower_bound":209839.89957321237,"upper_bound":211531.21828486287},"point_estimate":210560.95600099425,"standard_error":435.0725721782969},"median":{"confidence_interval":{"confidence_level":0.95,"lower_bound":209304.6,"upper_bound":210967.3909090909},"point_estimate":210022.97813186812,"standard_error":386.44640778137324},"median_abs_dev":{"confidence_interval":{"confidence_level":0.95,"lower_bound":1922.6881336035924,"upper_bound":2893.586536177219},"point_estimate":2307.69573071442,"standard_error":243.93581865138535},"slope":{"confidence_interval":{"confidence_level":0.95,"lower_bound":209723.5559986535,"upper_bound":210713.19710605085},"point_estimate":210207.28119639427,"standard_error":252.61478311054114},"std_dev":{"confidence_interval":{"confidence_level":0.95,"lower_bound":2152.0264116390445,"upper_bound":6754.084659629373},"point_estimate":4358.499625917282,"standard_error":1480.3618762157676}}