{"mean":{"confidence_interval":{"confidence_level":0.95,"lower_bound":744706.6436630636,"upper_bound":747219.9458334487},"point_estimate":745852.8338545999,"standard_error":644.0953724290847},"median":{"confidence_interval":{"confidence_level":0.95,"lower_bound":744269.140625,"upper_bound":745255.098901099},"point_estimate":744659.6994949495,"standard_error":240.12025065523304},"median_abs_dev":{"confidence_interval":{"confidence_level":0.95,"lower_bound":2152.6804974521006,"upper_bound":3599.6474857812577},"point_estimate":2961.072742588562,"standard_error":367.9160754755522},"slope":{"confidence_interval":{"confidence_level":0.95,"lower_bound":743968.511340096,"upper_bound":745267.6784946873},"point_estimate":744607.417626718,"standard_error":331.6097335352989},"std_dev":{"confidence_interval":{"confidence_level":0.95,"lower_bound":3694.450587021215,"upper_bound":8946.195771191862},"point_estimate":6454.090380657234,"standard_error":1360.150309080975}}