{"mean":{"confidence_interval":{"confidence_level":0.95,"lower_bound":674884.8067282452,"upper_bound":677717.3407926684},"point_estimate":676138.5826676568,"standard_error":727.0861476160757},"median":{"confidence_interval":{"confidence_level":0.95,"lower_bound":673794.5487822988,"upper_bound":675608.4923076923},"point_estimate":674829.5975877193,"standard_error":457.1121293395172},"median_abs_dev":{"confidence_interval":{"confidence_level":0.95,"lower_bound":2741.0845025188196,"upper_bound":4947.022897039643},"point_estimate":3835.4034308861346,"standard_error":560.4967353845047},"slope":{"confidence_interval":{"confidence_level":0.95,"lower_bound":673931.1972933866,"upper_bound":675956.475509613},"point_estimate":674876.6339869957,"standard_error":517.0991499731404},"std_dev":{"confidence_interval":{"confidence_level":0.95,"lower_bound":3907.2078477280083,"upper_bound":10970.869709556519},"point_estimate":7326.5212785068825,"standard_error":2110.419593010705}}