{"mean":{"confidence_interval":{"confidence_level":0.95,"lower_bound":346803.65032661235,"upper_bound":348262.59790655953},"point_estimate":347522.20123654365,"standard_error":370.78147599413165},"median":{"confidence_interval":{"confidence_level":0.95,"lower_bound":346848.4801605331,"upper_bound":348138.78600823047},"point_estimate":347460.22826086957,"standard_error":273.0313698335266},"median_abs_dev":{"confidence_interval":{"confidence_level":0.95,"lower_bound":2140.3490712939843,"upper_bound":3706.750677366687},"point_estimate":2916.6479626768523,"standard_error":427.3686789752837},"slope":{"confidence_interval":{"confidence_level":0.95,"lower_bound":346489.7637427412,"upper_bound":347517.5377036898},"point_estimate":346985.0434737205,"standard_error":260.593723648712},"std_dev":{"confidence_interval":{"confidence_level":0.95,"lower_bound":3047.9054916666605,"upper_bound":4371.561988450088},"point_estimate":3725.6411322299064,"standard_error":339.76687911752174}}