{"mean":{"confidence_interval":{"confidence_level":0.95,"lower_bound":248474.37798040744,"upper_bound":249554.6292399554},"point_estimate":249008.87443592463,"standard_error":274.86259792638356},"median":{"confidence_interval":{"confidence_level":0.95,"lower_bound":248141.3780706727,"upper_bound":249305.93593189964},"point_estimate":248851.64375,"standard_error":309.3430599266323},"median_abs_dev":{"confidence_interval":{"confidence_level":0.95,"lower_bound":2079.125847476431,"upper_bound":3251.725159103679},"point_estimate":2767.294331722988,"standard_error":297.51202003615543},"slope":{"confidence_interval":{"confidence_level":0.95,"lower_bound":247830.71691397877,"upper_bound":249101.52860902782},"point_estimate":248449.07586448942,"standard_error":323.78814291964375},"std_dev":{"confidence_interval":{"confidence_level":0.95,"lower_bound":2354.9762328380884,"upper_bound":3132.946459568284},"point_estimate":2765.577452621615,"standard_error":198.61807224464602}}