{"mean":{"confidence_interval":{"confidence_level":0.95,"lower_bound":253550.9667177401,"upper_bound":256097.9494219885},"point_estimate":254693.69836614735,"standard_error":654.5479727132911},"median":{"confidence_interval":{"confidence_level":0.95,"lower_bound":253094.41326530612,"upper_bound":254518.91176470587},"point_estimate":253844.13396990742,"standard_error":369.76709964364875},"median_abs_dev":{"confidence_interval":{"confidence_level":0.95,"lower_bound":2486.849689285809,"upper_bound":3847.1174817000096},"point_estimate":3190.414067937617,"standard_error":342.2634337851225},"slope":{"confidence_interval":{"confidence_level":0.95,"lower_bound":254795.08065652612,"upper_bound":260001.85519489754},"point_estimate":257045.0755755874,"standard_error":1352.9154313248214},"std_dev":{"confidence_interval":{"confidence_level":0.95,"lower_bound":3206.477863784043,"upper_bound":9696.369681319307},"point_estimate":6579.273864118058,"standard_error":1717.446487443709}}