{"mean":{"confidence_interval":{"confidence_level":0.95,"lower_bound":266587.23464717326,"upper_bound":268102.719982425},"point_estimate":267275.4054754848,"standard_error":388.02462047285354},"median":{"confidence_interval":{"confidence_level":0.95,"lower_bound":266343.28300180833,"upper_bound":267079.3320565203},"point_estimate":266617.8252164502,"standard_error":204.89893098426666},"median_abs_dev":{"confidence_interval":{"confidence_level":0.95,"lower_bound":1526.9014264447433,"upper_bound":2724.1427512559567},"point_estimate":2072.771440921703,"standard_error":308.12772838526877},"slope":{"confidence_interval":{"confidence_level":0.95,"lower_bound":266466.59054969496,"upper_bound":267387.6155804574},"point_estimate":266917.0317245456,"standard_error":235.0057623658472},"std_dev":{"confidence_interval":{"confidence_level":0.95,"lower_bound":2101.0504682443125,"upper_bound":5503.878824550466},"point_estimate":3903.097809949765,"standard_error":889.9594083927334}}