{"mean":{"confidence_interval":{"confidence_level":0.95,"lower_bound":144153.0635759249,"upper_bound":145175.9004121587},"point_estimate":144586.2389055834,"standard_error":264.08832334325996},"median":{"confidence_interval":{"confidence_level":0.95,"lower_bound":143909.6157635468,"upper_bound":144685.21616541353},"point_estimate":144403.27906746033,"standard_error":226.27313006955694},"median_abs_dev":{"confidence_interval":{"confidence_level":0.95,"lower_bound":987.5544807491839,"upper_bound":1554.2272053764605},"point_estimate":1211.0845172341196,"standard_error":144.17909240780477},"slope":{"confidence_interval":{"confidence_level":0.95,"lower_bound":144084.66456445024,"upper_bound":144652.033017982},"point_estimate":144362.74297789694,"standard_error":144.44845237958364},"std_dev":{"confidence_interval":{"confidence_level":0.95,"lower_bound":1224.9411413285843,"upper_bound":4111.065332383089},"point_estimate":2631.274141342151,"standard_error":921.6843396767543}}