{"mean":{"confidence_interval":{"confidence_level":0.95,"lower_bound":224455.973416394,"upper_bound":226179.7194696129},"point_estimate":225353.12462963726,"standard_error":440.46373394883403},"median":{"confidence_interval":{"confidence_level":0.95,"lower_bound":225533.43243243243,"upper_bound":226499.64361054768},"point_estimate":226015.3727142857,"standard_error":244.04237692181852},"median_abs_dev":{"confidence_interval":{"confidence_level":0.95,"lower_bound":1678.11211813986,"upper_bound":3107.1626166411975},"point_estimate":2395.294694975026,"standard_error":363.01215042993647},"slope":{"confidence_interval":{"confidence_level":0.95,"lower_bound":226215.38315051357,"upper_bound":227207.03583499126},"point_estimate":226702.62161962464,"standard_error":253.52743576277325},"std_dev":{"confidence_interval":{"confidence_level":0.95,"lower_bound":3344.421480827135,"upper_bound":5367.4322117167485},"point_estimate":4420.693668837277,"standard_error":517.4990376237171}}