{"mean":{"confidence_interval":{"confidence_level":0.95,"lower_bound":281141.25804452185,"upper_bound":281750.7926828359},"point_estimate":281441.7399862339,"standard_error":155.4866711184442},"median":{"confidence_interval":{"confidence_level":0.95,"lower_bound":280944.7988505747,"upper_bound":281388.3333333333},"point_estimate":281143.4843073593,"standard_error":128.48421481860768},"median_abs_dev":{"confidence_interval":{"confidence_level":0.95,"lower_bound":909.5967365670555,"upper_bound":1671.6460240865288},"point_estimate":1309.4457448493017,"standard_error":196.2392202546452},"slope":{"confidence_interval":{"confidence_level":0.95,"lower_bound":280821.9711316965,"upper_bound":281438.93942054705},"point_estimate":281123.980553421,"standard_error":157.5439687721505},"std_dev":{"confidence_interval":{"confidence_level":0.95,"lower_bound":1293.2051246194774,"upper_bound":1810.0437275954653},"point_estimate":1561.4501520006588,"standard_error":132.60527067874773}}