{"mean":{"confidence_interval":{"confidence_level":0.95,"lower_bound":623669.5261636602,"upper_bound":633004.1502868623},"point_estimate":627485.0692928062,"standard_error":2423.764805438212},"median":{"confidence_interval":{"confidence_level":0.95,"lower_bound":622840.9347826086,"upper_bound":624380.3125},"point_estimate":623585.552890827,"standard_error":416.96878769163254},"median_abs_dev":{"confidence_interval":{"confidence_level":0.95,"lower_bound":2941.2479314494663,"upper_bound":6382.3068376444035},"point_estimate":4230.69565559701,"standard_error":910.5079453899378},"slope":{"confidence_interval":{"confidence_level":0.95,"lower_bound":622472.9391964311,"upper_bound":628386.7684070157},"point_estimate":624987.2082458992,"standard_error":1539.221065614997},"std_dev":{"confidence_interval":{"confidence_level":0.95,"lower_bound":7182.062596387031,"upper_bound":39093.33701409345},"point_estimate":24331.27963251715,"standard_error":9359.722295497508}}