{"mean":{"confidence_interval":{"confidence_level":0.95,"lower_bound":634840.9334988373,"upper_bound":640009.8218869459},"point_estimate":637376.8862842498,"standard_error":1308.8644735645546},"median":{"confidence_interval":{"confidence_level":0.95,"lower_bound":635741.9274390244,"upper_bound":640571.1447368421},"point_estimate":637721.3662349556,"standard_error":1061.996906990671},"median_abs_dev":{"confidence_interval":{"confidence_level":0.95,"lower_bound":6643.679544405269,"upper_bound":10806.196245627427},"point_estimate":8417.496583355643,"standard_error":1053.9159579996642},"slope":{"confidence_interval":{"confidence_level":0.95,"lower_bound":635646.3245562633,"upper_bound":641460.6317242992},"point_estimate":638206.5297428698,"standard_error":1488.889263722849},"std_dev":{"confidence_interval":{"confidence_level":0.95,"lower_bound":9224.056701231075,"upper_bound":17261.075808007907},"point_estimate":13184.821534582205,"standard_error":2098.093923617185}}