{"mean":{"confidence_interval":{"confidence_level":0.95,"lower_bound":464696.95890167274,"upper_bound":465853.3905744539},"point_estimate":465254.08015488036,"standard_error":294.643989489609},"median":{"confidence_interval":{"confidence_level":0.95,"lower_bound":464341.62037037034,"upper_bound":465647.6220685337},"point_estimate":465093.4164979757,"standard_error":381.9332727820019},"median_abs_dev":{"confidence_interval":{"confidence_level":0.95,"lower_bound":1866.6294196104259,"upper_bound":2934.453647903017},"point_estimate":2603.2672512296062,"standard_error":274.5929368933676},"slope":{"confidence_interval":{"confidence_level":0.95,"lower_bound":465132.90649338433,"upper_bound":466276.6115845441},"point_estimate":465686.08790699963,"standard_error":292.3049078374414},"std_dev":{"confidence_interval":{"confidence_level":0.95,"lower_bound":2185.1799877835533,"upper_bound":3852.0607198884586},"point_estimate":2966.3241025504994,"standard_error":447.6091148676298}}