{"mean":{"confidence_interval":{"confidence_level":0.95,"lower_bound":338145.08473567123,"upper_bound":340674.61795077287},"point_estimate":339412.7725318715,"standard_error":643.5191653307663},"median":{"confidence_interval":{"confidence_level":0.95,"lower_bound":338744.96875,"upper_bound":341084.2520531401},"point_estimate":339829.0970132239,"standard_error":641.0724291784431},"median_abs_dev":{"confidence_interval":{"confidence_level":0.95,"lower_bound":3042.0699592774677,"upper_bound":5296.499232737572},"point_estimate":3892.7833907032596,"standard_error":610.2802997950402},"slope":{"confidence_interval":{"confidence_level":0.95,"lower_bound":334584.39256573137,"upper_bound":338388.4029842439},"point_estimate":336490.3924318999,"standard_error":970.222208737263},"std_dev":{"confidence_interval":{"confidence_level":0.95,"lower_bound":5082.003877286816,"upper_bound":7735.514140786896},"point_estimate":6464.891542807874,"standard_error":677.5811888026773}}