{"mean":{"confidence_interval":{"confidence_level":0.95,"lower_bound":344985.9581542264,"upper_bound":346482.2182234908},"point_estimate":345734.18758924014,"standard_error":380.85908469999544},"median":{"confidence_interval":{"confidence_level":0.95,"lower_bound":344944.74626865675,"upper_bound":346352.47222222225},"point_estimate":345660.487115022,"standard_error":325.56823532016944},"median_abs_dev":{"confidence_interval":{"confidence_level":0.95,"lower_bound":2384.011901818683,"upper_bound":3914.137944889591},"point_estimate":2895.489789469794,"standard_error":392.3657265387834},"slope":{"confidence_interval":{"confidence_level":0.95,"lower_bound":343845.75913494173,"upper_bound":345694.1928548415},"point_estimate":344725.7576769617,"standard_error":474.5339880647194},"std_dev":{"confidence_interval":{"confidence_level":0.95,"lower_bound":3106.8124790391826,"upper_bound":4545.551876705757},"point_estimate":3840.0212408564275,"standard_error":368.801596372726}}