{"mean":{"confidence_interval":{"confidence_level":0.95,"lower_bound":233647.87614725163,"upper_bound":235149.8958717031},"point_estimate":234345.818380001,"standard_error":384.8795073432151},"median":{"confidence_interval":{"confidence_level":0.95,"lower_bound":233376.5923076923,"upper_bound":234425.08},"point_estimate":233949.2292207792,"standard_error":231.9338939066728},"median_abs_dev":{"confidence_interval":{"confidence_level":0.95,"lower_bound":1574.4021147760423,"upper_bound":2871.9906475994885},"point_estimate":2288.609904366382,"standard_error":323.8533804786689},"slope":{"confidence_interval":{"confidence_level":0.95,"lower_bound":233313.19014388524,"upper_bound":234628.92873560498},"point_estimate":233892.49810314763,"standard_error":337.1311202169411},"std_dev":{"confidence_interval":{"confidence_level":0.95,"lower_bound":2275.043853988427,"upper_bound":5226.54217325877},"point_estimate":3849.7405696131073,"standard_error":759.8819585800718}}