{"mean":{"confidence_interval":{"confidence_level":0.95,"lower_bound":252524.62796206147,"upper_bound":254125.72420834884},"point_estimate":253301.4199692103,"standard_error":408.99432133849973},"median":{"confidence_interval":{"confidence_level":0.95,"lower_bound":252607.925,"upper_bound":253876.41666666666},"point_estimate":253369.59401709403,"standard_error":331.49685910724736},"median_abs_dev":{"confidence_interval":{"confidence_level":0.95,"lower_bound":1745.2224741300392,"upper_bound":3241.6318356313523},"point_estimate":2252.064065017884,"standard_error":378.6209381402036},"slope":{"confidence_interval":{"confidence_level":0.95,"lower_bound":253685.9245382369,"upper_bound":254887.14803815956},"point_estimate":254283.64087113936,"standard_error":306.7283553141956},"std_dev":{"confidence_interval":{"confidence_level":0.95,"lower_bound":2833.066855101384,"upper_bound":5500.869810941588},"point_estimate":4110.122486517807,"standard_error":707.1526042152127}}