{"mean":{"confidence_interval":{"confidence_level":0.95,"lower_bound":0.04578872319381383,"upper_bound":0.051717483397229654},"point_estimate":0.048781959272525155,"standard_error":0.0015104644417422747},"median":{"confidence_interval":{"confidence_level":0.95,"lower_bound":0.04809044654179003,"upper_bound":0.051062865016591186},"point_estimate":0.04966053169661433,"standard_error":0.0007639849342259352}}