{"mean":{"confidence_interval":{"confidence_level":0.95,"lower_bound":0.060482724329269925,"upper_bound":0.06956322032937977},"point_estimate":0.0643231674307656,"standard_error":0.0024366043259331275},"median":{"confidence_interval":{"confidence_level":0.95,"lower_bound":0.06191493926442626,"upper_bound":0.06506743287035177},"point_estimate":0.06342388129850085,"standard_error":0.0007874948103059793}}