{"mean":{"confidence_interval":{"confidence_level":0.95,"lower_bound":0.06501255408409679,"upper_bound":0.06745654752231833},"point_estimate":0.0663041507408324,"standard_error":0.0006238498004019178},"median":{"confidence_interval":{"confidence_level":0.95,"lower_bound":0.06608140273745788,"upper_bound":0.06852084997830765},"point_estimate":0.06728237851271412,"standard_error":0.0006138436353836141}}