{"mean":{"confidence_interval":{"confidence_level":0.95,"lower_bound":0.06369101895479878,"upper_bound":0.08390965248273037},"point_estimate":0.07163514904747958,"standard_error":0.005163586171840826},"median":{"confidence_interval":{"confidence_level":0.95,"lower_bound":0.06242787740290612,"upper_bound":0.07414001315568974},"point_estimate":0.06636800847027846,"standard_error":0.0029406992399160646}}