{"mean":{"confidence_interval":{"confidence_level":0.95,"lower_bound":450397.1207810374,"upper_bound":452752.575274428},"point_estimate":451489.27472625,"standard_error":601.4897603026624},"median":{"confidence_interval":{"confidence_level":0.95,"lower_bound":449872.63368055556,"upper_bound":451613.0046153846},"point_estimate":451051.0260416666,"standard_error":437.04878719988403},"median_abs_dev":{"confidence_interval":{"confidence_level":0.95,"lower_bound":2688.709039491926,"upper_bound":4305.382488858227},"point_estimate":3460.0906258564823,"standard_error":398.18303723328427},"slope":{"confidence_interval":{"confidence_level":0.95,"lower_bound":450253.17040377203,"upper_bound":451636.2220861408},"point_estimate":450954.899581794,"standard_error":352.24678238477577},"std_dev":{"confidence_interval":{"confidence_level":0.95,"lower_bound":3692.940326751344,"upper_bound":8385.995123463452},"point_estimate":6068.129289351212,"standard_error":1238.4933078447618}}