{"mean":{"confidence_interval":{"confidence_level":0.95,"lower_bound":438878.6988917632,"upper_bound":440767.3519892914},"point_estimate":439772.0798548699,"standard_error":481.19993561574256},"median":{"confidence_interval":{"confidence_level":0.95,"lower_bound":438292.38181818184,"upper_bound":439389.9272461955},"point_estimate":438822.0375031211,"standard_error":237.23085834568695},"median_abs_dev":{"confidence_interval":{"confidence_level":0.95,"lower_bound":1640.9009465904849,"upper_bound":3167.1114446350884},"point_estimate":2426.9390649592196,"standard_error":393.0960134532221},"slope":{"confidence_interval":{"confidence_level":0.95,"lower_bound":439042.8644262412,"upper_bound":441978.1192981793},"point_estimate":440357.7821417664,"standard_error":757.1310019687749},"std_dev":{"confidence_interval":{"confidence_level":0.95,"lower_bound":3098.379219234762,"upper_bound":6498.403829240972},"point_estimate":4817.565274283013,"standard_error":886.7033208271408}}