{"mean":{"confidence_interval":{"confidence_level":0.95,"lower_bound":314545.9869253007,"upper_bound":315457.74339090026},"point_estimate":315003.8649243399,"standard_error":232.63144067635233},"median":{"confidence_interval":{"confidence_level":0.95,"lower_bound":314426.5,"upper_bound":315468.3333333333},"point_estimate":314734.1870673953,"standard_error":226.3219226198781},"median_abs_dev":{"confidence_interval":{"confidence_level":0.95,"lower_bound":1231.2120978385803,"upper_bound":2394.7294942812755},"point_estimate":1656.6128657070608,"standard_error":301.1283262303944},"slope":{"confidence_interval":{"confidence_level":0.95,"lower_bound":314650.83929506235,"upper_bound":315400.6573751005},"point_estimate":315014.1218669031,"standard_error":191.2460924747272},"std_dev":{"confidence_interval":{"confidence_level":0.95,"lower_bound":1883.9203620895921,"upper_bound":2770.6056089043764},"point_estimate":2337.155701576551,"standard_error":227.18867115198051}}