{"mean":{"confidence_interval":{"confidence_level":0.95,"lower_bound":275687.75606591767,"upper_bound":276929.38059683127},"point_estimate":276281.6836413602,"standard_error":317.1124658797527},"median":{"confidence_interval":{"confidence_level":0.95,"lower_bound":275689.1517857143,"upper_bound":276829.10333333333},"point_estimate":276339.4247139686,"standard_error":282.9759183163019},"median_abs_dev":{"confidence_interval":{"confidence_level":0.95,"lower_bound":1928.743874730832,"upper_bound":3115.497241532523},"point_estimate":2516.745125872048,"standard_error":305.35188685828365},"slope":{"confidence_interval":{"confidence_level":0.95,"lower_bound":276482.33145428356,"upper_bound":277337.3620860593},"point_estimate":276919.28455445543,"standard_error":217.92456866002607},"std_dev":{"confidence_interval":{"confidence_level":0.95,"lower_bound":2268.0321340199484,"upper_bound":4205.460959666235},"point_estimate":3195.245832606346,"standard_error":517.6012064639376}}