{"mean":{"confidence_interval":{"confidence_level":0.95,"lower_bound":505794.06962799106,"upper_bound":518957.53333574766},"point_estimate":510883.61361706204,"standard_error":3505.794971660315},"median":{"confidence_interval":{"confidence_level":0.95,"lower_bound":504917.1386268344,"upper_bound":506369.56111111114},"point_estimate":505380.86256218905,"standard_error":399.27115165487544},"median_abs_dev":{"confidence_interval":{"confidence_level":0.95,"lower_bound":1758.4353657896102,"upper_bound":2905.604768329061},"point_estimate":2209.572243293991,"standard_error":297.2996590761459},"slope":{"confidence_interval":{"confidence_level":0.95,"lower_bound":505552.90936880506,"upper_bound":507564.34693469916},"point_estimate":506430.1387675484,"standard_error":515.4802074568212},"std_dev":{"confidence_interval":{"confidence_level":0.95,"lower_bound":4095.76092213858,"upper_bound":58025.26613059866},"point_estimate":35129.699841335365,"standard_error":15826.237229367753}}