{"mean":{"confidence_interval":{"confidence_level":0.95,"lower_bound":470802.0591912666,"upper_bound":472031.25759672915},"point_estimate":471418.69011070055,"standard_error":312.81504061928814},"median":{"confidence_interval":{"confidence_level":0.95,"lower_bound":470485.94406347966,"upper_bound":471892.7802844101},"point_estimate":470874.73438538203,"standard_error":378.1212318767039},"median_abs_dev":{"confidence_interval":{"confidence_level":0.95,"lower_bound":1889.4830836410927,"upper_bound":3482.577006282517},"point_estimate":2351.7052249517747,"standard_error":416.24135619561497},"slope":{"confidence_interval":{"confidence_level":0.95,"lower_bound":471233.7498566518,"upper_bound":472360.40651122865},"point_estimate":471792.2629939412,"standard_error":287.7296833978823},"std_dev":{"confidence_interval":{"confidence_level":0.95,"lower_bound":2646.08169123351,"upper_bound":3586.0600476524105},"point_estimate":3137.3915728067773,"standard_error":239.6391453897887}}