{"mean":{"confidence_interval":{"confidence_level":0.95,"lower_bound":228854.13353121027,"upper_bound":230414.6115142837},"point_estimate":229600.01813525156,"standard_error":397.3873332546773},"median":{"confidence_interval":{"confidence_level":0.95,"lower_bound":228633.32888888888,"upper_bound":229849.3216216216},"point_estimate":229081.23528665653,"standard_error":327.1513091735538},"median_abs_dev":{"confidence_interval":{"confidence_level":0.95,"lower_bound":2332.0109187158564,"upper_bound":3889.118563200132},"point_estimate":3034.2390630572536,"standard_error":382.52478543980453},"slope":{"confidence_interval":{"confidence_level":0.95,"lower_bound":228553.93831580385,"upper_bound":229822.76425348502},"point_estimate":229164.83263011675,"standard_error":323.1753151360449},"std_dev":{"confidence_interval":{"confidence_level":0.95,"lower_bound":2976.099522107603,"upper_bound":5168.4482712568015},"point_estimate":3999.5734454116614,"standard_error":587.0636715190903}}