{"mean":{"confidence_interval":{"confidence_level":0.95,"lower_bound":507444.6828707984,"upper_bound":510776.6111812558},"point_estimate":508953.2161638289,"standard_error":852.5643576965964},"median":{"confidence_interval":{"confidence_level":0.95,"lower_bound":507204.008755388,"upper_bound":509463.2042253521},"point_estimate":508392.4541666667,"standard_error":604.6864355298436},"median_abs_dev":{"confidence_interval":{"confidence_level":0.95,"lower_bound":3378.766498047941,"upper_bound":5364.304065832841},"point_estimate":4426.084201673957,"standard_error":493.76977912088546},"slope":{"confidence_interval":{"confidence_level":0.95,"lower_bound":508345.80978110695,"upper_bound":510451.39094143774},"point_estimate":509409.0613373725,"standard_error":536.6084580075988},"std_dev":{"confidence_interval":{"confidence_level":0.95,"lower_bound":3880.6626682575697,"upper_bound":12456.110167551838},"point_estimate":8558.831785893533,"standard_error":2206.1616311878875}}