{"mean":{"confidence_interval":{"confidence_level":0.95,"lower_bound":321775.637443997,"upper_bound":323068.7562098577},"point_estimate":322427.3875403334,"standard_error":330.15435131039914},"median":{"confidence_interval":{"confidence_level":0.95,"lower_bound":321746.6060606061,"upper_bound":323093.93333333335},"point_estimate":322331.56873315363,"standard_error":317.02247104981245},"median_abs_dev":{"confidence_interval":{"confidence_level":0.95,"lower_bound":1871.9905093012517,"upper_bound":2986.14766228828},"point_estimate":2373.757640297593,"standard_error":282.41552106367953},"slope":{"confidence_interval":{"confidence_level":0.95,"lower_bound":322602.59019578167,"upper_bound":323874.38415330765},"point_estimate":323217.85655287915,"standard_error":324.1830654296283},"std_dev":{"confidence_interval":{"confidence_level":0.95,"lower_bound":2568.9619164660544,"upper_bound":4003.7466705126426},"point_estimate":3317.009521242606,"standard_error":366.7130870026255}}