{"mean":{"confidence_interval":{"confidence_level":0.95,"lower_bound":314681.79315246985,"upper_bound":315760.0314175558},"point_estimate":315224.71288343216,"standard_error":274.52074402005235},"median":{"confidence_interval":{"confidence_level":0.95,"lower_bound":314914.33377290866,"upper_bound":315675.45},"point_estimate":315188.7091049383,"standard_error":198.89020614015857},"median_abs_dev":{"confidence_interval":{"confidence_level":0.95,"lower_bound":1779.4738499394578,"upper_bound":2743.2253800017},"point_estimate":2304.9020451877986,"standard_error":252.25963222990575},"slope":{"confidence_interval":{"confidence_level":0.95,"lower_bound":315178.94271656405,"upper_bound":315955.1672942627},"point_estimate":315560.53056696715,"standard_error":197.3934286852691},"std_dev":{"confidence_interval":{"confidence_level":0.95,"lower_bound":2131.90038458695,"upper_bound":3349.1464826268284},"point_estimate":2757.724715844755,"standard_error":311.1779663746157}}