{"mean":{"confidence_interval":{"confidence_level":0.95,"lower_bound":281019.685184937,"upper_bound":282024.7907846817},"point_estimate":281510.0476260766,"standard_error":256.0575823706979},"median":{"confidence_interval":{"confidence_level":0.95,"lower_bound":280893.489526721,"upper_bound":281880.3005952381},"point_estimate":281223.71684094664,"standard_error":220.32992952691305},"median_abs_dev":{"confidence_interval":{"confidence_level":0.95,"lower_bound":1370.16883881899,"upper_bound":2761.8213579272774},"point_estimate":2057.9087376856482,"standard_error":378.8286591643201},"slope":{"confidence_interval":{"confidence_level":0.95,"lower_bound":281457.71719621355,"upper_bound":282543.01473263826},"point_estimate":281985.8221560514,"standard_error":277.25797503913924},"std_dev":{"confidence_interval":{"confidence_level":0.95,"lower_bound":1928.0992997620392,"upper_bound":3286.1951179132566},"point_estimate":2577.65856683334,"standard_error":357.13811151681233}}