{"mean":{"confidence_interval":{"confidence_level":0.95,"lower_bound":281017.89079070266,"upper_bound":282674.12479568913},"point_estimate":281834.5940747693,"standard_error":421.23718541686014},"median":{"confidence_interval":{"confidence_level":0.95,"lower_bound":280836.43718853826,"upper_bound":282911.64197530865},"point_estimate":281958.669067965,"standard_error":556.3972208240765},"median_abs_dev":{"confidence_interval":{"confidence_level":0.95,"lower_bound":2935.7135751054357,"upper_bound":4537.187183264629},"point_estimate":3702.9408419245597,"standard_error":407.3073408875952},"slope":{"confidence_interval":{"confidence_level":0.95,"lower_bound":281429.77305675216,"upper_bound":283085.78295826906},"point_estimate":282237.2187054825,"standard_error":420.92525725621033},"std_dev":{"confidence_interval":{"confidence_level":0.95,"lower_bound":3373.3916176895236,"upper_bound":5047.752667039387},"point_estimate":4225.534330897795,"standard_error":429.84065944782805}}