{"mean":{"confidence_interval":{"confidence_level":0.95,"lower_bound":306862.16421967803,"upper_bound":307891.71966577455},"point_estimate":307370.2322268693,"standard_error":262.3626920415133},"median":{"confidence_interval":{"confidence_level":0.95,"lower_bound":306428.6931395349,"upper_bound":307524.8630952381},"point_estimate":306952.18096774194,"standard_error":279.2784360336847},"median_abs_dev":{"confidence_interval":{"confidence_level":0.95,"lower_bound":1835.3985796234404,"upper_bound":3159.3211420683224},"point_estimate":2653.171907835349,"standard_error":343.57601328562373},"slope":{"confidence_interval":{"confidence_level":0.95,"lower_bound":306571.769679635,"upper_bound":307557.8992647414},"point_estimate":307047.44718856213,"standard_error":251.3264712431253},"std_dev":{"confidence_interval":{"confidence_level":0.95,"lower_bound":2223.7564999793394,"upper_bound":3015.0592873653877},"point_estimate":2636.766774297458,"standard_error":202.364787463374}}