{"mean":{"confidence_interval":{"confidence_level":0.95,"lower_bound":269665.50561595504,"upper_bound":270481.77951816324},"point_estimate":270071.240161108,"standard_error":208.65905866099482},"median":{"confidence_interval":{"confidence_level":0.95,"lower_bound":269626.67307692306,"upper_bound":270399.7971153846},"point_estimate":270059.11496723996,"standard_error":208.75014812669275},"median_abs_dev":{"confidence_interval":{"confidence_level":0.95,"lower_bound":1194.4673870204315,"upper_bound":2278.504570107552},"point_estimate":1633.2763554401752,"standard_error":281.6792315818362},"slope":{"confidence_interval":{"confidence_level":0.95,"lower_bound":269836.2508634293,"upper_bound":270545.69293597265},"point_estimate":270195.5194162849,"standard_error":180.98891046062656},"std_dev":{"confidence_interval":{"confidence_level":0.95,"lower_bound":1717.7131263278234,"upper_bound":2456.7765964321015},"point_estimate":2098.4261911819603,"standard_error":188.64262831537835}}