{"mean":{"confidence_interval":{"confidence_level":0.95,"lower_bound":245060.49391657213,"upper_bound":246055.75457257917},"point_estimate":245546.64918901064,"standard_error":253.53771358816962},"median":{"confidence_interval":{"confidence_level":0.95,"lower_bound":244778.33767281106,"upper_bound":245724.4512987013},"point_estimate":245068.4426470588,"standard_error":229.83785472687046},"median_abs_dev":{"confidence_interval":{"confidence_level":0.95,"lower_bound":1379.3783880821516,"upper_bound":2457.1554303112875},"point_estimate":1820.1007511459925,"standard_error":268.78544673269016},"slope":{"confidence_interval":{"confidence_level":0.95,"lower_bound":245273.6802908948,"upper_bound":246504.0796805479},"point_estimate":245840.94617334122,"standard_error":315.7026292286996},"std_dev":{"confidence_interval":{"confidence_level":0.95,"lower_bound":2022.8805447137927,"upper_bound":3035.7464020242837},"point_estimate":2547.4307551934908,"standard_error":259.4832333643862}}