{"mean":{"confidence_interval":{"confidence_level":0.95,"lower_bound":255006.09971539731,"upper_bound":256429.26360754136},"point_estimate":255663.33246973268,"standard_error":363.82964937963595},"median":{"confidence_interval":{"confidence_level":0.95,"lower_bound":254299.90217391305,"upper_bound":255581.02777777778},"point_estimate":254981.94086769543,"standard_error":357.49397973727395},"median_abs_dev":{"confidence_interval":{"confidence_level":0.95,"lower_bound":1545.6662564489895,"upper_bound":2645.9826266827026},"point_estimate":2108.3292334030048,"standard_error":279.8751228106645},"slope":{"confidence_interval":{"confidence_level":0.95,"lower_bound":254665.29259111895,"upper_bound":255945.1334720847},"point_estimate":255227.00613491947,"standard_error":327.1422554979171},"std_dev":{"confidence_interval":{"confidence_level":0.95,"lower_bound":2274.77495372483,"upper_bound":5124.381715204906},"point_estimate":3653.179421409003,"standard_error":775.9054154739908}}