{"mean":{"confidence_interval":{"confidence_level":0.95,"lower_bound":494808.4054377123,"upper_bound":496025.08004899},"point_estimate":495369.94540563034,"standard_error":310.09061773391},"median":{"confidence_interval":{"confidence_level":0.95,"lower_bound":494529.611227602,"upper_bound":495540.4242105263},"point_estimate":494983.18304311775,"standard_error":261.1295626860395},"median_abs_dev":{"confidence_interval":{"confidence_level":0.95,"lower_bound":1450.3988166871595,"upper_bound":2548.1657547610207},"point_estimate":1956.7817674297287,"standard_error":276.5906422138105},"slope":{"confidence_interval":{"confidence_level":0.95,"lower_bound":494958.56260282104,"upper_bound":495872.544053285},"point_estimate":495406.9363484557,"standard_error":233.32580897800779},"std_dev":{"confidence_interval":{"confidence_level":0.95,"lower_bound":1870.0907049025293,"upper_bound":4492.463629578062},"point_estimate":3110.836302068434,"standard_error":740.8644433217293}}