{"mean":{"confidence_interval":{"confidence_level":0.95,"lower_bound":524927.0521197116,"upper_bound":527780.3892640825},"point_estimate":526137.0583605773,"standard_error":736.3920099177899},"median":{"confidence_interval":{"confidence_level":0.95,"lower_bound":524784.56,"upper_bound":526180.101182545},"point_estimate":525541.6366792929,"standard_error":306.939891934698},"median_abs_dev":{"confidence_interval":{"confidence_level":0.95,"lower_bound":1938.8993622909575,"upper_bound":3397.941948672016},"point_estimate":2418.0193637382754,"standard_error":382.9215387624429},"slope":{"confidence_interval":{"confidence_level":0.95,"lower_bound":525451.1493627274,"upper_bound":526713.0794985709},"point_estimate":526076.5454573666,"standard_error":321.6616932544015},"std_dev":{"confidence_interval":{"confidence_level":0.95,"lower_bound":3091.34035400406,"upper_bound":11690.538004463971},"point_estimate":7399.571657734473,"standard_error":2670.5365357143514}}