{"mean":{"confidence_interval":{"confidence_level":0.95,"lower_bound":1056031.742966687,"upper_bound":1059112.0911871172},"point_estimate":1057548.1208182261,"standard_error":787.1639442416293},"median":{"confidence_interval":{"confidence_level":0.95,"lower_bound":1055807.834774775,"upper_bound":1058133.0},"point_estimate":1057092.8645227505,"standard_error":729.2185829574928},"median_abs_dev":{"confidence_interval":{"confidence_level":0.95,"lower_bound":3909.474671034274,"upper_bound":8267.714162255745},"point_estimate":6154.952017297934,"standard_error":1192.6437333271504},"slope":{"confidence_interval":{"confidence_level":0.95,"lower_bound":1055458.4220298612,"upper_bound":1058752.7422998308},"point_estimate":1057011.476790306,"standard_error":837.2461191398381},"std_dev":{"confidence_interval":{"confidence_level":0.95,"lower_bound":6386.883862278135,"upper_bound":9317.546143508755},"point_estimate":7918.329966120484,"standard_error":751.4954407458932}}