{"mean":{"confidence_interval":{"confidence_level":0.95,"lower_bound":197306.9991421095,"upper_bound":198850.65701667476},"point_estimate":198026.19017985734,"standard_error":393.73830069053633},"median":{"confidence_interval":{"confidence_level":0.95,"lower_bound":196851.10164410056,"upper_bound":198271.28533333333},"point_estimate":197239.88782608695,"standard_error":393.4460304043371},"median_abs_dev":{"confidence_interval":{"confidence_level":0.95,"lower_bound":2167.976886895342,"upper_bound":3512.2654872051558},"point_estimate":2705.3846186795076,"standard_error":331.7309196075676},"slope":{"confidence_interval":{"confidence_level":0.95,"lower_bound":196564.28034443565,"upper_bound":197794.06500528616},"point_estimate":197154.1428893158,"standard_error":313.5860453710062},"std_dev":{"confidence_interval":{"confidence_level":0.95,"lower_bound":2625.0442292549883,"upper_bound":5385.355973033899},"point_estimate":3961.5849720704596,"standard_error":736.1738133038989}}