{"mean":{"confidence_interval":{"confidence_level":0.95,"lower_bound":755209.5799043243,"upper_bound":760637.6327469748},"point_estimate":758310.51464804,"standard_error":1396.5917059856647},"median":{"confidence_interval":{"confidence_level":0.95,"lower_bound":757468.0294117647,"upper_bound":760844.1285957315},"point_estimate":759318.5434714375,"standard_error":792.4624412326634},"median_abs_dev":{"confidence_interval":{"confidence_level":0.95,"lower_bound":5787.323809440758,"upper_bound":9082.183746245688},"point_estimate":7493.027642725453,"standard_error":829.7866890569038},"slope":{"confidence_interval":{"confidence_level":0.95,"lower_bound":757313.8828219984,"upper_bound":760102.261584575},"point_estimate":758637.6188488252,"standard_error":713.3326740396102},"std_dev":{"confidence_interval":{"confidence_level":0.95,"lower_bound":6741.103176247392,"upper_bound":21781.929109873454},"point_estimate":14012.879122272512,"standard_error":4818.988638734523}}