{"mean":{"confidence_interval":{"confidence_level":0.95,"lower_bound":300745.63138161803,"upper_bound":301702.6258229481},"point_estimate":301232.69408681383,"standard_error":243.64471573879788},"median":{"confidence_interval":{"confidence_level":0.95,"lower_bound":300926.9037487336,"upper_bound":301607.0843128391},"point_estimate":301382.5983845339,"standard_error":190.82971558514382},"median_abs_dev":{"confidence_interval":{"confidence_level":0.95,"lower_bound":1249.6868317884393,"upper_bound":2176.1851622295735},"point_estimate":1675.230399702035,"standard_error":235.3816491053191},"slope":{"confidence_interval":{"confidence_level":0.95,"lower_bound":301469.2305551304,"upper_bound":302178.0017327101},"point_estimate":301823.03829762083,"standard_error":180.5431397268976},"std_dev":{"confidence_interval":{"confidence_level":0.95,"lower_bound":1918.00217976327,"upper_bound":2953.904028354611},"point_estimate":2455.977970651089,"standard_error":264.77849366554966}}