{"mean":{"confidence_interval":{"confidence_level":0.95,"lower_bound":295730.8274899245,"upper_bound":297190.2748833254},"point_estimate":296419.2454252391,"standard_error":371.82538951351984},"median":{"confidence_interval":{"confidence_level":0.95,"lower_bound":295271.27777777775,"upper_bound":296549.14611872146},"point_estimate":295811.0641635819,"standard_error":299.4582234086392},"median_abs_dev":{"confidence_interval":{"confidence_level":0.95,"lower_bound":2055.9983374987028,"upper_bound":3371.1956856464353},"point_estimate":2687.2156613832913,"standard_error":337.62394518789006},"slope":{"confidence_interval":{"confidence_level":0.95,"lower_bound":295573.48050542834,"upper_bound":296668.5186724712},"point_estimate":296117.0371528496,"standard_error":280.00976357282497},"std_dev":{"confidence_interval":{"confidence_level":0.95,"lower_bound":2599.482566711439,"upper_bound":5068.837390827124},"point_estimate":3734.5474384318295,"standard_error":688.1940724649753}}