{"mean":{"confidence_interval":{"confidence_level":0.95,"lower_bound":314442.25164849625,"upper_bound":316202.1828611621},"point_estimate":315238.5578415775,"standard_error":450.1326193885695},"median":{"confidence_interval":{"confidence_level":0.95,"lower_bound":313682.64409722225,"upper_bound":315096.7388888889},"point_estimate":314227.60637681163,"standard_error":338.6430472539372},"median_abs_dev":{"confidence_interval":{"confidence_level":0.95,"lower_bound":2003.0578458631012,"upper_bound":3397.1411585013966},"point_estimate":2679.6984227493567,"standard_error":366.41017466729903},"slope":{"confidence_interval":{"confidence_level":0.95,"lower_bound":313267.47338855074,"upper_bound":314301.5561867819},"point_estimate":313761.4948209448,"standard_error":263.3788304659928},"std_dev":{"confidence_interval":{"confidence_level":0.95,"lower_bound":2745.736913221094,"upper_bound":6495.534344946397},"point_estimate":4517.183676314293,"standard_error":1117.7577147128598}}