{"mean":{"confidence_interval":{"confidence_level":0.95,"lower_bound":252123.2978120037,"upper_bound":253682.51040029287},"point_estimate":252840.52497248302,"standard_error":399.4185478609557},"median":{"confidence_interval":{"confidence_level":0.95,"lower_bound":251992.2346805737,"upper_bound":252762.49085365853},"point_estimate":252415.2098047084,"standard_error":211.29456850864943},"median_abs_dev":{"confidence_interval":{"confidence_level":0.95,"lower_bound":1312.603517047234,"upper_bound":2295.721003365935},"point_estimate":1733.7302075450832,"standard_error":252.10874640085066},"slope":{"confidence_interval":{"confidence_level":0.95,"lower_bound":251787.7470160361,"upper_bound":252953.4716716678},"point_estimate":252347.17632924486,"standard_error":296.4551155355513},"std_dev":{"confidence_interval":{"confidence_level":0.95,"lower_bound":2174.4340903004645,"upper_bound":5567.106998875077},"point_estimate":4008.6060392313043,"standard_error":878.6528424433612}}