{"mean":{"confidence_interval":{"confidence_level":0.95,"lower_bound":2408111.4565375,"upper_bound":2451813.895049999},"point_estimate":2429900.4699999997,"standard_error":11137.06507764247},"median":{"confidence_interval":{"confidence_level":0.95,"lower_bound":2398045.825,"upper_bound":2460492.05},"point_estimate":2433205.5,"standard_error":14491.71111035193},"median_abs_dev":{"confidence_interval":{"confidence_level":0.95,"lower_bound":85909.40373480333,"upper_bound":152089.25657987568},"point_estimate":120724.4834867117,"standard_error":16967.776711478007},"slope":null,"std_dev":{"confidence_interval":{"confidence_level":0.95,"lower_bound":97990.32139177217,"upper_bound":124892.92712065666},"point_estimate":112056.635583007,"standard_error":6873.890837835052}}