{"mean":{"confidence_interval":{"confidence_level":0.95,"lower_bound":2343828.0696590906,"upper_bound":2370297.4306931817},"point_estimate":2356842.1454545464,"standard_error":6736.994918902049},"median":{"confidence_interval":{"confidence_level":0.95,"lower_bound":2332784.1136363633,"upper_bound":2372432.5454545454},"point_estimate":2356149.840909091,"standard_error":10122.868639118076},"median_abs_dev":{"confidence_interval":{"confidence_level":0.95,"lower_bound":50732.11133114373,"upper_bound":76852.11962651116},"point_estimate":61545.95967097691,"standard_error":6558.941650816642},"slope":null,"std_dev":{"confidence_interval":{"confidence_level":0.95,"lower_bound":56006.618618335226,"upper_bound":78729.46228064416},"point_estimate":67734.10103912155,"standard_error":5793.073876771057}}