{"mean":{"confidence_interval":{"confidence_level":0.95,"lower_bound":341564.53410805954,"upper_bound":351770.83447344595},"point_estimate":345787.0905319219,"standard_error":2665.2406407694375},"median":{"confidence_interval":{"confidence_level":0.95,"lower_bound":340628.0746268657,"upper_bound":341714.141025641},"point_estimate":341213.46833721834,"standard_error":265.3221940416899},"median_abs_dev":{"confidence_interval":{"confidence_level":0.95,"lower_bound":1947.145906533323,"upper_bound":3390.2511045384285},"point_estimate":2699.8244303086394,"standard_error":357.9771526997015},"slope":{"confidence_interval":{"confidence_level":0.95,"lower_bound":341469.58258842834,"upper_bound":345671.8071049258},"point_estimate":343201.49096300674,"standard_error":1089.2709799596864},"std_dev":{"confidence_interval":{"confidence_level":0.95,"lower_bound":4484.919807839381,"upper_bound":41939.179820462006},"point_estimate":26719.20924487296,"standard_error":9906.333115366066}}