{"mean":{"confidence_interval":{"confidence_level":0.95,"lower_bound":275858.26559001755,"upper_bound":277062.58846429957},"point_estimate":276456.59634913254,"standard_error":306.95364502615524},"median":{"confidence_interval":{"confidence_level":0.95,"lower_bound":275925.1538461539,"upper_bound":276614.3522486772},"point_estimate":276273.014747191,"standard_error":167.91738377135022},"median_abs_dev":{"confidence_interval":{"confidence_level":0.95,"lower_bound":1583.9813022878022,"upper_bound":2617.0592600193654},"point_estimate":2130.4901965911654,"standard_error":270.0358906743125},"slope":{"confidence_interval":{"confidence_level":0.95,"lower_bound":275711.18531366694,"upper_bound":276485.60390687134},"point_estimate":276093.86506773066,"standard_error":196.9474617683587},"std_dev":{"confidence_interval":{"confidence_level":0.95,"lower_bound":2134.140135360691,"upper_bound":3985.5050805466717},"point_estimate":3084.2624341898313,"standard_error":472.7345200332856}}