{"mean":{"confidence_interval":{"confidence_level":0.95,"lower_bound":279151.38893523393,"upper_bound":280422.0782036908},"point_estimate":279769.8366508596,"standard_error":324.51500108260257},"median":{"confidence_interval":{"confidence_level":0.95,"lower_bound":279074.37465538847,"upper_bound":279938.77173913043},"point_estimate":279533.45075757575,"standard_error":223.19401996793408},"median_abs_dev":{"confidence_interval":{"confidence_level":0.95,"lower_bound":1865.2856926737902,"upper_bound":3182.4566630671034},"point_estimate":2652.093766552287,"standard_error":339.853473528918},"slope":{"confidence_interval":{"confidence_level":0.95,"lower_bound":278737.9935734277,"upper_bound":279612.05077437765},"point_estimate":279175.80087778927,"standard_error":222.94545691477649},"std_dev":{"confidence_interval":{"confidence_level":0.95,"lower_bound":2509.010828192216,"upper_bound":4045.8542438941313},"point_estimate":3257.861601777817,"standard_error":398.17282042726134}}