{"mean":{"confidence_interval":{"confidence_level":0.95,"lower_bound":262012.25995467926,"upper_bound":263447.6796774116},"point_estimate":262710.8883671677,"standard_error":367.1762177169065},"median":{"confidence_interval":{"confidence_level":0.95,"lower_bound":261583.50943396226,"upper_bound":263213.4342105263},"point_estimate":262461.86882716045,"standard_error":458.10937351051655},"median_abs_dev":{"confidence_interval":{"confidence_level":0.95,"lower_bound":2504.38745196678,"upper_bound":3844.6490087322463},"point_estimate":3201.659534432271,"standard_error":353.40202852383266},"slope":{"confidence_interval":{"confidence_level":0.95,"lower_bound":262559.1176653602,"upper_bound":263856.6562517879},"point_estimate":263222.2238857692,"standard_error":330.70577174644825},"std_dev":{"confidence_interval":{"confidence_level":0.95,"lower_bound":2886.6675897776313,"upper_bound":4581.204250720222},"point_estimate":3690.281664421455,"standard_error":444.25722067690504}}