{"mean":{"confidence_interval":{"confidence_level":0.95,"lower_bound":253422.21764699096,"upper_bound":254583.33613401977},"point_estimate":253996.79195928396,"standard_error":296.21161025408514},"median":{"confidence_interval":{"confidence_level":0.95,"lower_bound":253378.2930640244,"upper_bound":254339.54166666666},"point_estimate":253771.45010964913,"standard_error":299.6525645521941},"median_abs_dev":{"confidence_interval":{"confidence_level":0.95,"lower_bound":1965.7288396782692,"upper_bound":3525.272551873363},"point_estimate":2696.6497505367224,"standard_error":405.26530010263696},"slope":{"confidence_interval":{"confidence_level":0.95,"lower_bound":253585.3675846292,"upper_bound":254929.1680760573},"point_estimate":254257.8050960544,"standard_error":342.14051414447266},"std_dev":{"confidence_interval":{"confidence_level":0.95,"lower_bound":2497.3546325171396,"upper_bound":3434.42743874492},"point_estimate":2981.1660782603603,"standard_error":239.55542362112496}}