{"mean":{"confidence_interval":{"confidence_level":0.95,"lower_bound":239429.93296209132,"upper_bound":240913.6237340025},"point_estimate":240124.6002011621,"standard_error":380.0033682545901},"median":{"confidence_interval":{"confidence_level":0.95,"lower_bound":238896.71875,"upper_bound":240062.234375},"point_estimate":239542.72273511373,"standard_error":319.65058780194187},"median_abs_dev":{"confidence_interval":{"confidence_level":0.95,"lower_bound":1570.4091567588036,"upper_bound":2545.990964344548},"point_estimate":2106.2256399181206,"standard_error":249.07858880662562},"slope":{"confidence_interval":{"confidence_level":0.95,"lower_bound":239288.7878521646,"upper_bound":240282.51093119264},"point_estimate":239757.12565243093,"standard_error":253.66215876530762},"std_dev":{"confidence_interval":{"confidence_level":0.95,"lower_bound":2393.366841299463,"upper_bound":5138.642299381283},"point_estimate":3834.1427041089164,"standard_error":708.9836372650135}}