{"mean":{"confidence_interval":{"confidence_level":0.95,"lower_bound":248434.60992922046,"upper_bound":249520.4107368086},"point_estimate":248998.89277145427,"standard_error":275.88731578199673},"median":{"confidence_interval":{"confidence_level":0.95,"lower_bound":248301.646489899,"upper_bound":249606.08208732057},"point_estimate":248944.5560947205,"standard_error":322.9095059038758},"median_abs_dev":{"confidence_interval":{"confidence_level":0.95,"lower_bound":1751.618968331288,"upper_bound":2822.05768744442},"point_estimate":2201.3913458533857,"standard_error":273.93127610354276},"slope":{"confidence_interval":{"confidence_level":0.95,"lower_bound":248667.44413875844,"upper_bound":249559.18661425132},"point_estimate":249101.88115708585,"standard_error":227.553229168852},"std_dev":{"confidence_interval":{"confidence_level":0.95,"lower_bound":2068.3683052849606,"upper_bound":3547.494983398766},"point_estimate":2772.1507315665367,"standard_error":391.08479230841056}}