{"mean":{"confidence_interval":{"confidence_level":0.95,"lower_bound":594251.0318746056,"upper_bound":595473.8761944673},"point_estimate":594859.0756223397,"standard_error":310.15113317328996},"median":{"confidence_interval":{"confidence_level":0.95,"lower_bound":594774.6640625,"upper_bound":595391.7631578947},"point_estimate":595124.3391774892,"standard_error":180.4906770274511},"median_abs_dev":{"confidence_interval":{"confidence_level":0.95,"lower_bound":1400.8948587330437,"upper_bound":2735.834757526798},"point_estimate":1903.5956922151836,"standard_error":352.5774564404059},"slope":{"confidence_interval":{"confidence_level":0.95,"lower_bound":594638.4485244766,"upper_bound":595444.7456083506},"point_estimate":595042.8624309148,"standard_error":205.5886905088778},"std_dev":{"confidence_interval":{"confidence_level":0.95,"lower_bound":2056.439943989777,"upper_bound":4129.932615655273},"point_estimate":3116.25936638447,"standard_error":539.2253472387654}}