{"mean":{"confidence_interval":{"confidence_level":0.95,"lower_bound":519889.2258995921,"upper_bound":521067.2165310488},"point_estimate":520480.89983981574,"standard_error":299.7541392432143},"median":{"confidence_interval":{"confidence_level":0.95,"lower_bound":519791.1153846154,"upper_bound":520972.21527777775},"point_estimate":520336.77554803353,"standard_error":318.2056185067687},"median_abs_dev":{"confidence_interval":{"confidence_level":0.95,"lower_bound":1916.2861323670195,"upper_bound":3035.366138439918},"point_estimate":2509.3005281274854,"standard_error":293.60701219826433},"slope":{"confidence_interval":{"confidence_level":0.95,"lower_bound":520086.10367168166,"upper_bound":520948.6470781873},"point_estimate":520513.3782340771,"standard_error":218.5124423336425},"std_dev":{"confidence_interval":{"confidence_level":0.95,"lower_bound":2442.668256730938,"upper_bound":3529.3720266337314},"point_estimate":2999.8645244343165,"standard_error":277.7779500036966}}