{"mean":{"confidence_interval":{"confidence_level":0.95,"lower_bound":893326.2516729743,"upper_bound":895379.4163201337},"point_estimate":894268.8319952423,"standard_error":525.4467315656053},"median":{"confidence_interval":{"confidence_level":0.95,"lower_bound":892834.475,"upper_bound":894388.6318131257},"point_estimate":893812.2608754028,"standard_error":348.6392011617012},"median_abs_dev":{"confidence_interval":{"confidence_level":0.95,"lower_bound":2271.787268808008,"upper_bound":3672.9464545545334},"point_estimate":2946.163743848975,"standard_error":350.118674087564},"slope":{"confidence_interval":{"confidence_level":0.95,"lower_bound":892896.8201945638,"upper_bound":894333.0464386034},"point_estimate":893593.7939796069,"standard_error":366.09258341649803},"std_dev":{"confidence_interval":{"confidence_level":0.95,"lower_bound":3037.3616816451513,"upper_bound":7582.646499924542},"point_estimate":5280.502400423525,"standard_error":1232.2753493959392}}