{"mean":{"confidence_interval":{"confidence_level":0.95,"lower_bound":861077.9171325966,"upper_bound":863897.6865119111},"point_estimate":862530.8214722496,"standard_error":717.0326795800455},"median":{"confidence_interval":{"confidence_level":0.95,"lower_bound":861167.8705627705,"upper_bound":863184.9730113636},"point_estimate":862004.9052631579,"standard_error":533.6509243056935},"median_abs_dev":{"confidence_interval":{"confidence_level":0.95,"lower_bound":3463.0984939983355,"upper_bound":6460.244731775133},"point_estimate":4708.625467934804,"standard_error":748.5077385159526},"slope":{"confidence_interval":{"confidence_level":0.95,"lower_bound":862270.9069983284,"upper_bound":864602.4833540585},"point_estimate":863401.3833249593,"standard_error":594.9944423057698},"std_dev":{"confidence_interval":{"confidence_level":0.95,"lower_bound":5238.052227900288,"upper_bound":9400.629656688876},"point_estimate":7200.27125071094,"standard_error":1105.1653363213698}}