{"mean":{"confidence_interval":{"confidence_level":0.95,"lower_bound":2124108.572723684,"upper_bound":2129768.0592631577},"point_estimate":2126453.762105264,"standard_error":1472.5963335233846},"median":{"confidence_interval":{"confidence_level":0.95,"lower_bound":2123672.7894736845,"upper_bound":2126007.5},"point_estimate":2124850.5,"standard_error":640.8344504603403},"median_abs_dev":{"confidence_interval":{"confidence_level":0.95,"lower_bound":4346.572481648225,"upper_bound":7145.039431045076},"point_estimate":5875.192553589364,"standard_error":691.2623712697477},"slope":null,"std_dev":{"confidence_interval":{"confidence_level":0.95,"lower_bound":5708.077234053571,"upper_bound":23583.093424003353},"point_estimate":14790.922045956308,"standard_error":5659.433772010449}}