{"mean":{"confidence_interval":{"confidence_level":0.95,"lower_bound":344553.7262367312,"upper_bound":346203.4852378844},"point_estimate":345340.9973194286,"standard_error":420.0799338569384},"median":{"confidence_interval":{"confidence_level":0.95,"lower_bound":344134.23819444445,"upper_bound":345169.2936734694},"point_estimate":344508.4100378788,"standard_error":242.31966853442512},"median_abs_dev":{"confidence_interval":{"confidence_level":0.95,"lower_bound":2168.729254856269,"upper_bound":3855.4523612590087},"point_estimate":3034.8978127233427,"standard_error":464.7575839422987},"slope":{"confidence_interval":{"confidence_level":0.95,"lower_bound":344203.4300594109,"upper_bound":345386.2039749645},"point_estimate":344755.0666765184,"standard_error":301.4566956481556},"std_dev":{"confidence_interval":{"confidence_level":0.95,"lower_bound":3019.562169967457,"upper_bound":5391.398027716524},"point_estimate":4208.918284059119,"standard_error":613.4722046639134}}