{"mean":{"confidence_interval":{"confidence_level":0.95,"lower_bound":393863.0956838183,"upper_bound":395918.20760618406},"point_estimate":394877.38136607746,"standard_error":525.8100531108043},"median":{"confidence_interval":{"confidence_level":0.95,"lower_bound":393488.6666666667,"upper_bound":396007.72807017545},"point_estimate":394467.56143760367,"standard_error":660.335511073433},"median_abs_dev":{"confidence_interval":{"confidence_level":0.95,"lower_bound":4286.498044732759,"upper_bound":6606.900265094886},"point_estimate":5342.895691238314,"standard_error":594.055550164673},"slope":{"confidence_interval":{"confidence_level":0.95,"lower_bound":393588.08873400843,"upper_bound":395517.64419104997},"point_estimate":394564.38098517316,"standard_error":492.99740413991094},"std_dev":{"confidence_interval":{"confidence_level":0.95,"lower_bound":4543.165275881519,"upper_bound":5989.49099048452},"point_estimate":5299.242279726931,"standard_error":368.35541394187123}}