{"mean":{"confidence_interval":{"confidence_level":0.95,"lower_bound":365408.1423060107,"upper_bound":368135.5264972131},"point_estimate":366637.3022023888,"standard_error":700.4333931176334},"median":{"confidence_interval":{"confidence_level":0.95,"lower_bound":364465.38497652585,"upper_bound":365877.3529940456},"point_estimate":365125.0146792017,"standard_error":400.98448896220077},"median_abs_dev":{"confidence_interval":{"confidence_level":0.95,"lower_bound":1829.4882374516335,"upper_bound":3144.4207770786215},"point_estimate":2664.6544594771544,"standard_error":347.0819814639562},"slope":{"confidence_interval":{"confidence_level":0.95,"lower_bound":365344.0141284274,"upper_bound":370301.0001620076},"point_estimate":367336.4610994532,"standard_error":1312.631170572329},"std_dev":{"confidence_interval":{"confidence_level":0.95,"lower_bound":3553.5980638229703,"upper_bound":9950.265715978552},"point_estimate":7051.069508943341,"standard_error":1642.6854606413604}}