{"mean":{"confidence_interval":{"confidence_level":0.95,"lower_bound":384127.5849466971,"upper_bound":385396.38805386546},"point_estimate":384757.2130584299,"standard_error":323.38764896566505},"median":{"confidence_interval":{"confidence_level":0.95,"lower_bound":384047.02901597985,"upper_bound":385365.55416666664},"point_estimate":384628.03674819804,"standard_error":319.09946820867333},"median_abs_dev":{"confidence_interval":{"confidence_level":0.95,"lower_bound":1892.4053652778946,"upper_bound":2936.086200656312},"point_estimate":2424.914236834441,"standard_error":266.1719957820062},"slope":{"confidence_interval":{"confidence_level":0.95,"lower_bound":384040.2927681253,"upper_bound":385013.8577102073},"point_estimate":384505.04825870646,"standard_error":247.6344090178025},"std_dev":{"confidence_interval":{"confidence_level":0.95,"lower_bound":2481.581909702029,"upper_bound":3965.9688067619304},"point_estimate":3248.123896002777,"standard_error":379.22223606584794}}