{"mean":{"confidence_interval":{"confidence_level":0.95,"lower_bound":345473.7783655755,"upper_bound":348732.7124559222},"point_estimate":346978.59491674893,"standard_error":834.2408247921229},"median":{"confidence_interval":{"confidence_level":0.95,"lower_bound":343769.0402777778,"upper_bound":345609.02898550726},"point_estimate":344113.5448179272,"standard_error":510.3275454856007},"median_abs_dev":{"confidence_interval":{"confidence_level":0.95,"lower_bound":3101.9745752585154,"upper_bound":5390.197826804858},"point_estimate":4047.509735488939,"standard_error":562.4903134675014},"slope":{"confidence_interval":{"confidence_level":0.95,"lower_bound":345146.7672514023,"upper_bound":350589.18458317994},"point_estimate":347500.01687995665,"standard_error":1412.208612681179},"std_dev":{"confidence_interval":{"confidence_level":0.95,"lower_bound":5409.99230746074,"upper_bound":11612.147912786597},"point_estimate":8398.190605219092,"standard_error":1733.4138881587533}}