{"mean":{"confidence_interval":{"confidence_level":0.95,"lower_bound":0.05541182943675183,"upper_bound":0.057521045527442353},"point_estimate":0.05646247780354874,"standard_error":0.0005360938993470518},"median":{"confidence_interval":{"confidence_level":0.95,"lower_bound":0.05562669746550486,"upper_bound":0.05740653149877861},"point_estimate":0.0565186386103993,"standard_error":0.0004442172436790781}}