{"mean":{"confidence_interval":{"confidence_level":0.95,"lower_bound":3127625.34628125,"upper_bound":3204024.26209375},"point_estimate":3165825.1125,"standard_error":19449.727765738317},"median":{"confidence_interval":{"confidence_level":0.95,"lower_bound":3131543.75,"upper_bound":3224170.040624996},"point_estimate":3193243.3125,"standard_error":25162.782884562086},"median_abs_dev":{"confidence_interval":{"confidence_level":0.95,"lower_bound":147619.69950422645,"upper_bound":258590.25390144883},"point_estimate":229429.7050455585,"standard_error":30166.62781137371},"slope":null,"std_dev":{"confidence_interval":{"confidence_level":0.95,"lower_bound":171419.19962432946,"upper_bound":216400.0364552015},"point_estimate":195420.72713677402,"standard_error":11491.57205643592}}