{"mean":{"confidence_interval":{"confidence_level":0.95,"lower_bound":205728.56592607105,"upper_bound":206561.21112094756},"point_estimate":206129.79903641227,"standard_error":212.32106595329327},"median":{"confidence_interval":{"confidence_level":0.95,"lower_bound":205581.3125,"upper_bound":206371.09333333332},"point_estimate":205958.89659307193,"standard_error":205.06004176241208},"median_abs_dev":{"confidence_interval":{"confidence_level":0.95,"lower_bound":1092.8474524353917,"upper_bound":1969.5488155335256},"point_estimate":1305.4307814266874,"standard_error":230.14155255715934},"slope":{"confidence_interval":{"confidence_level":0.95,"lower_bound":205658.01707726464,"upper_bound":206536.77034906618},"point_estimate":206093.51646342545,"standard_error":223.76695878353186},"std_dev":{"confidence_interval":{"confidence_level":0.95,"lower_bound":1595.546482308016,"upper_bound":2746.2439838361984},"point_estimate":2140.892041850925,"standard_error":303.91542271146443}}