{"mean":{"confidence_interval":{"confidence_level":0.95,"lower_bound":218794.00996026234,"upper_bound":223299.63774130342},"point_estimate":220907.8953946644,"standard_error":1151.7590752208403},"median":{"confidence_interval":{"confidence_level":0.95,"lower_bound":216105.73658536584,"upper_bound":218377.75833333333},"point_estimate":216897.71473214286,"standard_error":566.7632777257114},"median_abs_dev":{"confidence_interval":{"confidence_level":0.95,"lower_bound":2571.1102221976994,"upper_bound":4509.342129555769},"point_estimate":3261.7220993432857,"standard_error":514.0531614615912},"slope":{"confidence_interval":{"confidence_level":0.95,"lower_bound":221576.01144386188,"upper_bound":231408.1502247153},"point_estimate":226431.63329510862,"standard_error":2512.526552120615},"std_dev":{"confidence_interval":{"confidence_level":0.95,"lower_bound":7660.2186346912,"upper_bound":14929.65159935294},"point_estimate":11583.390654814362,"standard_error":1853.255211270148}}