{"mean":{"confidence_interval":{"confidence_level":0.95,"lower_bound":257532.1514563058,"upper_bound":258838.4704131918},"point_estimate":258177.07227539728,"standard_error":333.15183443318966},"median":{"confidence_interval":{"confidence_level":0.95,"lower_bound":256953.2134518678,"upper_bound":259137.39044943822},"point_estimate":257811.64282531195,"standard_error":637.6259861167516},"median_abs_dev":{"confidence_interval":{"confidence_level":0.95,"lower_bound":2762.5344177493134,"upper_bound":4344.828273586105},"point_estimate":3226.0995745331657,"standard_error":419.7085781633636},"slope":{"confidence_interval":{"confidence_level":0.95,"lower_bound":258808.65259451358,"upper_bound":260290.3734493799},"point_estimate":259558.15451751146,"standard_error":378.3562137035586},"std_dev":{"confidence_interval":{"confidence_level":0.95,"lower_bound":2890.1084304765222,"upper_bound":3777.4911362522985},"point_estimate":3354.628692473326,"standard_error":227.32979580857543}}