{"mean":{"confidence_interval":{"confidence_level":0.95,"lower_bound":310594.18673259096,"upper_bound":312860.57203419425},"point_estimate":311625.6336128531,"standard_error":579.9079942909285},"median":{"confidence_interval":{"confidence_level":0.95,"lower_bound":309742.2962962963,"upper_bound":311213.1112244898},"point_estimate":310269.57908025855,"standard_error":388.5164610998525},"median_abs_dev":{"confidence_interval":{"confidence_level":0.95,"lower_bound":1822.354371340606,"upper_bound":3138.7356723905114},"point_estimate":2308.3578621749666,"standard_error":336.17031018684816},"slope":{"confidence_interval":{"confidence_level":0.95,"lower_bound":310417.9686190814,"upper_bound":312483.8173011106},"point_estimate":311339.43835377565,"standard_error":529.3910517524155},"std_dev":{"confidence_interval":{"confidence_level":0.95,"lower_bound":3201.314875136672,"upper_bound":7860.602005901547},"point_estimate":5813.654405741018,"standard_error":1170.9465861905944}}