{"mean":{"confidence_interval":{"confidence_level":0.95,"lower_bound":1366088.3676802428,"upper_bound":1369616.4781504665},"point_estimate":1367771.398732957,"standard_error":896.516330960424},"median":{"confidence_interval":{"confidence_level":0.95,"lower_bound":1365707.9638888887,"upper_bound":1368471.219512195},"point_estimate":1367234.6777198212,"standard_error":678.8513519809206},"median_abs_dev":{"confidence_interval":{"confidence_level":0.95,"lower_bound":3941.081844031544,"upper_bound":6684.532348208853},"point_estimate":5257.901413496221,"standard_error":644.936935794421},"slope":{"confidence_interval":{"confidence_level":0.95,"lower_bound":1367891.0826767387,"upper_bound":1371939.4094901457},"point_estimate":1369812.1802571302,"standard_error":1035.9774556161237},"std_dev":{"confidence_interval":{"confidence_level":0.95,"lower_bound":5751.644659018373,"upper_bound":12196.659550193228},"point_estimate":8961.95298733861,"standard_error":1694.0918774287804}}