{"mean":{"confidence_interval":{"confidence_level":0.95,"lower_bound":223644.36707448217,"upper_bound":225846.24540172928},"point_estimate":224661.4466627331,"standard_error":563.7675109329871},"median":{"confidence_interval":{"confidence_level":0.95,"lower_bound":222497.27900943396,"upper_bound":224362.6448979592},"point_estimate":223034.79177718834,"standard_error":476.9390542459098},"median_abs_dev":{"confidence_interval":{"confidence_level":0.95,"lower_bound":2272.226706789479,"upper_bound":4062.6908413782867},"point_estimate":2851.5181455465577,"standard_error":456.6275791234121},"slope":{"confidence_interval":{"confidence_level":0.95,"lower_bound":222638.89087799971,"upper_bound":225906.92051969012},"point_estimate":224069.9849883257,"standard_error":847.3757102547661},"std_dev":{"confidence_interval":{"confidence_level":0.95,"lower_bound":3428.385502859486,"upper_bound":7652.863137827673},"point_estimate":5659.325255099033,"standard_error":1087.6302606622824}}