{"mean":{"confidence_interval":{"confidence_level":0.95,"lower_bound":629026.8034414913,"upper_bound":632337.1898247359},"point_estimate":630373.177656467,"standard_error":862.8494875380497},"median":{"confidence_interval":{"confidence_level":0.95,"lower_bound":628158.293064648,"upper_bound":629888.4677419355},"point_estimate":629131.9548703774,"standard_error":471.3725595907672},"median_abs_dev":{"confidence_interval":{"confidence_level":0.95,"lower_bound":2511.8077936418117,"upper_bound":4070.148134370909},"point_estimate":3490.56366561634,"standard_error":437.1305010238989},"slope":{"confidence_interval":{"confidence_level":0.95,"lower_bound":629174.2644093017,"upper_bound":634128.654095084},"point_estimate":631035.0389507907,"standard_error":1331.4155115746332},"std_dev":{"confidence_interval":{"confidence_level":0.95,"lower_bound":3106.77353822526,"upper_bound":13931.497244115113},"point_estimate":8664.625235183988,"standard_error":3440.3425654596253}}