{"mean":{"confidence_interval":{"confidence_level":0.95,"lower_bound":603745.5399857935,"upper_bound":604960.7703326304},"point_estimate":604349.4325522471,"standard_error":308.96903712116375},"median":{"confidence_interval":{"confidence_level":0.95,"lower_bound":603792.46875,"upper_bound":604840.387755102},"point_estimate":604246.6494252874,"standard_error":253.58242721821128},"median_abs_dev":{"confidence_interval":{"confidence_level":0.95,"lower_bound":1527.1476051708594,"upper_bound":3074.35225208599},"point_estimate":2063.2276168866415,"standard_error":421.0143992591759},"slope":{"confidence_interval":{"confidence_level":0.95,"lower_bound":603900.908846194,"upper_bound":604726.2226654477},"point_estimate":604309.454662332,"standard_error":209.61128024701702},"std_dev":{"confidence_interval":{"confidence_level":0.95,"lower_bound":2455.8569245884614,"upper_bound":3669.7636240424513},"point_estimate":3088.9033257980695,"standard_error":309.4714898520745}}