{"mean":{"confidence_interval":{"confidence_level":0.95,"lower_bound":389174.2200039189,"upper_bound":390730.90389380354},"point_estimate":389965.19683098706,"standard_error":395.55267487751826},"median":{"confidence_interval":{"confidence_level":0.95,"lower_bound":389406.26666666666,"upper_bound":391165.44444444444},"point_estimate":390214.3426267281,"standard_error":399.06485053200436},"median_abs_dev":{"confidence_interval":{"confidence_level":0.95,"lower_bound":2526.554452467312,"upper_bound":3906.5326279424808},"point_estimate":3161.70558707876,"standard_error":358.8318564582294},"slope":{"confidence_interval":{"confidence_level":0.95,"lower_bound":389733.3215768603,"upper_bound":390983.6947102967},"point_estimate":390356.50963400817,"standard_error":319.4889488332004},"std_dev":{"confidence_interval":{"confidence_level":0.95,"lower_bound":3187.3620717405074,"upper_bound":4686.887627341242},"point_estimate":3967.933314350698,"standard_error":382.00694140160437}}