{"mean":{"confidence_interval":{"confidence_level":0.95,"lower_bound":412564.8626248489,"upper_bound":413996.90436527896},"point_estimate":413239.4500028569,"standard_error":365.7180162825036},"median":{"confidence_interval":{"confidence_level":0.95,"lower_bound":412092.2074829932,"upper_bound":413379.594941349},"point_estimate":412823.79509379505,"standard_error":331.1704116766506},"median_abs_dev":{"confidence_interval":{"confidence_level":0.95,"lower_bound":1985.647424599635,"upper_bound":3152.6245045323376},"point_estimate":2482.7936989812365,"standard_error":303.4672507065739},"slope":{"confidence_interval":{"confidence_level":0.95,"lower_bound":411802.3976699841,"upper_bound":413229.66533050925},"point_estimate":412492.7207329688,"standard_error":364.0268746127089},"std_dev":{"confidence_interval":{"confidence_level":0.95,"lower_bound":2547.5544698613453,"upper_bound":4842.575721117139},"point_estimate":3671.5828447050244,"standard_error":604.5370994086786}}