{"mean":{"confidence_interval":{"confidence_level":0.95,"lower_bound":5456485.2624375,"upper_bound":5466739.4802187495},"point_estimate":5461060.68625,"standard_error":2633.921027308747},"median":{"confidence_interval":{"confidence_level":0.95,"lower_bound":5452910.5625,"upper_bound":5461333.375},"point_estimate":5456213.1875,"standard_error":2710.539893565177},"median_abs_dev":{"confidence_interval":{"confidence_level":0.95,"lower_bound":11029.431854188442,"upper_bound":18624.51353184879},"point_estimate":13424.572111666203,"standard_error":1958.8501642694648},"slope":null,"std_dev":{"confidence_interval":{"confidence_level":0.95,"lower_bound":14952.447506748063,"upper_bound":39015.893898387534},"point_estimate":26495.185030444773,"standard_error":7265.718475437566}}