{"mean":{"confidence_interval":{"confidence_level":0.95,"lower_bound":6125660.10125,"upper_bound":6139586.3758125},"point_estimate":6132185.4025,"standard_error":3554.3762724901962},"median":{"confidence_interval":{"confidence_level":0.95,"lower_bound":6120797.875,"upper_bound":6131278.5},"point_estimate":6127248.6875,"standard_error":2757.934914667828},"median_abs_dev":{"confidence_interval":{"confidence_level":0.95,"lower_bound":14919.496197625995,"upper_bound":28143.824650347233},"point_estimate":21410.504207387567,"standard_error":3505.4582316010915},"slope":null,"std_dev":{"confidence_interval":{"confidence_level":0.95,"lower_bound":22671.977295417528,"upper_bound":47545.24068724125},"point_estimate":35791.98236721186,"standard_error":6408.292646634424}}