{"mean":{"confidence_interval":{"confidence_level":0.95,"lower_bound":605218.1769328886,"upper_bound":606863.2630941662},"point_estimate":605986.723492652,"standard_error":421.13851590323003},"median":{"confidence_interval":{"confidence_level":0.95,"lower_bound":604950.9861607143,"upper_bound":606286.3119506424},"point_estimate":605375.1945628998,"standard_error":393.9460371088134},"median_abs_dev":{"confidence_interval":{"confidence_level":0.95,"lower_bound":1808.2682271245765,"upper_bound":2810.4450692830605},"point_estimate":2275.7295068220305,"standard_error":251.182093089628},"slope":{"confidence_interval":{"confidence_level":0.95,"lower_bound":604909.5995254439,"upper_bound":605798.5084952678},"point_estimate":605343.5004388946,"standard_error":225.88752086607374},"std_dev":{"confidence_interval":{"confidence_level":0.95,"lower_bound":2688.8047204732743,"upper_bound":5720.567408186223},"point_estimate":4240.344018404396,"standard_error":785.5857029691966}}