{"mean":{"confidence_interval":{"confidence_level":0.95,"lower_bound":566771.8952724109,"upper_bound":567984.7516414294},"point_estimate":567361.7626476407,"standard_error":308.92511615120293},"median":{"confidence_interval":{"confidence_level":0.95,"lower_bound":566663.1930783242,"upper_bound":567975.5163043478},"point_estimate":567235.1020611702,"standard_error":283.75087828467895},"median_abs_dev":{"confidence_interval":{"confidence_level":0.95,"lower_bound":1803.504507497016,"upper_bound":2890.541652091779},"point_estimate":2322.7339958135303,"standard_error":267.50387770235204},"slope":{"confidence_interval":{"confidence_level":0.95,"lower_bound":567475.3097975991,"upper_bound":568598.2943412202},"point_estimate":568018.7583064873,"standard_error":285.50123395123273},"std_dev":{"confidence_interval":{"confidence_level":0.95,"lower_bound":2335.8480386047286,"upper_bound":3912.6995694096377},"point_estimate":3105.2725496459702,"standard_error":411.43056041951536}}