{"mean":{"confidence_interval":{"confidence_level":0.95,"lower_bound":273001.00994982367,"upper_bound":274299.71658679866},"point_estimate":273592.45978539134,"standard_error":332.3360900408853},"median":{"confidence_interval":{"confidence_level":0.95,"lower_bound":272766.6447368421,"upper_bound":273578.98232323234},"point_estimate":273123.8014893617,"standard_error":183.12921300836692},"median_abs_dev":{"confidence_interval":{"confidence_level":0.95,"lower_bound":1458.9403985966378,"upper_bound":2664.762856100074},"point_estimate":2001.6759744124565,"standard_error":305.79646927793345},"slope":{"confidence_interval":{"confidence_level":0.95,"lower_bound":273021.9209787811,"upper_bound":275029.92219449737},"point_estimate":273817.16846977983,"standard_error":530.5182715556344},"std_dev":{"confidence_interval":{"confidence_level":0.95,"lower_bound":1966.9805973623443,"upper_bound":4821.1585627159575},"point_estimate":3330.1945610778907,"standard_error":819.0167471936567}}