{"mean":{"confidence_interval":{"confidence_level":0.95,"lower_bound":285260.25595605676,"upper_bound":286161.1137593933},"point_estimate":285704.56933937233,"standard_error":229.51890637097455},"median":{"confidence_interval":{"confidence_level":0.95,"lower_bound":285118.60365853657,"upper_bound":286201.20262096776},"point_estimate":285471.29657584685,"standard_error":288.0427631197339},"median_abs_dev":{"confidence_interval":{"confidence_level":0.95,"lower_bound":1720.5918257958135,"upper_bound":2620.3407245881244},"point_estimate":2281.0263907536864,"standard_error":223.08578508582534},"slope":{"confidence_interval":{"confidence_level":0.95,"lower_bound":285162.7400873322,"upper_bound":286146.7847439278},"point_estimate":285644.50548174966,"standard_error":251.04513011696687},"std_dev":{"confidence_interval":{"confidence_level":0.95,"lower_bound":1918.359113857804,"upper_bound":2652.299703719367},"point_estimate":2297.8249292515025,"standard_error":187.96022476738145}}