{"mean":{"confidence_interval":{"confidence_level":0.95,"lower_bound":278994.0713156788,"upper_bound":280576.2521395826},"point_estimate":279730.4455150486,"standard_error":406.45603559741073},"median":{"confidence_interval":{"confidence_level":0.95,"lower_bound":278445.8076923077,"upper_bound":279887.56976744183},"point_estimate":279187.6642884323,"standard_error":410.08532440099776},"median_abs_dev":{"confidence_interval":{"confidence_level":0.95,"lower_bound":1898.0594531637923,"upper_bound":2973.0365472180442},"point_estimate":2435.073384715392,"standard_error":277.5053008739524},"slope":{"confidence_interval":{"confidence_level":0.95,"lower_bound":278754.7465938676,"upper_bound":279863.20280529663},"point_estimate":279290.80932392494,"standard_error":282.8395207998916},"std_dev":{"confidence_interval":{"confidence_level":0.95,"lower_bound":2455.827595154366,"upper_bound":5666.358784701755},"point_estimate":4095.98738746138,"standard_error":839.8894618324357}}