{"mean":{"confidence_interval":{"confidence_level":0.95,"lower_bound":1745642.0918118644,"upper_bound":1753939.0865408946},"point_estimate":1749002.5152044166,"standard_error":2164.3535199314574},"median":{"confidence_interval":{"confidence_level":0.95,"lower_bound":1744377.238095238,"upper_bound":1746196.0},"point_estimate":1745325.5656565656,"standard_error":484.19174053605826},"median_abs_dev":{"confidence_interval":{"confidence_level":0.95,"lower_bound":3779.402035979131,"upper_bound":6986.631358737511},"point_estimate":5675.563414268176,"standard_error":795.707801886545},"slope":{"confidence_interval":{"confidence_level":0.95,"lower_bound":1745026.5465757807,"upper_bound":1747928.068622434},"point_estimate":1746415.3539323185,"standard_error":741.8708935680733},"std_dev":{"confidence_interval":{"confidence_level":0.95,"lower_bound":6196.733111181453,"upper_bound":35158.423946963165},"point_estimate":21779.896512491032,"standard_error":8678.441083877065}}