{"mean":{"confidence_interval":{"confidence_level":0.95,"lower_bound":2421756.650119048,"upper_bound":2449445.301321429},"point_estimate":2434796.2923809513,"standard_error":7087.473570848898},"median":{"confidence_interval":{"confidence_level":0.95,"lower_bound":2402883.3095238097,"upper_bound":2417278.523809524},"point_estimate":2409988.3095238097,"standard_error":3673.7887830045097},"median_abs_dev":{"confidence_interval":{"confidence_level":0.95,"lower_bound":20807.79643058823,"upper_bound":38845.88431034812},"point_estimate":28511.527093819193,"standard_error":4473.797797189363},"slope":null,"std_dev":{"confidence_interval":{"confidence_level":0.95,"lower_bound":50054.74283190864,"upper_bound":91812.64951407182},"point_estimate":71338.08115360832,"standard_error":10800.979560885136}}