{"mean":{"confidence_interval":{"confidence_level":0.95,"lower_bound":4701981.620295457,"upper_bound":4759453.208477274},"point_estimate":4730754.364545455,"standard_error":14664.179498117786},"median":{"confidence_interval":{"confidence_level":0.95,"lower_bound":4705082.818181818,"upper_bound":4780089.545454546},"point_estimate":4737677.409090908,"standard_error":18301.62935743564},"median_abs_dev":{"confidence_interval":{"confidence_level":0.95,"lower_bound":92244.5399441501,"upper_bound":156964.47659514155},"point_estimate":127581.16467134476,"standard_error":17389.01972110669},"slope":null,"std_dev":{"confidence_interval":{"confidence_level":0.95,"lower_bound":122764.94991634125,"upper_bound":169564.4719011072},"point_estimate":147220.15907782404,"standard_error":11932.616398178723}}