{"mean":{"confidence_interval":{"confidence_level":0.95,"lower_bound":240437.25020527854,"upper_bound":241777.61000053017},"point_estimate":241086.6776840881,"standard_error":341.41367591111924},"median":{"confidence_interval":{"confidence_level":0.95,"lower_bound":240272.9047504303,"upper_bound":241386.6671720501},"point_estimate":240980.22263736263,"standard_error":273.4576230757131},"median_abs_dev":{"confidence_interval":{"confidence_level":0.95,"lower_bound":1745.7728017250092,"upper_bound":2922.7413824560113},"point_estimate":2454.1534195703366,"standard_error":326.72958239009387},"slope":{"confidence_interval":{"confidence_level":0.95,"lower_bound":240575.66621226576,"upper_bound":242301.36074724863},"point_estimate":241338.75233279148,"standard_error":443.8622431903231},"std_dev":{"confidence_interval":{"confidence_level":0.95,"lower_bound":2374.599791265965,"upper_bound":4406.5079856204775},"point_estimate":3425.423396459869,"standard_error":521.2087756681007}}