{"mean":{"confidence_interval":{"confidence_level":0.95,"lower_bound":213582.67986316467,"upper_bound":215241.18174619245},"point_estimate":214323.16003956145,"standard_error":425.7055648534224},"median":{"confidence_interval":{"confidence_level":0.95,"lower_bound":212945.1796969697,"upper_bound":214062.31011235956},"point_estimate":213531.98448961554,"standard_error":262.649957387668},"median_abs_dev":{"confidence_interval":{"confidence_level":0.95,"lower_bound":1607.3347531002737,"upper_bound":2660.612672723437},"point_estimate":2099.7486993086072,"standard_error":274.90831305482305},"slope":{"confidence_interval":{"confidence_level":0.95,"lower_bound":213452.3310664415,"upper_bound":214305.33304875856},"point_estimate":213875.84591990543,"standard_error":217.79618582930482},"std_dev":{"confidence_interval":{"confidence_level":0.95,"lower_bound":2058.0791107307978,"upper_bound":6183.96364112472},"point_estimate":4279.663310822164,"standard_error":1089.4216317294583}}