{"mean":{"confidence_interval":{"confidence_level":0.95,"lower_bound":609855.3360199439,"upper_bound":612408.7218993597},"point_estimate":610987.16519028,"standard_error":654.150996161764},"median":{"confidence_interval":{"confidence_level":0.95,"lower_bound":608899.9558823529,"upper_bound":610356.0505494506},"point_estimate":609759.2027310925,"standard_error":346.09383603900733},"median_abs_dev":{"confidence_interval":{"confidence_level":0.95,"lower_bound":2399.9459974295414,"upper_bound":4263.64910353304},"point_estimate":3732.2389287394817,"standard_error":482.5061174312363},"slope":{"confidence_interval":{"confidence_level":0.95,"lower_bound":609776.1368989988,"upper_bound":613057.8444407278},"point_estimate":611183.1903842175,"standard_error":844.7843268155518},"std_dev":{"confidence_interval":{"confidence_level":0.95,"lower_bound":3496.5076282072796,"upper_bound":9763.446286419141},"point_estimate":6562.702841965702,"standard_error":1830.997720887463}}