{"mean":{"confidence_interval":{"confidence_level":0.95,"lower_bound":606210.0040635205,"upper_bound":608049.6416478486},"point_estimate":607069.1515131627,"standard_error":469.7810479061323},"median":{"confidence_interval":{"confidence_level":0.95,"lower_bound":605932.7407407408,"upper_bound":607215.7402597403},"point_estimate":606507.875,"standard_error":327.59479522124843},"median_abs_dev":{"confidence_interval":{"confidence_level":0.95,"lower_bound":2066.455703214655,"upper_bound":3623.512801662066},"point_estimate":2717.45749175552,"standard_error":403.5733441323692},"slope":{"confidence_interval":{"confidence_level":0.95,"lower_bound":606135.7386111809,"upper_bound":608216.8527906038},"point_estimate":607074.7260647259,"standard_error":531.162612806677},"std_dev":{"confidence_interval":{"confidence_level":0.95,"lower_bound":3006.6729780846117,"upper_bound":6284.938800523673},"point_estimate":4717.705642523608,"standard_error":843.7380812089483}}