{"mean":{"confidence_interval":{"confidence_level":0.95,"lower_bound":1239173.9092665485,"upper_bound":1243463.0292129437},"point_estimate":1241139.3611020946,"standard_error":1101.457410593587},"median":{"confidence_interval":{"confidence_level":0.95,"lower_bound":1237866.2000000002,"upper_bound":1240612.3},"point_estimate":1239129.8574060427,"standard_error":769.2893056634385},"median_abs_dev":{"confidence_interval":{"confidence_level":0.95,"lower_bound":4068.4476996380367,"upper_bound":6969.450931705284},"point_estimate":5548.372321297744,"standard_error":717.5213019752268},"slope":{"confidence_interval":{"confidence_level":0.95,"lower_bound":1237316.6321789145,"upper_bound":1241688.3409210618},"point_estimate":1239254.6554189448,"standard_error":1122.8648997320342},"std_dev":{"confidence_interval":{"confidence_level":0.95,"lower_bound":6542.148185035465,"upper_bound":15529.120256966737},"point_estimate":11045.22369885804,"standard_error":2402.78401588158}}