{"mean":{"confidence_interval":{"confidence_level":0.95,"lower_bound":1241844.377896936,"upper_bound":1244613.0388074284},"point_estimate":1243138.1085325244,"standard_error":707.5101420512309},"median":{"confidence_interval":{"confidence_level":0.95,"lower_bound":1240509.810810811,"upper_bound":1243192.0},"point_estimate":1241763.6600000001,"standard_error":650.7038708430489},"median_abs_dev":{"confidence_interval":{"confidence_level":0.95,"lower_bound":3432.7407354099887,"upper_bound":6451.580866781509},"point_estimate":5210.119534028446,"standard_error":735.8220469481985},"slope":{"confidence_interval":{"confidence_level":0.95,"lower_bound":1240183.5995520775,"upper_bound":1242151.4490352403},"point_estimate":1241158.565479533,"standard_error":501.1575960366381},"std_dev":{"confidence_interval":{"confidence_level":0.95,"lower_bound":4727.219799894236,"upper_bound":9698.181714476426},"point_estimate":7116.037010341752,"standard_error":1330.8635027041748}}