{"mean":{"confidence_interval":{"confidence_level":0.95,"lower_bound":281202.4846487506,"upper_bound":282501.53910736245},"point_estimate":281837.9710431513,"standard_error":330.5477559185423},"median":{"confidence_interval":{"confidence_level":0.95,"lower_bound":280840.32179588603,"upper_bound":282126.12019443215},"point_estimate":281470.22061501816,"standard_error":401.21450975671365},"median_abs_dev":{"confidence_interval":{"confidence_level":0.95,"lower_bound":1783.1786409984802,"upper_bound":3088.3000620195457},"point_estimate":2326.8737087099503,"standard_error":335.52716349831303},"slope":{"confidence_interval":{"confidence_level":0.95,"lower_bound":281449.4902929006,"upper_bound":282685.7684286188},"point_estimate":282064.3698573962,"standard_error":315.72909716046513},"std_dev":{"confidence_interval":{"confidence_level":0.95,"lower_bound":2522.9274156803363,"upper_bound":4086.889216955182},"point_estimate":3327.730070164992,"standard_error":400.75898690831343}}