{"mean":{"confidence_interval":{"confidence_level":0.95,"lower_bound":289091.49924093805,"upper_bound":289989.89602644},"point_estimate":289542.5529285086,"standard_error":229.41196475526613},"median":{"confidence_interval":{"confidence_level":0.95,"lower_bound":289134.4583333333,"upper_bound":289949.9375},"point_estimate":289525.0365002684,"standard_error":225.7420655166459},"median_abs_dev":{"confidence_interval":{"confidence_level":0.95,"lower_bound":1246.8519892084744,"upper_bound":2149.4941045112573},"point_estimate":1659.9781033633808,"standard_error":234.71357790305072},"slope":{"confidence_interval":{"confidence_level":0.95,"lower_bound":289347.45033896645,"upper_bound":290113.10186377383},"point_estimate":289717.6200834934,"standard_error":194.83180330665184},"std_dev":{"confidence_interval":{"confidence_level":0.95,"lower_bound":1883.5979990568565,"upper_bound":2691.5163702883924},"point_estimate":2303.3569741831334,"standard_error":205.91474891904804}}