{"mean":{"confidence_interval":{"confidence_level":0.95,"lower_bound":276578.0926397878,"upper_bound":278140.5449831621},"point_estimate":277343.94880744,"standard_error":397.10710158625295},"median":{"confidence_interval":{"confidence_level":0.95,"lower_bound":275958.6846590909,"upper_bound":277715.88095238095},"point_estimate":276557.58441558445,"standard_error":420.4416922502726},"median_abs_dev":{"confidence_interval":{"confidence_level":0.95,"lower_bound":2131.1161685571,"upper_bound":3768.8718898973802},"point_estimate":2805.851659430962,"standard_error":429.5000347564267},"slope":{"confidence_interval":{"confidence_level":0.95,"lower_bound":275851.3960603872,"upper_bound":277125.47376825043},"point_estimate":276462.4965087927,"standard_error":324.7084340549941},"std_dev":{"confidence_interval":{"confidence_level":0.95,"lower_bound":3214.6328213408274,"upper_bound":4672.428803337033},"point_estimate":3980.8197167891744,"standard_error":372.09773344944654}}