{"mean":{"confidence_interval":{"confidence_level":0.95,"lower_bound":244074.87873103263,"upper_bound":244947.69928244659},"point_estimate":244503.68782504686,"standard_error":223.03336643912868},"median":{"confidence_interval":{"confidence_level":0.95,"lower_bound":243952.60588235295,"upper_bound":244804.11712519935},"point_estimate":244530.51285778175,"standard_error":271.1127859904532},"median_abs_dev":{"confidence_interval":{"confidence_level":0.95,"lower_bound":1173.8662023021718,"upper_bound":2003.3480487215288},"point_estimate":1645.2856922972956,"standard_error":213.7098013411242},"slope":{"confidence_interval":{"confidence_level":0.95,"lower_bound":244271.01984814802,"upper_bound":245013.07904686654},"point_estimate":244630.49125387912,"standard_error":189.47742870446731},"std_dev":{"confidence_interval":{"confidence_level":0.95,"lower_bound":1707.069988036196,"upper_bound":2730.315453716803},"point_estimate":2237.930407862885,"standard_error":262.335943423041}}