{"mean":{"confidence_interval":{"confidence_level":0.95,"lower_bound":604394.2296678721,"upper_bound":606811.0617592405},"point_estimate":605432.4677265646,"standard_error":620.9491173740596},"median":{"confidence_interval":{"confidence_level":0.95,"lower_bound":604149.2,"upper_bound":605811.125},"point_estimate":604829.2804130034,"standard_error":416.25381054854216},"median_abs_dev":{"confidence_interval":{"confidence_level":0.95,"lower_bound":2701.0209233759692,"upper_bound":4017.699877229961},"point_estimate":3415.6306504889862,"standard_error":337.8164387728088},"slope":{"confidence_interval":{"confidence_level":0.95,"lower_bound":604404.2869663495,"upper_bound":605888.355738448},"point_estimate":605156.4232569825,"standard_error":378.09598773143796},"std_dev":{"confidence_interval":{"confidence_level":0.95,"lower_bound":3041.5255781595374,"upper_bound":9709.062823928803},"point_estimate":6252.743888319263,"standard_error":2119.4174825081577}}