{"mean":{"confidence_interval":{"confidence_level":0.95,"lower_bound":617342.5825755073,"upper_bound":619166.6995195467},"point_estimate":618260.9863459379,"standard_error":464.87998156810124},"median":{"confidence_interval":{"confidence_level":0.95,"lower_bound":617277.5405405406,"upper_bound":619119.6210815047},"point_estimate":618104.6891622341,"standard_error":494.96779267546253},"median_abs_dev":{"confidence_interval":{"confidence_level":0.95,"lower_bound":2703.3373890581584,"upper_bound":4889.671959572593},"point_estimate":3672.3788355256147,"standard_error":563.6088543510092},"slope":{"confidence_interval":{"confidence_level":0.95,"lower_bound":618583.9089471756,"upper_bound":620316.8167769486},"point_estimate":619433.3414910595,"standard_error":441.6464145618548},"std_dev":{"confidence_interval":{"confidence_level":0.95,"lower_bound":3831.072120706197,"upper_bound":5453.983167224314},"point_estimate":4678.776809216767,"standard_error":413.2052441530109}}