{"mean":{"confidence_interval":{"confidence_level":0.95,"lower_bound":586782.7460283635,"upper_bound":590132.6503018476},"point_estimate":588264.6562588629,"standard_error":860.0367854334686},"median":{"confidence_interval":{"confidence_level":0.95,"lower_bound":585864.7096774194,"upper_bound":587739.3870614035},"point_estimate":586804.6345672652,"standard_error":484.08418522277617},"median_abs_dev":{"confidence_interval":{"confidence_level":0.95,"lower_bound":3190.2832323526673,"upper_bound":5060.646750299266},"point_estimate":4148.743828687379,"standard_error":502.0449334786097},"slope":{"confidence_interval":{"confidence_level":0.95,"lower_bound":586781.618552852,"upper_bound":592975.0559084592},"point_estimate":589415.9903768287,"standard_error":1618.0179758172164},"std_dev":{"confidence_interval":{"confidence_level":0.95,"lower_bound":3858.2241725016684,"upper_bound":12597.872373836142},"point_estimate":8614.851570586232,"standard_error":2315.173274621566}}