{"mean":{"confidence_interval":{"confidence_level":0.95,"lower_bound":2226.563273573546,"upper_bound":2246.0209433356517},"point_estimate":2234.795415915651,"standard_error":5.041044199242123},"median":{"confidence_interval":{"confidence_level":0.95,"lower_bound":2220.8232708514965,"upper_bound":2226.17220837474},"point_estimate":2223.036468735835,"standard_error":1.3343771630839083},"median_abs_dev":{"confidence_interval":{"confidence_level":0.95,"lower_bound":7.02854785699178,"upper_bound":13.973541096836476},"point_estimate":10.01925977289265,"standard_error":1.9073119777875318},"slope":{"confidence_interval":{"confidence_level":0.95,"lower_bound":2224.3874867783843,"upper_bound":2256.060185835763},"point_estimate":2237.0937836306825,"standard_error":8.366009894935775},"std_dev":{"confidence_interval":{"confidence_level":0.95,"lower_bound":11.858795875514382,"upper_bound":79.98007697142668},"point_estimate":50.77791102460961,"standard_error":17.62638786699908}}