{"mean":{"confidence_interval":{"confidence_level":0.95,"lower_bound":2654.4406924731634,"upper_bound":2661.8879919880105},"point_estimate":2657.485240634364,"standard_error":1.952123697719409},"median":{"confidence_interval":{"confidence_level":0.95,"lower_bound":2650.8109435059273,"upper_bound":2654.90186804721},"point_estimate":2653.064920123822,"standard_error":1.0912304272375442},"median_abs_dev":{"confidence_interval":{"confidence_level":0.95,"lower_bound":4.425332758427337,"upper_bound":8.424446710884716},"point_estimate":6.173757176054422,"standard_error":1.0802108670031223},"slope":{"confidence_interval":{"confidence_level":0.95,"lower_bound":2655.077772687281,"upper_bound":2658.5790892311834},"point_estimate":2656.786582995621,"standard_error":0.8923600499410335},"std_dev":{"confidence_interval":{"confidence_level":0.95,"lower_bound":7.681693895160127,"upper_bound":31.5823098372285},"point_estimate":19.71663629303328,"standard_error":7.857831834146676}}