{"mean":{"confidence_interval":{"confidence_level":0.95,"lower_bound":645052.6464942206,"upper_bound":646515.7834470439},"point_estimate":645746.4929098552,"standard_error":372.9538662340179},"median":{"confidence_interval":{"confidence_level":0.95,"lower_bound":644961.832002457,"upper_bound":646198.6719840479},"point_estimate":645356.9262884874,"standard_error":334.9882365098786},"median_abs_dev":{"confidence_interval":{"confidence_level":0.95,"lower_bound":2099.2923204224035,"upper_bound":3354.980889472924},"point_estimate":2628.752380350588,"standard_error":313.3909450685759},"slope":{"confidence_interval":{"confidence_level":0.95,"lower_bound":645023.58585543,"upper_bound":646004.4137806904},"point_estimate":645524.3956302645,"standard_error":250.13543993977194},"std_dev":{"confidence_interval":{"confidence_level":0.95,"lower_bound":2577.217608336496,"upper_bound":5075.341406776896},"point_estimate":3745.8495556618327,"standard_error":677.0733972500855}}