{"mean":{"confidence_interval":{"confidence_level":0.95,"lower_bound":686504.0514613817,"upper_bound":687926.9616218692},"point_estimate":687210.7887261283,"standard_error":361.3828939617465},"median":{"confidence_interval":{"confidence_level":0.95,"lower_bound":686668.1559758772,"upper_bound":687618.3695652174},"point_estimate":687252.4412878788,"standard_error":265.5798284067933},"median_abs_dev":{"confidence_interval":{"confidence_level":0.95,"lower_bound":1423.9731237579117,"upper_bound":2612.7751637584806},"point_estimate":1861.66947391339,"standard_error":296.4035119236508},"slope":{"confidence_interval":{"confidence_level":0.95,"lower_bound":687013.6805477511,"upper_bound":687942.3728724668},"point_estimate":687486.8488517808,"standard_error":236.7991371606323},"std_dev":{"confidence_interval":{"confidence_level":0.95,"lower_bound":2469.2553641581735,"upper_bound":4708.7284527518095},"point_estimate":3627.03920404562,"standard_error":572.0363251632431}}