{"mean":{"confidence_interval":{"confidence_level":0.95,"lower_bound":48150128.343125,"upper_bound":48567472.014125},"point_estimate":48346235.365,"standard_error":106566.55176007275},"median":{"confidence_interval":{"confidence_level":0.95,"lower_bound":48009079.25,"upper_bound":48464480.5},"point_estimate":48197067.0,"standard_error":118831.47115414926},"median_abs_dev":{"confidence_interval":{"confidence_level":0.95,"lower_bound":730673.5441904522,"upper_bound":1058619.3766057491},"point_estimate":919018.8750341535,"standard_error":83409.76473293966},"slope":null,"std_dev":{"confidence_interval":{"confidence_level":0.95,"lower_bound":672118.8228820341,"upper_bound":1399071.2512094222},"point_estimate":1068764.5838816923,"standard_error":180566.54641642107}}