{"mean":{"confidence_interval":{"confidence_level":0.95,"lower_bound":178337.03875307678,"upper_bound":179653.35777591585},"point_estimate":178967.12371981738,"standard_error":336.5035566717858},"median":{"confidence_interval":{"confidence_level":0.95,"lower_bound":177711.8106585262,"upper_bound":178538.9136668225},"point_estimate":178034.73092105263,"standard_error":221.4740197816681},"median_abs_dev":{"confidence_interval":{"confidence_level":0.95,"lower_bound":1452.3453446665962,"upper_bound":2948.8924173437063},"point_estimate":1928.149890447982,"standard_error":386.35344782582155},"slope":{"confidence_interval":{"confidence_level":0.95,"lower_bound":177297.1644514081,"upper_bound":178537.9331555564},"point_estimate":177816.22909905916,"standard_error":322.41097420885524},"std_dev":{"confidence_interval":{"confidence_level":0.95,"lower_bound":2553.025613069452,"upper_bound":4147.183274790365},"point_estimate":3386.8320231887897,"standard_error":407.74454429049035}}