{"mean":{"confidence_interval":{"confidence_level":0.95,"lower_bound":339214.1586396419,"upper_bound":340553.0372097951},"point_estimate":339858.14807282574,"standard_error":340.9681329278581},"median":{"confidence_interval":{"confidence_level":0.95,"lower_bound":338833.51666666666,"upper_bound":339944.26299283153},"point_estimate":339439.21856430895,"standard_error":275.874906817805},"median_abs_dev":{"confidence_interval":{"confidence_level":0.95,"lower_bound":1913.1496314722947,"upper_bound":2988.961763523813},"point_estimate":2414.336439667075,"standard_error":268.11585198827294},"slope":{"confidence_interval":{"confidence_level":0.95,"lower_bound":339111.8419461574,"upper_bound":340311.84530106577},"point_estimate":339715.9336554849,"standard_error":305.58998716288073},"std_dev":{"confidence_interval":{"confidence_level":0.95,"lower_bound":2558.1028955138795,"upper_bound":4213.648538796001},"point_estimate":3428.8874083243754,"standard_error":423.86801995877204}}