{"mean":{"confidence_interval":{"confidence_level":0.95,"lower_bound":259714.55105271016,"upper_bound":261326.5883605987},"point_estimate":260437.60417041313,"standard_error":413.97943318541905},"median":{"confidence_interval":{"confidence_level":0.95,"lower_bound":259589.04947703035,"upper_bound":260396.43548387097},"point_estimate":259950.94785714283,"standard_error":197.27268635383828},"median_abs_dev":{"confidence_interval":{"confidence_level":0.95,"lower_bound":1373.0671762386976,"upper_bound":2284.892584369578},"point_estimate":1653.4131406460497,"standard_error":227.28893027222057},"slope":{"confidence_interval":{"confidence_level":0.95,"lower_bound":259513.78783370738,"upper_bound":260505.1004702952},"point_estimate":259982.00802423526,"standard_error":252.46733925454373},"std_dev":{"confidence_interval":{"confidence_level":0.95,"lower_bound":2099.0272949788823,"upper_bound":6144.8670653485},"point_estimate":4163.2864913757585,"standard_error":1099.4858638083933}}