{"mean":{"confidence_interval":{"confidence_level":0.95,"lower_bound":477445.3777055239,"upper_bound":478934.03182139667},"point_estimate":478186.80458541977,"standard_error":379.5778801054772},"median":{"confidence_interval":{"confidence_level":0.95,"lower_bound":477322.8316326531,"upper_bound":478818.43055555556},"point_estimate":478034.9232954546,"standard_error":341.4655983471296},"median_abs_dev":{"confidence_interval":{"confidence_level":0.95,"lower_bound":2070.1477831601856,"upper_bound":4021.0837646741124},"point_estimate":2583.4892874672614,"standard_error":473.6580415140642},"slope":{"confidence_interval":{"confidence_level":0.95,"lower_bound":477440.2668921245,"upper_bound":478829.5947199817},"point_estimate":478109.95609132556,"standard_error":353.76837991095255},"std_dev":{"confidence_interval":{"confidence_level":0.95,"lower_bound":3128.3118664104595,"upper_bound":4435.247933523657},"point_estimate":3820.8981120325993,"standard_error":333.6832949754851}}