{"mean":{"confidence_interval":{"confidence_level":0.95,"lower_bound":476612.40637640754,"upper_bound":478422.431400755},"point_estimate":477501.3258053157,"standard_error":459.87709563370487},"median":{"confidence_interval":{"confidence_level":0.95,"lower_bound":476829.07692307694,"upper_bound":478710.4},"point_estimate":477891.07521186443,"standard_error":539.5122207451412},"median_abs_dev":{"confidence_interval":{"confidence_level":0.95,"lower_bound":2556.6978324941683,"upper_bound":4560.079738130186},"point_estimate":3403.2971561376503,"standard_error":557.648426491155},"slope":{"confidence_interval":{"confidence_level":0.95,"lower_bound":476791.39178868226,"upper_bound":478064.74127600086},"point_estimate":477444.52089995565,"standard_error":325.0272435565098},"std_dev":{"confidence_interval":{"confidence_level":0.95,"lower_bound":3509.887112491449,"upper_bound":5800.228455392231},"point_estimate":4636.664469475796,"standard_error":594.8921324867524}}