{"mean":{"confidence_interval":{"confidence_level":0.95,"lower_bound":484895.2131343795,"upper_bound":487255.6594633078},"point_estimate":486019.44644297985,"standard_error":602.9024515937123},"median":{"confidence_interval":{"confidence_level":0.95,"lower_bound":484158.12465554196,"upper_bound":486542.41780821915},"point_estimate":484960.51018518524,"standard_error":605.904423458325},"median_abs_dev":{"confidence_interval":{"confidence_level":0.95,"lower_bound":3486.491988422165,"upper_bound":5750.212793517632},"point_estimate":4769.16861652672,"standard_error":560.7634004731497},"slope":{"confidence_interval":{"confidence_level":0.95,"lower_bound":485827.4981645907,"upper_bound":488632.97120532667},"point_estimate":487193.59683611646,"standard_error":717.5830007876278},"std_dev":{"confidence_interval":{"confidence_level":0.95,"lower_bound":4349.385330202095,"upper_bound":7769.435825773053},"point_estimate":6062.202487058781,"standard_error":885.0648648247621}}