{"mean":{"confidence_interval":{"confidence_level":0.95,"lower_bound":408304.8115942318,"upper_bound":411017.63297416066},"point_estimate":409552.4596525992,"standard_error":695.3641961985953},"median":{"confidence_interval":{"confidence_level":0.95,"lower_bound":407449.85542929295,"upper_bound":409294.38907628437},"point_estimate":408067.6012605042,"standard_error":553.3323841947592},"median_abs_dev":{"confidence_interval":{"confidence_level":0.95,"lower_bound":3087.2794795648574,"upper_bound":5363.060919601429},"point_estimate":4132.124060731019,"standard_error":563.4784441714233},"slope":{"confidence_interval":{"confidence_level":0.95,"lower_bound":407798.62665940553,"upper_bound":409495.25741591054},"point_estimate":408638.2654558889,"standard_error":433.74741702268295},"std_dev":{"confidence_interval":{"confidence_level":0.95,"lower_bound":4071.895217443417,"upper_bound":9628.455345492515},"point_estimate":6988.469326865838,"standard_error":1453.9942606234313}}