{"mean":{"confidence_interval":{"confidence_level":0.95,"lower_bound":333011.55602614884,"upper_bound":336401.2308555261},"point_estimate":334448.2266045654,"standard_error":873.8831821089632},"median":{"confidence_interval":{"confidence_level":0.95,"lower_bound":332447.477124183,"upper_bound":333248.71794871794},"point_estimate":332836.70616856345,"standard_error":203.42135984838657},"median_abs_dev":{"confidence_interval":{"confidence_level":0.95,"lower_bound":1711.210445969163,"upper_bound":3036.9509941846213},"point_estimate":2336.0894421431335,"standard_error":332.79028386103477},"slope":{"confidence_interval":{"confidence_level":0.95,"lower_bound":332763.61755304516,"upper_bound":336004.26192935236},"point_estimate":334081.77005369193,"standard_error":838.1358301679054},"std_dev":{"confidence_interval":{"confidence_level":0.95,"lower_bound":3464.4414365503612,"upper_bound":13724.911383083558},"point_estimate":8787.928673936527,"standard_error":2980.3330057018325}}