{"mean":{"confidence_interval":{"confidence_level":0.95,"lower_bound":360320.08188040985,"upper_bound":361227.8667653244},"point_estimate":360751.2062840119,"standard_error":231.95850360809868},"median":{"confidence_interval":{"confidence_level":0.95,"lower_bound":360158.5693066383,"upper_bound":360994.9808429119},"point_estimate":360620.28634920635,"standard_error":209.0522915457235},"median_abs_dev":{"confidence_interval":{"confidence_level":0.95,"lower_bound":1453.5799020626782,"upper_bound":2337.610889557403},"point_estimate":2007.598545797377,"standard_error":235.27655148624223},"slope":{"confidence_interval":{"confidence_level":0.95,"lower_bound":360333.6873261233,"upper_bound":361032.3025558862},"point_estimate":360683.0880153687,"standard_error":177.65088258414644},"std_dev":{"confidence_interval":{"confidence_level":0.95,"lower_bound":1661.1114515909478,"upper_bound":3115.911337824723},"point_estimate":2329.9442665484203,"standard_error":408.5143459165843}}