{"mean":{"confidence_interval":{"confidence_level":0.95,"lower_bound":270970.78579742525,"upper_bound":272380.2840676013},"point_estimate":271655.65324837714,"standard_error":358.4189679185919},"median":{"confidence_interval":{"confidence_level":0.95,"lower_bound":270603.298828125,"upper_bound":271616.618852459},"point_estimate":271122.4977953767,"standard_error":225.23013399643193},"median_abs_dev":{"confidence_interval":{"confidence_level":0.95,"lower_bound":1865.2431418852777,"upper_bound":3169.2405653399696},"point_estimate":2547.4114469821316,"standard_error":326.34490847974234},"slope":{"confidence_interval":{"confidence_level":0.95,"lower_bound":270982.92149002926,"upper_bound":272092.1831155226},"point_estimate":271540.6589803458,"standard_error":282.6648939001031},"std_dev":{"confidence_interval":{"confidence_level":0.95,"lower_bound":2779.8299644414183,"upper_bound":4381.94808409822},"point_estimate":3605.214603569658,"standard_error":409.8528051316718}}