{"mean":{"confidence_interval":{"confidence_level":0.95,"lower_bound":258774.87265928916,"upper_bound":260354.16706803738},"point_estimate":259515.89291269268,"standard_error":403.62507439486996},"median":{"confidence_interval":{"confidence_level":0.95,"lower_bound":258359.59782608695,"upper_bound":259637.90909679089},"point_estimate":258915.60054448136,"standard_error":337.04018468505734},"median_abs_dev":{"confidence_interval":{"confidence_level":0.95,"lower_bound":2006.1015640131066,"upper_bound":3391.494886609428},"point_estimate":2765.8973682062647,"standard_error":354.41112500359},"slope":{"confidence_interval":{"confidence_level":0.95,"lower_bound":258814.71562444523,"upper_bound":259690.57762291253},"point_estimate":259242.36844613566,"standard_error":223.283084786903},"std_dev":{"confidence_interval":{"confidence_level":0.95,"lower_bound":2623.2509673719305,"upper_bound":5460.984219666099},"point_estimate":4058.661835851743,"standard_error":743.9078647404347}}