{"mean":{"confidence_interval":{"confidence_level":0.95,"lower_bound":1584722.0963059848,"upper_bound":1587036.1691454472},"point_estimate":1585831.3409732082,"standard_error":591.1262556508493},"median":{"confidence_interval":{"confidence_level":0.95,"lower_bound":1583895.08,"upper_bound":1585963.989010989},"point_estimate":1585027.7391812867,"standard_error":547.3595480314975},"median_abs_dev":{"confidence_interval":{"confidence_level":0.95,"lower_bound":3329.4861169748974,"upper_bound":5349.336521957866},"point_estimate":4120.0657470297965,"standard_error":503.67988679506925},"slope":{"confidence_interval":{"confidence_level":0.95,"lower_bound":1584388.059242952,"upper_bound":1586237.568880614},"point_estimate":1585285.2730042855,"standard_error":472.8741726976191},"std_dev":{"confidence_interval":{"confidence_level":0.95,"lower_bound":4382.719025514795,"upper_bound":7408.194513995645},"point_estimate":5917.868240583921,"standard_error":779.7828787154536}}