{"mean":{"confidence_interval":{"confidence_level":0.95,"lower_bound":1576890.7753775665,"upper_bound":1579988.5430262925},"point_estimate":1578244.8269515028,"standard_error":793.4688407234282},"median":{"confidence_interval":{"confidence_level":0.95,"lower_bound":1576472.690140845,"upper_bound":1577909.0357142857},"point_estimate":1577134.9426765474,"standard_error":337.00439409876964},"median_abs_dev":{"confidence_interval":{"confidence_level":0.95,"lower_bound":2637.8196256779784,"upper_bound":4223.373953569716},"point_estimate":3628.452997062155,"standard_error":409.42374211845697},"slope":{"confidence_interval":{"confidence_level":0.95,"lower_bound":1577512.1082656207,"upper_bound":1580540.402074897},"point_estimate":1578821.8233781587,"standard_error":782.7030168673521},"std_dev":{"confidence_interval":{"confidence_level":0.95,"lower_bound":3628.65881848826,"upper_bound":12245.820802147116},"point_estimate":7979.5385705085655,"standard_error":2477.3644558988963}}