{"mean":{"confidence_interval":{"confidence_level":0.95,"lower_bound":0.048968820210799964,"upper_bound":0.052473591057823656},"point_estimate":0.05070469430547053,"standard_error":0.0008907222538545424},"median":{"confidence_interval":{"confidence_level":0.95,"lower_bound":0.0492628311104317,"upper_bound":0.051895073030696626},"point_estimate":0.0505979551596889,"standard_error":0.0006823235947251658}}