{"mean":{"confidence_interval":{"confidence_level":0.95,"lower_bound":0.07229406090295296,"upper_bound":0.09161278398069445},"point_estimate":0.08465217390749058,"standard_error":0.005861533462837748},"median":{"confidence_interval":{"confidence_level":0.95,"lower_bound":0.08917094206701148,"upper_bound":0.09108312872867086},"point_estimate":0.08994530589118077,"standard_error":0.0004951486575209123}}