{"mean":{"confidence_interval":{"confidence_level":0.95,"lower_bound":0.01816483207799593,"upper_bound":0.05007267603399491},"point_estimate":0.03567702544710305,"standard_error":0.008201653265289717},"median":{"confidence_interval":{"confidence_level":0.95,"lower_bound":0.06232169485288308,"upper_bound":0.0652194418787391},"point_estimate":0.0638151666986635,"standard_error":0.0006875116854799961}}