{"mean":{"confidence_interval":{"confidence_level":0.95,"lower_bound":0.034606334313939745,"upper_bound":0.042221130179912636},"point_estimate":0.038260337713575066,"standard_error":0.001963643034914002},"median":{"confidence_interval":{"confidence_level":0.95,"lower_bound":0.03534811910143582,"upper_bound":0.039444322513172855},"point_estimate":0.03781771832290204,"standard_error":0.0010362366377619264}}