{"mean":{"confidence_interval":{"confidence_level":0.95,"lower_bound":0.05373101039818304,"upper_bound":0.05605928133879967},"point_estimate":0.05490484933575068,"standard_error":0.0005912114077518046},"median":{"confidence_interval":{"confidence_level":0.95,"lower_bound":0.05459586314894205,"upper_bound":0.056912230381708895},"point_estimate":0.05551351187913278,"standard_error":0.0005780131417218667}}