{"mean":{"confidence_interval":{"confidence_level":0.95,"lower_bound":2246.2358287335446,"upper_bound":2257.8996972121454},"point_estimate":2250.8565742102255,"standard_error":3.0955275624132805},"median":{"confidence_interval":{"confidence_level":0.95,"lower_bound":2243.0503802733215,"upper_bound":2245.7426143790854},"point_estimate":2244.5425010283834,"standard_error":0.7012449877346395},"median_abs_dev":{"confidence_interval":{"confidence_level":0.95,"lower_bound":3.984051370445926,"upper_bound":7.462800792457999},"point_estimate":5.63272137581627,"standard_error":0.90828299236712},"slope":{"confidence_interval":{"confidence_level":0.95,"lower_bound":2243.286139589154,"upper_bound":2249.321464930167},"point_estimate":2245.8506862403183,"standard_error":1.5598395966536853},"std_dev":{"confidence_interval":{"confidence_level":0.95,"lower_bound":9.204186232459332,"upper_bound":51.01915820140175},"point_estimate":31.1889299270638,"standard_error":13.58586882068023}}