{"mean":{"confidence_interval":{"confidence_level":0.95,"lower_bound":622015.0179937838,"upper_bound":634790.2235057654},"point_estimate":628306.1973840952,"standard_error":3262.560078300717},"median":{"confidence_interval":{"confidence_level":0.95,"lower_bound":616503.68,"upper_bound":632746.0789473684},"point_estimate":622035.596882832,"standard_error":3455.9347292945727},"median_abs_dev":{"confidence_interval":{"confidence_level":0.95,"lower_bound":23336.866804497047,"upper_bound":39402.2822586514},"point_estimate":31077.016323272706,"standard_error":4249.5227102662475},"slope":{"confidence_interval":{"confidence_level":0.95,"lower_bound":633654.1458881805,"upper_bound":648254.9989711979},"point_estimate":640818.7108837003,"standard_error":3733.7701389059757},"std_dev":{"confidence_interval":{"confidence_level":0.95,"lower_bound":27677.58141294113,"upper_bound":37306.520919573595},"point_estimate":32803.731939444435,"standard_error":2456.7091893737816}}