{"mean":{"confidence_interval":{"confidence_level":0.95,"lower_bound":820443.1202396393,"upper_bound":834495.8551511283},"point_estimate":826625.0494297065,"standard_error":3612.7625430730254},"median":{"confidence_interval":{"confidence_level":0.95,"lower_bound":816550.0986419753,"upper_bound":819442.5045093795},"point_estimate":817631.4333333333,"standard_error":599.3064097672127},"median_abs_dev":{"confidence_interval":{"confidence_level":0.95,"lower_bound":4475.7923400681775,"upper_bound":8745.546333197031},"point_estimate":6088.627568950762,"standard_error":1136.4352735351908},"slope":{"confidence_interval":{"confidence_level":0.95,"lower_bound":815894.2091259477,"upper_bound":821510.238128482},"point_estimate":818294.3981232451,"standard_error":1441.391495088676},"std_dev":{"confidence_interval":{"confidence_level":0.95,"lower_bound":15342.181559845705,"upper_bound":53822.80745144035},"point_estimate":36370.36740412315,"standard_error":10039.434559855164}}