{"mean":{"confidence_interval":{"confidence_level":0.95,"lower_bound":645712.2319163078,"upper_bound":647208.301593864},"point_estimate":646437.8314952567,"standard_error":380.546182691696},"median":{"confidence_interval":{"confidence_level":0.95,"lower_bound":645675.3829787234,"upper_bound":646503.0521145521},"point_estimate":646095.7454212455,"standard_error":231.7638301263957},"median_abs_dev":{"confidence_interval":{"confidence_level":0.95,"lower_bound":1817.0571414766057,"upper_bound":3761.4977009284194},"point_estimate":2938.209139957562,"standard_error":508.73460966756744},"slope":{"confidence_interval":{"confidence_level":0.95,"lower_bound":646261.4163911764,"upper_bound":647298.2276640432},"point_estimate":646782.0243653022,"standard_error":264.5201871121726},"std_dev":{"confidence_interval":{"confidence_level":0.95,"lower_bound":2945.3403306692867,"upper_bound":4653.3409648976785},"point_estimate":3833.7758759436915,"standard_error":437.2186221711453}}