{"mean":{"confidence_interval":{"confidence_level":0.95,"lower_bound":0.0564949242539546,"upper_bound":0.06789322115419281},"point_estimate":0.0621608207387736,"standard_error":0.0029054812587539216},"median":{"confidence_interval":{"confidence_level":0.95,"lower_bound":0.054096428755303405,"upper_bound":0.0682579785021793},"point_estimate":0.058907819320720645,"standard_error":0.0036951700514388556}}