{"mean":{"confidence_interval":{"confidence_level":0.95,"lower_bound":-0.055378022544841636,"upper_bound":-0.05219128659502838},"point_estimate":-0.05376752133799245,"standard_error":0.0008135022487820548},"median":{"confidence_interval":{"confidence_level":0.95,"lower_bound":-0.05514757303278772,"upper_bound":-0.05185582725538845},"point_estimate":-0.05408631473738357,"standard_error":0.0008955077979283288}}