{"mean":{"confidence_interval":{"confidence_level":0.95,"lower_bound":0.1456316378652518,"upper_bound":0.15226645072167627},"point_estimate":0.14884410316396335,"standard_error":0.0016837096097085476},"median":{"confidence_interval":{"confidence_level":0.95,"lower_bound":0.1427221407533945,"upper_bound":0.1505506991973491},"point_estimate":0.1470625996989645,"standard_error":0.002054077175210768}}