{"mean":{"confidence_interval":{"confidence_level":0.95,"lower_bound":702938.6309807794,"upper_bound":713391.9641908351},"point_estimate":707110.6008288241,"standard_error":2768.560690057533},"median":{"confidence_interval":{"confidence_level":0.95,"lower_bound":702382.3417397661,"upper_bound":704263.3115942029},"point_estimate":703170.9785714286,"standard_error":580.6229962980317},"median_abs_dev":{"confidence_interval":{"confidence_level":0.95,"lower_bound":2917.598397730756,"upper_bound":4695.556072782045},"point_estimate":3742.133067052164,"standard_error":441.5832965120708},"slope":{"confidence_interval":{"confidence_level":0.95,"lower_bound":703244.0882005979,"upper_bound":704869.5068145397},"point_estimate":704052.5333131372,"standard_error":414.867494242454},"std_dev":{"confidence_interval":{"confidence_level":0.95,"lower_bound":4126.987279149279,"upper_bound":45266.04690872278},"point_estimate":27800.689908935103,"standard_error":11675.353556952125}}