{"mean":{"confidence_interval":{"confidence_level":0.95,"lower_bound":179210.73538809642,"upper_bound":183456.36031977745},"point_estimate":181145.14910932045,"standard_error":1086.4570266939963},"median":{"confidence_interval":{"confidence_level":0.95,"lower_bound":177415.95289855072,"upper_bound":180208.6568627451},"point_estimate":178281.42353972426,"standard_error":627.7743486991919},"median_abs_dev":{"confidence_interval":{"confidence_level":0.95,"lower_bound":3365.3325521202064,"upper_bound":5470.8606424390255},"point_estimate":4170.623126844898,"standard_error":535.8534944895449},"slope":{"confidence_interval":{"confidence_level":0.95,"lower_bound":180216.09367027984,"upper_bound":182611.35785591387},"point_estimate":181325.331328506,"standard_error":612.7632257991831},"std_dev":{"confidence_interval":{"confidence_level":0.95,"lower_bound":6160.066970431978,"upper_bound":15020.309345899224},"point_estimate":10883.21376966282,"standard_error":2283.0591526500407}}