{"mean":{"confidence_interval":{"confidence_level":0.95,"lower_bound":265655.9192167974,"upper_bound":267868.89176266396},"point_estimate":266603.78057713865,"standard_error":572.8457193118932},"median":{"confidence_interval":{"confidence_level":0.95,"lower_bound":265143.3046875,"upper_bound":266161.51244212966},"point_estimate":265626.10318627453,"standard_error":241.29904428755842},"median_abs_dev":{"confidence_interval":{"confidence_level":0.95,"lower_bound":1454.8512316659069,"upper_bound":2412.14092472809},"point_estimate":1918.4599783057927,"standard_error":237.61656952341482},"slope":{"confidence_interval":{"confidence_level":0.95,"lower_bound":264713.67922358966,"upper_bound":265550.289891242},"point_estimate":265119.3517245456,"standard_error":213.54333749058094},"std_dev":{"confidence_interval":{"confidence_level":0.95,"lower_bound":2008.8591493532747,"upper_bound":8852.052572367362},"point_estimate":5741.279169538942,"standard_error":1848.0488289792754}}