{"mean":{"confidence_interval":{"confidence_level":0.95,"lower_bound":273260.5717839144,"upper_bound":274425.3290671784},"point_estimate":273840.696035684,"standard_error":297.39075831459974},"median":{"confidence_interval":{"confidence_level":0.95,"lower_bound":273421.11976345966,"upper_bound":274230.0326617827},"point_estimate":273813.60274060734,"standard_error":202.59706074026417},"median_abs_dev":{"confidence_interval":{"confidence_level":0.95,"lower_bound":1461.1910054223054,"upper_bound":2762.661183716851},"point_estimate":1985.938546409196,"standard_error":334.99106490591424},"slope":{"confidence_interval":{"confidence_level":0.95,"lower_bound":273866.21147434984,"upper_bound":274757.87385164486},"point_estimate":274298.7117348899,"standard_error":228.13003149436176},"std_dev":{"confidence_interval":{"confidence_level":0.95,"lower_bound":2419.9573414744527,"upper_bound":3490.9542132904503},"point_estimate":2984.0689095042244,"standard_error":273.2311937206666}}