{"mean":{"confidence_interval":{"confidence_level":0.95,"lower_bound":265317.6404439086,"upper_bound":266314.8720636784},"point_estimate":265795.24847864726,"standard_error":254.45193809488006},"median":{"confidence_interval":{"confidence_level":0.95,"lower_bound":265059.5887096774,"upper_bound":265922.2173913043},"point_estimate":265439.07097032876,"standard_error":207.23288827638288},"median_abs_dev":{"confidence_interval":{"confidence_level":0.95,"lower_bound":1230.669440575423,"upper_bound":2133.33606143857},"point_estimate":1643.6076833201244,"standard_error":227.2242723999741},"slope":{"confidence_interval":{"confidence_level":0.95,"lower_bound":265055.4790589623,"upper_bound":265787.005891567},"point_estimate":265405.70504950493,"standard_error":187.08897483536},"std_dev":{"confidence_interval":{"confidence_level":0.95,"lower_bound":1800.5022019659139,"upper_bound":3270.1058319556914},"point_estimate":2549.5420748098754,"standard_error":379.42984956752645}}