{"mean":{"confidence_interval":{"confidence_level":0.95,"lower_bound":239131.33355218393,"upper_bound":240547.9889660311},"point_estimate":239774.64506414082,"standard_error":360.9937481423202},"median":{"confidence_interval":{"confidence_level":0.95,"lower_bound":239138.0393939394,"upper_bound":239944.2464107677},"point_estimate":239504.6075912593,"standard_error":215.35187928043837},"median_abs_dev":{"confidence_interval":{"confidence_level":0.95,"lower_bound":1396.0454783402456,"upper_bound":2718.162992377108},"point_estimate":1936.958107833161,"standard_error":339.8512751866864},"slope":{"confidence_interval":{"confidence_level":0.95,"lower_bound":239277.9784300591,"upper_bound":241488.50853444566},"point_estimate":240164.97412028964,"standard_error":579.9244521465075},"std_dev":{"confidence_interval":{"confidence_level":0.95,"lower_bound":2133.034881467638,"upper_bound":5309.379200316555},"point_estimate":3629.7373631724445,"standard_error":940.7525191771032}}