{"mean":{"confidence_interval":{"confidence_level":0.95,"lower_bound":244331.83398767145,"upper_bound":245343.42899085532},"point_estimate":244814.1460235714,"standard_error":258.05172653248786},"median":{"confidence_interval":{"confidence_level":0.95,"lower_bound":244034.92185903984,"upper_bound":244900.328125},"point_estimate":244533.1950987842,"standard_error":249.75731891602427},"median_abs_dev":{"confidence_interval":{"confidence_level":0.95,"lower_bound":1271.3916715749979,"upper_bound":2476.424535024648},"point_estimate":1771.686030745392,"standard_error":299.57480696879554},"slope":{"confidence_interval":{"confidence_level":0.95,"lower_bound":243893.12909098185,"upper_bound":244646.57817985056},"point_estimate":244261.534563322,"standard_error":192.45510470296907},"std_dev":{"confidence_interval":{"confidence_level":0.95,"lower_bound":1863.2648069699594,"upper_bound":3393.1631812776945},"point_estimate":2587.0378366789387,"standard_error":408.10472586342934}}