{"mean":{"confidence_interval":{"confidence_level":0.95,"lower_bound":361516.63735367096,"upper_bound":370242.4643214995},"point_estimate":365547.8231700057,"standard_error":2228.374765362715},"median":{"confidence_interval":{"confidence_level":0.95,"lower_bound":356545.6324786325,"upper_bound":358695.42063492065},"point_estimate":357087.07843137253,"standard_error":529.0782272014151},"median_abs_dev":{"confidence_interval":{"confidence_level":0.95,"lower_bound":2740.037136354584,"upper_bound":5536.157632308666},"point_estimate":3618.098259027901,"standard_error":705.8968473888292},"slope":{"confidence_interval":{"confidence_level":0.95,"lower_bound":367181.6056143179,"upper_bound":381588.5262157802},"point_estimate":374007.5365587902,"standard_error":3677.1255588643353},"std_dev":{"confidence_interval":{"confidence_level":0.95,"lower_bound":14040.366114393577,"upper_bound":29253.375871487606},"point_estimate":22453.75673446521,"standard_error":3874.18978108978}}