{"mean":{"confidence_interval":{"confidence_level":0.95,"lower_bound":646183.1731448185,"upper_bound":654126.1091171479},"point_estimate":649811.7349491988,"standard_error":2032.8561341852237},"median":{"confidence_interval":{"confidence_level":0.95,"lower_bound":641188.9139784946,"upper_bound":645827.1985294118},"point_estimate":643385.207542194,"standard_error":1157.267761582347},"median_abs_dev":{"confidence_interval":{"confidence_level":0.95,"lower_bound":4805.6034005529855,"upper_bound":9519.64662064762},"point_estimate":7035.034687513027,"standard_error":1201.2103985975223},"slope":{"confidence_interval":{"confidence_level":0.95,"lower_bound":645956.392350321,"upper_bound":652106.2813006031},"point_estimate":648797.0730175853,"standard_error":1576.2006411640311},"std_dev":{"confidence_interval":{"confidence_level":0.95,"lower_bound":11687.225188038765,"upper_bound":28225.038023850266},"point_estimate":20426.219816018966,"standard_error":4280.331824548398}}