{"mean":{"confidence_interval":{"confidence_level":0.95,"lower_bound":307207.0325670811,"upper_bound":308287.7450330587},"point_estimate":307731.92072647857,"standard_error":275.2770962814347},"median":{"confidence_interval":{"confidence_level":0.95,"lower_bound":306947.2857142857,"upper_bound":307832.07575757575},"point_estimate":307461.69839324616,"standard_error":207.0224072555934},"median_abs_dev":{"confidence_interval":{"confidence_level":0.95,"lower_bound":1425.3101717119919,"upper_bound":2385.4773650333154},"point_estimate":1888.0146385655958,"standard_error":242.2537070368174},"slope":{"confidence_interval":{"confidence_level":0.95,"lower_bound":307660.3501766223,"upper_bound":309331.80990195804},"point_estimate":308404.76590118714,"standard_error":429.86822942981996},"std_dev":{"confidence_interval":{"confidence_level":0.95,"lower_bound":2035.5415551467709,"upper_bound":3518.938497638607},"point_estimate":2763.5405630809623,"standard_error":387.5072704485976}}