{"mean":{"confidence_interval":{"confidence_level":0.95,"lower_bound":262797.7458114353,"upper_bound":264268.0985080854},"point_estimate":263433.20201305643,"standard_error":377.54034655736905},"median":{"confidence_interval":{"confidence_level":0.95,"lower_bound":262323.2233870968,"upper_bound":263107.4974747475},"point_estimate":262760.9413233458,"standard_error":202.36020384696215},"median_abs_dev":{"confidence_interval":{"confidence_level":0.95,"lower_bound":1412.7802922481294,"upper_bound":2407.07945793543},"point_estimate":1814.4096486640317,"standard_error":253.60144225791606},"slope":{"confidence_interval":{"confidence_level":0.95,"lower_bound":262248.30290718534,"upper_bound":263194.559041171},"point_estimate":262702.14654499775,"standard_error":241.64333730410561},"std_dev":{"confidence_interval":{"confidence_level":0.95,"lower_bound":1891.3592345421987,"upper_bound":5805.2124416098195},"point_estimate":3796.3989584204915,"standard_error":1219.9178151045876}}