{"mean":{"confidence_interval":{"confidence_level":0.95,"lower_bound":370397.9333387114,"upper_bound":373221.7044410308},"point_estimate":371609.85060189874,"standard_error":726.41317830508},"median":{"confidence_interval":{"confidence_level":0.95,"lower_bound":370178.75,"upper_bound":372010.16875},"point_estimate":371110.87615131575,"standard_error":492.69017962070996},"median_abs_dev":{"confidence_interval":{"confidence_level":0.95,"lower_bound":2687.2780882287916,"upper_bound":4228.996478228218},"point_estimate":3341.716482055096,"standard_error":396.0169554867186},"slope":{"confidence_interval":{"confidence_level":0.95,"lower_bound":371029.19367334974,"upper_bound":373029.62503054994},"point_estimate":371946.36640313285,"standard_error":511.06568658057734},"std_dev":{"confidence_interval":{"confidence_level":0.95,"lower_bound":3531.3692273931265,"upper_bound":11256.433059680827},"point_estimate":7260.933573539718,"standard_error":2458.0985776751436}}