{"mean":{"confidence_interval":{"confidence_level":0.95,"lower_bound":451401.728474106,"upper_bound":452998.8808077243},"point_estimate":452182.8241126856,"standard_error":407.81030525505514},"median":{"confidence_interval":{"confidence_level":0.95,"lower_bound":450448.5021978022,"upper_bound":452908.9583333333},"point_estimate":451490.4821710008,"standard_error":673.0348342953922},"median_abs_dev":{"confidence_interval":{"confidence_level":0.95,"lower_bound":3017.2907352635957,"upper_bound":4894.165229900088},"point_estimate":3894.9210221777093,"standard_error":498.25809997304117},"slope":{"confidence_interval":{"confidence_level":0.95,"lower_bound":450862.4585092848,"upper_bound":452560.4399367762},"point_estimate":451713.834711098,"standard_error":433.1768896213832},"std_dev":{"confidence_interval":{"confidence_level":0.95,"lower_bound":3393.2263552964464,"upper_bound":4767.075798201854},"point_estimate":4096.591497215956,"standard_error":352.9626542127551}}