{"mean":{"confidence_interval":{"confidence_level":0.95,"lower_bound":469664.5901990327,"upper_bound":471191.65067035286},"point_estimate":470375.0702493016,"standard_error":388.58974447201183},"median":{"confidence_interval":{"confidence_level":0.95,"lower_bound":469308.7578125,"upper_bound":470662.67291666666},"point_estimate":469923.24711623776,"standard_error":333.61701914059427},"median_abs_dev":{"confidence_interval":{"confidence_level":0.95,"lower_bound":1919.4191728061078,"upper_bound":3486.3461931049796},"point_estimate":2744.853075803258,"standard_error":414.83313022126447},"slope":{"confidence_interval":{"confidence_level":0.95,"lower_bound":469474.6275257722,"upper_bound":470701.8542931284},"point_estimate":470094.7963381114,"standard_error":312.6686664825236},"std_dev":{"confidence_interval":{"confidence_level":0.95,"lower_bound":2568.1169504702566,"upper_bound":5421.637038073485},"point_estimate":3914.4630052876405,"standard_error":799.9788019812812}}