{"mean":{"confidence_interval":{"confidence_level":0.95,"lower_bound":-0.03504952968558395,"upper_bound":-0.02757694594984815},"point_estimate":-0.031430152807637834,"standard_error":0.0019085850977268355},"median":{"confidence_interval":{"confidence_level":0.95,"lower_bound":-0.0362399362128305,"upper_bound":-0.02985787802669615},"point_estimate":-0.0332287337418653,"standard_error":0.0016203036003053818}}