{"mean":{"confidence_interval":{"confidence_level":0.95,"lower_bound":170004.05793752495,"upper_bound":171138.51260659425},"point_estimate":170514.37216137908,"standard_error":290.4358745454791},"median":{"confidence_interval":{"confidence_level":0.95,"lower_bound":169764.04166666666,"upper_bound":170427.71875},"point_estimate":170051.3740740741,"standard_error":163.66421794705244},"median_abs_dev":{"confidence_interval":{"confidence_level":0.95,"lower_bound":903.303833730593,"upper_bound":1724.2933430620287},"point_estimate":1263.685117922043,"standard_error":212.7602047186323},"slope":{"confidence_interval":{"confidence_level":0.95,"lower_bound":169870.9710106148,"upper_bound":170407.40364294048},"point_estimate":170135.34340525098,"standard_error":137.0174006860134},"std_dev":{"confidence_interval":{"confidence_level":0.95,"lower_bound":1478.6061617275527,"upper_bound":4259.9587983084375},"point_estimate":2925.0699335612103,"standard_error":738.8329609162979}}