{"mean":{"confidence_interval":{"confidence_level":0.95,"lower_bound":11311468.732450003,"upper_bound":11391104.772799997},"point_estimate":11348790.189999998,"standard_error":20284.368897033368},"median":{"confidence_interval":{"confidence_level":0.95,"lower_bound":11252732.2,"upper_bound":11268753.0},"point_estimate":11258949.1,"standard_error":3899.3840610747193},"median_abs_dev":{"confidence_interval":{"confidence_level":0.95,"lower_bound":18352.504621177388,"upper_bound":48973.98363053799},"point_estimate":36713.77140819971,"standard_error":8459.387571209621},"slope":null,"std_dev":{"confidence_interval":{"confidence_level":0.95,"lower_bound":144752.19984750322,"upper_bound":254733.82500889714},"point_estimate":203948.48384942967,"standard_error":28164.84144858744}}