{"mean":{"confidence_interval":{"confidence_level":0.95,"lower_bound":265170.2680016788,"upper_bound":269768.06850395934},"point_estimate":267325.25302478595,"standard_error":1177.35836111895},"median":{"confidence_interval":{"confidence_level":0.95,"lower_bound":261563.94791666666,"upper_bound":266554.7097701149},"point_estimate":263231.34810126584,"standard_error":1196.4410978872606},"median_abs_dev":{"confidence_interval":{"confidence_level":0.95,"lower_bound":5406.743782700705,"upper_bound":11644.144457244318},"point_estimate":8860.660457174043,"standard_error":1638.8647189340656},"slope":{"confidence_interval":{"confidence_level":0.95,"lower_bound":262728.63960373466,"upper_bound":268661.78932635253},"point_estimate":265297.47732303827,"standard_error":1530.1126271792698},"std_dev":{"confidence_interval":{"confidence_level":0.95,"lower_bound":8016.024229086338,"upper_bound":16070.78686287287},"point_estimate":11841.329658431196,"standard_error":2216.6282074783944}}