{"mean":{"confidence_interval":{"confidence_level":0.95,"lower_bound":354838.10699308745,"upper_bound":356861.1043867132},"point_estimate":355786.7010823736,"standard_error":516.0153308281228},"median":{"confidence_interval":{"confidence_level":0.95,"lower_bound":353901.8898148148,"upper_bound":355641.0317460318},"point_estimate":354587.67833333334,"standard_error":530.63382305216},"median_abs_dev":{"confidence_interval":{"confidence_level":0.95,"lower_bound":2347.2460787514665,"upper_bound":4330.585758435945},"point_estimate":3258.702071762999,"standard_error":574.1952548605755},"slope":{"confidence_interval":{"confidence_level":0.95,"lower_bound":355108.6134807576,"upper_bound":356768.07344581326},"point_estimate":355918.36545293336,"standard_error":424.43304301409165},"std_dev":{"confidence_interval":{"confidence_level":0.95,"lower_bound":3516.299135293804,"upper_bound":7062.899388906852},"point_estimate":5185.224461626005,"standard_error":995.7186337735033}}