{"mean":{"confidence_interval":{"confidence_level":0.95,"lower_bound":268391.57315169065,"upper_bound":269285.0694913117},"point_estimate":268830.3651979355,"standard_error":228.37362198570517},"median":{"confidence_interval":{"confidence_level":0.95,"lower_bound":268025.29,"upper_bound":269289.8899857955},"point_estimate":268674.6800868486,"standard_error":356.2909109717586},"median_abs_dev":{"confidence_interval":{"confidence_level":0.95,"lower_bound":1680.5799893070816,"upper_bound":2662.0776921308143},"point_estimate":2197.322339760507,"standard_error":254.3666724129514},"slope":{"confidence_interval":{"confidence_level":0.95,"lower_bound":268578.40584439936,"upper_bound":269522.983500003},"point_estimate":269052.72939264076,"standard_error":240.68845165326402},"std_dev":{"confidence_interval":{"confidence_level":0.95,"lower_bound":1911.0608909073324,"upper_bound":2643.406712074073},"point_estimate":2291.969148513635,"standard_error":187.90368248160266}}