{"mean":{"confidence_interval":{"confidence_level":0.95,"lower_bound":277779.693901925,"upper_bound":279151.65331483615},"point_estimate":278453.67403274967,"standard_error":350.85799878147725},"median":{"confidence_interval":{"confidence_level":0.95,"lower_bound":277392.25925925927,"upper_bound":278924.94824426004},"point_estimate":278316.4578737745,"standard_error":357.2515412912984},"median_abs_dev":{"confidence_interval":{"confidence_level":0.95,"lower_bound":2304.527747062983,"upper_bound":3734.0978607679026},"point_estimate":2900.8446283647404,"standard_error":359.7243089086726},"slope":{"confidence_interval":{"confidence_level":0.95,"lower_bound":277981.56708129594,"upper_bound":279063.0911142157},"point_estimate":278544.43482192996,"standard_error":275.75553190423443},"std_dev":{"confidence_interval":{"confidence_level":0.95,"lower_bound":2859.942402605039,"upper_bound":4188.859371163108},"point_estimate":3523.7202823359758,"standard_error":342.50388560914416}}