{"mean":{"confidence_interval":{"confidence_level":0.95,"lower_bound":400426.61640671006,"upper_bound":401519.5276959619},"point_estimate":400958.24401549564,"standard_error":279.070563813606},"median":{"confidence_interval":{"confidence_level":0.95,"lower_bound":400205.7971014493,"upper_bound":400870.43605200946},"point_estimate":400648.82908442983,"standard_error":201.70283125921978},"median_abs_dev":{"confidence_interval":{"confidence_level":0.95,"lower_bound":1491.6381126119538,"upper_bound":2871.1971917994206},"point_estimate":2133.5786299180204,"standard_error":335.93065852128},"slope":{"confidence_interval":{"confidence_level":0.95,"lower_bound":400255.5394022994,"upper_bound":401240.91551170126},"point_estimate":400733.95305354416,"standard_error":251.4603800349759},"std_dev":{"confidence_interval":{"confidence_level":0.95,"lower_bound":2237.181964653398,"upper_bound":3370.1590715749467},"point_estimate":2809.441530685955,"standard_error":290.8323913101512}}