{"mean":{"confidence_interval":{"confidence_level":0.95,"lower_bound":425407.4181792416,"upper_bound":426529.85646821006},"point_estimate":425970.52763285,"standard_error":286.3483429517038},"median":{"confidence_interval":{"confidence_level":0.95,"lower_bound":425592.3609385783,"upper_bound":426590.73529411765},"point_estimate":426273.7372893017,"standard_error":252.79208253378204},"median_abs_dev":{"confidence_interval":{"confidence_level":0.95,"lower_bound":1709.9601058641529,"upper_bound":3315.215612929275},"point_estimate":2476.54262538742,"standard_error":405.37499363895427},"slope":{"confidence_interval":{"confidence_level":0.95,"lower_bound":425529.8383703862,"upper_bound":426780.3832383094},"point_estimate":426175.42310822126,"standard_error":320.75514576789175},"std_dev":{"confidence_interval":{"confidence_level":0.95,"lower_bound":2362.318217992623,"upper_bound":3376.0725452475713},"point_estimate":2881.4608259340703,"standard_error":259.76345406992334}}