{"mean":{"confidence_interval":{"confidence_level":0.95,"lower_bound":596659.4118928114,"upper_bound":598879.5578429732},"point_estimate":597789.8599789374,"standard_error":564.7231074041713},"median":{"confidence_interval":{"confidence_level":0.95,"lower_bound":596790.566981132,"upper_bound":598822.715859299},"point_estimate":597846.2625,"standard_error":495.9796949715179},"median_abs_dev":{"confidence_interval":{"confidence_level":0.95,"lower_bound":3346.724330903008,"upper_bound":5503.357926880834},"point_estimate":4265.826762258302,"standard_error":550.713502631974},"slope":{"confidence_interval":{"confidence_level":0.95,"lower_bound":598685.5366630475,"upper_bound":600488.1747777326},"point_estimate":599622.6548795626,"standard_error":460.72855355571784},"std_dev":{"confidence_interval":{"confidence_level":0.95,"lower_bound":4315.593881887268,"upper_bound":7041.867038509438},"point_estimate":5664.873846669504,"standard_error":704.8131690395712}}