{"mean":{"confidence_interval":{"confidence_level":0.95,"lower_bound":618500.9332335877,"upper_bound":648353.9189150553},"point_estimate":632332.0000078869,"standard_error":7657.298070513618},"median":{"confidence_interval":{"confidence_level":0.95,"lower_bound":604212.0,"upper_bound":610005.2583333333},"point_estimate":605511.5617299471,"standard_error":1567.784832538871},"median_abs_dev":{"confidence_interval":{"confidence_level":0.95,"lower_bound":4117.736880572067,"upper_bound":9783.709584637736},"point_estimate":6587.317691758259,"standard_error":1416.4008769309742},"slope":{"confidence_interval":{"confidence_level":0.95,"lower_bound":612890.9794124671,"upper_bound":662890.1397913048},"point_estimate":634628.643069307,"standard_error":12968.783373119757},"std_dev":{"confidence_interval":{"confidence_level":0.95,"lower_bound":49733.622038761765,"upper_bound":98248.21130194628},"point_estimate":76750.99889903673,"standard_error":12377.91990947503}}