{"mean":{"confidence_interval":{"confidence_level":0.95,"lower_bound":635517.251876182,"upper_bound":637894.7560090404},"point_estimate":636584.9986216194,"standard_error":609.6547252971335},"median":{"confidence_interval":{"confidence_level":0.95,"lower_bound":634157.2678571428,"upper_bound":636522.4663852408},"point_estimate":635207.8567907996,"standard_error":625.6597475636041},"median_abs_dev":{"confidence_interval":{"confidence_level":0.95,"lower_bound":2587.601011101881,"upper_bound":4514.97336383229},"point_estimate":3572.7010007593653,"standard_error":461.93973686983713},"slope":{"confidence_interval":{"confidence_level":0.95,"lower_bound":635585.514500127,"upper_bound":640218.0464443046},"point_estimate":637470.1677272056,"standard_error":1216.566472420679},"std_dev":{"confidence_interval":{"confidence_level":0.95,"lower_bound":3499.4618334059214,"upper_bound":9023.175319402937},"point_estimate":6146.749178848618,"standard_error":1653.7013073592216}}