{"mean":{"confidence_interval":{"confidence_level":0.95,"lower_bound":249238.67326775598,"upper_bound":250100.00371447508},"point_estimate":249652.25064407047,"standard_error":219.25804267853133},"median":{"confidence_interval":{"confidence_level":0.95,"lower_bound":248768.5576923077,"upper_bound":249673.25671101775},"point_estimate":249377.9912202381,"standard_error":246.14966643444754},"median_abs_dev":{"confidence_interval":{"confidence_level":0.95,"lower_bound":1363.2710162344893,"upper_bound":2325.236887783766},"point_estimate":1860.0356075333343,"standard_error":234.46065664062144},"slope":{"confidence_interval":{"confidence_level":0.95,"lower_bound":248860.67657569904,"upper_bound":249511.76567472809},"point_estimate":249176.0910706369,"standard_error":166.32240144359855},"std_dev":{"confidence_interval":{"confidence_level":0.95,"lower_bound":1710.8965744618158,"upper_bound":2731.111147662973},"point_estimate":2201.772469655336,"standard_error":266.2900140069488}}