{"mean":{"confidence_interval":{"confidence_level":0.95,"lower_bound":-0.025153902509009004,"upper_bound":-0.018080337770056215},"point_estimate":-0.021668210974397972,"standard_error":0.0017874766507509224},"median":{"confidence_interval":{"confidence_level":0.95,"lower_bound":-0.02614209035770243,"upper_bound":-0.016758818266820734},"point_estimate":-0.021299389303858107,"standard_error":0.002410116446931885}}