{"mean":{"confidence_interval":{"confidence_level":0.95,"lower_bound":-0.0770416837316131,"upper_bound":-0.07222206010418795},"point_estimate":-0.07477572281489708,"standard_error":0.0012118117909809892},"median":{"confidence_interval":{"confidence_level":0.95,"lower_bound":-0.07620191826953204,"upper_bound":-0.07219140153838632},"point_estimate":-0.0740076829296229,"standard_error":0.0010073654879882675}}