{"mean":{"confidence_interval":{"confidence_level":0.95,"lower_bound":-0.04641255893533885,"upper_bound":-0.029728626577618156},"point_estimate":-0.037993174871782,"standard_error":0.004276667903916962},"median":{"confidence_interval":{"confidence_level":0.95,"lower_bound":-0.05085882602749037,"upper_bound":-0.035688679850768214},"point_estimate":-0.044262754209161925,"standard_error":0.0038786940458874837}}