{"mean":{"confidence_interval":{"confidence_level":0.95,"lower_bound":-0.014262271029308318,"upper_bound":-0.009725761683608553},"point_estimate":-0.011857491877446336,"standard_error":0.0011577900186509585},"median":{"confidence_interval":{"confidence_level":0.95,"lower_bound":-0.012511107185909753,"upper_bound":-0.0078696252329572},"point_estimate":-0.009276984475947714,"standard_error":0.0012085304201288462}}