{"mean":{"confidence_interval":{"confidence_level":0.95,"lower_bound":365819.3331872852,"upper_bound":367113.33914227114},"point_estimate":366431.71385015175,"standard_error":330.6036218439264},"median":{"confidence_interval":{"confidence_level":0.95,"lower_bound":365384.99242424243,"upper_bound":366132.7715053763},"point_estimate":365619.0821138212,"standard_error":208.36179458763314},"median_abs_dev":{"confidence_interval":{"confidence_level":0.95,"lower_bound":1296.2554557436165,"upper_bound":2860.2147929555235},"point_estimate":2251.7751255596327,"standard_error":405.8460105788333},"slope":{"confidence_interval":{"confidence_level":0.95,"lower_bound":365306.8643054633,"upper_bound":366218.59322954994},"point_estimate":365752.75213043694,"standard_error":232.28460878780766},"std_dev":{"confidence_interval":{"confidence_level":0.95,"lower_bound":2273.6160748003927,"upper_bound":4436.648295728851},"point_estimate":3342.2364577512935,"standard_error":568.5487568260087}}