{"mean":{"confidence_interval":{"confidence_level":0.95,"lower_bound":423884.37122770806,"upper_bound":427288.796698342},"point_estimate":425195.3418609901,"standard_error":911.2979205780331},"median":{"confidence_interval":{"confidence_level":0.95,"lower_bound":423544.23913043475,"upper_bound":424642.5641025641},"point_estimate":424062.78065134096,"standard_error":250.72076434045505},"median_abs_dev":{"confidence_interval":{"confidence_level":0.95,"lower_bound":1579.757458723141,"upper_bound":3021.733769450941},"point_estimate":1996.27460879169,"standard_error":380.6170015417713},"slope":{"confidence_interval":{"confidence_level":0.95,"lower_bound":423501.9649231343,"upper_bound":425227.742370319},"point_estimate":424364.17007832124,"standard_error":442.04948678856147},"std_dev":{"confidence_interval":{"confidence_level":0.95,"lower_bound":2491.9581587832095,"upper_bound":15187.45538289759},"point_estimate":9166.446100312869,"standard_error":4250.428037712168}}