{"mean":{"confidence_interval":{"confidence_level":0.95,"lower_bound":4386288.455675,"upper_bound":4419745.147149999},"point_estimate":4400517.163999999,"standard_error":8613.896124246543},"median":{"confidence_interval":{"confidence_level":0.95,"lower_bound":4380607.9,"upper_bound":4389774.6},"point_estimate":4384200.75,"standard_error":2222.5930792333543},"median_abs_dev":{"confidence_interval":{"confidence_level":0.95,"lower_bound":17019.358137846546,"upper_bound":30813.32003295394},"point_estimate":24026.273873448372,"standard_error":3405.7995204924614},"slope":null,"std_dev":{"confidence_interval":{"confidence_level":0.95,"lower_bound":33711.42984516223,"upper_bound":133949.46084392138},"point_estimate":86414.50846105513,"standard_error":28319.593122260518}}