{"mean":{"confidence_interval":{"confidence_level":0.95,"lower_bound":4296643.365175,"upper_bound":4306273.058300001},"point_estimate":4301441.6729999995,"standard_error":2444.033084201882},"median":{"confidence_interval":{"confidence_level":0.95,"lower_bound":4298266.35,"upper_bound":4303558.2},"point_estimate":4301582.2,"standard_error":1210.6074856353887},"median_abs_dev":{"confidence_interval":{"confidence_level":0.95,"lower_bound":9440.158812404094,"upper_bound":15471.523765324719},"point_estimate":12427.968409359179,"standard_error":1560.794114172254},"slope":null,"std_dev":{"confidence_interval":{"confidence_level":0.95,"lower_bound":16104.355061586022,"upper_bound":31963.299378574473},"point_estimate":24468.86080052618,"standard_error":4042.49463269165}}