{"mean":{"confidence_interval":{"confidence_level":0.95,"lower_bound":499138.83777242113,"upper_bound":501660.87316629925},"point_estimate":500370.6242529174,"standard_error":640.7645153371299},"median":{"confidence_interval":{"confidence_level":0.95,"lower_bound":499069.5873015873,"upper_bound":500989.23913043475},"point_estimate":500191.03024143877,"standard_error":540.3181374816513},"median_abs_dev":{"confidence_interval":{"confidence_level":0.95,"lower_bound":3062.334947504381,"upper_bound":5208.114947646421},"point_estimate":4021.936300288757,"standard_error":522.7508810470315},"slope":{"confidence_interval":{"confidence_level":0.95,"lower_bound":499807.0179692654,"upper_bound":501806.664631819},"point_estimate":500752.80256243533,"standard_error":508.69248386955985},"std_dev":{"confidence_interval":{"confidence_level":0.95,"lower_bound":4470.926557822102,"upper_bound":8380.937654085936},"point_estimate":6447.127767666954,"standard_error":1009.4671083709089}}