{"mean":{"confidence_interval":{"confidence_level":0.95,"lower_bound":239542.31697447982,"upper_bound":240816.42139774657},"point_estimate":240141.42600716668,"standard_error":326.2824416712796},"median":{"confidence_interval":{"confidence_level":0.95,"lower_bound":239277.73170731709,"upper_bound":240251.22922207447},"point_estimate":239665.87670816883,"standard_error":281.7361790769752},"median_abs_dev":{"confidence_interval":{"confidence_level":0.95,"lower_bound":1318.0609580743956,"upper_bound":2446.0394597390723},"point_estimate":1876.1191706627264,"standard_error":275.4457806288007},"slope":{"confidence_interval":{"confidence_level":0.95,"lower_bound":239258.7581992957,"upper_bound":240144.90865173863},"point_estimate":239684.1351869366,"standard_error":225.8876717208217},"std_dev":{"confidence_interval":{"confidence_level":0.95,"lower_bound":2009.395046153701,"upper_bound":4440.167356109706},"point_estimate":3281.266317038137,"standard_error":633.947811922773}}