{"mean":{"confidence_interval":{"confidence_level":0.95,"lower_bound":255106.11594445174,"upper_bound":256921.27851276434},"point_estimate":256014.82595566896,"standard_error":463.99933513482796},"median":{"confidence_interval":{"confidence_level":0.95,"lower_bound":254241.4609375,"upper_bound":257944.39451754384},"point_estimate":256749.1443452381,"standard_error":982.0079826584425},"median_abs_dev":{"confidence_interval":{"confidence_level":0.95,"lower_bound":3992.4822907859043,"upper_bound":6058.3634609856945},"point_estimate":5185.6957700716,"standard_error":516.5297045601391},"slope":{"confidence_interval":{"confidence_level":0.95,"lower_bound":257294.6931869699,"upper_bound":259231.58415694532},"point_estimate":258288.90482931875,"standard_error":495.478087149667},"std_dev":{"confidence_interval":{"confidence_level":0.95,"lower_bound":4069.3264243341614,"upper_bound":5205.253668953352},"point_estimate":4660.684849664538,"standard_error":290.25276255038074}}