{"mean":{"confidence_interval":{"confidence_level":0.95,"lower_bound":232835.17313501722,"upper_bound":233956.61799189588},"point_estimate":233337.20975628612,"standard_error":287.7008232260084},"median":{"confidence_interval":{"confidence_level":0.95,"lower_bound":232948.8395348837,"upper_bound":233696.48313641245},"point_estimate":233205.95854800937,"standard_error":199.30770677295598},"median_abs_dev":{"confidence_interval":{"confidence_level":0.95,"lower_bound":990.620598313179,"upper_bound":1668.045659554606},"point_estimate":1257.932539333898,"standard_error":177.62706779350157},"slope":{"confidence_interval":{"confidence_level":0.95,"lower_bound":233162.05819387684,"upper_bound":233840.01119114828},"point_estimate":233505.64750406385,"standard_error":172.21910926456118},"std_dev":{"confidence_interval":{"confidence_level":0.95,"lower_bound":1538.44715802842,"upper_bound":4343.913762471403},"point_estimate":2894.810660395003,"standard_error":833.0813996873993}}