{"mean":{"confidence_interval":{"confidence_level":0.95,"lower_bound":262894.0194899154,"upper_bound":264753.27162651543},"point_estimate":263730.20704843267,"standard_error":476.28912515960434},"median":{"confidence_interval":{"confidence_level":0.95,"lower_bound":262348.5261243386,"upper_bound":263249.1739204546},"point_estimate":262888.128545486,"standard_error":204.43130031794274},"median_abs_dev":{"confidence_interval":{"confidence_level":0.95,"lower_bound":1594.181878276553,"upper_bound":2867.6828758735287},"point_estimate":2196.2337120804723,"standard_error":318.14793125835223},"slope":{"confidence_interval":{"confidence_level":0.95,"lower_bound":263176.61513401277,"upper_bound":264352.50240800634},"point_estimate":263762.0429377863,"standard_error":300.4280959689527},"std_dev":{"confidence_interval":{"confidence_level":0.95,"lower_bound":2700.8443465220203,"upper_bound":6952.01496322693},"point_estimate":4765.80800013151,"standard_error":1220.1590321146637}}