{"mean":{"confidence_interval":{"confidence_level":0.95,"lower_bound":855204.8906152692,"upper_bound":858139.3301468878},"point_estimate":856561.7970526533,"standard_error":749.5982741986652},"median":{"confidence_interval":{"confidence_level":0.95,"lower_bound":853552.3137254902,"upper_bound":855985.598864994},"point_estimate":854917.0509404389,"standard_error":679.965662827612},"median_abs_dev":{"confidence_interval":{"confidence_level":0.95,"lower_bound":3073.125326342734,"upper_bound":5177.604055771456},"point_estimate":4004.888732430366,"standard_error":557.2674446612144},"slope":{"confidence_interval":{"confidence_level":0.95,"lower_bound":853452.7261091634,"upper_bound":856512.775578243},"point_estimate":854783.88190631,"standard_error":785.386173139567},"std_dev":{"confidence_interval":{"confidence_level":0.95,"lower_bound":4566.201902055627,"upper_bound":10502.163842791106},"point_estimate":7502.892657379134,"standard_error":1595.1855571550755}}