{"mean":{"confidence_interval":{"confidence_level":0.95,"lower_bound":787741.8969881826,"upper_bound":791010.6246967951},"point_estimate":789402.9098231521,"standard_error":834.1828542348501},"median":{"confidence_interval":{"confidence_level":0.95,"lower_bound":788658.89745671,"upper_bound":791283.5698924732},"point_estimate":789574.3823051949,"standard_error":583.6208631831557},"median_abs_dev":{"confidence_interval":{"confidence_level":0.95,"lower_bound":5328.925639302873,"upper_bound":9048.864031272064},"point_estimate":7137.698315635027,"standard_error":1039.3130617840886},"slope":{"confidence_interval":{"confidence_level":0.95,"lower_bound":789711.4894911414,"upper_bound":792575.8211778019},"point_estimate":791075.4449416285,"standard_error":729.4665816462884},"std_dev":{"confidence_interval":{"confidence_level":0.95,"lower_bound":7123.495135214559,"upper_bound":9463.445396129247},"point_estimate":8380.012466345916,"standard_error":596.5088407384931}}