{"mean":{"confidence_interval":{"confidence_level":0.95,"lower_bound":321615.8612980197,"upper_bound":322555.72313886386},"point_estimate":322086.7329050754,"standard_error":239.7550730132416},"median":{"confidence_interval":{"confidence_level":0.95,"lower_bound":321517.221043771,"upper_bound":322326.252209596},"point_estimate":321866.8812957683,"standard_error":219.0646114397497},"median_abs_dev":{"confidence_interval":{"confidence_level":0.95,"lower_bound":1455.3663838225154,"upper_bound":2410.867247674734},"point_estimate":1837.618266866944,"standard_error":236.55680488199457},"slope":{"confidence_interval":{"confidence_level":0.95,"lower_bound":321958.64539400215,"upper_bound":323006.0197047469},"point_estimate":322472.8493010196,"standard_error":268.57169144224537},"std_dev":{"confidence_interval":{"confidence_level":0.95,"lower_bound":1947.9541153519092,"upper_bound":2855.5901044945626},"point_estimate":2404.988124314701,"standard_error":232.62033699745894}}