{"mean":{"confidence_interval":{"confidence_level":0.95,"lower_bound":384575.80762939475,"upper_bound":386592.4157937643},"point_estimate":385476.88030140084,"standard_error":516.8433371016735},"median":{"confidence_interval":{"confidence_level":0.95,"lower_bound":384121.12393162394,"upper_bound":385951.0270609319},"point_estimate":385109.6060606061,"standard_error":532.0752402304468},"median_abs_dev":{"confidence_interval":{"confidence_level":0.95,"lower_bound":2625.8670820268344,"upper_bound":4112.115405341927},"point_estimate":3262.846070965731,"standard_error":384.9478534607868},"slope":{"confidence_interval":{"confidence_level":0.95,"lower_bound":383837.6847707042,"upper_bound":385135.3145776902},"point_estimate":384469.32672577706,"standard_error":331.59923703249984},"std_dev":{"confidence_interval":{"confidence_level":0.95,"lower_bound":2975.8103948466114,"upper_bound":7661.800566944498},"point_estimate":5165.820376741158,"standard_error":1450.8814300412946}}