{"mean":{"confidence_interval":{"confidence_level":0.95,"lower_bound":261417.01469576676,"upper_bound":262849.1455184749},"point_estimate":262108.37986780805,"standard_error":365.65554386986094},"median":{"confidence_interval":{"confidence_level":0.95,"lower_bound":260895.0829633478,"upper_bound":262293.4},"point_estimate":261479.0125,"standard_error":388.23709339452915},"median_abs_dev":{"confidence_interval":{"confidence_level":0.95,"lower_bound":1934.1029864320435,"upper_bound":3195.2686323172647},"point_estimate":2386.904515481077,"standard_error":321.341724697168},"slope":{"confidence_interval":{"confidence_level":0.95,"lower_bound":260890.92732972678,"upper_bound":261987.15383110807},"point_estimate":261413.29629525638,"standard_error":279.8611477274754},"std_dev":{"confidence_interval":{"confidence_level":0.95,"lower_bound":2778.8017899414835,"upper_bound":4551.715203035777},"point_estimate":3696.7986501894625,"standard_error":454.51046713038653}}