{"mean":{"confidence_interval":{"confidence_level":0.95,"lower_bound":270454.5007496075,"upper_bound":272155.32366504957},"point_estimate":271279.08186743344,"standard_error":434.37738227301577},"median":{"confidence_interval":{"confidence_level":0.95,"lower_bound":269482.8675,"upper_bound":270902.2363636364},"point_estimate":270183.5104166666,"standard_error":366.3874736124657},"median_abs_dev":{"confidence_interval":{"confidence_level":0.95,"lower_bound":2206.866683738622,"upper_bound":3919.915923676825},"point_estimate":2943.7443942300465,"standard_error":440.4807554707969},"slope":{"confidence_interval":{"confidence_level":0.95,"lower_bound":269231.29308190534,"upper_bound":270363.51549790316},"point_estimate":269766.6169210876,"standard_error":288.93569553341234},"std_dev":{"confidence_interval":{"confidence_level":0.95,"lower_bound":3481.546641715701,"upper_bound":5153.933350365019},"point_estimate":4363.9443917503995,"standard_error":425.46963943995314}}