{"mean":{"confidence_interval":{"confidence_level":0.95,"lower_bound":268461.21871448023,"upper_bound":270440.9147904953},"point_estimate":269436.5298322201,"standard_error":506.1880292786359},"median":{"confidence_interval":{"confidence_level":0.95,"lower_bound":267703.5401234568,"upper_bound":269770.16032338305},"point_estimate":268616.3273026316,"standard_error":590.1930985058912},"median_abs_dev":{"confidence_interval":{"confidence_level":0.95,"lower_bound":3474.429079304076,"upper_bound":5830.984473822969},"point_estimate":4943.018266064131,"standard_error":600.4986128130826},"slope":{"confidence_interval":{"confidence_level":0.95,"lower_bound":266951.78524941625,"upper_bound":268473.62217379676},"point_estimate":267715.42190261564,"standard_error":387.8957998572707},"std_dev":{"confidence_interval":{"confidence_level":0.95,"lower_bound":4249.781936934028,"upper_bound":5835.2864765646655},"point_estimate":5086.521991021467,"standard_error":405.821741652483}}