{"mean":{"confidence_interval":{"confidence_level":0.95,"lower_bound":438947.5589832719,"upper_bound":440122.59350574634},"point_estimate":439526.7178626623,"standard_error":299.5619413977449},"median":{"confidence_interval":{"confidence_level":0.95,"lower_bound":438663.39795918367,"upper_bound":439863.4166666667},"point_estimate":439112.7131410256,"standard_error":299.97426597596586},"median_abs_dev":{"confidence_interval":{"confidence_level":0.95,"lower_bound":2179.371530124772,"upper_bound":3365.090855712226},"point_estimate":2856.0094688469803,"standard_error":283.0827153067634},"slope":{"confidence_interval":{"confidence_level":0.95,"lower_bound":438598.6268056947,"upper_bound":439779.9830585761},"point_estimate":439179.3746771095,"standard_error":301.3742523725699},"std_dev":{"confidence_interval":{"confidence_level":0.95,"lower_bound":2464.8258530732924,"upper_bound":3532.00894349517},"point_estimate":3010.36792721002,"standard_error":272.75750888761183}}