{"mean":{"confidence_interval":{"confidence_level":0.95,"lower_bound":477305.2300761675,"upper_bound":478962.0464900788},"point_estimate":478110.2601538146,"standard_error":421.43291640953316},"median":{"confidence_interval":{"confidence_level":0.95,"lower_bound":477205.35,"upper_bound":478627.5833333333},"point_estimate":477724.1458333334,"standard_error":354.6603220509371},"median_abs_dev":{"confidence_interval":{"confidence_level":0.95,"lower_bound":2024.8149036824957,"upper_bound":3655.993392552825},"point_estimate":3010.903150712431,"standard_error":413.4562612731679},"slope":{"confidence_interval":{"confidence_level":0.95,"lower_bound":477516.36251905817,"upper_bound":478667.2269041307},"point_estimate":478106.62463721,"standard_error":294.12476062161824},"std_dev":{"confidence_interval":{"confidence_level":0.95,"lower_bound":3147.2083993769834,"upper_bound":5297.508467003281},"point_estimate":4227.171473930726,"standard_error":554.4755269825524}}