{"mean":{"confidence_interval":{"confidence_level":0.95,"lower_bound":236507.25161089216,"upper_bound":237224.87331762956},"point_estimate":236868.92563696668,"standard_error":182.79833815271564},"median":{"confidence_interval":{"confidence_level":0.95,"lower_bound":236652.04375,"upper_bound":237285.9164556962},"point_estimate":236879.57427268778,"standard_error":157.73694628554296},"median_abs_dev":{"confidence_interval":{"confidence_level":0.95,"lower_bound":1392.361944449846,"upper_bound":2356.6939787008682},"point_estimate":1854.798460404077,"standard_error":236.0240486569791},"slope":{"confidence_interval":{"confidence_level":0.95,"lower_bound":235754.81981017688,"upper_bound":236711.35337392206},"point_estimate":236222.82711275306,"standard_error":243.7639357541859},"std_dev":{"confidence_interval":{"confidence_level":0.95,"lower_bound":1589.562268300636,"upper_bound":2058.4768888791264},"point_estimate":1837.3947455334176,"standard_error":119.98791602361406}}