{"mean":{"confidence_interval":{"confidence_level":0.95,"lower_bound":251606.6153756895,"upper_bound":252660.38326409858},"point_estimate":252129.73966318197,"standard_error":269.08784126294086},"median":{"confidence_interval":{"confidence_level":0.95,"lower_bound":251006.97872340426,"upper_bound":252567.11764705883},"point_estimate":252008.578743006,"standard_error":397.8308096227451},"median_abs_dev":{"confidence_interval":{"confidence_level":0.95,"lower_bound":1928.2261123481642,"upper_bound":3254.774582269689},"point_estimate":2609.6583263691655,"standard_error":345.42051055131043},"slope":{"confidence_interval":{"confidence_level":0.95,"lower_bound":251635.05779800087,"upper_bound":252672.68719153586},"point_estimate":252135.77918058223,"standard_error":265.6157664362761},"std_dev":{"confidence_interval":{"confidence_level":0.95,"lower_bound":2305.4745615322986,"upper_bound":3073.073776501669},"point_estimate":2706.8280363675503,"standard_error":195.78221016953916}}