{"mean":{"confidence_interval":{"confidence_level":0.95,"lower_bound":358050.26749378536,"upper_bound":359038.42809095565},"point_estimate":358548.9431046582,"standard_error":252.23890192407487},"median":{"confidence_interval":{"confidence_level":0.95,"lower_bound":358256.31974637683,"upper_bound":359116.78873239434},"point_estimate":358685.4916666667,"standard_error":225.60316980647343},"median_abs_dev":{"confidence_interval":{"confidence_level":0.95,"lower_bound":1566.0588393098694,"upper_bound":2841.4957162136016},"point_estimate":2167.9476512548304,"standard_error":334.3892292840321},"slope":{"confidence_interval":{"confidence_level":0.95,"lower_bound":358545.6136147036,"upper_bound":359481.2232309979},"point_estimate":359020.9737835575,"standard_error":238.1803036249529},"std_dev":{"confidence_interval":{"confidence_level":0.95,"lower_bound":2068.5612811418237,"upper_bound":2953.2395263419603},"point_estimate":2526.052389288862,"standard_error":225.64425514454894}}