{"mean":{"confidence_interval":{"confidence_level":0.95,"lower_bound":418844.5402649694,"upper_bound":421121.3537650517},"point_estimate":419847.72776875185,"standard_error":584.921877511891},"median":{"confidence_interval":{"confidence_level":0.95,"lower_bound":418343.99275362317,"upper_bound":419986.0},"point_estimate":419137.6871230003,"standard_error":430.92229655473375},"median_abs_dev":{"confidence_interval":{"confidence_level":0.95,"lower_bound":2040.6410340976265,"upper_bound":3205.174868314169},"point_estimate":2572.9533361247454,"standard_error":304.21143022330466},"slope":{"confidence_interval":{"confidence_level":0.95,"lower_bound":418254.2307480832,"upper_bound":419261.7098001604},"point_estimate":418744.34787842963,"standard_error":256.9345654994002},"std_dev":{"confidence_interval":{"confidence_level":0.95,"lower_bound":2769.290909864397,"upper_bound":8962.653576961899},"point_estimate":5922.633536346471,"standard_error":1770.9447184969783}}