{"mean":{"confidence_interval":{"confidence_level":0.95,"lower_bound":248126.23994561782,"upper_bound":249062.84845737685},"point_estimate":248590.7641971753,"standard_error":239.52917530818723},"median":{"confidence_interval":{"confidence_level":0.95,"lower_bound":247970.9894366197,"upper_bound":249033.4981962482},"point_estimate":248487.36505839822,"standard_error":282.81781389129975},"median_abs_dev":{"confidence_interval":{"confidence_level":0.95,"lower_bound":1506.0842397606425,"upper_bound":2681.4338629022122},"point_estimate":1822.031277054456,"standard_error":323.38301362723337},"slope":{"confidence_interval":{"confidence_level":0.95,"lower_bound":248414.9802148644,"upper_bound":249273.4468490288},"point_estimate":248845.07440889612,"standard_error":219.05981437852},"std_dev":{"confidence_interval":{"confidence_level":0.95,"lower_bound":1949.7190816740745,"upper_bound":2861.0854311339344},"point_estimate":2411.394182482208,"standard_error":233.3026829844553}}