{"mean":{"confidence_interval":{"confidence_level":0.95,"lower_bound":238718.1800569402,"upper_bound":240400.43125569395},"point_estimate":239532.33036207955,"standard_error":429.3724095161167},"median":{"confidence_interval":{"confidence_level":0.95,"lower_bound":238121.0851851852,"upper_bound":239601.61558197747},"point_estimate":238946.53017543862,"standard_error":401.16483589671554},"median_abs_dev":{"confidence_interval":{"confidence_level":0.95,"lower_bound":2220.143813104695,"upper_bound":3654.430140620869},"point_estimate":2920.5696145009774,"standard_error":365.165730532674},"slope":{"confidence_interval":{"confidence_level":0.95,"lower_bound":239045.18836749782,"upper_bound":241109.70150237385},"point_estimate":239995.53612294962,"standard_error":527.8722653165366},"std_dev":{"confidence_interval":{"confidence_level":0.95,"lower_bound":3272.6024248346494,"upper_bound":5246.38436536083},"point_estimate":4318.824144439846,"standard_error":505.1720210563788}}