{"mean":{"confidence_interval":{"confidence_level":0.95,"lower_bound":5423194.8605,"upper_bound":5465588.3978888905},"point_estimate":5438532.775555555,"standard_error":12254.805832304315},"median":{"confidence_interval":{"confidence_level":0.95,"lower_bound":5421418.666666666,"upper_bound":5428950.277777778},"point_estimate":5424934.277777778,"standard_error":1842.4116828305916},"median_abs_dev":{"confidence_interval":{"confidence_level":0.95,"lower_bound":12984.363469481008,"upper_bound":21071.92161589821},"point_estimate":16034.895281989831,"standard_error":2033.4668061071025},"slope":null,"std_dev":{"confidence_interval":{"confidence_level":0.95,"lower_bound":17297.591948336052,"upper_bound":209429.71522710964},"point_estimate":123252.62350955658,"standard_error":67114.08932415996}}