{"mean":{"confidence_interval":{"confidence_level":0.95,"lower_bound":716395.4394821349,"upper_bound":718052.0958925347},"point_estimate":717201.7603507191,"standard_error":422.0553887310889},"median":{"confidence_interval":{"confidence_level":0.95,"lower_bound":716548.3,"upper_bound":717643.1},"point_estimate":717136.5230232559,"standard_error":254.00446612808884},"median_abs_dev":{"confidence_interval":{"confidence_level":0.95,"lower_bound":1823.0072029039077,"upper_bound":3979.963654541083},"point_estimate":2548.7571768338557,"standard_error":525.2978152565211},"slope":{"confidence_interval":{"confidence_level":0.95,"lower_bound":716925.3187800796,"upper_bound":718986.7670632979},"point_estimate":717875.1578646372,"standard_error":528.8621721840152},"std_dev":{"confidence_interval":{"confidence_level":0.95,"lower_bound":3262.5337355843976,"upper_bound":5117.953714459566},"point_estimate":4235.780531487637,"standard_error":474.4781371321344}}