{"mean":{"confidence_interval":{"confidence_level":0.95,"lower_bound":684233.9350028434,"upper_bound":686779.5658785257},"point_estimate":685470.8479068824,"standard_error":649.0453482628263},"median":{"confidence_interval":{"confidence_level":0.95,"lower_bound":683713.8968253968,"upper_bound":685653.6274509804},"point_estimate":684559.3080837174,"standard_error":435.3602005076526},"median_abs_dev":{"confidence_interval":{"confidence_level":0.95,"lower_bound":3616.217703768052,"upper_bound":6892.6201474232075},"point_estimate":4523.163940900698,"standard_error":867.5400229102108},"slope":{"confidence_interval":{"confidence_level":0.95,"lower_bound":682666.2944743113,"upper_bound":684686.72584224},"point_estimate":683643.5291310772,"standard_error":514.875121999329},"std_dev":{"confidence_interval":{"confidence_level":0.95,"lower_bound":5007.305185402863,"upper_bound":8110.675711525179},"point_estimate":6534.2121125686435,"standard_error":803.8893720308214}}