{"mean":{"confidence_interval":{"confidence_level":0.95,"lower_bound":0.0887453744658095,"upper_bound":0.09671647792771469},"point_estimate":0.09306262346787553,"standard_error":0.0020410711714390233},"median":{"confidence_interval":{"confidence_level":0.95,"lower_bound":0.09043261237513045,"upper_bound":0.0944626642211015},"point_estimate":0.09291967466144224,"standard_error":0.0010527625096466}}