{"mean":{"confidence_interval":{"confidence_level":0.95,"lower_bound":0.01907683971285439,"upper_bound":0.03001900654622109},"point_estimate":0.025801352364624774,"standard_error":0.002944815929077596},"median":{"confidence_interval":{"confidence_level":0.95,"lower_bound":0.02932163916825826,"upper_bound":0.0322939360067509},"point_estimate":0.03121799013468718,"standard_error":0.0007127560800770482}}