{"mean":{"confidence_interval":{"confidence_level":0.95,"lower_bound":2915601.138017858,"upper_bound":2935131.828624999},"point_estimate":2925138.265714285,"standard_error":4969.313659433377},"median":{"confidence_interval":{"confidence_level":0.95,"lower_bound":2918627.5,"upper_bound":2926401.7142857146},"point_estimate":2921029.821428572,"standard_error":1830.8882419608658},"median_abs_dev":{"confidence_interval":{"confidence_level":0.95,"lower_bound":17557.79608828671,"upper_bound":76587.19634030566},"point_estimate":55047.93097270446,"standard_error":15455.779583357347},"slope":null,"std_dev":{"confidence_interval":{"confidence_level":0.95,"lower_bound":41285.34270644534,"upper_bound":57999.08521237531},"point_estimate":49738.34028133297,"standard_error":4269.721767838612}}