{"mean":{"confidence_interval":{"confidence_level":0.95,"lower_bound":282444.74650756107,"upper_bound":283129.2542115975},"point_estimate":282783.76838926977,"standard_error":174.84311601090758},"median":{"confidence_interval":{"confidence_level":0.95,"lower_bound":282451.70204160246,"upper_bound":283008.1125},"point_estimate":282738.2492320108,"standard_error":150.62776838501998},"median_abs_dev":{"confidence_interval":{"confidence_level":0.95,"lower_bound":1058.5416426273114,"upper_bound":1903.549245738805},"point_estimate":1342.639823875071,"standard_error":217.14512440139325},"slope":{"confidence_interval":{"confidence_level":0.95,"lower_bound":282461.37417981273,"upper_bound":283029.8038613539},"point_estimate":282734.5101470371,"standard_error":144.87888655230714},"std_dev":{"confidence_interval":{"confidence_level":0.95,"lower_bound":1432.5485722349724,"upper_bound":2054.3122762599455},"point_estimate":1753.1685836235636,"standard_error":158.3031047740214}}