{"mean":{"confidence_interval":{"confidence_level":0.95,"lower_bound":292840.49234061287,"upper_bound":293907.5305676002},"point_estimate":293370.5501995121,"standard_error":269.971041511841},"median":{"confidence_interval":{"confidence_level":0.95,"lower_bound":292834.6834313725,"upper_bound":293542.8035714286},"point_estimate":293137.3020833334,"standard_error":167.47664133553207},"median_abs_dev":{"confidence_interval":{"confidence_level":0.95,"lower_bound":1515.7616077053206,"upper_bound":2456.204302710979},"point_estimate":1920.5043471770718,"standard_error":241.82691727911055},"slope":{"confidence_interval":{"confidence_level":0.95,"lower_bound":292900.7866234177,"upper_bound":293851.3855654598},"point_estimate":293362.991666913,"standard_error":242.48371204412544},"std_dev":{"confidence_interval":{"confidence_level":0.95,"lower_bound":1996.7765948667618,"upper_bound":3431.6973606725032},"point_estimate":2715.2620244784007,"standard_error":369.9924716478984}}