{"mean":{"confidence_interval":{"confidence_level":0.95,"lower_bound":2722.8916009396103,"upper_bound":2731.692975668875},"point_estimate":2726.950902191967,"standard_error":2.2500609427809555},"median":{"confidence_interval":{"confidence_level":0.95,"lower_bound":2718.1280265472574,"upper_bound":2721.4488762567216},"point_estimate":2719.287964774951,"standard_error":0.8167724230497035},"median_abs_dev":{"confidence_interval":{"confidence_level":0.95,"lower_bound":6.165292701391835,"upper_bound":11.471967226530658},"point_estimate":8.339368224371258,"standard_error":1.2718476061974544},"slope":{"confidence_interval":{"confidence_level":0.95,"lower_bound":2721.0950972944884,"upper_bound":2731.837635822454},"point_estimate":2725.89203541102,"standard_error":2.7599209131169644},"std_dev":{"confidence_interval":{"confidence_level":0.95,"lower_bound":13.846813604443897,"upper_bound":30.51846497443675},"point_estimate":22.64945243689835,"standard_error":4.311257080180445}}