{"mean":{"confidence_interval":{"confidence_level":0.95,"lower_bound":2777.32206036419,"upper_bound":2798.273916000468},"point_estimate":2785.6437453979247,"standard_error":5.509022474748259},"median":{"confidence_interval":{"confidence_level":0.95,"lower_bound":2772.048901967968,"upper_bound":2778.887640449438},"point_estimate":2775.2136984402723,"standard_error":1.925762382882274},"median_abs_dev":{"confidence_interval":{"confidence_level":0.95,"lower_bound":8.323039488546485,"upper_bound":15.115411069576021},"point_estimate":11.368879727546979,"standard_error":1.8119117971086436},"slope":{"confidence_interval":{"confidence_level":0.95,"lower_bound":2777.768753586384,"upper_bound":2790.264505720636},"point_estimate":2783.1614830231974,"standard_error":3.2327374420706363},"std_dev":{"confidence_interval":{"confidence_level":0.95,"lower_bound":13.04409008493863,"upper_bound":90.43702831343856},"point_estimate":55.25865105534587,"standard_error":23.449666071985128}}