{"mean":{"confidence_interval":{"confidence_level":0.95,"lower_bound":127457.19063454417,"upper_bound":128346.18741812318},"point_estimate":127933.25891392643,"standard_error":226.67789986867123},"median":{"confidence_interval":{"confidence_level":0.95,"lower_bound":127950.15815273477,"upper_bound":128325.50757575757},"point_estimate":128082.98410966981,"standard_error":104.52442486031579},"median_abs_dev":{"confidence_interval":{"confidence_level":0.95,"lower_bound":793.2622817949066,"upper_bound":1425.078365140973},"point_estimate":1082.237116101091,"standard_error":164.7161898836619},"slope":{"confidence_interval":{"confidence_level":0.95,"lower_bound":128107.17366851172,"upper_bound":128643.5234907739},"point_estimate":128375.8911925521,"standard_error":136.2238783767008},"std_dev":{"confidence_interval":{"confidence_level":0.95,"lower_bound":1407.569150059334,"upper_bound":3229.357431080527},"point_estimate":2271.8663604391604,"standard_error":509.87291478054084}}