{"mean":{"confidence_interval":{"confidence_level":0.95,"lower_bound":1264618.3551107019,"upper_bound":1276732.9497817252},"point_estimate":1270595.1574080186,"standard_error":3089.1955216897195},"median":{"confidence_interval":{"confidence_level":0.95,"lower_bound":1264576.9166666667,"upper_bound":1272486.9638888887},"point_estimate":1267253.3871544716,"standard_error":2169.23879143906},"median_abs_dev":{"confidence_interval":{"confidence_level":0.95,"lower_bound":16570.01136072305,"upper_bound":30858.610250492864},"point_estimate":25579.166292581023,"standard_error":3883.0733893288675},"slope":{"confidence_interval":{"confidence_level":0.95,"lower_bound":1261453.9586113645,"upper_bound":1272973.4413987417},"point_estimate":1267104.172643712,"standard_error":2932.9177164938415},"std_dev":{"confidence_interval":{"confidence_level":0.95,"lower_bound":24953.070593835626,"upper_bound":36590.567537374336},"point_estimate":31006.068244413596,"standard_error":2964.514257041104}}