{"mean":{"confidence_interval":{"confidence_level":0.95,"lower_bound":1350042.2181798785,"upper_bound":1361723.3529774481},"point_estimate":1356394.5956922255,"standard_error":2971.1447991771006},"median":{"confidence_interval":{"confidence_level":0.95,"lower_bound":1355250.0290534208,"upper_bound":1365540.4242424243},"point_estimate":1360583.8365384615,"standard_error":2694.2516460710426},"median_abs_dev":{"confidence_interval":{"confidence_level":0.95,"lower_bound":13571.299296226873,"upper_bound":21149.590752395798},"point_estimate":17559.801569501178,"standard_error":1913.7455857944806},"slope":{"confidence_interval":{"confidence_level":0.95,"lower_bound":1353873.1815293774,"upper_bound":1362448.8482516224},"point_estimate":1358291.7693926408,"standard_error":2190.7570179293825},"std_dev":{"confidence_interval":{"confidence_level":0.95,"lower_bound":17832.406573733046,"upper_bound":42807.400598474494},"point_estimate":29909.38949945278,"standard_error":6879.263113611966}}