{"mean":{"confidence_interval":{"confidence_level":0.95,"lower_bound":2858357.225071429,"upper_bound":2876637.146107144},"point_estimate":2865067.8157142852,"standard_error":5144.21053203149},"median":{"confidence_interval":{"confidence_level":0.95,"lower_bound":2856368.7142857146,"upper_bound":2861304.9285714286},"point_estimate":2859018.7142857146,"standard_error":1276.2371000827422},"median_abs_dev":{"confidence_interval":{"confidence_level":0.95,"lower_bound":7114.36187369473,"upper_bound":11507.940995693207},"point_estimate":9307.81558475319,"standard_error":1157.155254450518},"slope":null,"std_dev":{"confidence_interval":{"confidence_level":0.95,"lower_bound":7963.364865662408,"upper_bound":87225.42816279887},"point_estimate":51624.379854730534,"standard_error":26840.974873949883}}