{"mean":{"confidence_interval":{"confidence_level":0.95,"lower_bound":270589.37933076354,"upper_bound":271795.8159772173},"point_estimate":271147.7410984924,"standard_error":308.0001092908606},"median":{"confidence_interval":{"confidence_level":0.95,"lower_bound":270054.5090909091,"upper_bound":271164.42441860464},"point_estimate":270456.7055232558,"standard_error":330.86947492466913},"median_abs_dev":{"confidence_interval":{"confidence_level":0.95,"lower_bound":1429.7089918051058,"upper_bound":2145.90648072611},"point_estimate":1820.0790284393315,"standard_error":187.37206982498319},"slope":{"confidence_interval":{"confidence_level":0.95,"lower_bound":270350.7561152606,"upper_bound":271664.3761346145},"point_estimate":270923.85175114527,"standard_error":336.8529973637218},"std_dev":{"confidence_interval":{"confidence_level":0.95,"lower_bound":1841.603283279681,"upper_bound":4158.241414093997},"point_estimate":3085.107353839317,"standard_error":591.632342551142}}