{"mean":{"confidence_interval":{"confidence_level":0.95,"lower_bound":245176.258554442,"upper_bound":246165.08383551112},"point_estimate":245628.1330813618,"standard_error":252.1998168870789},"median":{"confidence_interval":{"confidence_level":0.95,"lower_bound":245069.24010884354,"upper_bound":245664.37402597402},"point_estimate":245363.06011904762,"standard_error":148.40338459090654},"median_abs_dev":{"confidence_interval":{"confidence_level":0.95,"lower_bound":905.4744046751758,"upper_bound":1452.031145597135},"point_estimate":1162.4264133243194,"standard_error":139.34251966321685},"slope":{"confidence_interval":{"confidence_level":0.95,"lower_bound":245311.95915184307,"upper_bound":246493.7295726857},"point_estimate":245807.6757558741,"standard_error":304.9665486566169},"std_dev":{"confidence_interval":{"confidence_level":0.95,"lower_bound":1465.7543888023934,"upper_bound":3696.255907289265},"point_estimate":2533.917173621107,"standard_error":639.859652431182}}