{"mean":{"confidence_interval":{"confidence_level":0.95,"lower_bound":213903.76374570082,"upper_bound":214991.08690857928},"point_estimate":214407.6084427577,"standard_error":277.464253764507},"median":{"confidence_interval":{"confidence_level":0.95,"lower_bound":213511.6380952381,"upper_bound":214431.22796442686},"point_estimate":213977.75819672132,"standard_error":255.68576992467604},"median_abs_dev":{"confidence_interval":{"confidence_level":0.95,"lower_bound":1329.7644446996646,"upper_bound":2478.0315929206186},"point_estimate":1979.5619129930099,"standard_error":300.2182727558255},"slope":{"confidence_interval":{"confidence_level":0.95,"lower_bound":214228.06072444623,"upper_bound":215171.2931638794},"point_estimate":214701.2337319344,"standard_error":240.05717350184437},"std_dev":{"confidence_interval":{"confidence_level":0.95,"lower_bound":1842.1709800550511,"upper_bound":3880.7058569637356},"point_estimate":2792.48433511942,"standard_error":585.046203907682}}