{"mean":{"confidence_interval":{"confidence_level":0.95,"lower_bound":239790.05410081428,"upper_bound":240755.3706417789},"point_estimate":240278.9228028358,"standard_error":245.98209420198344},"median":{"confidence_interval":{"confidence_level":0.95,"lower_bound":240115.35915492958,"upper_bound":240882.87837837837},"point_estimate":240472.24633304574,"standard_error":212.50743663820037},"median_abs_dev":{"confidence_interval":{"confidence_level":0.95,"lower_bound":1175.4058101503176,"upper_bound":2382.6559447288605},"point_estimate":1689.8968839689187,"standard_error":308.55286791416324},"slope":{"confidence_interval":{"confidence_level":0.95,"lower_bound":240451.17873497927,"upper_bound":241440.53838950556},"point_estimate":240906.7923333826,"standard_error":251.95267848164795},"std_dev":{"confidence_interval":{"confidence_level":0.95,"lower_bound":1960.7112126639558,"upper_bound":2955.820451374731},"point_estimate":2478.0085886609136,"standard_error":254.56916030024985}}