{"mean":{"confidence_interval":{"confidence_level":0.95,"lower_bound":306290.8555359069,"upper_bound":307454.6434071332},"point_estimate":306870.73062361655,"standard_error":296.3159678130132},"median":{"confidence_interval":{"confidence_level":0.95,"lower_bound":306372.4285714286,"upper_bound":307474.89},"point_estimate":307030.5995652174,"standard_error":258.67405825541334},"median_abs_dev":{"confidence_interval":{"confidence_level":0.95,"lower_bound":1957.5468172993778,"upper_bound":3020.2693375124836},"point_estimate":2537.1772365350675,"standard_error":272.4872423682221},"slope":{"confidence_interval":{"confidence_level":0.95,"lower_bound":306889.6334509505,"upper_bound":307910.3061817642},"point_estimate":307394.55003103294,"standard_error":260.81363746840503},"std_dev":{"confidence_interval":{"confidence_level":0.95,"lower_bound":2419.4660195501606,"upper_bound":3492.7292466836416},"point_estimate":2983.5871416569016,"standard_error":274.80491582712875}}