{"mean":{"confidence_interval":{"confidence_level":0.95,"lower_bound":317943.8490332382,"upper_bound":320451.7829063531},"point_estimate":319087.2799685651,"standard_error":640.3520014367801},"median":{"confidence_interval":{"confidence_level":0.95,"lower_bound":317964.64705882355,"upper_bound":319741.0657894737},"point_estimate":318939.37890625,"standard_error":495.0269058311493},"median_abs_dev":{"confidence_interval":{"confidence_level":0.95,"lower_bound":2573.362912141986,"upper_bound":5243.319031279557},"point_estimate":3393.255130082801,"standard_error":726.3665288459863},"slope":{"confidence_interval":{"confidence_level":0.95,"lower_bound":317779.2866387615,"upper_bound":320069.81232085644},"point_estimate":318850.4137320822,"standard_error":585.0438938531805},"std_dev":{"confidence_interval":{"confidence_level":0.95,"lower_bound":3859.345787629917,"upper_bound":9340.47740153022},"point_estimate":6433.167703508245,"standard_error":1619.5565331141956}}