{"mean":{"confidence_interval":{"confidence_level":0.95,"lower_bound":322910.86389176565,"upper_bound":324042.76211973216},"point_estimate":323483.022109367,"standard_error":288.19244123288604},"median":{"confidence_interval":{"confidence_level":0.95,"lower_bound":322938.796875,"upper_bound":324180.3312937063},"point_estimate":323451.85096584546,"standard_error":370.56061553606264},"median_abs_dev":{"confidence_interval":{"confidence_level":0.95,"lower_bound":1861.8350448041574,"upper_bound":2962.6083865160876},"point_estimate":2275.3980143501412,"standard_error":281.93542664053234},"slope":{"confidence_interval":{"confidence_level":0.95,"lower_bound":323026.05285889463,"upper_bound":323957.80291376275},"point_estimate":323489.61040416727,"standard_error":237.31635599477363},"std_dev":{"confidence_interval":{"confidence_level":0.95,"lower_bound":2273.731565429496,"upper_bound":3508.9910872671458},"point_estimate":2892.5864292030733,"standard_error":317.64080074417546}}