{"mean":{"confidence_interval":{"confidence_level":0.95,"lower_bound":262281.71988011064,"upper_bound":263309.09737869597},"point_estimate":262759.9193743119,"standard_error":261.8439001497625},"median":{"confidence_interval":{"confidence_level":0.95,"lower_bound":262003.05263157896,"upper_bound":262699.20705619414},"point_estimate":262266.2464646465,"standard_error":185.48863111534982},"median_abs_dev":{"confidence_interval":{"confidence_level":0.95,"lower_bound":1346.664233603677,"upper_bound":2187.9849003114036},"point_estimate":1721.9753180243401,"standard_error":224.78081052070374},"slope":{"confidence_interval":{"confidence_level":0.95,"lower_bound":262375.26325003407,"upper_bound":264222.2633281424},"point_estimate":263144.8001573814,"standard_error":482.33083369617276},"std_dev":{"confidence_interval":{"confidence_level":0.95,"lower_bound":1761.6601540893928,"upper_bound":3625.3149273681324},"point_estimate":2641.289869022955,"standard_error":521.1651901214844}}