{"mean":{"confidence_interval":{"confidence_level":0.95,"lower_bound":335811.3196150913,"upper_bound":337177.34373035363},"point_estimate":336477.71378656477,"standard_error":348.05530286516426},"median":{"confidence_interval":{"confidence_level":0.95,"lower_bound":335666.23818369454,"upper_bound":336860.1111111111},"point_estimate":336137.7750297467,"standard_error":326.9081914488264},"median_abs_dev":{"confidence_interval":{"confidence_level":0.95,"lower_bound":1923.2958408985578,"upper_bound":3312.5060160668913},"point_estimate":2577.217876830847,"standard_error":359.7157833067213},"slope":{"confidence_interval":{"confidence_level":0.95,"lower_bound":335856.97493536177,"upper_bound":336761.7168420119},"point_estimate":336305.82347273536,"standard_error":230.42321144877351},"std_dev":{"confidence_interval":{"confidence_level":0.95,"lower_bound":2535.756197317265,"upper_bound":4459.169545808775},"point_estimate":3499.707465781437,"standard_error":496.8385796752239}}