{"mean":{"confidence_interval":{"confidence_level":0.95,"lower_bound":2672607.4458749997,"upper_bound":2690584.000515625},"point_estimate":2679723.99375,"standard_error":4744.48455155762},"median":{"confidence_interval":{"confidence_level":0.95,"lower_bound":2670313.0,"upper_bound":2675134.3125},"point_estimate":2672546.9375,"standard_error":1092.5938348403104},"median_abs_dev":{"confidence_interval":{"confidence_level":0.95,"lower_bound":7114.811948686838,"upper_bound":11047.037728875875},"point_estimate":9465.149888209999,"standard_error":1000.1540911492159},"slope":null,"std_dev":{"confidence_interval":{"confidence_level":0.95,"lower_bound":9339.415675682494,"upper_bound":78004.01380610121},"point_estimate":47680.1758503186,"standard_error":20251.316489519315}}