{"mean":{"confidence_interval":{"confidence_level":0.95,"lower_bound":2725141.09928125,"upper_bound":2758977.833296875},"point_estimate":2740138.031875,"standard_error":8716.60133163186},"median":{"confidence_interval":{"confidence_level":0.95,"lower_bound":2714925.625,"upper_bound":2726325.375},"point_estimate":2720834.375,"standard_error":2813.246396574099},"median_abs_dev":{"confidence_interval":{"confidence_level":0.95,"lower_bound":12971.915807202458,"upper_bound":22051.080058515072},"point_estimate":16016.898165643215,"standard_error":2324.946640763411},"slope":null,"std_dev":{"confidence_interval":{"confidence_level":0.95,"lower_bound":36495.23583746267,"upper_bound":126605.43425864635},"point_estimate":87898.93431208956,"standard_error":23122.92560105959}}