{"mean":{"confidence_interval":{"confidence_level":0.95,"lower_bound":242542.26297494784,"upper_bound":243748.80737819307},"point_estimate":243083.5647428789,"standard_error":308.66525762342394},"median":{"confidence_interval":{"confidence_level":0.95,"lower_bound":242206.2405612245,"upper_bound":243175.661971831},"point_estimate":242666.97150851198,"standard_error":289.5362867045551},"median_abs_dev":{"confidence_interval":{"confidence_level":0.95,"lower_bound":1400.3456490059373,"upper_bound":2413.9355394075865},"point_estimate":1849.8249587031667,"standard_error":262.00484249197143},"slope":{"confidence_interval":{"confidence_level":0.95,"lower_bound":242800.00704647577,"upper_bound":243641.32665870446},"point_estimate":243212.34072558003,"standard_error":214.93225677421955},"std_dev":{"confidence_interval":{"confidence_level":0.95,"lower_bound":1857.3022484616706,"upper_bound":4499.577371637649},"point_estimate":3094.2491164409694,"standard_error":796.928690145702}}