{"mean":{"confidence_interval":{"confidence_level":0.95,"lower_bound":264201.9222723278,"upper_bound":264951.01080897416},"point_estimate":264591.0170945066,"standard_error":191.0464457798329},"median":{"confidence_interval":{"confidence_level":0.95,"lower_bound":264242.79429255484,"upper_bound":265163.34126984124},"point_estimate":264586.774780569,"standard_error":217.690963540947},"median_abs_dev":{"confidence_interval":{"confidence_level":0.95,"lower_bound":1175.9479966227448,"upper_bound":1902.3940378924422},"point_estimate":1403.1868944475575,"standard_error":183.23826123076256},"slope":{"confidence_interval":{"confidence_level":0.95,"lower_bound":264551.8662235144,"upper_bound":265126.6600315132},"point_estimate":264836.2965257869,"standard_error":146.54389752290254},"std_dev":{"confidence_interval":{"confidence_level":0.95,"lower_bound":1428.0077172441863,"upper_bound":2506.5720705849226},"point_estimate":1921.0644897023633,"standard_error":293.5552250718825}}