{"mean":{"confidence_interval":{"confidence_level":0.95,"lower_bound":305984.5396283272,"upper_bound":306970.69265124126},"point_estimate":306478.67416738573,"standard_error":250.51622686704076},"median":{"confidence_interval":{"confidence_level":0.95,"lower_bound":305928.7604166667,"upper_bound":306820.1080465587},"point_estimate":306443.6031629456,"standard_error":192.84556459029187},"median_abs_dev":{"confidence_interval":{"confidence_level":0.95,"lower_bound":1359.8585597699296,"upper_bound":2248.454809275898},"point_estimate":1732.959781895126,"standard_error":224.58937045529115},"slope":{"confidence_interval":{"confidence_level":0.95,"lower_bound":306176.0952610757,"upper_bound":307032.3854311123},"point_estimate":306602.23968893156,"standard_error":218.87588326988637},"std_dev":{"confidence_interval":{"confidence_level":0.95,"lower_bound":1787.606734536249,"upper_bound":3232.100527845637},"point_estimate":2520.4989168760476,"standard_error":373.01478725433486}}