{"mean":{"confidence_interval":{"confidence_level":0.95,"lower_bound":352933.4164969883,"upper_bound":354465.51937293424},"point_estimate":353657.3790930945,"standard_error":389.51805625395485},"median":{"confidence_interval":{"confidence_level":0.95,"lower_bound":352279.6862745098,"upper_bound":353630.55555555556},"point_estimate":353172.30309653917,"standard_error":385.55010161809327},"median_abs_dev":{"confidence_interval":{"confidence_level":0.95,"lower_bound":1969.079204414356,"upper_bound":3194.9466469440817},"point_estimate":2623.769917313769,"standard_error":323.0836462263631},"slope":{"confidence_interval":{"confidence_level":0.95,"lower_bound":352515.07740992465,"upper_bound":354614.7744193685},"point_estimate":353449.33898625686,"standard_error":539.9442894461017},"std_dev":{"confidence_interval":{"confidence_level":0.95,"lower_bound":2827.918536773413,"upper_bound":4914.837507057143},"point_estimate":3928.959747175498,"standard_error":532.5749277657828}}