{"mean":{"confidence_interval":{"confidence_level":0.95,"lower_bound":394606.87220288883,"upper_bound":396849.61654112354},"point_estimate":395701.83664012613,"standard_error":571.6724041934331},"median":{"confidence_interval":{"confidence_level":0.95,"lower_bound":393148.83088235295,"upper_bound":396699.4899528302},"point_estimate":394928.25409356726,"standard_error":846.5886736555269},"median_abs_dev":{"confidence_interval":{"confidence_level":0.95,"lower_bound":4463.726377729759,"upper_bound":6776.638605612679},"point_estimate":5765.90063661541,"standard_error":578.7002761618612},"slope":{"confidence_interval":{"confidence_level":0.95,"lower_bound":396396.4793910087,"upper_bound":398642.7218591689},"point_estimate":397543.19877641497,"standard_error":573.2930300562209},"std_dev":{"confidence_interval":{"confidence_level":0.95,"lower_bound":4748.66040455791,"upper_bound":6750.1770152173885},"point_estimate":5722.807406481509,"standard_error":515.2583677398183}}