{"mean":{"confidence_interval":{"confidence_level":0.95,"lower_bound":822155.7293536151,"upper_bound":847964.5033837149},"point_estimate":832861.5708983386,"standard_error":6710.183722776903},"median":{"confidence_interval":{"confidence_level":0.95,"lower_bound":810703.7261904762,"upper_bound":820165.9298203011},"point_estimate":815154.3012820513,"standard_error":2398.5081062440286},"median_abs_dev":{"confidence_interval":{"confidence_level":0.95,"lower_bound":10333.463812131335,"upper_bound":21068.56869359436},"point_estimate":15034.969516732815,"standard_error":3042.393472563766},"slope":{"confidence_interval":{"confidence_level":0.95,"lower_bound":822145.671670589,"upper_bound":837698.83301313},"point_estimate":829569.141519137,"standard_error":3977.0770079278186},"std_dev":{"confidence_interval":{"confidence_level":0.95,"lower_bound":25512.141691226796,"upper_bound":107416.33655839827},"point_estimate":67571.93293730778,"standard_error":25505.936860292884}}