{"mean":{"confidence_interval":{"confidence_level":0.95,"lower_bound":340431.77251828706,"upper_bound":343666.0913527844},"point_estimate":341909.59447239636,"standard_error":828.3738101796566},"median":{"confidence_interval":{"confidence_level":0.95,"lower_bound":339119.962962963,"upper_bound":341139.0598290598},"point_estimate":339864.5866996951,"standard_error":481.142191495724},"median_abs_dev":{"confidence_interval":{"confidence_level":0.95,"lower_bound":2541.474198629838,"upper_bound":4182.981487565691},"point_estimate":3314.2761704316,"standard_error":391.0829484376993},"slope":{"confidence_interval":{"confidence_level":0.95,"lower_bound":340315.1973614258,"upper_bound":342334.9774603381},"point_estimate":341255.6364188956,"standard_error":515.8542264765731},"std_dev":{"confidence_interval":{"confidence_level":0.95,"lower_bound":4769.723598454758,"upper_bound":11187.819518868564},"point_estimate":8330.261304574375,"standard_error":1633.1713339407127}}