{"mean":{"confidence_interval":{"confidence_level":0.95,"lower_bound":585744.0527535928,"upper_bound":586859.9383231623},"point_estimate":586293.1428906727,"standard_error":284.7953956383992},"median":{"confidence_interval":{"confidence_level":0.95,"lower_bound":585315.2,"upper_bound":587031.1076388889},"point_estimate":586001.7256016042,"standard_error":413.10691365159704},"median_abs_dev":{"confidence_interval":{"confidence_level":0.95,"lower_bound":2042.333056924823,"upper_bound":3185.5642062631186},"point_estimate":2668.27505219027,"standard_error":296.5175777078131},"slope":{"confidence_interval":{"confidence_level":0.95,"lower_bound":586267.6726023664,"upper_bound":587395.5555215345},"point_estimate":586830.90290232,"standard_error":286.1931865594339},"std_dev":{"confidence_interval":{"confidence_level":0.95,"lower_bound":2353.0398001685444,"upper_bound":3345.4355055609694},"point_estimate":2860.861224009279,"standard_error":253.770498254363}}