{"mean":{"confidence_interval":{"confidence_level":0.95,"lower_bound":2324.3244888530285,"upper_bound":2338.4895488988373},"point_estimate":2330.925367624618,"standard_error":3.617134529126689},"median":{"confidence_interval":{"confidence_level":0.95,"lower_bound":2316.2016180540772,"upper_bound":2319.6147540983607},"point_estimate":2317.759900801584,"standard_error":0.9950909433599776},"median_abs_dev":{"confidence_interval":{"confidence_level":0.95,"lower_bound":3.788416125994384,"upper_bound":7.6777067623505015},"point_estimate":5.463520905653883,"standard_error":1.082242882084031},"slope":{"confidence_interval":{"confidence_level":0.95,"lower_bound":2324.908574578965,"upper_bound":2345.9854285979286},"point_estimate":2334.7513525862005,"standard_error":5.400032897411683},"std_dev":{"confidence_interval":{"confidence_level":0.95,"lower_bound":24.71992004032517,"upper_bound":46.10306764699451},"point_estimate":36.451055342887095,"standard_error":5.454088578718115}}