{"mean":{"confidence_interval":{"confidence_level":0.95,"lower_bound":741131.3730835959,"upper_bound":751584.5013924366},"point_estimate":746299.3466987644,"standard_error":2656.1969065622793},"median":{"confidence_interval":{"confidence_level":0.95,"lower_bound":741668.2788593678,"upper_bound":751288.8764705883},"point_estimate":745585.5368647459,"standard_error":3022.132364661238},"median_abs_dev":{"confidence_interval":{"confidence_level":0.95,"lower_bound":16500.87439455109,"upper_bound":26262.97150276633},"point_estimate":20295.40346354835,"standard_error":2458.5386155453966},"slope":{"confidence_interval":{"confidence_level":0.95,"lower_bound":745627.3912444214,"upper_bound":754881.8192725944},"point_estimate":750370.273561401,"standard_error":2361.672756215122},"std_dev":{"confidence_interval":{"confidence_level":0.95,"lower_bound":20874.856902762705,"upper_bound":32563.447366877474},"point_estimate":26673.00673652644,"standard_error":3023.1344746657}}