{"mean":{"confidence_interval":{"confidence_level":0.95,"lower_bound":441525.010960268,"upper_bound":447506.11403413326},"point_estimate":444028.4014181564,"standard_error":1551.133213377576},"median":{"confidence_interval":{"confidence_level":0.95,"lower_bound":440530.89239130437,"upper_bound":441888.9438707528},"point_estimate":441037.0316666667,"standard_error":355.596814132193},"median_abs_dev":{"confidence_interval":{"confidence_level":0.95,"lower_bound":1921.341270532275,"upper_bound":3481.378478979202},"point_estimate":2640.3840084424764,"standard_error":382.17754571989224},"slope":{"confidence_interval":{"confidence_level":0.95,"lower_bound":441606.3518467861,"upper_bound":445558.1884332},"point_estimate":443301.07325698243,"standard_error":1014.6652251904706},"std_dev":{"confidence_interval":{"confidence_level":0.95,"lower_bound":4136.577365334784,"upper_bound":24586.469001660345},"point_estimate":15567.904391049075,"standard_error":5491.392907576465}}