{"mean":{"confidence_interval":{"confidence_level":0.95,"lower_bound":260469.0242365457,"upper_bound":261528.6302536693},"point_estimate":260981.89793659057,"standard_error":270.83958432898874},"median":{"confidence_interval":{"confidence_level":0.95,"lower_bound":260327.72475961538,"upper_bound":261140.13709677418},"point_estimate":260654.423125,"standard_error":189.7931599499731},"median_abs_dev":{"confidence_interval":{"confidence_level":0.95,"lower_bound":1405.1650125533054,"upper_bound":2592.4259185362075},"point_estimate":2055.5464567759777,"standard_error":298.0008153052223},"slope":{"confidence_interval":{"confidence_level":0.95,"lower_bound":260672.76882550775,"upper_bound":261620.75353858728},"point_estimate":261139.77736146003,"standard_error":241.1555268079252},"std_dev":{"confidence_interval":{"confidence_level":0.95,"lower_bound":2028.2070318296105,"upper_bound":3359.5097120948258},"point_estimate":2720.222975259074,"standard_error":342.08225800403585}}