{"mean":{"confidence_interval":{"confidence_level":0.95,"lower_bound":249303.97701130083,"upper_bound":250384.7525654498},"point_estimate":249827.0370099201,"standard_error":275.9405690909166},"median":{"confidence_interval":{"confidence_level":0.95,"lower_bound":249104.7558139535,"upper_bound":250440.0698924731},"point_estimate":249782.40345100104,"standard_error":336.26560868889976},"median_abs_dev":{"confidence_interval":{"confidence_level":0.95,"lower_bound":1682.164232843548,"upper_bound":2707.9392026992605},"point_estimate":2080.0224388036972,"standard_error":257.7378572622979},"slope":{"confidence_interval":{"confidence_level":0.95,"lower_bound":249257.76315952107,"upper_bound":250153.05069148884},"point_estimate":249705.4323703266,"standard_error":228.11805140448095},"std_dev":{"confidence_interval":{"confidence_level":0.95,"lower_bound":2003.7406320799203,"upper_bound":3613.0915329248337},"point_estimate":2780.6103232482137,"standard_error":422.89012342828426}}