{"mean":{"confidence_interval":{"confidence_level":0.95,"lower_bound":1867866.6481843372,"upper_bound":1897757.8152858946},"point_estimate":1881851.7989916245,"standard_error":7602.316831688558},"median":{"confidence_interval":{"confidence_level":0.95,"lower_bound":1856980.6333333333,"upper_bound":1877395.2727272727},"point_estimate":1868826.2691210047,"standard_error":4947.96217251058},"median_abs_dev":{"confidence_interval":{"confidence_level":0.95,"lower_bound":33120.78494330575,"upper_bound":52539.88016226607},"point_estimate":44264.960451593055,"standard_error":4970.11717492583},"slope":{"confidence_interval":{"confidence_level":0.95,"lower_bound":1862793.800339151,"upper_bound":1890568.3713439298},"point_estimate":1875370.4385399735,"standard_error":7120.566344538865},"std_dev":{"confidence_interval":{"confidence_level":0.95,"lower_bound":49578.36705497121,"upper_bound":101902.55912325866},"point_estimate":76506.97419512128,"standard_error":13588.277676221585}}