{"mean":{"confidence_interval":{"confidence_level":0.95,"lower_bound":220021.5966933016,"upper_bound":221103.6468168817},"point_estimate":220498.1962684465,"standard_error":276.77197885749945},"median":{"confidence_interval":{"confidence_level":0.95,"lower_bound":219563.60541666666,"upper_bound":220653.31466666667},"point_estimate":219832.2810652921,"standard_error":255.01293872132217},"median_abs_dev":{"confidence_interval":{"confidence_level":0.95,"lower_bound":1200.1012746956449,"upper_bound":2031.2870386186003},"point_estimate":1553.1729328986053,"standard_error":201.77809169096622},"slope":{"confidence_interval":{"confidence_level":0.95,"lower_bound":219620.9594717647,"upper_bound":220429.56855441944},"point_estimate":220012.96107048914,"standard_error":206.32190161135213},"std_dev":{"confidence_interval":{"confidence_level":0.95,"lower_bound":1513.8266917115145,"upper_bound":4152.7427113549975},"point_estimate":2772.9972623514063,"standard_error":814.4479104117308}}