{"mean":{"confidence_interval":{"confidence_level":0.95,"lower_bound":769802.9562745758,"upper_bound":774739.8223405628},"point_estimate":772357.7987439919,"standard_error":1258.5551992110843},"median":{"confidence_interval":{"confidence_level":0.95,"lower_bound":771146.3484848484,"upper_bound":775621.6666666666},"point_estimate":774022.7360372341,"standard_error":1085.4550319138184},"median_abs_dev":{"confidence_interval":{"confidence_level":0.95,"lower_bound":6532.0488845803175,"upper_bound":9994.169324203549},"point_estimate":8108.732532930758,"standard_error":841.343046502653},"slope":{"confidence_interval":{"confidence_level":0.95,"lower_bound":771729.586538284,"upper_bound":775008.37685049},"point_estimate":773388.8847598641,"standard_error":834.4950932140192},"std_dev":{"confidence_interval":{"confidence_level":0.95,"lower_bound":9283.488652724569,"upper_bound":15581.043349147607},"point_estimate":12637.63763083003,"standard_error":1615.9103239749788}}