{"mean":{"confidence_interval":{"confidence_level":0.95,"lower_bound":395114.89738414466,"upper_bound":398988.49461510166},"point_estimate":396820.5139995475,"standard_error":997.3998061207512},"median":{"confidence_interval":{"confidence_level":0.95,"lower_bound":393981.01212121214,"upper_bound":395363.4292929293},"point_estimate":394728.14285714284,"standard_error":395.4591306133312},"median_abs_dev":{"confidence_interval":{"confidence_level":0.95,"lower_bound":2120.517167261529,"upper_bound":4100.801426388142},"point_estimate":3003.0151074145906,"standard_error":502.9342406280311},"slope":{"confidence_interval":{"confidence_level":0.95,"lower_bound":394435.7453841585,"upper_bound":396517.27055415587},"point_estimate":395327.24862617604,"standard_error":534.3938137960839},"std_dev":{"confidence_interval":{"confidence_level":0.95,"lower_bound":4460.081814361357,"upper_bound":15123.169759009841},"point_estimate":10037.100939628355,"standard_error":2903.0593875936092}}