{"mean":{"confidence_interval":{"confidence_level":0.95,"lower_bound":370102.54921567393,"upper_bound":371152.538116256},"point_estimate":370626.27326509013,"standard_error":268.30785843648925},"median":{"confidence_interval":{"confidence_level":0.95,"lower_bound":369747.0652173913,"upper_bound":371092.4193121693},"point_estimate":370187.5462962963,"standard_error":352.79652866776433},"median_abs_dev":{"confidence_interval":{"confidence_level":0.95,"lower_bound":2003.976866178407,"upper_bound":3266.717261863746},"point_estimate":2587.5161575239517,"standard_error":317.5410541589579},"slope":{"confidence_interval":{"confidence_level":0.95,"lower_bound":370003.368893603,"upper_bound":371261.8463577682},"point_estimate":370608.1968188759,"standard_error":322.4525892990306},"std_dev":{"confidence_interval":{"confidence_level":0.95,"lower_bound":2314.6892091026966,"upper_bound":3042.67834735237},"point_estimate":2697.673881231824,"standard_error":185.99295179914313}}