{"mean":{"confidence_interval":{"confidence_level":0.95,"lower_bound":498389.21089702216,"upper_bound":500329.7759352618},"point_estimate":499385.3517156228,"standard_error":494.44451917840644},"median":{"confidence_interval":{"confidence_level":0.95,"lower_bound":498736.2105263158,"upper_bound":500521.26717948716},"point_estimate":499701.0761978561,"standard_error":410.0798234221597},"median_abs_dev":{"confidence_interval":{"confidence_level":0.95,"lower_bound":2796.6293925444793,"upper_bound":4603.360310068725},"point_estimate":3628.34128297041,"standard_error":448.0368148583902},"slope":{"confidence_interval":{"confidence_level":0.95,"lower_bound":499049.64523619175,"upper_bound":500732.3670940216},"point_estimate":499868.588130634,"standard_error":429.6128795425547},"std_dev":{"confidence_interval":{"confidence_level":0.95,"lower_bound":3876.1032693759144,"upper_bound":5975.705159185798},"point_estimate":4960.158256920375,"standard_error":535.706163398727}}