{"mean":{"confidence_interval":{"confidence_level":0.95,"lower_bound":2426206.038119049,"upper_bound":2448451.4428928564},"point_estimate":2437275.334761905,"standard_error":5652.212654466501},"median":{"confidence_interval":{"confidence_level":0.95,"lower_bound":2424847.1428571427,"upper_bound":2447814.6190476194},"point_estimate":2433410.761904762,"standard_error":7057.098111921656},"median_abs_dev":{"confidence_interval":{"confidence_level":0.95,"lower_bound":44687.540006637806,"upper_bound":74500.18977735698},"point_estimate":60905.52461871084,"standard_error":7927.5235748355835},"slope":null,"std_dev":{"confidence_interval":{"confidence_level":0.95,"lower_bound":48490.4422282628,"upper_bound":63917.41045678771},"point_estimate":56610.77352455547,"standard_error":3926.951038926121}}