{"mean":{"confidence_interval":{"confidence_level":0.95,"lower_bound":1466811.9459190995,"upper_bound":1469209.4165417824},"point_estimate":1467963.460542554,"standard_error":609.4703694368358},"median":{"confidence_interval":{"confidence_level":0.95,"lower_bound":1466058.9264705882,"upper_bound":1468274.435483871},"point_estimate":1466969.5869905956,"standard_error":609.709555063822},"median_abs_dev":{"confidence_interval":{"confidence_level":0.95,"lower_bound":3356.9211077873,"upper_bound":5528.617691979745},"point_estimate":4563.779553117769,"standard_error":549.7974255441885},"slope":{"confidence_interval":{"confidence_level":0.95,"lower_bound":1466294.1063544091,"upper_bound":1468592.7817278423},"point_estimate":1467319.3128269543,"standard_error":589.1904648101403},"std_dev":{"confidence_interval":{"confidence_level":0.95,"lower_bound":4503.517799118659,"upper_bound":7791.698801775435},"point_estimate":6129.995924156654,"standard_error":857.9315458249565}}