{"mean":{"confidence_interval":{"confidence_level":0.95,"lower_bound":458422.94169794495,"upper_bound":461219.8454510662},"point_estimate":459801.23147010215,"standard_error":712.7887983036882},"median":{"confidence_interval":{"confidence_level":0.95,"lower_bound":457241.2688172043,"upper_bound":461129.52976190473},"point_estimate":459641.59949318715,"standard_error":828.7596929476291},"median_abs_dev":{"confidence_interval":{"confidence_level":0.95,"lower_bound":5019.3133825560335,"upper_bound":8572.374749615532},"point_estimate":6984.227936440511,"standard_error":878.622937275181},"slope":{"confidence_interval":{"confidence_level":0.95,"lower_bound":458735.5495712608,"upper_bound":461974.25023359846},"point_estimate":460302.300608837,"standard_error":828.2606737615563},"std_dev":{"confidence_interval":{"confidence_level":0.95,"lower_bound":5947.944593419845,"upper_bound":8352.986897403998},"point_estimate":7157.182639498213,"standard_error":615.8694113643126}}