{"mean":{"confidence_interval":{"confidence_level":0.95,"lower_bound":479786.4491301294,"upper_bound":481894.4691037186},"point_estimate":480819.37428724125,"standard_error":537.2099910493495},"median":{"confidence_interval":{"confidence_level":0.95,"lower_bound":479590.01506707945,"upper_bound":481466.83040935674},"point_estimate":480223.18148148153,"standard_error":405.98344341215204},"median_abs_dev":{"confidence_interval":{"confidence_level":0.95,"lower_bound":3045.0766049134345,"upper_bound":5062.863130843458},"point_estimate":4295.578591324268,"standard_error":478.8978401019805},"slope":{"confidence_interval":{"confidence_level":0.95,"lower_bound":480880.7841984529,"upper_bound":482441.59892746765},"point_estimate":481644.61578739964,"standard_error":397.3538857234878},"std_dev":{"confidence_interval":{"confidence_level":0.95,"lower_bound":3958.326782338199,"upper_bound":6763.7196724304085},"point_estimate":5401.94457133634,"standard_error":720.2106808428098}}