{"mean":{"confidence_interval":{"confidence_level":0.95,"lower_bound":515470.97348231653,"upper_bound":519292.68664713873},"point_estimate":517403.6458589961,"standard_error":972.2360118404613},"median":{"confidence_interval":{"confidence_level":0.95,"lower_bound":516189.9375,"upper_bound":518918.4411764706},"point_estimate":517146.7406151063,"standard_error":667.5849568874694},"median_abs_dev":{"confidence_interval":{"confidence_level":0.95,"lower_bound":4070.314286391342,"upper_bound":7605.350216582398},"point_estimate":5747.103169152399,"standard_error":901.9777047546315},"slope":{"confidence_interval":{"confidence_level":0.95,"lower_bound":516213.6410835374,"upper_bound":518548.0958766483},"point_estimate":517364.7431845722,"standard_error":596.1546203613836},"std_dev":{"confidence_interval":{"confidence_level":0.95,"lower_bound":6978.276541600334,"upper_bound":12196.08109562149},"point_estimate":9722.408681612978,"standard_error":1339.7538995418622}}