{"mean":{"confidence_interval":{"confidence_level":0.95,"lower_bound":434965.06720533164,"upper_bound":436868.92274056387},"point_estimate":435880.9789132454,"standard_error":485.29705375136115},"median":{"confidence_interval":{"confidence_level":0.95,"lower_bound":434194.05263157893,"upper_bound":436392.7049180328},"point_estimate":434869.59131205676,"standard_error":533.4898585066871},"median_abs_dev":{"confidence_interval":{"confidence_level":0.95,"lower_bound":2871.0887847279714,"upper_bound":4821.617773056824},"point_estimate":4066.692607921439,"standard_error":492.93359036319487},"slope":{"confidence_interval":{"confidence_level":0.95,"lower_bound":433455.62781575456,"upper_bound":435066.6501229697},"point_estimate":434232.15867740504,"standard_error":410.3810836483325},"std_dev":{"confidence_interval":{"confidence_level":0.95,"lower_bound":3736.491025480239,"upper_bound":6034.315868827553},"point_estimate":4897.030532770968,"standard_error":592.1473829321392}}