{"mean":{"confidence_interval":{"confidence_level":0.95,"lower_bound":442378.90423396043,"upper_bound":458061.342210955},"point_estimate":448196.81707204605,"standard_error":4283.208964769148},"median":{"confidence_interval":{"confidence_level":0.95,"lower_bound":441915.65789473685,"upper_bound":443479.77142857143},"point_estimate":442830.0056573276,"standard_error":457.17949053192535},"median_abs_dev":{"confidence_interval":{"confidence_level":0.95,"lower_bound":2455.000569805175,"upper_bound":3848.8571487279437},"point_estimate":3131.4477948223275,"standard_error":350.5562278483092},"slope":{"confidence_interval":{"confidence_level":0.95,"lower_bound":443043.13323065627,"upper_bound":444686.4750677578},"point_estimate":443832.0352977686,"standard_error":419.6862917835546},"std_dev":{"confidence_interval":{"confidence_level":0.95,"lower_bound":3609.42249402663,"upper_bound":72087.10933178964},"point_estimate":42990.94771157042,"standard_error":21230.908876917678}}