{"mean":{"confidence_interval":{"confidence_level":0.95,"lower_bound":474360.55454748514,"upper_bound":476700.85486320965},"point_estimate":475436.3869856431,"standard_error":597.91101206761},"median":{"confidence_interval":{"confidence_level":0.95,"lower_bound":473874.93827160494,"upper_bound":475370.6438356164},"point_estimate":474730.3700136612,"standard_error":395.8989906902318},"median_abs_dev":{"confidence_interval":{"confidence_level":0.95,"lower_bound":2752.6088376285975,"upper_bound":4458.846319742478},"point_estimate":3752.2089850109774,"standard_error":431.0317301794557},"slope":{"confidence_interval":{"confidence_level":0.95,"lower_bound":473642.7245383668,"upper_bound":475554.3524948454},"point_estimate":474512.0114349047,"standard_error":487.012007732675},"std_dev":{"confidence_interval":{"confidence_level":0.95,"lower_bound":3603.9326186026456,"upper_bound":8274.870856323558},"point_estimate":5999.1687448153425,"standard_error":1220.658593268645}}