{"mean":{"confidence_interval":{"confidence_level":0.95,"lower_bound":2012902.8232380948,"upper_bound":2017364.858833333},"point_estimate":2014842.6247619046,"standard_error":1151.766458752199},"median":{"confidence_interval":{"confidence_level":0.95,"lower_bound":2011340.3333333333,"upper_bound":2015321.380952381},"point_estimate":2013323.714285714,"standard_error":1066.7077492635106},"median_abs_dev":{"confidence_interval":{"confidence_level":0.95,"lower_bound":4762.428815449864,"upper_bound":7549.1519659759915},"point_estimate":5797.636597071786,"standard_error":699.122422679482},"slope":null,"std_dev":{"confidence_interval":{"confidence_level":0.95,"lower_bound":5311.391642052247,"upper_bound":17734.88587175592},"point_estimate":11576.777465592004,"standard_error":3593.816096814827}}