{"mean":{"confidence_interval":{"confidence_level":0.95,"lower_bound":3216625.583375,"upper_bound":3245181.210859375},"point_estimate":3230636.25,"standard_error":7286.646646177079},"median":{"confidence_interval":{"confidence_level":0.95,"lower_bound":3201999.03125,"upper_bound":3245009.625},"point_estimate":3224517.375,"standard_error":10658.917416622171},"median_abs_dev":{"confidence_interval":{"confidence_level":0.95,"lower_bound":59596.7661106959,"upper_bound":91348.54412823915},"point_estimate":73572.86541257054,"standard_error":8307.677317649786},"slope":null,"std_dev":{"confidence_interval":{"confidence_level":0.95,"lower_bound":61727.30511475867,"upper_bound":83906.7267418454},"point_estimate":73371.57982858362,"standard_error":5686.810624775492}}