{"mean":{"confidence_interval":{"confidence_level":0.95,"lower_bound":3161795.669125,"upper_bound":3181617.97525},"point_estimate":3171530.261875,"standard_error":5056.266112037408},"median":{"confidence_interval":{"confidence_level":0.95,"lower_bound":3152494.40625,"upper_bound":3179334.25},"point_estimate":3169797.65625,"standard_error":6837.060145898685},"median_abs_dev":{"confidence_interval":{"confidence_level":0.95,"lower_bound":36914.97875712812,"upper_bound":64105.49162440002},"point_estimate":51664.346607774496,"standard_error":7060.598642069553},"slope":null,"std_dev":{"confidence_interval":{"confidence_level":0.95,"lower_bound":42375.880261140745,"upper_bound":58707.97313623556},"point_estimate":50920.816071186084,"standard_error":4170.687045867223}}