{"mean":{"confidence_interval":{"confidence_level":0.95,"lower_bound":868269.667909768,"upper_bound":871537.1022239904},"point_estimate":869743.7843159091,"standard_error":837.5630341669087},"median":{"confidence_interval":{"confidence_level":0.95,"lower_bound":867410.7222222222,"upper_bound":868836.6063829787},"point_estimate":868286.6890132062,"standard_error":380.39786413877033},"median_abs_dev":{"confidence_interval":{"confidence_level":0.95,"lower_bound":2571.119599049351,"upper_bound":5176.033345314008},"point_estimate":3913.508024268683,"standard_error":691.7246501120926},"slope":{"confidence_interval":{"confidence_level":0.95,"lower_bound":867124.7655969388,"upper_bound":868509.1334868143},"point_estimate":867798.719476873,"standard_error":353.85354771285887},"std_dev":{"confidence_interval":{"confidence_level":0.95,"lower_bound":4614.180588754932,"upper_bound":12358.748771070592},"point_estimate":8441.855711411392,"standard_error":2165.698915576221}}