{"mean":{"confidence_interval":{"confidence_level":0.95,"lower_bound":285005.78350991587,"upper_bound":289476.40474569227},"point_estimate":287010.3948688785,"standard_error":1145.3374047457667},"median":{"confidence_interval":{"confidence_level":0.95,"lower_bound":283185.4745762712,"upper_bound":285996.99418604653},"point_estimate":284415.74495967745,"standard_error":703.6359796355368},"median_abs_dev":{"confidence_interval":{"confidence_level":0.95,"lower_bound":3648.2587741054354,"upper_bound":6227.982206413941},"point_estimate":4681.991217799089,"standard_error":636.0678381116775},"slope":{"confidence_interval":{"confidence_level":0.95,"lower_bound":283109.93954737036,"upper_bound":286551.37596052955},"point_estimate":284630.8846719373,"standard_error":883.5532092197572},"std_dev":{"confidence_interval":{"confidence_level":0.95,"lower_bound":5846.474050680666,"upper_bound":16580.26298535311},"point_estimate":11521.680020375565,"standard_error":2807.1266615557133}}