{"mean":{"confidence_interval":{"confidence_level":0.95,"lower_bound":270881.1380655197,"upper_bound":272056.06226382015},"point_estimate":271442.68433747836,"standard_error":299.44428256114986},"median":{"confidence_interval":{"confidence_level":0.95,"lower_bound":270488.3969072165,"upper_bound":271340.7737573099},"point_estimate":270796.53718374646,"standard_error":252.95856240846837},"median_abs_dev":{"confidence_interval":{"confidence_level":0.95,"lower_bound":1560.2357035502935,"upper_bound":2481.416014577245},"point_estimate":1960.481748865064,"standard_error":231.78000446396445},"slope":{"confidence_interval":{"confidence_level":0.95,"lower_bound":270181.5560271766,"upper_bound":270977.6641312159},"point_estimate":270559.239391163,"standard_error":202.7751924492984},"std_dev":{"confidence_interval":{"confidence_level":0.95,"lower_bound":2215.6887653870667,"upper_bound":3817.7804572516447},"point_estimate":3009.0215289259895,"standard_error":417.03148113676576}}