{"mean":{"confidence_interval":{"confidence_level":0.95,"lower_bound":1104176.5882787092,"upper_bound":1107213.4809988537},"point_estimate":1105673.1872848307,"standard_error":776.6909777180601},"median":{"confidence_interval":{"confidence_level":0.95,"lower_bound":1103395.280357143,"upper_bound":1106478.391304348},"point_estimate":1104587.2533444818,"standard_error":698.7885960323197},"median_abs_dev":{"confidence_interval":{"confidence_level":0.95,"lower_bound":4906.053658150445,"upper_bound":8141.298593924569},"point_estimate":6121.808257982874,"standard_error":819.3616278744157},"slope":{"confidence_interval":{"confidence_level":0.95,"lower_bound":1103838.055340177,"upper_bound":1107182.3313092147},"point_estimate":1105435.6683463869,"standard_error":855.1748436479577},"std_dev":{"confidence_interval":{"confidence_level":0.95,"lower_bound":6216.045618868771,"upper_bound":9339.601904387755},"point_estimate":7814.898447148007,"standard_error":798.5245068217359}}