{"mean":{"confidence_interval":{"confidence_level":0.95,"lower_bound":295295.1292674309,"upper_bound":296289.0295613638},"point_estimate":295787.1007629085,"standard_error":253.63922858376648},"median":{"confidence_interval":{"confidence_level":0.95,"lower_bound":295117.94620114187,"upper_bound":296107.83862880967},"point_estimate":295810.60069444444,"standard_error":283.719234868501},"median_abs_dev":{"confidence_interval":{"confidence_level":0.95,"lower_bound":1861.7946031640038,"upper_bound":3131.230827513871},"point_estimate":2299.4737411018223,"standard_error":321.8191411035858},"slope":{"confidence_interval":{"confidence_level":0.95,"lower_bound":295065.18737914413,"upper_bound":296381.5509054606},"point_estimate":295723.1510053692,"standard_error":336.2903282604835},"std_dev":{"confidence_interval":{"confidence_level":0.95,"lower_bound":2172.2999192041816,"upper_bound":2902.8921603972058},"point_estimate":2553.0216199267184,"standard_error":186.9696177528976}}