{"mean":{"confidence_interval":{"confidence_level":0.95,"lower_bound":339783.2924935105,"upper_bound":341293.77424767223},"point_estimate":340497.21197185566,"standard_error":384.5294314390541},"median":{"confidence_interval":{"confidence_level":0.95,"lower_bound":339566.64814814815,"upper_bound":340754.7210274791},"point_estimate":340049.16147244803,"standard_error":316.95792044398183},"median_abs_dev":{"confidence_interval":{"confidence_level":0.95,"lower_bound":1851.2317358742778,"upper_bound":3052.378559844583},"point_estimate":2299.7456817976167,"standard_error":305.42818081146436},"slope":{"confidence_interval":{"confidence_level":0.95,"lower_bound":340265.3523760111,"upper_bound":341278.82821635273},"point_estimate":340766.4276597212,"standard_error":258.02511070893866},"std_dev":{"confidence_interval":{"confidence_level":0.95,"lower_bound":2613.26680514808,"upper_bound":5175.664914184727},"point_estimate":3849.9844588527994,"standard_error":680.4477662546299}}