{"mean":{"confidence_interval":{"confidence_level":0.95,"lower_bound":634366.3889972593,"upper_bound":636555.8090243208},"point_estimate":635449.9354220768,"standard_error":557.9773531252858},"median":{"confidence_interval":{"confidence_level":0.95,"lower_bound":633871.1428571428,"upper_bound":636277.1727272727},"point_estimate":634837.2794036253,"standard_error":501.05049143165525},"median_abs_dev":{"confidence_interval":{"confidence_level":0.95,"lower_bound":3172.6547805513633,"upper_bound":5267.096560482897},"point_estimate":4548.597039496277,"standard_error":549.9638592971784},"slope":{"confidence_interval":{"confidence_level":0.95,"lower_bound":635156.6059564523,"upper_bound":636960.1907937467},"point_estimate":636046.4478764593,"standard_error":460.549146964945},"std_dev":{"confidence_interval":{"confidence_level":0.95,"lower_bound":4221.118649425366,"upper_bound":6980.208103129847},"point_estimate":5617.626278077108,"standard_error":710.0403044411275}}