{"mean":{"confidence_interval":{"confidence_level":0.95,"lower_bound":279031.49301809503,"upper_bound":280274.8468636951},"point_estimate":279594.24260284187,"standard_error":317.76844082361515},"median":{"confidence_interval":{"confidence_level":0.95,"lower_bound":278740.8091676842,"upper_bound":279777.74492945324},"point_estimate":279153.73908948194,"standard_error":279.6212718423224},"median_abs_dev":{"confidence_interval":{"confidence_level":0.95,"lower_bound":1515.2874929182917,"upper_bound":2426.651250909582},"point_estimate":1869.4310364630194,"standard_error":227.61350078037853},"slope":{"confidence_interval":{"confidence_level":0.95,"lower_bound":279274.8736326202,"upper_bound":280101.3780134275},"point_estimate":279682.3021420127,"standard_error":209.9430368545133},"std_dev":{"confidence_interval":{"confidence_level":0.95,"lower_bound":1854.6452327677366,"upper_bound":4660.171940408968},"point_estimate":3190.4375488456485,"standard_error":818.9890849224731}}