{"mean":{"confidence_interval":{"confidence_level":0.95,"lower_bound":1678.1264959003054,"upper_bound":1690.1795844112307},"point_estimate":1682.9673994004263,"standard_error":3.1645654907857805},"median":{"confidence_interval":{"confidence_level":0.95,"lower_bound":1676.2641126560238,"upper_bound":1677.2264805414552},"point_estimate":1676.7166206569677,"standard_error":0.25045580163936926},"median_abs_dev":{"confidence_interval":{"confidence_level":0.95,"lower_bound":1.5806202978787294,"upper_bound":2.833600851586454},"point_estimate":2.3606326831970645,"standard_error":0.3278241362965615},"slope":{"confidence_interval":{"confidence_level":0.95,"lower_bound":1677.124257840738,"upper_bound":1680.2485355208219},"point_estimate":1678.4523570717554,"standard_error":0.8054971127713512},"std_dev":{"confidence_interval":{"confidence_level":0.95,"lower_bound":7.0013314019219495,"upper_bound":52.124182774896745},"point_estimate":32.03319700215401,"standard_error":13.285368849012539}}