{"mean":{"confidence_interval":{"confidence_level":0.95,"lower_bound":3282.409039303832,"upper_bound":3304.2136668896287},"point_estimate":3292.618146325919,"standard_error":5.587753071607551},"median":{"confidence_interval":{"confidence_level":0.95,"lower_bound":3268.0891320850205,"upper_bound":3274.420051487414},"point_estimate":3271.6670921873774,"standard_error":1.6618056244736752},"median_abs_dev":{"confidence_interval":{"confidence_level":0.95,"lower_bound":8.160182169878432,"upper_bound":15.385598987686777},"point_estimate":11.400003123900893,"standard_error":1.8607547117358854},"slope":{"confidence_interval":{"confidence_level":0.95,"lower_bound":3286.9234301699353,"upper_bound":3309.4546243089644},"point_estimate":3297.3690903902843,"standard_error":5.763004746007083},"std_dev":{"confidence_interval":{"confidence_level":0.95,"lower_bound":39.31466832059748,"upper_bound":73.70724594664792},"point_estimate":56.269470183425454,"standard_error":9.079390489584688}}