{"mean":{"confidence_interval":{"confidence_level":0.95,"lower_bound":2714.7566426978296,"upper_bound":2727.429008763819},"point_estimate":2719.807642048684,"standard_error":3.3444694778784045},"median":{"confidence_interval":{"confidence_level":0.95,"lower_bound":2712.4789159891598,"upper_bound":2717.806155145171},"point_estimate":2715.655777308006,"standard_error":1.4150489417334513},"median_abs_dev":{"confidence_interval":{"confidence_level":0.95,"lower_bound":8.00047334298726,"upper_bound":13.813833315196222},"point_estimate":11.039749623701088,"standard_error":1.480272125200942},"slope":{"confidence_interval":{"confidence_level":0.95,"lower_bound":2718.1102497713014,"upper_bound":2724.833223876759},"point_estimate":2721.228638430643,"standard_error":1.7175782686793142},"std_dev":{"confidence_interval":{"confidence_level":0.95,"lower_bound":10.48643405586224,"upper_bound":54.71204893870723},"point_estimate":33.53558707562819,"standard_error":14.255868581527047}}