{"mean":{"confidence_interval":{"confidence_level":0.95,"lower_bound":3114.18986819836,"upper_bound":3132.764760585551},"point_estimate":3121.814541537805,"standard_error":4.873722234045068},"median":{"confidence_interval":{"confidence_level":0.95,"lower_bound":3110.5302393149323,"upper_bound":3113.9017465293327},"point_estimate":3111.6373939540085,"standard_error":0.7105637428330167},"median_abs_dev":{"confidence_interval":{"confidence_level":0.95,"lower_bound":4.158561350853791,"upper_bound":7.86490349157536},"point_estimate":5.667514147439622,"standard_error":0.9097872670197944},"slope":{"confidence_interval":{"confidence_level":0.95,"lower_bound":3115.913301819666,"upper_bound":3120.768485890389},"point_estimate":3118.266267980375,"standard_error":1.235855462118587},"std_dev":{"confidence_interval":{"confidence_level":0.95,"lower_bound":9.833913880309055,"upper_bound":77.66958336683349},"point_estimate":48.873192612534645,"standard_error":18.618719966963052}}