{"mean":{"confidence_interval":{"confidence_level":0.95,"lower_bound":3280.5242453528545,"upper_bound":3295.4022772576673},"point_estimate":3286.695234352178,"standard_error":3.876676093291958},"median":{"confidence_interval":{"confidence_level":0.95,"lower_bound":3276.6124822157485,"upper_bound":3280.274205375199},"point_estimate":3278.930069701775,"standard_error":1.0661414097183644},"median_abs_dev":{"confidence_interval":{"confidence_level":0.95,"lower_bound":5.017352160270281,"upper_bound":9.323113911180336},"point_estimate":7.469087278402751,"standard_error":1.146853924390101},"slope":{"confidence_interval":{"confidence_level":0.95,"lower_bound":3279.4871320855927,"upper_bound":3299.063347816091},"point_estimate":3287.0765844666903,"standard_error":5.23367256452605},"std_dev":{"confidence_interval":{"confidence_level":0.95,"lower_bound":9.992275466085314,"upper_bound":61.995634725053876},"point_estimate":38.92099360623941,"standard_error":14.409926863797015}}