{"mean":{"confidence_interval":{"confidence_level":0.95,"lower_bound":266048.71070057026,"upper_bound":267100.6756940431},"point_estimate":266572.5076413586,"standard_error":268.3930823734538},"median":{"confidence_interval":{"confidence_level":0.95,"lower_bound":265891.14634146343,"upper_bound":266851.6721618357},"point_estimate":266421.7242803838,"standard_error":281.6790071635294},"median_abs_dev":{"confidence_interval":{"confidence_level":0.95,"lower_bound":1731.2831700105087,"upper_bound":2757.116800369591},"point_estimate":2280.46423826369,"standard_error":270.78974356510844},"slope":{"confidence_interval":{"confidence_level":0.95,"lower_bound":266020.42971757066,"upper_bound":266847.15162850195},"point_estimate":266422.46656790306,"standard_error":210.2564219388987},"std_dev":{"confidence_interval":{"confidence_level":0.95,"lower_bound":2211.861053742975,"upper_bound":3135.6285166775892},"point_estimate":2693.648948122224,"standard_error":235.3721197825647}}