{"mean":{"confidence_interval":{"confidence_level":0.95,"lower_bound":247458.69495168922,"upper_bound":248465.91857137118},"point_estimate":247963.17156446396,"standard_error":256.135178745276},"median":{"confidence_interval":{"confidence_level":0.95,"lower_bound":247210.64538530464,"upper_bound":248452.64274835988},"point_estimate":247729.21189839573,"standard_error":281.0738425218391},"median_abs_dev":{"confidence_interval":{"confidence_level":0.95,"lower_bound":1557.5467668273375,"upper_bound":2972.247619539706},"point_estimate":2142.251950236473,"standard_error":331.26754058830244},"slope":{"confidence_interval":{"confidence_level":0.95,"lower_bound":246850.85053102515,"upper_bound":247754.28184538518},"point_estimate":247296.29234742132,"standard_error":229.91780294026765},"std_dev":{"confidence_interval":{"confidence_level":0.95,"lower_bound":2091.040316212796,"upper_bound":3048.2547725079876},"point_estimate":2571.5966468284246,"standard_error":245.01506968554216}}