{"mean":{"confidence_interval":{"confidence_level":0.95,"lower_bound":2550.276518835148,"upper_bound":2563.2781872179694},"point_estimate":2555.2485424735523,"standard_error":3.508414326060715},"median":{"confidence_interval":{"confidence_level":0.95,"lower_bound":2545.4258394383396,"upper_bound":2551.5189670198615},"point_estimate":2549.086307264337,"standard_error":1.6184645624083562},"median_abs_dev":{"confidence_interval":{"confidence_level":0.95,"lower_bound":6.277722266170316,"upper_bound":12.79387501945063},"point_estimate":9.996162013242003,"standard_error":1.6913355833696724},"slope":{"confidence_interval":{"confidence_level":0.95,"lower_bound":2548.3251527157718,"upper_bound":2552.7763539924727},"point_estimate":2550.4728521444567,"standard_error":1.134968934767527},"std_dev":{"confidence_interval":{"confidence_level":0.95,"lower_bound":9.613826194438257,"upper_bound":58.80948859518035},"point_estimate":35.367572934611346,"standard_error":16.80450552938256}}