{"mean":{"confidence_interval":{"confidence_level":0.95,"lower_bound":2153.275942169605,"upper_bound":2156.5661135692303},"point_estimate":2154.632050913012,"standard_error":0.8572495888507315},"median":{"confidence_interval":{"confidence_level":0.95,"lower_bound":2152.541879359067,"upper_bound":2153.5623543123543},"point_estimate":2152.929587419383,"standard_error":0.2399647213767835},"median_abs_dev":{"confidence_interval":{"confidence_level":0.95,"lower_bound":1.807351368806045,"upper_bound":3.411904457213115},"point_estimate":2.746767756856242,"standard_error":0.4025143239377568},"slope":{"confidence_interval":{"confidence_level":0.95,"lower_bound":2153.006731883544,"upper_bound":2154.5533960562543},"point_estimate":2153.7402852332143,"standard_error":0.3931827375745698},"std_dev":{"confidence_interval":{"confidence_level":0.95,"lower_bound":3.1152258826169734,"upper_bound":13.803278026830009},"point_estimate":8.635139622051994,"standard_error":3.3202794141776537}}