{"mean":{"confidence_interval":{"confidence_level":0.95,"lower_bound":2067.353043025768,"upper_bound":2092.2558622630486},"point_estimate":2077.294178964745,"standard_error":6.579306012860276},"median":{"confidence_interval":{"confidence_level":0.95,"lower_bound":2063.295496924363,"upper_bound":2068.014300854888},"point_estimate":2066.5824791696887,"standard_error":1.3910031650474537},"median_abs_dev":{"confidence_interval":{"confidence_level":0.95,"lower_bound":6.678728944408479,"upper_bound":11.55323035885363},"point_estimate":8.623708494662418,"standard_error":1.249054103145097},"slope":{"confidence_interval":{"confidence_level":0.95,"lower_bound":2065.8668834268306,"upper_bound":2071.782619623973},"point_estimate":2068.542962389018,"standard_error":1.5142226740933273},"std_dev":{"confidence_interval":{"confidence_level":0.95,"lower_bound":10.114199526879105,"upper_bound":107.95034946540916},"point_estimate":66.06641918044161,"standard_error":27.804896571458684}}