{"mean":{"confidence_interval":{"confidence_level":0.95,"lower_bound":1886.5764592419628,"upper_bound":1898.0454296500784},"point_estimate":1891.4723690303936,"standard_error":2.9705025126169136},"median":{"confidence_interval":{"confidence_level":0.95,"lower_bound":1883.5093821471241,"upper_bound":1885.5849275362318},"point_estimate":1884.1434060119773,"standard_error":0.5267741951628085},"median_abs_dev":{"confidence_interval":{"confidence_level":0.95,"lower_bound":2.599816357154135,"upper_bound":5.105405196715804},"point_estimate":3.555838330033678,"standard_error":0.6687229135164485},"slope":{"confidence_interval":{"confidence_level":0.95,"lower_bound":1887.9030330682888,"upper_bound":1900.1583777763963},"point_estimate":1893.0192571175241,"standard_error":3.173569165961298},"std_dev":{"confidence_interval":{"confidence_level":0.95,"lower_bound":8.622759970130469,"upper_bound":46.326848302895876},"point_estimate":29.85431809543045,"standard_error":10.031427376182927}}