{"mean":{"confidence_interval":{"confidence_level":0.95,"lower_bound":2106053.421541666,"upper_bound":2141018.4714375},"point_estimate":2123523.2158333333,"standard_error":8909.50693743748},"median":{"confidence_interval":{"confidence_level":0.95,"lower_bound":2099206.645833333,"upper_bound":2150193.2083333335},"point_estimate":2118754.375,"standard_error":14033.088619837503},"median_abs_dev":{"confidence_interval":{"confidence_level":0.95,"lower_bound":75722.34194315993,"upper_bound":119297.43776954699},"point_estimate":96202.42200456565,"standard_error":11054.221470430493},"slope":null,"std_dev":{"confidence_interval":{"confidence_level":0.95,"lower_bound":78709.92820705808,"upper_bound":99043.99108427334},"point_estimate":89523.73187990463,"standard_error":5185.520519912097}}