{"mean":{"confidence_interval":{"confidence_level":0.95,"lower_bound":237604.2498247347,"upper_bound":238663.42654763602},"point_estimate":238142.4294642378,"standard_error":269.96173462209},"median":{"confidence_interval":{"confidence_level":0.95,"lower_bound":237593.06206896552,"upper_bound":238973.63272727272},"point_estimate":238170.91509433964,"standard_error":361.60445873534263},"median_abs_dev":{"confidence_interval":{"confidence_level":0.95,"lower_bound":1968.8248949130382,"upper_bound":3167.2115746798427},"point_estimate":2672.5835985110148,"standard_error":319.30771236668903},"slope":{"confidence_interval":{"confidence_level":0.95,"lower_bound":237513.24805784345,"upper_bound":238627.13217078603},"point_estimate":238072.9804415546,"standard_error":284.013093293663},"std_dev":{"confidence_interval":{"confidence_level":0.95,"lower_bound":2236.964523150798,"upper_bound":3180.32045430973},"point_estimate":2718.531566513791,"standard_error":242.41449136499278}}