{"mean":{"confidence_interval":{"confidence_level":0.95,"lower_bound":133460.2883708227,"upper_bound":134525.95836767755},"point_estimate":133959.77451147695,"standard_error":272.4714194512054},"median":{"confidence_interval":{"confidence_level":0.95,"lower_bound":132932.75163143707,"upper_bound":133947.47465437787},"point_estimate":133573.79018151038,"standard_error":281.00680594775014},"median_abs_dev":{"confidence_interval":{"confidence_level":0.95,"lower_bound":1614.6701220238228,"upper_bound":2511.8088102921733},"point_estimate":2248.637371849027,"standard_error":231.54521393842964},"slope":{"confidence_interval":{"confidence_level":0.95,"lower_bound":133140.8565668631,"upper_bound":133989.8533937681},"point_estimate":133561.1082703878,"standard_error":216.26846528628573},"std_dev":{"confidence_interval":{"confidence_level":0.95,"lower_bound":1791.564011848867,"upper_bound":3651.6008730841427},"point_estimate":2732.9839118485347,"standard_error":489.321708467669}}