{"mean":{"confidence_interval":{"confidence_level":0.95,"lower_bound":238206.75136656794,"upper_bound":239339.2562090145},"point_estimate":238770.6463768759,"standard_error":289.7633755399589},"median":{"confidence_interval":{"confidence_level":0.95,"lower_bound":238236.7178806494,"upper_bound":239694.915},"point_estimate":239223.28185185185,"standard_error":363.16149760602707},"median_abs_dev":{"confidence_interval":{"confidence_level":0.95,"lower_bound":2312.936679034557,"upper_bound":3835.2333262470033},"point_estimate":3284.3157465636014,"standard_error":376.8020022578431},"slope":{"confidence_interval":{"confidence_level":0.95,"lower_bound":238635.7919564787,"upper_bound":239810.69171378395},"point_estimate":239231.71787616375,"standard_error":299.48794482833296},"std_dev":{"confidence_interval":{"confidence_level":0.95,"lower_bound":2491.8809479551282,"upper_bound":3333.944947787532},"point_estimate":2921.849494935511,"standard_error":214.84275219814057}}