{"mean":{"confidence_interval":{"confidence_level":0.95,"lower_bound":233864.85279248646,"upper_bound":234783.85548492178},"point_estimate":234296.80570500705,"standard_error":234.80838578535867},"median":{"confidence_interval":{"confidence_level":0.95,"lower_bound":233438.325,"upper_bound":234263.06565656565},"point_estimate":233866.50556034484,"standard_error":193.28480827689924},"median_abs_dev":{"confidence_interval":{"confidence_level":0.95,"lower_bound":1309.2063500145114,"upper_bound":2185.9850490409112},"point_estimate":1630.5455072740483,"standard_error":223.24421164788123},"slope":{"confidence_interval":{"confidence_level":0.95,"lower_bound":233455.73991511314,"upper_bound":234179.39630678264},"point_estimate":233806.51858075956,"standard_error":184.25474941681867},"std_dev":{"confidence_interval":{"confidence_level":0.95,"lower_bound":1620.638567991381,"upper_bound":3095.5751848047576},"point_estimate":2360.781933292998,"standard_error":384.95682596065694}}