{"mean":{"confidence_interval":{"confidence_level":0.95,"lower_bound":303192.76760803,"upper_bound":306053.56843350816},"point_estimate":304494.56952989823,"standard_error":736.2901952806059},"median":{"confidence_interval":{"confidence_level":0.95,"lower_bound":301982.82355769235,"upper_bound":303340.0227272727},"point_estimate":302616.56026785716,"standard_error":342.68265375187144},"median_abs_dev":{"confidence_interval":{"confidence_level":0.95,"lower_bound":1891.3742571257696,"upper_bound":3198.740876365817},"point_estimate":2583.803912082854,"standard_error":337.58157848693173},"slope":{"confidence_interval":{"confidence_level":0.95,"lower_bound":301767.1310347354,"upper_bound":303766.9983324316},"point_estimate":302635.0804625388,"standard_error":512.9097751096176},"std_dev":{"confidence_interval":{"confidence_level":0.95,"lower_bound":4242.187359650675,"upper_bound":10158.143887125534},"point_estimate":7411.4912436442,"standard_error":1519.5840542647989}}