{"mean":{"confidence_interval":{"confidence_level":0.95,"lower_bound":285941.0560147807,"upper_bound":287084.75938707305},"point_estimate":286491.29624139605,"standard_error":292.6120179192186},"median":{"confidence_interval":{"confidence_level":0.95,"lower_bound":285565.0238095238,"upper_bound":286853.3884698276},"point_estimate":286263.953437633,"standard_error":319.4734958385401},"median_abs_dev":{"confidence_interval":{"confidence_level":0.95,"lower_bound":1834.9919449792237,"upper_bound":3011.2019268245435},"point_estimate":2274.3404351031418,"standard_error":302.6787933893501},"slope":{"confidence_interval":{"confidence_level":0.95,"lower_bound":285787.6898963427,"upper_bound":286777.42422604846},"point_estimate":286272.42444066796,"standard_error":253.04171216659716},"std_dev":{"confidence_interval":{"confidence_level":0.95,"lower_bound":2182.5213756360026,"upper_bound":3769.8096418737937},"point_estimate":2930.8250760954375,"standard_error":420.4959997007543}}