{"mean":{"confidence_interval":{"confidence_level":0.95,"lower_bound":290684.2998413163,"upper_bound":292099.9811013916},"point_estimate":291310.16138738795,"standard_error":363.69272230594305},"median":{"confidence_interval":{"confidence_level":0.95,"lower_bound":290539.3179374389,"upper_bound":291372.7064241938},"point_estimate":291057.0001803752,"standard_error":234.592609187361},"median_abs_dev":{"confidence_interval":{"confidence_level":0.95,"lower_bound":1266.673236800139,"upper_bound":2213.650455464077},"point_estimate":1690.9409768060148,"standard_error":240.1888554483311},"slope":{"confidence_interval":{"confidence_level":0.95,"lower_bound":290887.3959439351,"upper_bound":291921.7945507098},"point_estimate":291373.94401063985,"standard_error":264.4481587942472},"std_dev":{"confidence_interval":{"confidence_level":0.95,"lower_bound":1887.6068085907643,"upper_bound":5558.7120281665375},"point_estimate":3666.65323287944,"standard_error":1112.1519725888656}}