{"mean":{"confidence_interval":{"confidence_level":0.95,"lower_bound":276114.6731868358,"upper_bound":277594.4750866646},"point_estimate":276790.10310595034,"standard_error":379.12565653320496},"median":{"confidence_interval":{"confidence_level":0.95,"lower_bound":276315.9475515464,"upper_bound":277235.08829365077},"point_estimate":276748.3489858906,"standard_error":270.8266567004938},"median_abs_dev":{"confidence_interval":{"confidence_level":0.95,"lower_bound":1267.5966280997873,"upper_bound":2147.402237004137},"point_estimate":1684.9363241503931,"standard_error":225.73072129753717},"slope":{"confidence_interval":{"confidence_level":0.95,"lower_bound":276661.93382101686,"upper_bound":277464.16453788005},"point_estimate":277061.14361903357,"standard_error":204.20666731447815},"std_dev":{"confidence_interval":{"confidence_level":0.95,"lower_bound":2077.2594915264663,"upper_bound":5647.73540877374},"point_estimate":3814.439560157799,"standard_error":1014.1400775447332}}