{"mean":{"confidence_interval":{"confidence_level":0.95,"lower_bound":210971.47179059612,"upper_bound":212105.04764632118},"point_estimate":211480.95068158134,"standard_error":290.46399047002564},"median":{"confidence_interval":{"confidence_level":0.95,"lower_bound":210605.54698085418,"upper_bound":211438.1268292683},"point_estimate":211156.30901455766,"standard_error":205.7735177775243},"median_abs_dev":{"confidence_interval":{"confidence_level":0.95,"lower_bound":1263.2850811087956,"upper_bound":2199.9550825997667},"point_estimate":1753.638947747817,"standard_error":234.62996753902274},"slope":{"confidence_interval":{"confidence_level":0.95,"lower_bound":210947.0453761333,"upper_bound":211650.2722257818},"point_estimate":211287.53764563322,"standard_error":179.1396476584854},"std_dev":{"confidence_interval":{"confidence_level":0.95,"lower_bound":1705.2509658613772,"upper_bound":4272.912602251341},"point_estimate":2907.071850334565,"standard_error":791.7328161463987}}