{"mean":{"confidence_interval":{"confidence_level":0.95,"lower_bound":219842.72382945535,"upper_bound":222021.43682168977},"point_estimate":220829.8050391518,"standard_error":557.7114879221875},"median":{"confidence_interval":{"confidence_level":0.95,"lower_bound":219382.76,"upper_bound":220333.0088235294},"point_estimate":219834.80366422387,"standard_error":249.52401057458212},"median_abs_dev":{"confidence_interval":{"confidence_level":0.95,"lower_bound":1711.6003669369607,"upper_bound":2853.332953304596},"point_estimate":2250.7215492706387,"standard_error":289.14220905496586},"slope":{"confidence_interval":{"confidence_level":0.95,"lower_bound":219843.1414389406,"upper_bound":221749.2691655334},"point_estimate":220626.75713373726,"standard_error":503.07440815730723},"std_dev":{"confidence_interval":{"confidence_level":0.95,"lower_bound":2990.3457046501353,"upper_bound":7962.209166159774},"point_estimate":5605.479110989548,"standard_error":1297.7998093781187}}