{"mean":{"confidence_interval":{"confidence_level":0.95,"lower_bound":214814.41685931038,"upper_bound":216393.31306424356},"point_estimate":215541.69921131723,"standard_error":402.87134261671326},"median":{"confidence_interval":{"confidence_level":0.95,"lower_bound":214223.6567164179,"upper_bound":215882.44324324324},"point_estimate":215240.0758064516,"standard_error":387.04875004465606},"median_abs_dev":{"confidence_interval":{"confidence_level":0.95,"lower_bound":2349.061548730899,"upper_bound":3673.9974374317508},"point_estimate":3006.1599859389476,"standard_error":331.63912468989514},"slope":{"confidence_interval":{"confidence_level":0.95,"lower_bound":215697.88535294292,"upper_bound":216803.4461395857},"point_estimate":216249.34703295404,"standard_error":282.3377474590827},"std_dev":{"confidence_interval":{"confidence_level":0.95,"lower_bound":2510.466771468798,"upper_bound":5800.568405530873},"point_estimate":4044.790208549545,"standard_error":960.3677730307924}}