{"mean":{"confidence_interval":{"confidence_level":0.95,"lower_bound":223237.3607563152,"upper_bound":224590.6623876841},"point_estimate":223808.70020128146,"standard_error":351.35833595033034},"median":{"confidence_interval":{"confidence_level":0.95,"lower_bound":222993.37833333333,"upper_bound":223548.43651642476},"point_estimate":223192.1890224359,"standard_error":145.16956169223536},"median_abs_dev":{"confidence_interval":{"confidence_level":0.95,"lower_bound":929.2181718374677,"upper_bound":1455.0336412443946},"point_estimate":1184.3635267588973,"standard_error":129.5864607296678},"slope":{"confidence_interval":{"confidence_level":0.95,"lower_bound":222994.33889421404,"upper_bound":223588.46848927994},"point_estimate":223285.30149726613,"standard_error":151.1175744850354},"std_dev":{"confidence_interval":{"confidence_level":0.95,"lower_bound":1474.5056995334178,"upper_bound":5554.693779034921},"point_estimate":3526.840768645855,"standard_error":1272.414385428379}}