{"mean":{"confidence_interval":{"confidence_level":0.95,"lower_bound":275488.9506234251,"upper_bound":276582.39193208545},"point_estimate":276023.11424243014,"standard_error":278.9421521437754},"median":{"confidence_interval":{"confidence_level":0.95,"lower_bound":275248.4871794872,"upper_bound":276358.04375},"point_estimate":275842.4946689113,"standard_error":276.02605408911256},"median_abs_dev":{"confidence_interval":{"confidence_level":0.95,"lower_bound":1841.074844560074,"upper_bound":3111.918619899039},"point_estimate":2423.571314736695,"standard_error":310.76964587169545},"slope":{"confidence_interval":{"confidence_level":0.95,"lower_bound":275345.72840871377,"upper_bound":276215.30727925856},"point_estimate":275777.06707108027,"standard_error":220.86591235589077},"std_dev":{"confidence_interval":{"confidence_level":0.95,"lower_bound":2180.37837195374,"upper_bound":3419.8041907545744},"point_estimate":2804.6060464134457,"standard_error":318.0447782004908}}