{"mean":{"confidence_interval":{"confidence_level":0.95,"lower_bound":846693.1965953739,"upper_bound":850732.2205748165},"point_estimate":848383.7977421485,"standard_error":1045.3494725453843},"median":{"confidence_interval":{"confidence_level":0.95,"lower_bound":846071.4565217391,"upper_bound":848957.1333333333},"point_estimate":847092.1474512487,"standard_error":624.4079203296201},"median_abs_dev":{"confidence_interval":{"confidence_level":0.95,"lower_bound":3797.1068861821873,"upper_bound":6004.216873500628},"point_estimate":4762.72371189234,"standard_error":566.7640781321554},"slope":{"confidence_interval":{"confidence_level":0.95,"lower_bound":847256.8643545907,"upper_bound":851641.1555759221},"point_estimate":848984.9256745973,"standard_error":1152.8025569483823},"std_dev":{"confidence_interval":{"confidence_level":0.95,"lower_bound":4314.940042911464,"upper_bound":16617.541052404642},"point_estimate":10501.543679227467,"standard_error":3862.5672363951867}}