{"mean":{"confidence_interval":{"confidence_level":0.95,"lower_bound":585202.2808139996,"upper_bound":586620.1336692035},"point_estimate":585843.3165009839,"standard_error":361.97301092255327},"median":{"confidence_interval":{"confidence_level":0.95,"lower_bound":584976.145,"upper_bound":586124.5817307692},"point_estimate":585654.1453201971,"standard_error":300.2015608655643},"median_abs_dev":{"confidence_interval":{"confidence_level":0.95,"lower_bound":1553.5068108811213,"upper_bound":2535.7263598901172},"point_estimate":2163.9407619857775,"standard_error":252.02920586949597},"slope":{"confidence_interval":{"confidence_level":0.95,"lower_bound":585094.995708984,"upper_bound":585982.8010739097},"point_estimate":585533.270005911,"standard_error":225.39204906698305},"std_dev":{"confidence_interval":{"confidence_level":0.95,"lower_bound":2103.218774403543,"upper_bound":5372.945024422085},"point_estimate":3641.6397225476176,"standard_error":985.186691647317}}