{"mean":{"confidence_interval":{"confidence_level":0.95,"lower_bound":644020.5863926786,"upper_bound":646118.8560645574},"point_estimate":645031.0534958066,"standard_error":533.8154228056995},"median":{"confidence_interval":{"confidence_level":0.95,"lower_bound":644277.9520194575,"upper_bound":645656.708750205},"point_estimate":645022.0354864434,"standard_error":388.6733125099846},"median_abs_dev":{"confidence_interval":{"confidence_level":0.95,"lower_bound":2390.8874231232276,"upper_bound":4627.8383720411275},"point_estimate":3423.1966323298825,"standard_error":567.624076113491},"slope":{"confidence_interval":{"confidence_level":0.95,"lower_bound":645072.9714337054,"upper_bound":646562.837905441},"point_estimate":645812.7395212059,"standard_error":379.72785500849375},"std_dev":{"confidence_interval":{"confidence_level":0.95,"lower_bound":3860.2783461886124,"upper_bound":6776.763167669247},"point_estimate":5349.825003670801,"standard_error":749.9673632530919}}