{"mean":{"confidence_interval":{"confidence_level":0.95,"lower_bound":518424.3041181674,"upper_bound":520469.195044167},"point_estimate":519444.2546554069,"standard_error":522.5204106719614},"median":{"confidence_interval":{"confidence_level":0.95,"lower_bound":518462.1304347826,"upper_bound":520443.30080213904},"point_estimate":519341.67918632075,"standard_error":465.14671830736546},"median_abs_dev":{"confidence_interval":{"confidence_level":0.95,"lower_bound":3067.839108034954,"upper_bound":6139.000922393968},"point_estimate":4620.1803870328695,"standard_error":774.1507803905653},"slope":{"confidence_interval":{"confidence_level":0.95,"lower_bound":521471.3965695614,"upper_bound":523999.2923678622},"point_estimate":522780.0803221516,"standard_error":645.5653038026405},"std_dev":{"confidence_interval":{"confidence_level":0.95,"lower_bound":4492.649436588888,"upper_bound":5921.78381463443},"point_estimate":5251.201203444954,"standard_error":364.8093046719782}}