{"mean":{"confidence_interval":{"confidence_level":0.95,"lower_bound":252726.37284663325,"upper_bound":253991.73832674458},"point_estimate":253338.80427491094,"standard_error":322.3419099470218},"median":{"confidence_interval":{"confidence_level":0.95,"lower_bound":252582.525,"upper_bound":253738.2395833333},"point_estimate":253078.58533653847,"standard_error":270.4771318373706},"median_abs_dev":{"confidence_interval":{"confidence_level":0.95,"lower_bound":1717.377158132293,"upper_bound":2787.402457039645},"point_estimate":2048.109518379881,"standard_error":271.45148681204506},"slope":{"confidence_interval":{"confidence_level":0.95,"lower_bound":252588.3709394997,"upper_bound":253569.7660329647},"point_estimate":253065.51219890645,"standard_error":249.86041219391876},"std_dev":{"confidence_interval":{"confidence_level":0.95,"lower_bound":2343.999041444759,"upper_bound":4116.847150798038},"point_estimate":3231.7134840246667,"standard_error":459.8808252730165}}