{"mean":{"confidence_interval":{"confidence_level":0.95,"lower_bound":619734.7004276583,"upper_bound":621574.722804099},"point_estimate":620592.2331220635,"standard_error":470.6867368379466},"median":{"confidence_interval":{"confidence_level":0.95,"lower_bound":619695.8333333334,"upper_bound":620501.5298582995},"point_estimate":620263.296875,"standard_error":228.5428713049269},"median_abs_dev":{"confidence_interval":{"confidence_level":0.95,"lower_bound":1621.5599675107846,"upper_bound":2954.573161230152},"point_estimate":2227.6352965995993,"standard_error":345.15557682018493},"slope":{"confidence_interval":{"confidence_level":0.95,"lower_bound":619595.2124735584,"upper_bound":621186.1575302995},"point_estimate":620310.187331166,"standard_error":408.10563128366937},"std_dev":{"confidence_interval":{"confidence_level":0.95,"lower_bound":2815.9104917710188,"upper_bound":6466.066343258509},"point_estimate":4727.794508874548,"standard_error":945.1880162813527}}