{"mean":{"confidence_interval":{"confidence_level":0.95,"lower_bound":302419.3943849284,"upper_bound":303455.6011181506},"point_estimate":302956.997127281,"standard_error":264.6123612325774},"median":{"confidence_interval":{"confidence_level":0.95,"lower_bound":302602.3395704966,"upper_bound":303601.81451612903},"point_estimate":302880.36713836476,"standard_error":246.37256861358324},"median_abs_dev":{"confidence_interval":{"confidence_level":0.95,"lower_bound":1518.9926046832084,"upper_bound":2401.308509347883},"point_estimate":2026.8333015165344,"standard_error":222.05395967835364},"slope":{"confidence_interval":{"confidence_level":0.95,"lower_bound":303087.8467303283,"upper_bound":304251.5370952974},"point_estimate":303656.641328506,"standard_error":297.04113739602315},"std_dev":{"confidence_interval":{"confidence_level":0.95,"lower_bound":1902.8146735596924,"upper_bound":3540.6812718206274},"point_estimate":2669.527131477786,"standard_error":443.50965543767495}}