{"mean":{"confidence_interval":{"confidence_level":0.95,"lower_bound":299917.23790981906,"upper_bound":300881.317773668},"point_estimate":300401.13972849684,"standard_error":244.8510004681889},"median":{"confidence_interval":{"confidence_level":0.95,"lower_bound":300124.3423990393,"upper_bound":301130.48369565216},"point_estimate":300645.85613896686,"standard_error":259.7124315656512},"median_abs_dev":{"confidence_interval":{"confidence_level":0.95,"lower_bound":1760.8261984145388,"upper_bound":2813.1667428878645},"point_estimate":2385.6051794763107,"standard_error":266.5656493033955},"slope":{"confidence_interval":{"confidence_level":0.95,"lower_bound":300671.98146971426,"upper_bound":301440.4939907292},"point_estimate":301060.6093623467,"standard_error":196.00209090702822},"std_dev":{"confidence_interval":{"confidence_level":0.95,"lower_bound":2022.4269679574033,"upper_bound":2877.191275524945},"point_estimate":2459.9173617778965,"standard_error":218.00339333617075}}