{"mean":{"confidence_interval":{"confidence_level":0.95,"lower_bound":12133374.525999999,"upper_bound":12319374.163299996},"point_estimate":12226820.718000002,"standard_error":47421.097712791154},"median":{"confidence_interval":{"confidence_level":0.95,"lower_bound":12132427.2,"upper_bound":12382731.6},"point_estimate":12264064.9,"standard_error":57788.25375359793},"median_abs_dev":{"confidence_interval":{"confidence_level":0.95,"lower_bound":398513.2360249758,"upper_bound":597019.732580782},"point_estimate":512354.97152388125,"standard_error":49704.840719921376},"slope":null,"std_dev":{"confidence_interval":{"confidence_level":0.95,"lower_bound":415614.36774351797,"upper_bound":531911.9215024927},"point_estimate":477013.2004387936,"standard_error":29772.290935388854}}