{"mean":{"confidence_interval":{"confidence_level":0.95,"lower_bound":1959124.2030227275,"upper_bound":1973474.3798863634},"point_estimate":1964926.837272727,"standard_error":3763.687948993893},"median":{"confidence_interval":{"confidence_level":0.95,"lower_bound":1957561.2727272727,"upper_bound":1960159.5909090908},"point_estimate":1958590.6818181819,"standard_error":718.5819958314675},"median_abs_dev":{"confidence_interval":{"confidence_level":0.95,"lower_bound":3729.985665597746,"upper_bound":5651.09827694552},"point_estimate":4694.787598468915,"standard_error":481.53501468402305},"slope":null,"std_dev":{"confidence_interval":{"confidence_level":0.95,"lower_bound":6395.464060289707,"upper_bound":61172.844143466304},"point_estimate":37861.68462502488,"standard_error":15132.46742987824}}