{"mean":{"confidence_interval":{"confidence_level":0.95,"lower_bound":3124720.0682272725,"upper_bound":3132608.0923636374},"point_estimate":3128582.688181818,"standard_error":2013.921133990227},"median":{"confidence_interval":{"confidence_level":0.95,"lower_bound":3123948.090909091,"upper_bound":3133392.727272727},"point_estimate":3129357.3181818184,"standard_error":2764.63926875492},"median_abs_dev":{"confidence_interval":{"confidence_level":0.95,"lower_bound":14700.989602642065,"upper_bound":23494.357437437262},"point_estimate":18458.706626837935,"standard_error":2285.138703269783},"slope":null,"std_dev":{"confidence_interval":{"confidence_level":0.95,"lower_bound":16237.480959914797,"upper_bound":24743.3204904267},"point_estimate":20263.313433880565,"standard_error":2231.430123422266}}