{"mean":{"confidence_interval":{"confidence_level":0.95,"lower_bound":0.00476515965534271,"upper_bound":0.020092693369586603},"point_estimate":0.012943118300695833,"standard_error":0.003908535975545281},"median":{"confidence_interval":{"confidence_level":0.95,"lower_bound":0.020461343315145708,"upper_bound":0.026142288769442246},"point_estimate":0.02330468243330719,"standard_error":0.0014706835863701692}}