{"mean":{"confidence_interval":{"confidence_level":0.95,"lower_bound":0.06019447782303865,"upper_bound":0.06738290914252622},"point_estimate":0.06342686777619044,"standard_error":0.0019362453878983919},"median":{"confidence_interval":{"confidence_level":0.95,"lower_bound":0.05887152123486672,"upper_bound":0.062602677729241},"point_estimate":0.06112332335647386,"standard_error":0.001002379363392619}}