{"mean":{"confidence_interval":{"confidence_level":0.95,"lower_bound":0.09091563600989647,"upper_bound":0.09339856175118115},"point_estimate":0.09212695839876872,"standard_error":0.000634993438832476},"median":{"confidence_interval":{"confidence_level":0.95,"lower_bound":0.09096554970286275,"upper_bound":0.09385953156914506},"point_estimate":0.09213021587316716,"standard_error":0.0007255482202292695}}