{"mean":{"confidence_interval":{"confidence_level":0.95,"lower_bound":0.05891978233174537,"upper_bound":0.06847591974108713},"point_estimate":0.0641655058723658,"standard_error":0.0024623964096918798},"median":{"confidence_interval":{"confidence_level":0.95,"lower_bound":0.06731843826744521,"upper_bound":0.06868865075695196},"point_estimate":0.06805235016125799,"standard_error":0.0003571289697041618}}