{"mean":{"confidence_interval":{"confidence_level":0.95,"lower_bound":261944.72127159298,"upper_bound":263009.04524018994},"point_estimate":262447.7428975793,"standard_error":271.27386859646185},"median":{"confidence_interval":{"confidence_level":0.95,"lower_bound":261694.9228219697,"upper_bound":262521.9227579853},"point_estimate":262149.4039199561,"standard_error":215.04551126359792},"median_abs_dev":{"confidence_interval":{"confidence_level":0.95,"lower_bound":1320.7380368566514,"upper_bound":2283.705562307929},"point_estimate":1750.982265931495,"standard_error":247.68689641537668},"slope":{"confidence_interval":{"confidence_level":0.95,"lower_bound":262095.5695006567,"upper_bound":263043.3233834007},"point_estimate":262559.6738924191,"standard_error":242.0376474647665},"std_dev":{"confidence_interval":{"confidence_level":0.95,"lower_bound":1854.5969532555484,"upper_bound":3727.6549225447316},"point_estimate":2728.5804434683946,"standard_error":518.4950250130556}}