{"mean":{"confidence_interval":{"confidence_level":0.95,"lower_bound":282745.94399658556,"upper_bound":283536.1937338266},"point_estimate":283135.13846744824,"standard_error":201.60285561164304},"median":{"confidence_interval":{"confidence_level":0.95,"lower_bound":282725.3624838501,"upper_bound":283380.12916666665},"point_estimate":283075.7987179487,"standard_error":164.16401867098222},"median_abs_dev":{"confidence_interval":{"confidence_level":0.95,"lower_bound":1353.0221063399804,"upper_bound":2099.581522519202},"point_estimate":1732.6162225161002,"standard_error":185.64083780777636},"slope":{"confidence_interval":{"confidence_level":0.95,"lower_bound":282950.36687929113,"upper_bound":283565.5227108219},"point_estimate":283255.0907130191,"standard_error":156.35578949125346},"std_dev":{"confidence_interval":{"confidence_level":0.95,"lower_bound":1624.386829989998,"upper_bound":2404.6033469467493},"point_estimate":2022.5975369868784,"standard_error":200.77117359522214}}