{"mean":{"confidence_interval":{"confidence_level":0.95,"lower_bound":532866.5388336462,"upper_bound":536393.8163943347},"point_estimate":534625.6589472565,"standard_error":899.7757280539352},"median":{"confidence_interval":{"confidence_level":0.95,"lower_bound":532850.2269303798,"upper_bound":535798.8425925926},"point_estimate":534014.4624735729,"standard_error":924.2310211110108},"median_abs_dev":{"confidence_interval":{"confidence_level":0.95,"lower_bound":4660.98093894623,"upper_bound":8954.763652466816},"point_estimate":6484.833099543563,"standard_error":1149.0189290515116},"slope":{"confidence_interval":{"confidence_level":0.95,"lower_bound":531545.4637813333,"upper_bound":534621.0422063883},"point_estimate":533031.7084601744,"standard_error":782.6637200501175},"std_dev":{"confidence_interval":{"confidence_level":0.95,"lower_bound":7338.06618324948,"upper_bound":10670.498725241303},"point_estimate":9065.350829423076,"standard_error":852.8443006098094}}