{"mean":{"confidence_interval":{"confidence_level":0.95,"lower_bound":205636.1618656558,"upper_bound":207786.19477328393},"point_estimate":206594.40635048732,"standard_error":552.9702883343191},"median":{"confidence_interval":{"confidence_level":0.95,"lower_bound":205108.0945945946,"upper_bound":205826.3867724868},"point_estimate":205460.02986531987,"standard_error":188.85945067885598},"median_abs_dev":{"confidence_interval":{"confidence_level":0.95,"lower_bound":1158.080496689383,"upper_bound":2097.473158329433},"point_estimate":1550.6405018456164,"standard_error":242.24890098220223},"slope":{"confidence_interval":{"confidence_level":0.95,"lower_bound":205352.1072064371,"upper_bound":206327.7990010368},"point_estimate":205795.34350110832,"standard_error":249.27530496965235},"std_dev":{"confidence_interval":{"confidence_level":0.95,"lower_bound":2222.479799320467,"upper_bound":8010.849818289184},"point_estimate":5568.957567139343,"standard_error":1451.0764324054533}}