{"mean":{"confidence_interval":{"confidence_level":0.95,"lower_bound":264290.01544862235,"upper_bound":265272.96686557535},"point_estimate":264782.4073291388,"standard_error":251.23226056482312},"median":{"confidence_interval":{"confidence_level":0.95,"lower_bound":263923.57386363635,"upper_bound":265028.5625},"point_estimate":264584.6493706089,"standard_error":318.59115279734993},"median_abs_dev":{"confidence_interval":{"confidence_level":0.95,"lower_bound":1679.8772574445086,"upper_bound":2833.692854499556},"point_estimate":2367.6081375201884,"standard_error":290.8984833892511},"slope":{"confidence_interval":{"confidence_level":0.95,"lower_bound":264046.43357694574,"upper_bound":265156.12743370235},"point_estimate":264572.17293483077,"standard_error":282.702554089298},"std_dev":{"confidence_interval":{"confidence_level":0.95,"lower_bound":2077.5968609854326,"upper_bound":2941.399047213078},"point_estimate":2515.0706046683713,"standard_error":221.35802277771847}}