{"mean":{"confidence_interval":{"confidence_level":0.95,"lower_bound":6470370.181843749,"upper_bound":6532904.56515625},"point_estimate":6500623.55375,"standard_error":15906.909255856452},"median":{"confidence_interval":{"confidence_level":0.95,"lower_bound":6445652.375,"upper_bound":6525982.8125},"point_estimate":6471035.125,"standard_error":19152.09767610273},"median_abs_dev":{"confidence_interval":{"confidence_level":0.95,"lower_bound":108835.53283028305,"upper_bound":171513.8366550207},"point_estimate":149224.70663823187,"standard_error":16622.900095685967},"slope":null,"std_dev":{"confidence_interval":{"confidence_level":0.95,"lower_bound":123756.81656755565,"upper_bound":196248.95780511494},"point_estimate":159587.53974300384,"standard_error":18721.384739415254}}