{"mean":{"confidence_interval":{"confidence_level":0.95,"lower_bound":6448240.6243125005,"upper_bound":6508425.0478125},"point_estimate":6478407.27,"standard_error":15298.861110692513},"median":{"confidence_interval":{"confidence_level":0.95,"lower_bound":6447550.125,"upper_bound":6522827.75},"point_estimate":6488016.1875,"standard_error":20780.307676243403},"median_abs_dev":{"confidence_interval":{"confidence_level":0.95,"lower_bound":122240.73847979307,"upper_bound":190229.53008525074},"point_estimate":161890.09490087628,"standard_error":18115.71602720945},"slope":null,"std_dev":{"confidence_interval":{"confidence_level":0.95,"lower_bound":133168.50735444194,"upper_bound":172404.92413047378},"point_estimate":153859.43950647538,"standard_error":10014.515965264975}}