{"mean":{"confidence_interval":{"confidence_level":0.95,"lower_bound":241175.5691902038,"upper_bound":242395.29837866404},"point_estimate":241758.383226326,"standard_error":312.5512772483873},"median":{"confidence_interval":{"confidence_level":0.95,"lower_bound":240851.73888888888,"upper_bound":241824.89671052631},"point_estimate":241094.12601824699,"standard_error":261.52523760171},"median_abs_dev":{"confidence_interval":{"confidence_level":0.95,"lower_bound":1402.3683144414474,"upper_bound":2487.8611743370757},"point_estimate":1694.8781745973974,"standard_error":272.85462656523276},"slope":{"confidence_interval":{"confidence_level":0.95,"lower_bound":241040.74640626376,"upper_bound":242012.35535776793},"point_estimate":241525.7890682725,"standard_error":248.4821174433811},"std_dev":{"confidence_interval":{"confidence_level":0.95,"lower_bound":2150.429049037279,"upper_bound":4185.637652097779},"point_estimate":3148.313721998152,"standard_error":536.1893983429657}}