{"mean":{"confidence_interval":{"confidence_level":0.95,"lower_bound":218024.4239501929,"upper_bound":219045.68565643817},"point_estimate":218521.989458469,"standard_error":259.80403604398117},"median":{"confidence_interval":{"confidence_level":0.95,"lower_bound":217982.8388888889,"upper_bound":218903.2731707317},"point_estimate":218492.487,"standard_error":253.41378859757427},"median_abs_dev":{"confidence_interval":{"confidence_level":0.95,"lower_bound":1356.4075683688345,"upper_bound":2541.668117381442},"point_estimate":2117.092773808024,"standard_error":315.9711999956799},"slope":{"confidence_interval":{"confidence_level":0.95,"lower_bound":218784.42215579902,"upper_bound":219682.99034470844},"point_estimate":219233.06899246344,"standard_error":229.56717846264593},"std_dev":{"confidence_interval":{"confidence_level":0.95,"lower_bound":1894.8772954287,"upper_bound":3374.1536448681804},"point_estimate":2614.7231187816815,"standard_error":386.72005611163706}}