{"mean":{"confidence_interval":{"confidence_level":0.95,"lower_bound":-0.0006488490505401031,"upper_bound":0.012110172971855288},"point_estimate":0.006222157715489951,"standard_error":0.0032569716256543404},"median":{"confidence_interval":{"confidence_level":0.95,"lower_bound":0.004196929111383696,"upper_bound":0.014020542302783996},"point_estimate":0.008921572375965692,"standard_error":0.002582364493821292}}