{"mean":{"confidence_interval":{"confidence_level":0.95,"lower_bound":619885.531590942,"upper_bound":622636.2724473238},"point_estimate":621194.4648049439,"standard_error":702.5663280421714},"median":{"confidence_interval":{"confidence_level":0.95,"lower_bound":618939.4166666666,"upper_bound":621699.0503806223},"point_estimate":620241.16005291,"standard_error":797.388465922513},"median_abs_dev":{"confidence_interval":{"confidence_level":0.95,"lower_bound":4108.852704050254,"upper_bound":7002.575977816146},"point_estimate":5594.75102622556,"standard_error":758.5509178082651},"slope":{"confidence_interval":{"confidence_level":0.95,"lower_bound":619943.8914038105,"upper_bound":622789.4287332015},"point_estimate":621333.581334417,"standard_error":728.2050917352988},"std_dev":{"confidence_interval":{"confidence_level":0.95,"lower_bound":5124.9728518756265,"upper_bound":9306.754219237844},"point_estimate":7065.174552698341,"standard_error":1141.8046813676522}}