{"mean":{"confidence_interval":{"confidence_level":0.95,"lower_bound":391553.7054952813,"upper_bound":394176.78187686496},"point_estimate":392719.5234078816,"standard_error":672.8089849441881},"median":{"confidence_interval":{"confidence_level":0.95,"lower_bound":391110.7206060606,"upper_bound":392321.170558608},"point_estimate":391695.77349593496,"standard_error":298.20564503196357},"median_abs_dev":{"confidence_interval":{"confidence_level":0.95,"lower_bound":2052.524605061537,"upper_bound":3750.0274482385507},"point_estimate":2901.505900673484,"standard_error":431.4256354921877},"slope":{"confidence_interval":{"confidence_level":0.95,"lower_bound":391362.8527535132,"upper_bound":394921.81896314496},"point_estimate":392756.88774149056,"standard_error":941.4867967307923},"std_dev":{"confidence_interval":{"confidence_level":0.95,"lower_bound":3460.5529253046657,"upper_bound":10114.191082062389},"point_estimate":6799.121851574841,"standard_error":1892.9561852318068}}