{"mean":{"confidence_interval":{"confidence_level":0.95,"lower_bound":822401.9668402002,"upper_bound":826013.171457764},"point_estimate":824017.0763483935,"standard_error":922.0894729914527},"median":{"confidence_interval":{"confidence_level":0.95,"lower_bound":822013.75,"upper_bound":824189.5625},"point_estimate":822781.2941471572,"standard_error":500.8902388630578},"median_abs_dev":{"confidence_interval":{"confidence_level":0.95,"lower_bound":3473.929648721615,"upper_bound":6250.8997085243855},"point_estimate":4895.333139756659,"standard_error":694.0243512635449},"slope":{"confidence_interval":{"confidence_level":0.95,"lower_bound":821722.0548757447,"upper_bound":824142.7387524669},"point_estimate":822884.7199142899,"standard_error":615.9058272763734},"std_dev":{"confidence_interval":{"confidence_level":0.95,"lower_bound":5151.89046045755,"upper_bound":13514.397707423364},"point_estimate":9240.780456097882,"standard_error":2358.770335727957}}