{"mean":{"confidence_interval":{"confidence_level":0.95,"lower_bound":352292.15676311427,"upper_bound":356224.29202781606},"point_estimate":354037.48794862715,"standard_error":1011.0759096124171},"median":{"confidence_interval":{"confidence_level":0.95,"lower_bound":351419.93666666665,"upper_bound":353420.82608695654},"point_estimate":352352.96516165,"standard_error":464.56051398849564},"median_abs_dev":{"confidence_interval":{"confidence_level":0.95,"lower_bound":3037.703455521194,"upper_bound":4460.537954609142},"point_estimate":3708.3102848587587,"standard_error":358.2876100424792},"slope":{"confidence_interval":{"confidence_level":0.95,"lower_bound":351847.47429856745,"upper_bound":356599.4778286253},"point_estimate":353823.63615683955,"standard_error":1234.887458011887},"std_dev":{"confidence_interval":{"confidence_level":0.95,"lower_bound":4043.516633003322,"upper_bound":14594.208293900967},"point_estimate":10115.091687340837,"standard_error":2605.270345659597}}