{"mean":{"confidence_interval":{"confidence_level":0.95,"lower_bound":326249.02858242346,"upper_bound":327826.73212273157},"point_estimate":326962.3428965323,"standard_error":404.1933251538075},"median":{"confidence_interval":{"confidence_level":0.95,"lower_bound":325812.0,"upper_bound":326576.78262933076},"point_estimate":326141.7769023073,"standard_error":194.95226853274272},"median_abs_dev":{"confidence_interval":{"confidence_level":0.95,"lower_bound":1489.8343624518177,"upper_bound":2473.7207417896634},"point_estimate":1993.6574796055081,"standard_error":251.0278837029879},"slope":{"confidence_interval":{"confidence_level":0.95,"lower_bound":326049.28562620137,"upper_bound":328335.57373176754},"point_estimate":327002.0999231565,"standard_error":593.5788216981945},"std_dev":{"confidence_interval":{"confidence_level":0.95,"lower_bound":2130.78433788621,"upper_bound":5740.095488342636},"point_estimate":4054.256081193765,"standard_error":938.0403155014626}}