{"mean":{"confidence_interval":{"confidence_level":0.95,"lower_bound":350225.1063380622,"upper_bound":351529.2763315778},"point_estimate":350849.93169961596,"standard_error":332.5278095888135},"median":{"confidence_interval":{"confidence_level":0.95,"lower_bound":349885.07312056737,"upper_bound":350965.6502057613},"point_estimate":350328.08119658125,"standard_error":270.506595567769},"median_abs_dev":{"confidence_interval":{"confidence_level":0.95,"lower_bound":1794.468745650993,"upper_bound":2790.7059087253774},"point_estimate":2107.9997667422135,"standard_error":255.38481703773948},"slope":{"confidence_interval":{"confidence_level":0.95,"lower_bound":350324.54986612516,"upper_bound":351434.1378119435},"point_estimate":350871.72792571795,"standard_error":282.1002727059699},"std_dev":{"confidence_interval":{"confidence_level":0.95,"lower_bound":2506.2458220447124,"upper_bound":4068.823411857258},"point_estimate":3338.3901250066237,"standard_error":400.41786833213206}}