{"mean":{"confidence_interval":{"confidence_level":0.95,"lower_bound":253563.00210611193,"upper_bound":255298.9910720018},"point_estimate":254331.15697179246,"standard_error":445.24804144938213},"median":{"confidence_interval":{"confidence_level":0.95,"lower_bound":253391.2131147541,"upper_bound":254512.125},"point_estimate":253872.25497638326,"standard_error":354.1303177059167},"median_abs_dev":{"confidence_interval":{"confidence_level":0.95,"lower_bound":1680.2792160327142,"upper_bound":2997.242074774126},"point_estimate":2233.190863848591,"standard_error":341.7557270400152},"slope":{"confidence_interval":{"confidence_level":0.95,"lower_bound":253597.92620532526,"upper_bound":254577.2334091804},"point_estimate":254077.6366321856,"standard_error":249.65791885706543},"std_dev":{"confidence_interval":{"confidence_level":0.95,"lower_bound":2401.124660093512,"upper_bound":6751.475567742975},"point_estimate":4476.1218150011655,"standard_error":1345.587372612101}}