{"mean":{"confidence_interval":{"confidence_level":0.95,"lower_bound":232062.40784660188,"upper_bound":233365.31353299526},"point_estimate":232682.60713708165,"standard_error":333.3205204398789},"median":{"confidence_interval":{"confidence_level":0.95,"lower_bound":231805.5351458886,"upper_bound":232900.0155462185},"point_estimate":232334.23812260537,"standard_error":263.4987354418878},"median_abs_dev":{"confidence_interval":{"confidence_level":0.95,"lower_bound":1875.854737691173,"upper_bound":2804.4874107367036},"point_estimate":2323.4600381756095,"standard_error":230.26860117203242},"slope":{"confidence_interval":{"confidence_level":0.95,"lower_bound":232028.89450589244,"upper_bound":233095.2650478758},"point_estimate":232569.93017230678,"standard_error":271.7621187346892},"std_dev":{"confidence_interval":{"confidence_level":0.95,"lower_bound":2311.2464100498973,"upper_bound":4412.79124533064},"point_estimate":3350.577421874323,"standard_error":552.0966656972829}}