{"mean":{"confidence_interval":{"confidence_level":0.95,"lower_bound":219104.57147477524,"upper_bound":220124.77936084784},"point_estimate":219602.7260093118,"standard_error":259.86406704310656},"median":{"confidence_interval":{"confidence_level":0.95,"lower_bound":219120.1,"upper_bound":219743.98028070177},"point_estimate":219483.31820685434,"standard_error":183.24966435310924},"median_abs_dev":{"confidence_interval":{"confidence_level":0.95,"lower_bound":1537.8561970852604,"upper_bound":2927.7803559754097},"point_estimate":2238.306361677699,"standard_error":347.08194571910514},"slope":{"confidence_interval":{"confidence_level":0.95,"lower_bound":219009.1174678325,"upper_bound":220079.20783272633},"point_estimate":219533.20864784985,"standard_error":273.24170474528347},"std_dev":{"confidence_interval":{"confidence_level":0.95,"lower_bound":2090.55493301857,"upper_bound":3153.9666208005588},"point_estimate":2609.9926596769433,"standard_error":275.4684746225101}}