{"mean":{"confidence_interval":{"confidence_level":0.95,"lower_bound":221213.3497405527,"upper_bound":244053.8986557112},"point_estimate":229974.19817967617,"standard_error":6178.625764658365},"median":{"confidence_interval":{"confidence_level":0.95,"lower_bound":212813.45490939057,"upper_bound":220855.35789315728},"point_estimate":216237.80558953033,"standard_error":2134.2226192241965},"median_abs_dev":{"confidence_interval":{"confidence_level":0.95,"lower_bound":6783.866100727541,"upper_bound":15580.627084246167},"point_estimate":10915.4191429169,"standard_error":2327.275328678456},"slope":{"confidence_interval":{"confidence_level":0.95,"lower_bound":213966.64375265664,"upper_bound":219279.6088524377},"point_estimate":216419.6608105512,"standard_error":1352.4393749064425},"std_dev":{"confidence_interval":{"confidence_level":0.95,"lower_bound":16424.139071932095,"upper_bound":103205.83335879634},"point_estimate":62171.84955763327,"standard_error":29435.052728833292}}