{"mean":{"confidence_interval":{"confidence_level":0.95,"lower_bound":315777.87146545266,"upper_bound":317962.8977592421},"point_estimate":316913.827589595,"standard_error":559.1230228592245},"median":{"confidence_interval":{"confidence_level":0.95,"lower_bound":318047.37096774194,"upper_bound":319438.74019607843},"point_estimate":319039.86701086955,"standard_error":357.19309556117435},"median_abs_dev":{"confidence_interval":{"confidence_level":0.95,"lower_bound":2299.8152423260635,"upper_bound":4548.791837664533},"point_estimate":3179.7851870891586,"standard_error":567.2705775176732},"slope":{"confidence_interval":{"confidence_level":0.95,"lower_bound":316205.9635853672,"upper_bound":318385.9977305645},"point_estimate":317349.73333752033,"standard_error":557.5790805835247},"std_dev":{"confidence_interval":{"confidence_level":0.95,"lower_bound":4460.162095196276,"upper_bound":6741.373005678728},"point_estimate":5627.709146818264,"standard_error":583.3113942051752}}