{"mean":{"confidence_interval":{"confidence_level":0.95,"lower_bound":210620.92270055634,"upper_bound":212359.6100110037},"point_estimate":211449.76427273575,"standard_error":441.4190260715011},"median":{"confidence_interval":{"confidence_level":0.95,"lower_bound":210333.56666666668,"upper_bound":211596.27014652014},"point_estimate":211158.60647551547,"standard_error":318.39794410860026},"median_abs_dev":{"confidence_interval":{"confidence_level":0.95,"lower_bound":2062.9234750834767,"upper_bound":3656.738381758033},"point_estimate":3059.183417301011,"standard_error":416.5852117766377},"slope":{"confidence_interval":{"confidence_level":0.95,"lower_bound":210476.3287261181,"upper_bound":212961.77323682865},"point_estimate":211652.18315117483,"standard_error":633.7947562679848},"std_dev":{"confidence_interval":{"confidence_level":0.95,"lower_bound":3121.437092192899,"upper_bound":5678.478742263951},"point_estimate":4443.155779788174,"standard_error":657.8748268112872}}