{"mean":{"confidence_interval":{"confidence_level":0.95,"lower_bound":6232039.669055558,"upper_bound":6262541.703111113},"point_estimate":6246304.577777782,"standard_error":7779.012284222},"median":{"confidence_interval":{"confidence_level":0.95,"lower_bound":6230244.777777778,"upper_bound":6254819.611111112},"point_estimate":6247554.888888888,"standard_error":6931.429392543368},"median_abs_dev":{"confidence_interval":{"confidence_level":0.95,"lower_bound":36921.7637111731,"upper_bound":67936.38581472027},"point_estimate":46357.93597698212,"standard_error":7970.865313113327},"slope":null,"std_dev":{"confidence_interval":{"confidence_level":0.95,"lower_bound":47715.63375766729,"upper_bound":107811.11481634976},"point_estimate":78303.81637575755,"standard_error":15945.328306724701}}