{"mean":{"confidence_interval":{"confidence_level":0.95,"lower_bound":6427889.0038125,"upper_bound":6461782.564843751},"point_estimate":6444747.72375,"standard_error":8612.124356039283},"median":{"confidence_interval":{"confidence_level":0.95,"lower_bound":6425014.5625,"upper_bound":6459549.625},"point_estimate":6442902.1875,"standard_error":10086.023391085942},"median_abs_dev":{"confidence_interval":{"confidence_level":0.95,"lower_bound":54447.92805835605,"upper_bound":91499.21335056424},"point_estimate":68556.25674538314,"standard_error":9617.324932087466},"slope":null,"std_dev":{"confidence_interval":{"confidence_level":0.95,"lower_bound":69582.26148517126,"upper_bound":104011.22071962975},"point_estimate":86781.78267844704,"standard_error":8821.572915866798}}