{"mean":{"confidence_interval":{"confidence_level":0.95,"lower_bound":6468625.8092812495,"upper_bound":6523064.633156249},"point_estimate":6495529.305,"standard_error":13891.160773031706},"median":{"confidence_interval":{"confidence_level":0.95,"lower_bound":6471987.0625,"upper_bound":6527091.875},"point_estimate":6498283.25,"standard_error":15483.77095013304},"median_abs_dev":{"confidence_interval":{"confidence_level":0.95,"lower_bound":91499.58400055766,"upper_bound":150434.41555425525},"point_estimate":128513.24831843376,"standard_error":14831.92983904553},"slope":null,"std_dev":{"confidence_interval":{"confidence_level":0.95,"lower_bound":110732.1041544493,"upper_bound":168549.33046077375},"point_estimate":139504.10217739182,"standard_error":14951.581389846115}}