{"mean":{"confidence_interval":{"confidence_level":0.95,"lower_bound":464289.93772655865,"upper_bound":467147.08837577974},"point_estimate":465686.3284687938,"standard_error":725.9104766897567},"median":{"confidence_interval":{"confidence_level":0.95,"lower_bound":464747.87814992026,"upper_bound":466767.41397849465},"point_estimate":465775.0266393443,"standard_error":550.1287276876462},"median_abs_dev":{"confidence_interval":{"confidence_level":0.95,"lower_bound":3001.611094869349,"upper_bound":5222.429885395867},"point_estimate":4135.165166518609,"standard_error":578.148387332897},"slope":{"confidence_interval":{"confidence_level":0.95,"lower_bound":462469.61956103094,"upper_bound":466278.57740337256},"point_estimate":464415.59595093835,"standard_error":970.3932830851949},"std_dev":{"confidence_interval":{"confidence_level":0.95,"lower_bound":5334.650875856755,"upper_bound":9186.879295310086},"point_estimate":7320.4626992217445,"standard_error":986.615941363488}}