{"mean":{"confidence_interval":{"confidence_level":0.95,"lower_bound":485306.25408114324,"upper_bound":486653.96569620696},"point_estimate":485971.95144820993,"standard_error":344.68275049888297},"median":{"confidence_interval":{"confidence_level":0.95,"lower_bound":485168.3,"upper_bound":486789.9651162791},"point_estimate":485884.3620826709,"standard_error":349.78138493523795},"median_abs_dev":{"confidence_interval":{"confidence_level":0.95,"lower_bound":2479.839664307373,"upper_bound":3684.4528207158646},"point_estimate":3212.0078658742214,"standard_error":314.59036835616956},"slope":{"confidence_interval":{"confidence_level":0.95,"lower_bound":485095.8588822536,"upper_bound":486472.64337252796},"point_estimate":485770.88169942365,"standard_error":350.88334210817953},"std_dev":{"confidence_interval":{"confidence_level":0.95,"lower_bound":2794.5684790703326,"upper_bound":4136.783641103006},"point_estimate":3462.272657441785,"standard_error":344.4453836187376}}