{"mean":{"confidence_interval":{"confidence_level":0.95,"lower_bound":484190.0560678803,"upper_bound":485990.42178889323},"point_estimate":485040.7733013247,"standard_error":458.3187134643851},"median":{"confidence_interval":{"confidence_level":0.95,"lower_bound":483932.367534036,"upper_bound":485223.02956989245},"point_estimate":484720.46648511256,"standard_error":320.9554629485312},"median_abs_dev":{"confidence_interval":{"confidence_level":0.95,"lower_bound":2328.039916165294,"upper_bound":3922.9231921188625},"point_estimate":3283.718861588708,"standard_error":392.2591525442722},"slope":{"confidence_interval":{"confidence_level":0.95,"lower_bound":484738.6610717418,"upper_bound":487897.66135290725},"point_estimate":486049.43550317717,"standard_error":824.1849391293379},"std_dev":{"confidence_interval":{"confidence_level":0.95,"lower_bound":3127.726562636269,"upper_bound":6287.785053770411},"point_estimate":4597.026102531329,"standard_error":877.806969732009}}