{"mean":{"confidence_interval":{"confidence_level":0.95,"lower_bound":625723.2357686831,"upper_bound":628285.747508511},"point_estimate":626964.2570606471,"standard_error":651.3418884615228},"median":{"confidence_interval":{"confidence_level":0.95,"lower_bound":625208.8303033563,"upper_bound":627630.6633208256},"point_estimate":626041.0147058824,"standard_error":655.7547248957633},"median_abs_dev":{"confidence_interval":{"confidence_level":0.95,"lower_bound":3987.741717114952,"upper_bound":6786.321005957269},"point_estimate":5981.543694867395,"standard_error":691.8135735262426},"slope":{"confidence_interval":{"confidence_level":0.95,"lower_bound":626406.8148580124,"upper_bound":628657.640418596},"point_estimate":627515.2140727058,"standard_error":575.6202748066256},"std_dev":{"confidence_interval":{"confidence_level":0.95,"lower_bound":4825.438468707423,"upper_bound":8424.061168001752},"point_estimate":6530.514166265245,"standard_error":953.8775942200322}}