{"mean":{"confidence_interval":{"confidence_level":0.95,"lower_bound":565334.0205487049,"upper_bound":569189.8076279466},"point_estimate":567271.0967340362,"standard_error":985.7350543871729},"median":{"confidence_interval":{"confidence_level":0.95,"lower_bound":565283.2162162162,"upper_bound":570643.4342105263},"point_estimate":567639.185897436,"standard_error":1312.490789719491},"median_abs_dev":{"confidence_interval":{"confidence_level":0.95,"lower_bound":6855.056486421228,"upper_bound":10791.292398119098},"point_estimate":8372.087159637798,"standard_error":1023.9031119687783},"slope":{"confidence_interval":{"confidence_level":0.95,"lower_bound":567771.203380982,"upper_bound":571141.2272604391},"point_estimate":569472.7182917098,"standard_error":861.3533788981704},"std_dev":{"confidence_interval":{"confidence_level":0.95,"lower_bound":8266.569918484554,"upper_bound":11318.617259412125},"point_estimate":9886.504470533731,"standard_error":777.3694793704494}}