{"mean":{"confidence_interval":{"confidence_level":0.95,"lower_bound":119973.97299494842,"upper_bound":121256.22310777819},"point_estimate":120571.83393086698,"standard_error":327.1955280950864},"median":{"confidence_interval":{"confidence_level":0.95,"lower_bound":119669.40649945031,"upper_bound":120470.14912790697},"point_estimate":120132.55769230769,"standard_error":207.3694619282699},"median_abs_dev":{"confidence_interval":{"confidence_level":0.95,"lower_bound":1395.8943502179184,"upper_bound":2313.22430686139},"point_estimate":1979.5577883049605,"standard_error":245.567049709494},"slope":{"confidence_interval":{"confidence_level":0.95,"lower_bound":120424.37438574446,"upper_bound":121801.84869329371},"point_estimate":121077.23072853553,"standard_error":353.635624980793},"std_dev":{"confidence_interval":{"confidence_level":0.95,"lower_bound":2192.681188699268,"upper_bound":4505.742500049446},"point_estimate":3288.5686849238923,"standard_error":638.7906920448268}}