{"mean":{"confidence_interval":{"confidence_level":0.95,"lower_bound":531430.358983483,"upper_bound":535887.6655200468},"point_estimate":533513.333889183,"standard_error":1134.0797151259187},"median":{"confidence_interval":{"confidence_level":0.95,"lower_bound":530918.3349969753,"upper_bound":534482.6111111111},"point_estimate":533371.7723727422,"standard_error":975.911052528939},"median_abs_dev":{"confidence_interval":{"confidence_level":0.95,"lower_bound":7595.081677660346,"upper_bound":11622.00807327259},"point_estimate":9849.60485305028,"standard_error":1022.1077155191803},"slope":{"confidence_interval":{"confidence_level":0.95,"lower_bound":530254.6532786809,"upper_bound":534482.8071911791},"point_estimate":532411.5193586523,"standard_error":1078.9389928160454},"std_dev":{"confidence_interval":{"confidence_level":0.95,"lower_bound":7674.524419461223,"upper_bound":16001.741559043929},"point_estimate":11464.021924622162,"standard_error":2455.8607286407273}}