{"mean":{"confidence_interval":{"confidence_level":0.95,"lower_bound":520409.4353767703,"upper_bound":523577.5017467643},"point_estimate":521939.0478440909,"standard_error":806.0722475429882},"median":{"confidence_interval":{"confidence_level":0.95,"lower_bound":520193.0286458334,"upper_bound":522835.41805555555},"point_estimate":521480.7261072261,"standard_error":638.6753148857088},"median_abs_dev":{"confidence_interval":{"confidence_level":0.95,"lower_bound":4263.332279105241,"upper_bound":7419.284490204477},"point_estimate":5816.199128417914,"standard_error":841.4853295906382},"slope":{"confidence_interval":{"confidence_level":0.95,"lower_bound":521165.11296924425,"upper_bound":523765.6756280175},"point_estimate":522437.996045515,"standard_error":666.2321930043134},"std_dev":{"confidence_interval":{"confidence_level":0.95,"lower_bound":5847.329979677289,"upper_bound":10339.48073101731},"point_estimate":8087.943470554109,"standard_error":1166.2550886861984}}