{"mean":{"confidence_interval":{"confidence_level":0.95,"lower_bound":511505.331564841,"upper_bound":517622.9484017991},"point_estimate":514335.90675194503,"standard_error":1560.917376605081},"median":{"confidence_interval":{"confidence_level":0.95,"lower_bound":511420.2091836735,"upper_bound":515539.6381578947},"point_estimate":513215.7129032258,"standard_error":1090.781505329048},"median_abs_dev":{"confidence_interval":{"confidence_level":0.95,"lower_bound":7658.250489883494,"upper_bound":13846.835232363743},"point_estimate":10223.244164621075,"standard_error":1569.6336205397654},"slope":{"confidence_interval":{"confidence_level":0.95,"lower_bound":511662.7897696834,"upper_bound":515834.9487466872},"point_estimate":513772.936119403,"standard_error":1064.9870500389825},"std_dev":{"confidence_interval":{"confidence_level":0.95,"lower_bound":10205.40311737821,"upper_bound":22031.04986973118},"point_estimate":15633.256490739106,"standard_error":3449.3975382596263}}