{"mean":{"confidence_interval":{"confidence_level":0.95,"lower_bound":319011.3019117165,"upper_bound":320516.1601264197},"point_estimate":319747.51670792187,"standard_error":384.98054017038345},"median":{"confidence_interval":{"confidence_level":0.95,"lower_bound":318996.993902439,"upper_bound":320309.3153359983},"point_estimate":319760.49578496406,"standard_error":349.1011503682297},"median_abs_dev":{"confidence_interval":{"confidence_level":0.95,"lower_bound":1958.7617928114273,"upper_bound":3370.5303827243474},"point_estimate":2564.312108767851,"standard_error":362.81566321791036},"slope":{"confidence_interval":{"confidence_level":0.95,"lower_bound":319162.81710677256,"upper_bound":320473.4888900449},"point_estimate":319818.6622594946,"standard_error":333.44981521279044},"std_dev":{"confidence_interval":{"confidence_level":0.95,"lower_bound":2981.1050800195558,"upper_bound":4732.041446537069},"point_estimate":3877.215170062194,"standard_error":449.4481266198033}}