{"mean":{"confidence_interval":{"confidence_level":0.95,"lower_bound":293370.22388897225,"upper_bound":294424.44001517183},"point_estimate":293888.0582277967,"standard_error":268.9907829115795},"median":{"confidence_interval":{"confidence_level":0.95,"lower_bound":293360.8725490196,"upper_bound":294488.83506944444},"point_estimate":294100.65688802925,"standard_error":309.5077616731103},"median_abs_dev":{"confidence_interval":{"confidence_level":0.95,"lower_bound":1699.8421280837679,"upper_bound":2896.638770730767},"point_estimate":2382.791333926497,"standard_error":307.5819166453542},"slope":{"confidence_interval":{"confidence_level":0.95,"lower_bound":292774.58161688736,"upper_bound":293974.81302618707},"point_estimate":293372.7633860401,"standard_error":305.9881912680817},"std_dev":{"confidence_interval":{"confidence_level":0.95,"lower_bound":2117.2020991790755,"upper_bound":3330.1200774508793},"point_estimate":2699.6271667901005,"standard_error":316.95994022980796}}