{"mean":{"confidence_interval":{"confidence_level":0.95,"lower_bound":370521.40560176363,"upper_bound":372875.15239470237},"point_estimate":371607.341193439,"standard_error":601.9779875626513},"median":{"confidence_interval":{"confidence_level":0.95,"lower_bound":369742.28135593224,"upper_bound":370869.6091954023},"point_estimate":370188.0170940171,"standard_error":300.1757245656837},"median_abs_dev":{"confidence_interval":{"confidence_level":0.95,"lower_bound":1806.9907791888454,"upper_bound":3438.1890537995923},"point_estimate":2576.2525195007493,"standard_error":437.98422633672516},"slope":{"confidence_interval":{"confidence_level":0.95,"lower_bound":371134.8181780307,"upper_bound":376423.1110113262},"point_estimate":373577.4397872026,"standard_error":1358.1508255255342},"std_dev":{"confidence_interval":{"confidence_level":0.95,"lower_bound":3664.6335271648627,"upper_bound":8218.0651288797},"point_estimate":6051.294266427819,"standard_error":1173.030028037412}}