{"mean":{"confidence_interval":{"confidence_level":0.95,"lower_bound":380437.77001449215,"upper_bound":382039.1151797795},"point_estimate":381245.8131312572,"standard_error":408.58908344256696},"median":{"confidence_interval":{"confidence_level":0.95,"lower_bound":379787.46560517105,"upper_bound":381848.7916666667},"point_estimate":380590.66888619855,"standard_error":569.1349137689543},"median_abs_dev":{"confidence_interval":{"confidence_level":0.95,"lower_bound":2601.2293950470007,"upper_bound":4253.1086940307105},"point_estimate":3474.715584544965,"standard_error":414.98709725640066},"slope":{"confidence_interval":{"confidence_level":0.95,"lower_bound":380284.92337771674,"upper_bound":381927.3012419856},"point_estimate":381072.4985301217,"standard_error":420.6547373855544},"std_dev":{"confidence_interval":{"confidence_level":0.95,"lower_bound":3310.4126124191152,"upper_bound":4952.426462310283},"point_estimate":4125.607785929083,"standard_error":422.7923239391267}}