{"mean":{"confidence_interval":{"confidence_level":0.95,"lower_bound":245875.2819795765,"upper_bound":246926.004331725},"point_estimate":246367.7222314542,"standard_error":267.6798757221734},"median":{"confidence_interval":{"confidence_level":0.95,"lower_bound":245525.41284021072,"upper_bound":246263.85714285713},"point_estimate":245836.70168138586,"standard_error":189.9673124984106},"median_abs_dev":{"confidence_interval":{"confidence_level":0.95,"lower_bound":1194.6804427106529,"upper_bound":2110.46158725119},"point_estimate":1694.4989242486158,"standard_error":234.79356965098413},"slope":{"confidence_interval":{"confidence_level":0.95,"lower_bound":245615.359402619,"upper_bound":246360.28803585205},"point_estimate":245974.95140387173,"standard_error":189.70160906936798},"std_dev":{"confidence_interval":{"confidence_level":0.95,"lower_bound":1815.4372948993175,"upper_bound":3633.855037584578},"point_estimate":2690.50557762402,"standard_error":490.0259993927985}}