{"mean":{"confidence_interval":{"confidence_level":0.95,"lower_bound":251986.84543939427,"upper_bound":253130.7974960921},"point_estimate":252548.39135957762,"standard_error":292.2078286612932},"median":{"confidence_interval":{"confidence_level":0.95,"lower_bound":251776.62202380953,"upper_bound":253048.36},"point_estimate":252628.47204968944,"standard_error":310.25036661876806},"median_abs_dev":{"confidence_interval":{"confidence_level":0.95,"lower_bound":2125.4491678161,"upper_bound":3187.4676311083426},"point_estimate":2731.4952986653648,"standard_error":265.75215016206},"slope":{"confidence_interval":{"confidence_level":0.95,"lower_bound":251788.4471919841,"upper_bound":252917.00247921646},"point_estimate":252360.31415398256,"standard_error":287.765661296309},"std_dev":{"confidence_interval":{"confidence_level":0.95,"lower_bound":2378.9212651445664,"upper_bound":3468.7979584449326},"point_estimate":2935.6097524644006,"standard_error":279.7688693820646}}