{"mean":{"confidence_interval":{"confidence_level":0.95,"lower_bound":85661.45314047432,"upper_bound":86866.73833972088},"point_estimate":86212.11362184239,"standard_error":308.10917622698554},"median":{"confidence_interval":{"confidence_level":0.95,"lower_bound":85387.67037037037,"upper_bound":86002.51041666667},"point_estimate":85660.17238749046,"standard_error":151.93592227950117},"median_abs_dev":{"confidence_interval":{"confidence_level":0.95,"lower_bound":1018.6556436348262,"upper_bound":1839.9965153088074},"point_estimate":1413.3720796197347,"standard_error":220.84643900512071},"slope":{"confidence_interval":{"confidence_level":0.95,"lower_bound":85809.8277818348,"upper_bound":86598.32746692769},"point_estimate":86195.98185655879,"standard_error":201.09058119689013},"std_dev":{"confidence_interval":{"confidence_level":0.95,"lower_bound":1750.61546781112,"upper_bound":4280.99394481778},"point_estimate":3089.034658866033,"standard_error":650.598480378903}}