{"mean":{"confidence_interval":{"confidence_level":0.95,"lower_bound":530662.3739547274,"upper_bound":538079.7361827972},"point_estimate":533817.6672976367,"standard_error":1921.9245451808872},"median":{"confidence_interval":{"confidence_level":0.95,"lower_bound":529662.2724996317,"upper_bound":531847.134007729},"point_estimate":530527.3100649351,"standard_error":543.6123104001308},"median_abs_dev":{"confidence_interval":{"confidence_level":0.95,"lower_bound":3807.835488919143,"upper_bound":6063.958775697888},"point_estimate":4930.98315106276,"standard_error":561.6777882236668},"slope":{"confidence_interval":{"confidence_level":0.95,"lower_bound":530330.1967234714,"upper_bound":534551.1850835017},"point_estimate":532186.9929880302,"standard_error":1082.595464748848},"std_dev":{"confidence_interval":{"confidence_level":0.95,"lower_bound":5272.938203518224,"upper_bound":29942.328801332846},"point_estimate":19415.800293882017,"standard_error":6638.750259795304}}