{"mean":{"confidence_interval":{"confidence_level":0.95,"lower_bound":283463.80178388295,"upper_bound":284699.78718645877},"point_estimate":284087.04357230844,"standard_error":315.5461627193421},"median":{"confidence_interval":{"confidence_level":0.95,"lower_bound":283239.9292929293,"upper_bound":285131.3},"point_estimate":284059.5487404162,"standard_error":471.31706724852387},"median_abs_dev":{"confidence_interval":{"confidence_level":0.95,"lower_bound":2393.0019332733054,"upper_bound":3676.6179777932375},"point_estimate":3004.853539577724,"standard_error":315.3115228670296},"slope":{"confidence_interval":{"confidence_level":0.95,"lower_bound":283463.72987461596,"upper_bound":284729.51411349786},"point_estimate":284101.9699586227,"standard_error":321.7352070768796},"std_dev":{"confidence_interval":{"confidence_level":0.95,"lower_bound":2708.5552339481774,"upper_bound":3587.9710593307173},"point_estimate":3170.6437514884005,"standard_error":224.12956313173098}}