{"mean":{"confidence_interval":{"confidence_level":0.95,"lower_bound":256775.71125593057,"upper_bound":271014.6028415892},"point_estimate":263052.8876890605,"standard_error":3660.476587681407},"median":{"confidence_interval":{"confidence_level":0.95,"lower_bound":247714.48550724637,"upper_bound":254981.71327683615},"point_estimate":250654.827081068,"standard_error":2051.8462304098507},"median_abs_dev":{"confidence_interval":{"confidence_level":0.95,"lower_bound":6431.590780532909,"upper_bound":15713.33829758063},"point_estimate":9893.951385103332,"standard_error":2344.696581014275},"slope":{"confidence_interval":{"confidence_level":0.95,"lower_bound":248898.52284704827,"upper_bound":253782.09110791428},"point_estimate":251100.16502733855,"standard_error":1251.5855734109657},"std_dev":{"confidence_interval":{"confidence_level":0.95,"lower_bound":18824.517264015238,"upper_bound":55154.79100961706},"point_estimate":36967.18322802664,"standard_error":10547.651930345277}}