{"mean":{"confidence_interval":{"confidence_level":0.95,"lower_bound":272993.8009562,"upper_bound":275011.05607228255},"point_estimate":273855.740559896,"standard_error":520.3231714927539},"median":{"confidence_interval":{"confidence_level":0.95,"lower_bound":272479.3214285714,"upper_bound":273961.5357142857},"point_estimate":273325.66126700677,"standard_error":341.50723614204674},"median_abs_dev":{"confidence_interval":{"confidence_level":0.95,"lower_bound":2130.858666015818,"upper_bound":3450.6976225294375},"point_estimate":2824.2282118791704,"standard_error":335.44807484940225},"slope":{"confidence_interval":{"confidence_level":0.95,"lower_bound":273171.78671108955,"upper_bound":274352.0615173126},"point_estimate":273756.8015767696,"standard_error":299.321051227688},"std_dev":{"confidence_interval":{"confidence_level":0.95,"lower_bound":2475.7201218296523,"upper_bound":8140.237958193573},"point_estimate":5227.145300539763,"standard_error":1807.2520957319964}}