{"mean":{"confidence_interval":{"confidence_level":0.95,"lower_bound":222943.20514838866,"upper_bound":224181.89873250408},"point_estimate":223544.8788299373,"standard_error":315.60518190094024},"median":{"confidence_interval":{"confidence_level":0.95,"lower_bound":222535.91304347827,"upper_bound":223781.32692307694},"point_estimate":223244.22115384616,"standard_error":294.2940939792635},"median_abs_dev":{"confidence_interval":{"confidence_level":0.95,"lower_bound":1682.014140697502,"upper_bound":2704.7600819809077},"point_estimate":2277.7666373714055,"standard_error":257.0325893460164},"slope":{"confidence_interval":{"confidence_level":0.95,"lower_bound":222825.28476526905,"upper_bound":224045.07139860993},"point_estimate":223398.49971627013,"standard_error":310.5943785176539},"std_dev":{"confidence_interval":{"confidence_level":0.95,"lower_bound":2368.0781856964095,"upper_bound":3988.0640223113314},"point_estimate":3182.4567258842076,"standard_error":418.3692928607619}}