{"mean":{"confidence_interval":{"confidence_level":0.95,"lower_bound":2087270.3668124997,"upper_bound":2120602.3731770823},"point_estimate":2103726.192500001,"standard_error":8519.925155099028},"median":{"confidence_interval":{"confidence_level":0.95,"lower_bound":2077526.5416666667,"upper_bound":2126009.2083333335},"point_estimate":2099984.791666667,"standard_error":12533.19069460358},"median_abs_dev":{"confidence_interval":{"confidence_level":0.95,"lower_bound":60271.48809246736,"upper_bound":98259.90011803829},"point_estimate":72014.20497149276,"standard_error":9706.097041283363},"slope":null,"std_dev":{"confidence_interval":{"confidence_level":0.95,"lower_bound":72953.34275301611,"upper_bound":96885.2972519583},"point_estimate":85631.42016266134,"standard_error":6114.391064545549}}