{"mean":{"confidence_interval":{"confidence_level":0.95,"lower_bound":1985177.1823557701,"upper_bound":2018517.601730769},"point_estimate":2001416.9538461543,"standard_error":8489.753351785668},"median":{"confidence_interval":{"confidence_level":0.95,"lower_bound":1979755.1923076923,"upper_bound":2016083.8846153845},"point_estimate":1999887.1153846155,"standard_error":8567.928989055257},"median_abs_dev":{"confidence_interval":{"confidence_level":0.95,"lower_bound":55464.97738453057,"upper_bound":101486.32253854598},"point_estimate":81031.44453832749,"standard_error":11675.664870339579},"slope":null,"std_dev":{"confidence_interval":{"confidence_level":0.95,"lower_bound":69865.22697007805,"upper_bound":101786.32702028389},"point_estimate":85416.94709669639,"standard_error":8309.379130326888}}