{"mean":{"confidence_interval":{"confidence_level":0.95,"lower_bound":255674.2283710356,"upper_bound":256767.9915539034},"point_estimate":256195.5520280054,"standard_error":278.5988289025527},"median":{"confidence_interval":{"confidence_level":0.95,"lower_bound":255387.4361111111,"upper_bound":256173.96739130435},"point_estimate":255654.90179834905,"standard_error":183.2672181490246},"median_abs_dev":{"confidence_interval":{"confidence_level":0.95,"lower_bound":1448.6807473577014,"upper_bound":2464.2122437487646},"point_estimate":1997.3098389640877,"standard_error":270.9650219779741},"slope":{"confidence_interval":{"confidence_level":0.95,"lower_bound":255102.0752760809,"upper_bound":255783.84726759166},"point_estimate":255451.0367023792,"standard_error":173.66125580950705},"std_dev":{"confidence_interval":{"confidence_level":0.95,"lower_bound":2042.4532030882458,"upper_bound":3587.235294293479},"point_estimate":2803.4640523960484,"standard_error":401.97554216936}}