{"mean":{"confidence_interval":{"confidence_level":0.95,"lower_bound":246410.36780735105,"upper_bound":247958.62553720793},"point_estimate":247103.08063079003,"standard_error":395.66344258727526},"median":{"confidence_interval":{"confidence_level":0.95,"lower_bound":246220.37403350516,"upper_bound":247339.33333333334},"point_estimate":246724.8854166667,"standard_error":250.68465665972522},"median_abs_dev":{"confidence_interval":{"confidence_level":0.95,"lower_bound":1687.1856025287104,"upper_bound":2682.6103401783957},"point_estimate":2372.4700954799423,"standard_error":263.60307610907614},"slope":{"confidence_interval":{"confidence_level":0.95,"lower_bound":246344.67130943955,"upper_bound":247239.7118300477},"point_estimate":246784.9684550022,"standard_error":228.53798610018964},"std_dev":{"confidence_interval":{"confidence_level":0.95,"lower_bound":2181.6887916569876,"upper_bound":5915.49920525297},"point_estimate":3969.3172018462337,"standard_error":1104.3757698386364}}