{"mean":{"confidence_interval":{"confidence_level":0.95,"lower_bound":1824189.8653333336,"upper_bound":1828932.752383333},"point_estimate":1826549.05,"standard_error":1209.9552666868979},"median":{"confidence_interval":{"confidence_level":0.95,"lower_bound":1821926.7333333334,"upper_bound":1829125.6},"point_estimate":1825488.2333333334,"standard_error":1832.8893305924141},"median_abs_dev":{"confidence_interval":{"confidence_level":0.95,"lower_bound":9984.6337687373,"upper_bound":15721.14047439404},"point_estimate":13346.266123056435,"standard_error":1436.9709699361263},"slope":null,"std_dev":{"confidence_interval":{"confidence_level":0.95,"lower_bound":10475.0328443902,"upper_bound":13727.91440884875},"point_estimate":12168.269580098508,"standard_error":830.3588269663526}}