{"mean":{"confidence_interval":{"confidence_level":0.95,"lower_bound":357165.1309805306,"upper_bound":358356.5727415984},"point_estimate":357772.92635563976,"standard_error":301.9021680199684},"median":{"confidence_interval":{"confidence_level":0.95,"lower_bound":357154.7838095238,"upper_bound":357947.7563492063},"point_estimate":357364.49242424243,"standard_error":202.80373070662955},"median_abs_dev":{"confidence_interval":{"confidence_level":0.95,"lower_bound":1224.1978460367766,"upper_bound":2318.377669003504},"point_estimate":1729.950691659505,"standard_error":284.2501640600819},"slope":{"confidence_interval":{"confidence_level":0.95,"lower_bound":357389.8127804073,"upper_bound":358448.6059486824},"point_estimate":357910.47619821684,"standard_error":270.4858370636868},"std_dev":{"confidence_interval":{"confidence_level":0.95,"lower_bound":1991.263503710488,"upper_bound":4124.729102760294},"point_estimate":3038.6617850089447,"standard_error":562.7819574930678}}