{"mean":{"confidence_interval":{"confidence_level":0.95,"lower_bound":692504.8501274335,"upper_bound":695834.3679453013},"point_estimate":694051.7898027222,"standard_error":850.2501617335445},"median":{"confidence_interval":{"confidence_level":0.95,"lower_bound":691038.0454545454,"upper_bound":694272.1753246753},"point_estimate":692221.2670614035,"standard_error":865.2545408196287},"median_abs_dev":{"confidence_interval":{"confidence_level":0.95,"lower_bound":4272.748668234399,"upper_bound":7474.12299228616},"point_estimate":5752.62240248231,"standard_error":846.400202046731},"slope":{"confidence_interval":{"confidence_level":0.95,"lower_bound":692032.8400842475,"upper_bound":694351.4699363287},"point_estimate":693191.4366026304,"standard_error":592.5793919355496},"std_dev":{"confidence_interval":{"confidence_level":0.95,"lower_bound":5576.579865529948,"upper_bound":11752.84648883942},"point_estimate":8553.982467009575,"standard_error":1668.791083448642}}