{"mean":{"confidence_interval":{"confidence_level":0.95,"lower_bound":390789.7047625757,"upper_bound":392550.10080029746},"point_estimate":391580.9368753937,"standard_error":451.83795923104566},"median":{"confidence_interval":{"confidence_level":0.95,"lower_bound":390566.2388888889,"upper_bound":391332.49583333335},"point_estimate":390876.3627314815,"standard_error":163.20182528972725},"median_abs_dev":{"confidence_interval":{"confidence_level":0.95,"lower_bound":1217.4875499664545,"upper_bound":2138.226862038891},"point_estimate":1565.7112100308034,"standard_error":237.98357891082964},"slope":{"confidence_interval":{"confidence_level":0.95,"lower_bound":390819.6642329091,"upper_bound":391446.86971619964},"point_estimate":391136.8551391557,"standard_error":160.40389275492717},"std_dev":{"confidence_interval":{"confidence_level":0.95,"lower_bound":2244.4300377219615,"upper_bound":6518.180046468169},"point_estimate":4548.428774413773,"standard_error":1109.166707403482}}