{"mean":{"confidence_interval":{"confidence_level":0.95,"lower_bound":245784.68699206432,"upper_bound":246964.52938294076},"point_estimate":246365.61890988034,"standard_error":301.0230477249533},"median":{"confidence_interval":{"confidence_level":0.95,"lower_bound":245541.82954545456,"upper_bound":246637.26171875},"point_estimate":246092.49376474554,"standard_error":265.79058642317756},"median_abs_dev":{"confidence_interval":{"confidence_level":0.95,"lower_bound":1438.7813364229344,"upper_bound":2826.144135411561},"point_estimate":2306.1201287381505,"standard_error":361.59195019606517},"slope":{"confidence_interval":{"confidence_level":0.95,"lower_bound":246015.2932819742,"upper_bound":246894.00906036544},"point_estimate":246439.98176370622,"standard_error":225.27647363919533},"std_dev":{"confidence_interval":{"confidence_level":0.95,"lower_bound":2410.1712372857655,"upper_bound":3579.483336694837},"point_estimate":3023.8879925764345,"standard_error":298.91652859160615}}