{"mean":{"confidence_interval":{"confidence_level":0.95,"lower_bound":1372852.0199139966,"upper_bound":1377853.4651804473},"point_estimate":1374759.202943938,"standard_error":1364.787958257631},"median":{"confidence_interval":{"confidence_level":0.95,"lower_bound":1372589.7236917769,"upper_bound":1374584.6857538675},"point_estimate":1373647.123996221,"standard_error":514.6449158305463},"median_abs_dev":{"confidence_interval":{"confidence_level":0.95,"lower_bound":2452.798488298319,"upper_bound":3949.215351869314},"point_estimate":2808.4167231912616,"standard_error":376.51202508985506},"slope":{"confidence_interval":{"confidence_level":0.95,"lower_bound":1373269.67985259,"upper_bound":1374537.022090155},"point_estimate":1373895.1668036056,"standard_error":323.48469361301716},"std_dev":{"confidence_interval":{"confidence_level":0.95,"lower_bound":3307.8012025650487,"upper_bound":22947.7074692328},"point_estimate":13724.36511394657,"standard_error":6667.784854428992}}