{"mean":{"confidence_interval":{"confidence_level":0.95,"lower_bound":1514078.2269206867,"upper_bound":1522491.4790958455},"point_estimate":1517788.961851149,"standard_error":2169.172081181266},"median":{"confidence_interval":{"confidence_level":0.95,"lower_bound":1512760.05,"upper_bound":1514290.3985507246},"point_estimate":1513686.8754696725,"standard_error":369.3612006559788},"median_abs_dev":{"confidence_interval":{"confidence_level":0.95,"lower_bound":2701.8235824679655,"upper_bound":4894.7633261037245},"point_estimate":3787.074416943359,"standard_error":562.5169354317043},"slope":{"confidence_interval":{"confidence_level":0.95,"lower_bound":1514160.3799221676,"upper_bound":1526626.4587969717},"point_estimate":1519573.1905512044,"standard_error":3210.895148879657},"std_dev":{"confidence_interval":{"confidence_level":0.95,"lower_bound":6828.728188152833,"upper_bound":31817.069813513797},"point_estimate":21878.907339632693,"standard_error":6053.025710307792}}