{"mean":{"confidence_interval":{"confidence_level":0.95,"lower_bound":301623.37475131545,"upper_bound":303124.8092415436},"point_estimate":302346.5342736577,"standard_error":381.9180148405765},"median":{"confidence_interval":{"confidence_level":0.95,"lower_bound":301173.28846153844,"upper_bound":302361.4194444445},"point_estimate":301864.4783163265,"standard_error":281.4692000327222},"median_abs_dev":{"confidence_interval":{"confidence_level":0.95,"lower_bound":2085.2755008629742,"upper_bound":3357.548958366521},"point_estimate":2739.030221685497,"standard_error":320.65272229728333},"slope":{"confidence_interval":{"confidence_level":0.95,"lower_bound":301366.109568662,"upper_bound":302456.18287278933},"point_estimate":301901.0815235703,"standard_error":278.7868739613247},"std_dev":{"confidence_interval":{"confidence_level":0.95,"lower_bound":2925.0252684875763,"upper_bound":4656.565046610175},"point_estimate":3827.760442562709,"standard_error":443.1621007194952}}