{"mean":{"confidence_interval":{"confidence_level":0.95,"lower_bound":317460.84655047936,"upper_bound":318192.0599881895},"point_estimate":317824.0690698104,"standard_error":185.8143179327045},"median":{"confidence_interval":{"confidence_level":0.95,"lower_bound":317429.15825522714,"upper_bound":318281.1845238095},"point_estimate":317762.1980769231,"standard_error":223.13408809943462},"median_abs_dev":{"confidence_interval":{"confidence_level":0.95,"lower_bound":1287.8876769150852,"upper_bound":2017.2378791868744},"point_estimate":1653.3343067403082,"standard_error":186.05653761022444},"slope":{"confidence_interval":{"confidence_level":0.95,"lower_bound":317339.3779882354,"upper_bound":317997.74943661096},"point_estimate":317670.1664518989,"standard_error":168.08713489649057},"std_dev":{"confidence_interval":{"confidence_level":0.95,"lower_bound":1515.5898920227878,"upper_bound":2206.916579567314},"point_estimate":1869.7030979630104,"standard_error":177.1779238927868}}