{"mean":{"confidence_interval":{"confidence_level":0.95,"lower_bound":332803.85406418744,"upper_bound":334057.34259919083},"point_estimate":333420.10215684964,"standard_error":319.8146423282269},"median":{"confidence_interval":{"confidence_level":0.95,"lower_bound":332419.1196581197,"upper_bound":333953.17391304346},"point_estimate":333180.15755649714,"standard_error":392.7402462821005},"median_abs_dev":{"confidence_interval":{"confidence_level":0.95,"lower_bound":2019.6536908878275,"upper_bound":3337.056647029916},"point_estimate":2641.721181596821,"standard_error":336.08642336596705},"slope":{"confidence_interval":{"confidence_level":0.95,"lower_bound":332566.69154864963,"upper_bound":333735.5559803613},"point_estimate":333139.6914260381,"standard_error":298.40682011015116},"std_dev":{"confidence_interval":{"confidence_level":0.95,"lower_bound":2657.4376468903183,"upper_bound":3727.873348451235},"point_estimate":3214.756831153306,"standard_error":274.6345178636547}}