{"mean":{"confidence_interval":{"confidence_level":0.95,"lower_bound":330479.0704422915,"upper_bound":331800.85954563756},"point_estimate":331094.8775599606,"standard_error":337.41962593034015},"median":{"confidence_interval":{"confidence_level":0.95,"lower_bound":330123.34694989107,"upper_bound":330923.698245614},"point_estimate":330403.8790584416,"standard_error":217.46733039870767},"median_abs_dev":{"confidence_interval":{"confidence_level":0.95,"lower_bound":1446.218513294615,"upper_bound":2739.101727970571},"point_estimate":2095.3853803079883,"standard_error":326.7623864620807},"slope":{"confidence_interval":{"confidence_level":0.95,"lower_bound":330105.2326520318,"upper_bound":330950.51222746505},"point_estimate":330515.16213092953,"standard_error":214.8507311968696},"std_dev":{"confidence_interval":{"confidence_level":0.95,"lower_bound":2199.9067140363395,"upper_bound":4672.828142621373},"point_estimate":3385.413791758269,"standard_error":688.7262209942269}}