{"mean":{"confidence_interval":{"confidence_level":0.95,"lower_bound":299439.17712278065,"upper_bound":300784.7095471337},"point_estimate":300083.18361634517,"standard_error":342.0988006139141},"median":{"confidence_interval":{"confidence_level":0.95,"lower_bound":299043.6271929825,"upper_bound":300216.0903508772},"point_estimate":299709.26326530613,"standard_error":344.92233987237},"median_abs_dev":{"confidence_interval":{"confidence_level":0.95,"lower_bound":1740.294305712974,"upper_bound":2921.2268511510542},"point_estimate":2256.7464564565144,"standard_error":307.29852477663945},"slope":{"confidence_interval":{"confidence_level":0.95,"lower_bound":300226.2008696275,"upper_bound":301402.79114422685},"point_estimate":300830.2334692872,"standard_error":300.1046973943409},"std_dev":{"confidence_interval":{"confidence_level":0.95,"lower_bound":2467.093227529211,"upper_bound":4457.387747188109},"point_estimate":3427.2375446434958,"standard_error":524.0511120326612}}