{"mean":{"confidence_interval":{"confidence_level":0.95,"lower_bound":281063.1814503793,"upper_bound":282757.74153034086},"point_estimate":281855.883020003,"standard_error":433.40027037448635},"median":{"confidence_interval":{"confidence_level":0.95,"lower_bound":280306.0315789474,"upper_bound":281475.79069767444},"point_estimate":280820.9594845014,"standard_error":317.22946070434506},"median_abs_dev":{"confidence_interval":{"confidence_level":0.95,"lower_bound":2061.8038591006493,"upper_bound":3187.0496661553407},"point_estimate":2676.7548274780897,"standard_error":286.795120347549},"slope":{"confidence_interval":{"confidence_level":0.95,"lower_bound":280541.17267397296,"upper_bound":281961.54252046393},"point_estimate":281224.6641185163,"standard_error":362.4110607721989},"std_dev":{"confidence_interval":{"confidence_level":0.95,"lower_bound":2900.412803362858,"upper_bound":5630.799560645161},"point_estimate":4355.897375672724,"standard_error":696.642779841745}}