{"mean":{"confidence_interval":{"confidence_level":0.95,"lower_bound":627827.9421932859,"upper_bound":629170.1126118695},"point_estimate":628497.0822285727,"standard_error":340.5323622324924},"median":{"confidence_interval":{"confidence_level":0.95,"lower_bound":627868.9262295082,"upper_bound":628832.1689412738},"point_estimate":628416.9563301282,"standard_error":259.4870540509141},"median_abs_dev":{"confidence_interval":{"confidence_level":0.95,"lower_bound":1302.8412067649774,"upper_bound":2256.277624228768},"point_estimate":1646.0411216729426,"standard_error":241.72646916387646},"slope":{"confidence_interval":{"confidence_level":0.95,"lower_bound":627874.0715671042,"upper_bound":628745.798923996},"point_estimate":628293.9376030738,"standard_error":221.94412741028043},"std_dev":{"confidence_interval":{"confidence_level":0.95,"lower_bound":2080.1211940134367,"upper_bound":4617.551396975483},"point_estimate":3427.224345836178,"standard_error":647.6342184413674}}