{"mean":{"confidence_interval":{"confidence_level":0.95,"lower_bound":697682.7150247325,"upper_bound":706453.2209797997},"point_estimate":701829.2393536371,"standard_error":2238.9260114875},"median":{"confidence_interval":{"confidence_level":0.95,"lower_bound":691910.7817292438,"upper_bound":695794.8333333334},"point_estimate":693853.2495791246,"standard_error":1085.4640884920777},"median_abs_dev":{"confidence_interval":{"confidence_level":0.95,"lower_bound":4985.338383367526,"upper_bound":10784.50875061088},"point_estimate":8506.256440562467,"standard_error":1701.7836103335146},"slope":{"confidence_interval":{"confidence_level":0.95,"lower_bound":698884.8313429098,"upper_bound":709571.9119921611},"point_estimate":703842.4315664252,"standard_error":2735.2039355199213},"std_dev":{"confidence_interval":{"confidence_level":0.95,"lower_bound":16426.967871525427,"upper_bound":27561.973618924363},"point_estimate":22465.13482623237,"standard_error":2844.093112715424}}