{"mean":{"confidence_interval":{"confidence_level":0.95,"lower_bound":250810.36563257902,"upper_bound":251951.25400263627},"point_estimate":251368.5105470454,"standard_error":290.53630879640355},"median":{"confidence_interval":{"confidence_level":0.95,"lower_bound":250480.29722222223,"upper_bound":251723.93359375},"point_estimate":251114.29736842104,"standard_error":327.4235460924417},"median_abs_dev":{"confidence_interval":{"confidence_level":0.95,"lower_bound":1729.1098823960176,"upper_bound":2687.0367569279015},"point_estimate":2231.452137675819,"standard_error":240.46955178026627},"slope":{"confidence_interval":{"confidence_level":0.95,"lower_bound":250820.9010552034,"upper_bound":251798.53561985193},"point_estimate":251283.5047798138,"standard_error":249.1560048406946},"std_dev":{"confidence_interval":{"confidence_level":0.95,"lower_bound":2264.1891858242243,"upper_bound":3513.2963896312995},"point_estimate":2905.1275028954224,"standard_error":319.1630026211057}}