{"mean":{"confidence_interval":{"confidence_level":0.95,"lower_bound":268184.7817268888,"upper_bound":269239.41521387425},"point_estimate":268695.06311351346,"standard_error":269.23138950628123},"median":{"confidence_interval":{"confidence_level":0.95,"lower_bound":267453.45,"upper_bound":268829.37790697673},"point_estimate":268316.73362288135,"standard_error":367.5151573885114},"median_abs_dev":{"confidence_interval":{"confidence_level":0.95,"lower_bound":1641.7767497242053,"upper_bound":2760.9478253714988},"point_estimate":2218.6671694617226,"standard_error":286.25370297840794},"slope":{"confidence_interval":{"confidence_level":0.95,"lower_bound":267448.2000508462,"upper_bound":268302.1470728142},"point_estimate":267860.1936242057,"standard_error":217.3148075789026},"std_dev":{"confidence_interval":{"confidence_level":0.95,"lower_bound":2125.7227113707254,"upper_bound":3294.9503709597147},"point_estimate":2704.6340594116305,"standard_error":300.93215440906874}}