{"mean":{"confidence_interval":{"confidence_level":0.95,"lower_bound":373006.12797653227,"upper_bound":374533.4843522376},"point_estimate":373746.23810204037,"standard_error":388.78723832907434},"median":{"confidence_interval":{"confidence_level":0.95,"lower_bound":372655.01026272576,"upper_bound":374020.1569092283},"point_estimate":373102.3291298865,"standard_error":418.3646767218299},"median_abs_dev":{"confidence_interval":{"confidence_level":0.95,"lower_bound":2133.765311213986,"upper_bound":3763.137616051882},"point_estimate":2871.9288727608346,"standard_error":397.8963235847515},"slope":{"confidence_interval":{"confidence_level":0.95,"lower_bound":373458.53407920385,"upper_bound":374891.4381714541},"point_estimate":374164.94037535094,"standard_error":365.6101336789366},"std_dev":{"confidence_interval":{"confidence_level":0.95,"lower_bound":3008.984930865866,"upper_bound":4814.945057411619},"point_estimate":3899.47253202012,"standard_error":469.5312875985274}}