{"mean":{"confidence_interval":{"confidence_level":0.95,"lower_bound":1707671.9936704542,"upper_bound":1713126.27390909},"point_estimate":1710341.1445454552,"standard_error":1391.7136553788314},"median":{"confidence_interval":{"confidence_level":0.95,"lower_bound":1706315.9772727273,"upper_bound":1711655.9545454546},"point_estimate":1709575.3181818184,"standard_error":1385.4028740921974},"median_abs_dev":{"confidence_interval":{"confidence_level":0.95,"lower_bound":9915.392755784645,"upper_bound":16919.56568143572},"point_estimate":12848.31245826057,"standard_error":1906.868084015493},"slope":null,"std_dev":{"confidence_interval":{"confidence_level":0.95,"lower_bound":11494.890367841885,"upper_bound":16221.99169724284},"point_estimate":13867.570680626066,"standard_error":1215.5311376186148}}