{"mean":{"confidence_interval":{"confidence_level":0.95,"lower_bound":1700107.5413863629,"upper_bound":1704954.1503977277},"point_estimate":1702468.7995454553,"standard_error":1240.4548951085014},"median":{"confidence_interval":{"confidence_level":0.95,"lower_bound":1697510.5,"upper_bound":1702983.9090909092},"point_estimate":1700641.2727272727,"standard_error":1381.1372973688583},"median_abs_dev":{"confidence_interval":{"confidence_level":0.95,"lower_bound":8250.122144780868,"upper_bound":14678.144084865538},"point_estimate":10869.749097932407,"standard_error":1693.0874454624225},"slope":null,"std_dev":{"confidence_interval":{"confidence_level":0.95,"lower_bound":9946.234901847207,"upper_bound":14962.974874675268},"point_estimate":12455.870669807167,"standard_error":1291.7316434941451}}