{"mean":{"confidence_interval":{"confidence_level":0.95,"lower_bound":2646.1555738034026,"upper_bound":2674.4807623226725},"point_estimate":2658.1785642523005,"standard_error":7.342492231248332},"median":{"confidence_interval":{"confidence_level":0.95,"lower_bound":2641.828901482127,"upper_bound":2644.8269666100737},"point_estimate":2643.1590674110835,"standard_error":0.7925153879569261},"median_abs_dev":{"confidence_interval":{"confidence_level":0.95,"lower_bound":3.848548949289598,"upper_bound":6.627122721107868},"point_estimate":5.1654526246875925,"standard_error":0.6876219480991144},"slope":{"confidence_interval":{"confidence_level":0.95,"lower_bound":2643.5881927827113,"upper_bound":2648.802323192689},"point_estimate":2645.8415886473094,"standard_error":1.3309999269384813},"std_dev":{"confidence_interval":{"confidence_level":0.95,"lower_bound":13.809986185917166,"upper_bound":116.38316356865111},"point_estimate":73.95023935390863,"standard_error":25.731945844815993}}