{"mean":{"confidence_interval":{"confidence_level":0.95,"lower_bound":1231651.829912161,"upper_bound":1235660.9373679357},"point_estimate":1233384.9267953814,"standard_error":1031.1533446808423},"median":{"confidence_interval":{"confidence_level":0.95,"lower_bound":1230747.1315789474,"upper_bound":1232520.3411764705},"point_estimate":1231483.0759259257,"standard_error":433.2974650673829},"median_abs_dev":{"confidence_interval":{"confidence_level":0.95,"lower_bound":3089.107847935335,"upper_bound":5657.533958892118},"point_estimate":4006.749732605966,"standard_error":651.1328367338859},"slope":{"confidence_interval":{"confidence_level":0.95,"lower_bound":1232011.7823989945,"upper_bound":1235841.9823001742},"point_estimate":1233690.2486330722,"standard_error":982.9909788174718},"std_dev":{"confidence_interval":{"confidence_level":0.95,"lower_bound":4964.298260385474,"upper_bound":15876.278436014565},"point_estimate":10368.871718509967,"standard_error":3264.6862976280017}}