{"mean":{"confidence_interval":{"confidence_level":0.95,"lower_bound":191720.9811818825,"upper_bound":195234.5660128331},"point_estimate":193327.73733470603,"standard_error":902.8823143078581},"median":{"confidence_interval":{"confidence_level":0.95,"lower_bound":190623.9260638298,"upper_bound":192924.1456521739},"point_estimate":191980.75873856526,"standard_error":578.9764182303369},"median_abs_dev":{"confidence_interval":{"confidence_level":0.95,"lower_bound":3378.9085291389247,"upper_bound":6703.921720981603},"point_estimate":5120.458894996381,"standard_error":814.5377699971957},"slope":{"confidence_interval":{"confidence_level":0.95,"lower_bound":190933.2424803438,"upper_bound":196150.13116248048},"point_estimate":193140.4553444658,"standard_error":1351.2116350031429},"std_dev":{"confidence_interval":{"confidence_level":0.95,"lower_bound":5238.124908001777,"upper_bound":12470.838593006367},"point_estimate":9065.273185491917,"standard_error":1902.4243241477475}}