{"mean":{"confidence_interval":{"confidence_level":0.95,"lower_bound":275591.29054280947,"upper_bound":277382.44088062143},"point_estimate":276505.54145667865,"standard_error":458.09794524899326},"median":{"confidence_interval":{"confidence_level":0.95,"lower_bound":276245.025,"upper_bound":278560.19678932184},"point_estimate":277454.9258522728,"standard_error":538.0428621281694},"median_abs_dev":{"confidence_interval":{"confidence_level":0.95,"lower_bound":2880.515372773312,"upper_bound":4699.007392485051},"point_estimate":3539.0854141943673,"standard_error":456.9894110977682},"slope":{"confidence_interval":{"confidence_level":0.95,"lower_bound":276848.0077139606,"upper_bound":278458.26526257984},"point_estimate":277711.4397716861,"standard_error":410.9034529344165},"std_dev":{"confidence_interval":{"confidence_level":0.95,"lower_bound":3795.5821296232984,"upper_bound":5288.44437843086},"point_estimate":4602.671503379236,"standard_error":380.9199554083683}}