{"mean":{"confidence_interval":{"confidence_level":0.95,"lower_bound":1944.4030640350354,"upper_bound":1950.1245081897025},"point_estimate":1946.7932404984479,"standard_error":1.4867238812775074},"median":{"confidence_interval":{"confidence_level":0.95,"lower_bound":1941.9096675415574,"upper_bound":1945.1965762982159},"point_estimate":1943.3407164719615,"standard_error":0.8534103119538969},"median_abs_dev":{"confidence_interval":{"confidence_level":0.95,"lower_bound":4.06915550767463,"upper_bound":7.541360317648696},"point_estimate":5.399003681576567,"standard_error":0.8876114541750103},"slope":{"confidence_interval":{"confidence_level":0.95,"lower_bound":1941.818345948108,"upper_bound":1945.5132235123338},"point_estimate":1943.5053075718313,"standard_error":0.9470367074687226},"std_dev":{"confidence_interval":{"confidence_level":0.95,"lower_bound":6.413829007310998,"upper_bound":23.637274149508094},"point_estimate":14.953065158442172,"standard_error":5.617743473809094}}