{"mean":{"confidence_interval":{"confidence_level":0.95,"lower_bound":767097.7913909372,"upper_bound":768630.8974114736},"point_estimate":767865.3647078376,"standard_error":391.95377142281205},"median":{"confidence_interval":{"confidence_level":0.95,"lower_bound":767387.978021978,"upper_bound":768305.5408163265},"point_estimate":767743.0115576102,"standard_error":188.52683443186908},"median_abs_dev":{"confidence_interval":{"confidence_level":0.95,"lower_bound":1366.3339962704244,"upper_bound":2408.90560083307},"point_estimate":1771.8695170841604,"standard_error":260.6939230641647},"slope":{"confidence_interval":{"confidence_level":0.95,"lower_bound":767707.32959131,"upper_bound":768651.9293443473},"point_estimate":768152.1132436825,"standard_error":240.34175057257852},"std_dev":{"confidence_interval":{"confidence_level":0.95,"lower_bound":2864.1386841773106,"upper_bound":4898.116752045197},"point_estimate":3940.5967383571297,"standard_error":520.5147364407469}}