{"mean":{"confidence_interval":{"confidence_level":0.95,"lower_bound":245922.49384950596,"upper_bound":246839.92127781862},"point_estimate":246374.4392983474,"standard_error":234.24637859558547},"median":{"confidence_interval":{"confidence_level":0.95,"lower_bound":245474.76501501503,"upper_bound":246829.89166666666},"point_estimate":246283.508770201,"standard_error":366.7640182494579},"median_abs_dev":{"confidence_interval":{"confidence_level":0.95,"lower_bound":1637.0458609454631,"upper_bound":2624.5351099229392},"point_estimate":2117.095635766395,"standard_error":255.86869619867238},"slope":{"confidence_interval":{"confidence_level":0.95,"lower_bound":245839.5289118393,"upper_bound":246577.70316250983},"point_estimate":246199.5777331166,"standard_error":188.55477978300965},"std_dev":{"confidence_interval":{"confidence_level":0.95,"lower_bound":1857.3924919467847,"upper_bound":2879.619151964654},"point_estimate":2362.1213655937236,"standard_error":263.2222918790004}}