{"mean":{"confidence_interval":{"confidence_level":0.95,"lower_bound":293719.91690721264,"upper_bound":295174.54080342007},"point_estimate":294441.0377238293,"standard_error":370.41876033754687},"median":{"confidence_interval":{"confidence_level":0.95,"lower_bound":293623.551014174,"upper_bound":294850.243902439},"point_estimate":294124.60173160175,"standard_error":316.85364134128713},"median_abs_dev":{"confidence_interval":{"confidence_level":0.95,"lower_bound":1992.6569556315162,"upper_bound":3604.487869887735},"point_estimate":2710.185437668523,"standard_error":418.70917539594006},"slope":{"confidence_interval":{"confidence_level":0.95,"lower_bound":293964.3447481592,"upper_bound":295406.7371263352},"point_estimate":294666.61028299097,"standard_error":367.2727868826708},"std_dev":{"confidence_interval":{"confidence_level":0.95,"lower_bound":2778.9651489992534,"upper_bound":4612.165035653522},"point_estimate":3724.333533821497,"standard_error":470.40292177488135}}