{"mean":{"confidence_interval":{"confidence_level":0.95,"lower_bound":300470.28343982046,"upper_bound":301597.5344524417},"point_estimate":301034.498989683,"standard_error":288.0321573026693},"median":{"confidence_interval":{"confidence_level":0.95,"lower_bound":300440.1403508772,"upper_bound":301316.73913043475},"point_estimate":300837.19806763285,"standard_error":181.69201157138127},"median_abs_dev":{"confidence_interval":{"confidence_level":0.95,"lower_bound":1694.3424567661973,"upper_bound":2943.4840598793326},"point_estimate":2378.5530850211003,"standard_error":329.3103210662413},"slope":{"confidence_interval":{"confidence_level":0.95,"lower_bound":300814.58171504847,"upper_bound":301859.80276656157},"point_estimate":301318.84883601795,"standard_error":267.1516469053991},"std_dev":{"confidence_interval":{"confidence_level":0.95,"lower_bound":2405.800667586908,"upper_bound":3341.9301153798283},"point_estimate":2894.9324933569314,"standard_error":238.2780241883757}}