{"mean":{"confidence_interval":{"confidence_level":0.95,"lower_bound":220250.07880912515,"upper_bound":221348.7113995199},"point_estimate":220772.48019403068,"standard_error":280.9574020585916},"median":{"confidence_interval":{"confidence_level":0.95,"lower_bound":219533.955643789,"upper_bound":220921.07777777777},"point_estimate":220395.19615384616,"standard_error":410.7005058937251},"median_abs_dev":{"confidence_interval":{"confidence_level":0.95,"lower_bound":1662.4429173205049,"upper_bound":2772.876484183266},"point_estimate":2218.6988043025494,"standard_error":304.9851093450994},"slope":{"confidence_interval":{"confidence_level":0.95,"lower_bound":219389.3726904065,"upper_bound":220310.20223989882},"point_estimate":219837.92782325993,"standard_error":234.67884385670848},"std_dev":{"confidence_interval":{"confidence_level":0.95,"lower_bound":2039.4419586184888,"upper_bound":3642.2010585002813},"point_estimate":2820.1764639489497,"standard_error":419.84905045460846}}