{"mean":{"confidence_interval":{"confidence_level":0.95,"lower_bound":256046.05803411477,"upper_bound":257235.40661326476},"point_estimate":256630.26517317045,"standard_error":303.5693826179517},"median":{"confidence_interval":{"confidence_level":0.95,"lower_bound":255708.57196969696,"upper_bound":257187.5701388889},"point_estimate":256347.20829008822,"standard_error":331.4832730251617},"median_abs_dev":{"confidence_interval":{"confidence_level":0.95,"lower_bound":1841.3137737306145,"upper_bound":2723.8742736434665},"point_estimate":2309.884256359794,"standard_error":222.2951828614272},"slope":{"confidence_interval":{"confidence_level":0.95,"lower_bound":256263.20473318608,"upper_bound":257123.03740097603},"point_estimate":256693.64882074774,"standard_error":218.68693368981937},"std_dev":{"confidence_interval":{"confidence_level":0.95,"lower_bound":2363.3017337145666,"upper_bound":3721.1197007841456},"point_estimate":3063.428291994869,"standard_error":347.2690459754869}}