{"mean":{"confidence_interval":{"confidence_level":0.95,"lower_bound":224147.7029283466,"upper_bound":226093.69944383382},"point_estimate":225069.8863146035,"standard_error":497.56881085067107},"median":{"confidence_interval":{"confidence_level":0.95,"lower_bound":223387.70666666667,"upper_bound":225480.59772727272},"point_estimate":224017.9710553814,"standard_error":534.6790908950856},"median_abs_dev":{"confidence_interval":{"confidence_level":0.95,"lower_bound":2383.044783292509,"upper_bound":3801.887236766593},"point_estimate":3051.6653573489366,"standard_error":349.99447107086803},"slope":{"confidence_interval":{"confidence_level":0.95,"lower_bound":222403.01285308786,"upper_bound":224264.79919341972},"point_estimate":223321.01381409782,"standard_error":476.43040520968316},"std_dev":{"confidence_interval":{"confidence_level":0.95,"lower_bound":3435.0798207280204,"upper_bound":6541.856241039422},"point_estimate":4991.538971657478,"standard_error":812.2975289017173}}