{"mean":{"confidence_interval":{"confidence_level":0.95,"lower_bound":224986.22699376682,"upper_bound":226761.2642417791},"point_estimate":225764.29517802235,"standard_error":458.4110771548178},"median":{"confidence_interval":{"confidence_level":0.95,"lower_bound":224526.36923076923,"upper_bound":225442.85454545455},"point_estimate":224841.02722689076,"standard_error":266.7948498214387},"median_abs_dev":{"confidence_interval":{"confidence_level":0.95,"lower_bound":1409.898918156867,"upper_bound":2309.053850313782},"point_estimate":1815.1253945272185,"standard_error":221.2289144671483},"slope":{"confidence_interval":{"confidence_level":0.95,"lower_bound":224683.36234273532,"upper_bound":228033.3722854918},"point_estimate":226081.68118870992,"standard_error":874.3638222268138},"std_dev":{"confidence_interval":{"confidence_level":0.95,"lower_bound":1869.3911011303528,"upper_bound":6839.54710019377},"point_estimate":4624.038165405338,"standard_error":1327.4783094986774}}