{"mean":{"confidence_interval":{"confidence_level":0.95,"lower_bound":2361653.5781071424,"upper_bound":2406725.630404762},"point_estimate":2383766.8042857144,"standard_error":11480.867109268935},"median":{"confidence_interval":{"confidence_level":0.95,"lower_bound":2330944.5714285714,"upper_bound":2377525.404761905},"point_estimate":2353069.476190476,"standard_error":11406.975229002957},"median_abs_dev":{"confidence_interval":{"confidence_level":0.95,"lower_bound":74244.82958189085,"upper_bound":139015.87710197482},"point_estimate":110351.18684087467,"standard_error":16386.20249891835},"slope":null,"std_dev":{"confidence_interval":{"confidence_level":0.95,"lower_bound":97902.66823322217,"upper_bound":132923.36196135994},"point_estimate":115580.53613382613,"standard_error":8977.161871727949}}