{"mean":{"confidence_interval":{"confidence_level":0.95,"lower_bound":260820.39609708873,"upper_bound":262659.5788844541},"point_estimate":261731.47075077213,"standard_error":470.8994407383496},"median":{"confidence_interval":{"confidence_level":0.95,"lower_bound":260310.64285714287,"upper_bound":263108.0948275862},"point_estimate":261493.76648550725,"standard_error":721.9192742852621},"median_abs_dev":{"confidence_interval":{"confidence_level":0.95,"lower_bound":3968.4162772027776,"upper_bound":6182.668846213925},"point_estimate":5302.373927465115,"standard_error":567.8192451873965},"slope":{"confidence_interval":{"confidence_level":0.95,"lower_bound":260574.50132334878,"upper_bound":262747.32089940924},"point_estimate":261646.78708511897,"standard_error":554.6140397489523},"std_dev":{"confidence_interval":{"confidence_level":0.95,"lower_bound":4083.5779330165697,"upper_bound":5348.109906064945},"point_estimate":4741.584483383205,"standard_error":323.224777538102}}