{"mean":{"confidence_interval":{"confidence_level":0.95,"lower_bound":262173.5104653912,"upper_bound":263238.11668966734},"point_estimate":262689.5906124625,"standard_error":270.7636038030121},"median":{"confidence_interval":{"confidence_level":0.95,"lower_bound":262307.900748194,"upper_bound":263321.89166666666},"point_estimate":262769.28085299453,"standard_error":270.1965744118626},"median_abs_dev":{"confidence_interval":{"confidence_level":0.95,"lower_bound":1565.7701192772472,"upper_bound":2365.73813510807},"point_estimate":2067.0361266658883,"standard_error":199.42722166421598},"slope":{"confidence_interval":{"confidence_level":0.95,"lower_bound":262494.2761983287,"upper_bound":263200.60602325003},"point_estimate":262849.96834343136,"standard_error":180.26162266505247},"std_dev":{"confidence_interval":{"confidence_level":0.95,"lower_bound":1889.9750980090914,"upper_bound":3634.9141026395528},"point_estimate":2718.310845097813,"standard_error":467.04265163634665}}