{"mean":{"confidence_interval":{"confidence_level":0.95,"lower_bound":2443193.9899473684,"upper_bound":2448452.457921053},"point_estimate":2445800.141578947,"standard_error":1346.0919027064692},"median":{"confidence_interval":{"confidence_level":0.95,"lower_bound":2442970.3684210526,"upper_bound":2448203.2105263155},"point_estimate":2445153.8947368423,"standard_error":1442.660387027406},"median_abs_dev":{"confidence_interval":{"confidence_level":0.95,"lower_bound":7650.449958913878,"upper_bound":13803.434928624345},"point_estimate":9331.445218544312,"standard_error":1603.6334656774945},"slope":null,"std_dev":{"confidence_interval":{"confidence_level":0.95,"lower_bound":11362.709061815645,"upper_bound":15402.131346721031},"point_estimate":13499.255481499082,"standard_error":1031.384586376951}}