{"mean":{"confidence_interval":{"confidence_level":0.95,"lower_bound":266495.57768937456,"upper_bound":267940.24486809596},"point_estimate":267187.91947227484,"standard_error":369.7329923835971},"median":{"confidence_interval":{"confidence_level":0.95,"lower_bound":265868.275,"upper_bound":267132.541553442},"point_estimate":266426.96332908166,"standard_error":328.5377211863751},"median_abs_dev":{"confidence_interval":{"confidence_level":0.95,"lower_bound":1783.6167470844014,"upper_bound":3195.1117849420784},"point_estimate":2392.9658691101013,"standard_error":365.31510634727755},"slope":{"confidence_interval":{"confidence_level":0.95,"lower_bound":267237.8159077853,"upper_bound":268777.27288094803},"point_estimate":267963.7167474509,"standard_error":394.5853062333151},"std_dev":{"confidence_interval":{"confidence_level":0.95,"lower_bound":2649.8334709488972,"upper_bound":4856.699735138197},"point_estimate":3721.021374326954,"standard_error":580.0288337282948}}