{"mean":{"confidence_interval":{"confidence_level":0.95,"lower_bound":527902.6240890771,"upper_bound":531234.3271481799},"point_estimate":529572.8390799057,"standard_error":853.5700628893024},"median":{"confidence_interval":{"confidence_level":0.95,"lower_bound":528044.0666666667,"upper_bound":532302.5006955313},"point_estimate":529382.0807142857,"standard_error":1234.9134222003893},"median_abs_dev":{"confidence_interval":{"confidence_level":0.95,"lower_bound":6621.267553048081,"upper_bound":10373.225507004268},"point_estimate":8079.295201008305,"standard_error":952.0177800939147},"slope":{"confidence_interval":{"confidence_level":0.95,"lower_bound":529100.1103542026,"upper_bound":532800.7112463556},"point_estimate":530985.6141658047,"standard_error":941.8783030709965},"std_dev":{"confidence_interval":{"confidence_level":0.95,"lower_bound":7198.18222561916,"upper_bound":9862.443466326702},"point_estimate":8588.585971608656,"standard_error":681.2931041742394}}