{"mean":{"confidence_interval":{"confidence_level":0.95,"lower_bound":710388.3635191651,"upper_bound":712615.7675032929},"point_estimate":711484.8046100277,"standard_error":569.2922167660429},"median":{"confidence_interval":{"confidence_level":0.95,"lower_bound":710161.85,"upper_bound":712458.5738636364},"point_estimate":710946.8872601279,"standard_error":585.3038732229376},"median_abs_dev":{"confidence_interval":{"confidence_level":0.95,"lower_bound":3554.6057631018784,"upper_bound":5773.667553297658},"point_estimate":4860.621163307306,"standard_error":559.5621357101},"slope":{"confidence_interval":{"confidence_level":0.95,"lower_bound":710455.0086863765,"upper_bound":712156.1504712196},"point_estimate":711303.4189818236,"standard_error":434.118508620596},"std_dev":{"confidence_interval":{"confidence_level":0.95,"lower_bound":4569.103716816539,"upper_bound":6851.662933664585},"point_estimate":5723.465890350147,"standard_error":585.4459033538667}}