{"mean":{"confidence_interval":{"confidence_level":0.95,"lower_bound":2907922.4382083328,"upper_bound":2927933.8768125},"point_estimate":2918051.0808333345,"standard_error":5117.770127158053},"median":{"confidence_interval":{"confidence_level":0.95,"lower_bound":2936023.4166666665,"upper_bound":2947156.75},"point_estimate":2940958.583333333,"standard_error":3092.819705665659},"median_abs_dev":{"confidence_interval":{"confidence_level":0.95,"lower_bound":22507.041325420258,"upper_bound":54938.79219964101},"point_estimate":33508.30378010881,"standard_error":7556.992329211018},"slope":null,"std_dev":{"confidence_interval":{"confidence_level":0.95,"lower_bound":46339.38364785712,"upper_bound":55137.54654867496},"point_estimate":51447.9096617939,"standard_error":2241.4529646883148}}