{"mean":{"confidence_interval":{"confidence_level":0.95,"lower_bound":2692663.7759666666,"upper_bound":2695812.8925333326},"point_estimate":2694202.4353333334,"standard_error":804.2218474425819},"median":{"confidence_interval":{"confidence_level":0.95,"lower_bound":2691409.7333333334,"upper_bound":2694719.6},"point_estimate":2693606.9,"standard_error":1035.0262168044503},"median_abs_dev":{"confidence_interval":{"confidence_level":0.95,"lower_bound":5236.444267034553,"upper_bound":8860.363382697542},"point_estimate":6834.588198661851,"standard_error":883.2401828536206},"slope":null,"std_dev":{"confidence_interval":{"confidence_level":0.95,"lower_bound":6496.624822421338,"upper_bound":9469.388366314572},"point_estimate":8038.194408236085,"standard_error":760.2775157691491}}