{"mean":{"confidence_interval":{"confidence_level":0.95,"lower_bound":3224553.3786153845,"upper_bound":3232322.8738269233},"point_estimate":3228471.674615385,"standard_error":1979.2385537325797},"median":{"confidence_interval":{"confidence_level":0.95,"lower_bound":3224016.076923077,"upper_bound":3231943.5384615385},"point_estimate":3228105.461538462,"standard_error":2186.860529781961},"median_abs_dev":{"confidence_interval":{"confidence_level":0.95,"lower_bound":12735.248658519604,"upper_bound":23000.599807041915},"point_estimate":17170.674572082615,"standard_error":2649.899971528751},"slope":null,"std_dev":{"confidence_interval":{"confidence_level":0.95,"lower_bound":16190.76101091539,"upper_bound":23645.675222234924},"point_estimate":19925.006107551697,"standard_error":1912.962434966286}}