{"mean":{"confidence_interval":{"confidence_level":0.95,"lower_bound":2783420.6678833333,"upper_bound":2790514.567116668},"point_estimate":2786942.855333334,"standard_error":1801.6743373671213},"median":{"confidence_interval":{"confidence_level":0.95,"lower_bound":2780922.6,"upper_bound":2785438.5666666664},"point_estimate":2783372.2,"standard_error":1130.0734760538376},"median_abs_dev":{"confidence_interval":{"confidence_level":0.95,"lower_bound":6090.026491880187,"upper_bound":12956.0458099843},"point_estimate":9676.485248208322,"standard_error":1756.432564094372},"slope":null,"std_dev":{"confidence_interval":{"confidence_level":0.95,"lower_bound":12330.205444942789,"upper_bound":23705.3441166836},"point_estimate":18139.849761054524,"standard_error":2929.175894667501}}