{"mean":{"confidence_interval":{"confidence_level":0.95,"lower_bound":501760.08070415084,"upper_bound":506738.2184534772},"point_estimate":503905.8752159297,"standard_error":1283.6492904473832},"median":{"confidence_interval":{"confidence_level":0.95,"lower_bound":500661.5,"upper_bound":502048.1666666667},"point_estimate":501234.1798770492,"standard_error":318.6733932667484},"median_abs_dev":{"confidence_interval":{"confidence_level":0.95,"lower_bound":2475.86988521117,"upper_bound":4277.272552172316},"point_estimate":3602.4161210443253,"standard_error":458.91093959693495},"slope":{"confidence_interval":{"confidence_level":0.95,"lower_bound":501406.5333696757,"upper_bound":504182.8980762694},"point_estimate":502666.656574553,"standard_error":714.9679132443822},"std_dev":{"confidence_interval":{"confidence_level":0.95,"lower_bound":5115.993105043262,"upper_bound":19809.02424378806},"point_estimate":12925.334761546745,"standard_error":4024.44569735404}}