{"mean":{"confidence_interval":{"confidence_level":0.95,"lower_bound":527008.5086437247,"upper_bound":528467.684748929},"point_estimate":527727.7206747824,"standard_error":371.61252965759127},"median":{"confidence_interval":{"confidence_level":0.95,"lower_bound":526922.1575342466,"upper_bound":527953.2183098592},"point_estimate":527373.1902515723,"standard_error":288.4159007943168},"median_abs_dev":{"confidence_interval":{"confidence_level":0.95,"lower_bound":1601.287628808207,"upper_bound":2951.2240004438595},"point_estimate":2262.054412554928,"standard_error":349.5623951415828},"slope":{"confidence_interval":{"confidence_level":0.95,"lower_bound":527042.1579604602,"upper_bound":528052.6921257401},"point_estimate":527511.2380434461,"standard_error":258.16787177729935},"std_dev":{"confidence_interval":{"confidence_level":0.95,"lower_bound":2848.69796341145,"upper_bound":4536.78525886145},"point_estimate":3731.7687417934994,"standard_error":431.4112576582636}}