{"mean":{"confidence_interval":{"confidence_level":0.95,"lower_bound":544875.3281582298,"upper_bound":546678.0713078654},"point_estimate":545758.9352354996,"standard_error":458.0512681900075},"median":{"confidence_interval":{"confidence_level":0.95,"lower_bound":544488.88125,"upper_bound":545871.9499421297},"point_estimate":544918.832278481,"standard_error":310.0529339838463},"median_abs_dev":{"confidence_interval":{"confidence_level":0.95,"lower_bound":2229.462919510027,"upper_bound":3946.133428379652},"point_estimate":3043.1054041136163,"standard_error":394.4044227408458},"slope":{"confidence_interval":{"confidence_level":0.95,"lower_bound":544818.5075375575,"upper_bound":546322.372685815},"point_estimate":545547.4449830058,"standard_error":384.5859405180975},"std_dev":{"confidence_interval":{"confidence_level":0.95,"lower_bound":3504.98271962334,"upper_bound":5639.342235189168},"point_estimate":4592.935790224272,"standard_error":548.3349221804874}}