{"mean":{"confidence_interval":{"confidence_level":0.95,"lower_bound":399074.93685137556,"upper_bound":402650.32855661726},"point_estimate":400622.27287374256,"standard_error":926.0427207872362},"median":{"confidence_interval":{"confidence_level":0.95,"lower_bound":398809.60012496094,"upper_bound":400099.0229885057},"point_estimate":399363.7625915751,"standard_error":330.99445206363663},"median_abs_dev":{"confidence_interval":{"confidence_level":0.95,"lower_bound":2194.9140869479893,"upper_bound":3343.964755789916},"point_estimate":2670.2151081434376,"standard_error":291.9190200440474},"slope":{"confidence_interval":{"confidence_level":0.95,"lower_bound":399382.0938977492,"upper_bound":400967.1099057919},"point_estimate":400106.8072646668,"standard_error":406.3443551110526},"std_dev":{"confidence_interval":{"confidence_level":0.95,"lower_bound":3115.7888497879567,"upper_bound":14101.7785449505},"point_estimate":9302.313089561421,"standard_error":2870.6425593687786}}