{"mean":{"confidence_interval":{"confidence_level":0.95,"lower_bound":0.032394404037333686,"upper_bound":0.0366593526650301},"point_estimate":0.03454446158383706,"standard_error":0.0010903873700966612},"median":{"confidence_interval":{"confidence_level":0.95,"lower_bound":0.032714851067070505,"upper_bound":0.03699361920288213},"point_estimate":0.03529705398525573,"standard_error":0.0011025366430824463}}