{"mean":{"confidence_interval":{"confidence_level":0.95,"lower_bound":251658.83934519734,"upper_bound":252374.94323025184},"point_estimate":252019.97891210654,"standard_error":182.14671624731687},"median":{"confidence_interval":{"confidence_level":0.95,"lower_bound":251689.7660111566,"upper_bound":252426.3384009009},"point_estimate":252151.20035778175,"standard_error":174.75063346920194},"median_abs_dev":{"confidence_interval":{"confidence_level":0.95,"lower_bound":1154.7781982048955,"upper_bound":2027.111405121822},"point_estimate":1488.9863390662576,"standard_error":224.10563603399754},"slope":{"confidence_interval":{"confidence_level":0.95,"lower_bound":251693.8662385959,"upper_bound":252337.127020678},"point_estimate":252014.19563986995,"standard_error":164.10135074775778},"std_dev":{"confidence_interval":{"confidence_level":0.95,"lower_bound":1510.0149538851465,"upper_bound":2137.77392644586},"point_estimate":1828.0371835706417,"standard_error":161.14184303686704}}