{"mean":{"confidence_interval":{"confidence_level":0.95,"lower_bound":282736.21919108054,"upper_bound":283787.19128872256},"point_estimate":283263.0131762978,"standard_error":268.4553712873908},"median":{"confidence_interval":{"confidence_level":0.95,"lower_bound":282632.60215053766,"upper_bound":283799.7723214286},"point_estimate":283149.3518195896,"standard_error":300.01016968572424},"median_abs_dev":{"confidence_interval":{"confidence_level":0.95,"lower_bound":1653.604893938959,"upper_bound":2674.4101187116767},"point_estimate":2099.597337308043,"standard_error":262.73439923939765},"slope":{"confidence_interval":{"confidence_level":0.95,"lower_bound":282771.6926107307,"upper_bound":283663.3266248947},"point_estimate":283218.14482857985,"standard_error":227.6298816079208},"std_dev":{"confidence_interval":{"confidence_level":0.95,"lower_bound":2197.006272398372,"upper_bound":3168.452134862679},"point_estimate":2698.7764168321364,"standard_error":248.02591531700233}}