{"mean":{"confidence_interval":{"confidence_level":0.95,"lower_bound":221385.08708744159,"upper_bound":222484.2390785872},"point_estimate":221879.3538710068,"standard_error":281.0386887351161},"median":{"confidence_interval":{"confidence_level":0.95,"lower_bound":220881.83765182187,"upper_bound":221555.56467351428},"point_estimate":221099.56573426572,"standard_error":183.91975193588277},"median_abs_dev":{"confidence_interval":{"confidence_level":0.95,"lower_bound":1024.1111124031825,"upper_bound":1954.816964454722},"point_estimate":1387.3963592807472,"standard_error":225.09570611230592},"slope":{"confidence_interval":{"confidence_level":0.95,"lower_bound":221115.6156310527,"upper_bound":221809.90437287829},"point_estimate":221450.6023579134,"standard_error":177.75866877210981},"std_dev":{"confidence_interval":{"confidence_level":0.95,"lower_bound":1617.780598699193,"upper_bound":4127.7318223083885},"point_estimate":2831.3389894298825,"standard_error":730.7853528272835}}