{"mean":{"confidence_interval":{"confidence_level":0.95,"lower_bound":224885.64936992122,"upper_bound":226446.81509856627},"point_estimate":225640.72861003652,"standard_error":398.42050451078603},"median":{"confidence_interval":{"confidence_level":0.95,"lower_bound":224248.01960784313,"upper_bound":226159.61685144124},"point_estimate":224978.4525198939,"standard_error":524.0734819283051},"median_abs_dev":{"confidence_interval":{"confidence_level":0.95,"lower_bound":3020.622428081613,"upper_bound":4585.55965018966},"point_estimate":3988.3574800759507,"standard_error":397.19216037594447},"slope":{"confidence_interval":{"confidence_level":0.95,"lower_bound":224570.18510909457,"upper_bound":226174.1114487027},"point_estimate":225385.51727146446,"standard_error":409.5017569624676},"std_dev":{"confidence_interval":{"confidence_level":0.95,"lower_bound":3111.1087074205548,"upper_bound":4901.184881653078},"point_estimate":3996.0954706098437,"standard_error":463.11576094037855}}