{"mean":{"confidence_interval":{"confidence_level":0.95,"lower_bound":255805.20657716453,"upper_bound":258447.50230860227},"point_estimate":257009.74538509463,"standard_error":678.6852400791555},"median":{"confidence_interval":{"confidence_level":0.95,"lower_bound":254839.56313131313,"upper_bound":255757.1979166667},"point_estimate":255272.14237967914,"standard_error":251.5905423194296},"median_abs_dev":{"confidence_interval":{"confidence_level":0.95,"lower_bound":1382.486654027404,"upper_bound":2768.9674179342683},"point_estimate":1732.082940309043,"standard_error":362.17629620998093},"slope":{"confidence_interval":{"confidence_level":0.95,"lower_bound":254774.4161383123,"upper_bound":255786.84066200373},"point_estimate":255235.6886205113,"standard_error":257.943990867375},"std_dev":{"confidence_interval":{"confidence_level":0.95,"lower_bound":3642.0859423264824,"upper_bound":9454.48651363755},"point_estimate":6833.945174023487,"standard_error":1487.2932277543398}}