{"mean":{"confidence_interval":{"confidence_level":0.95,"lower_bound":727076.0875600977,"upper_bound":727994.8271476504},"point_estimate":727530.4468256005,"standard_error":234.77380627973386},"median":{"confidence_interval":{"confidence_level":0.95,"lower_bound":727001.7638888889,"upper_bound":727810.5455128206},"point_estimate":727438.7534883721,"standard_error":190.62255376998976},"median_abs_dev":{"confidence_interval":{"confidence_level":0.95,"lower_bound":1379.6523263247818,"upper_bound":2181.2649306142907},"point_estimate":1744.8782670184178,"standard_error":202.36234511963968},"slope":{"confidence_interval":{"confidence_level":0.95,"lower_bound":727255.1815046633,"upper_bound":728203.4754652622},"point_estimate":727699.0219934979,"standard_error":241.5688998228326},"std_dev":{"confidence_interval":{"confidence_level":0.95,"lower_bound":1878.978844923643,"upper_bound":2816.9573345665804},"point_estimate":2368.0538796828055,"standard_error":239.52791093807122}}