{"mean":{"confidence_interval":{"confidence_level":0.95,"lower_bound":284164.3321984302,"upper_bound":285529.9109463112},"point_estimate":284798.20860754716,"standard_error":347.6990403823962},"median":{"confidence_interval":{"confidence_level":0.95,"lower_bound":284269.4389632107,"upper_bound":285209.40861992945},"point_estimate":284690.49178082193,"standard_error":227.16447973609053},"median_abs_dev":{"confidence_interval":{"confidence_level":0.95,"lower_bound":1439.349959777404,"upper_bound":2383.8478062154104},"point_estimate":1963.5032891358878,"standard_error":235.27497268248763},"slope":{"confidence_interval":{"confidence_level":0.95,"lower_bound":284895.6827654842,"upper_bound":285765.4869568517},"point_estimate":285334.7785000739,"standard_error":221.7298547599044},"std_dev":{"confidence_interval":{"confidence_level":0.95,"lower_bound":2001.779856328018,"upper_bound":5119.238604254082},"point_estimate":3502.066224703867,"standard_error":867.8553265704181}}