{"mean":{"confidence_interval":{"confidence_level":0.95,"lower_bound":301872.0312344489,"upper_bound":303051.4268940313},"point_estimate":302435.9121948387,"standard_error":301.39191654464565},"median":{"confidence_interval":{"confidence_level":0.95,"lower_bound":301495.0833333333,"upper_bound":302253.4655172414},"point_estimate":301990.87221590907,"standard_error":184.80051672217613},"median_abs_dev":{"confidence_interval":{"confidence_level":0.95,"lower_bound":1476.4131587948464,"upper_bound":2813.258667723781},"point_estimate":2345.6949867646463,"standard_error":328.86319590073265},"slope":{"confidence_interval":{"confidence_level":0.95,"lower_bound":301737.84771239077,"upper_bound":302825.7929279747},"point_estimate":302265.947995419,"standard_error":278.3794146500214},"std_dev":{"confidence_interval":{"confidence_level":0.95,"lower_bound":2217.3165646989105,"upper_bound":3952.165357416897},"point_estimate":3030.683600474177,"standard_error":469.11502853356006}}