{"mean":{"confidence_interval":{"confidence_level":0.95,"lower_bound":325893.35851496697,"upper_bound":327442.2693485698},"point_estimate":326652.0786851235,"standard_error":396.03054534779534},"median":{"confidence_interval":{"confidence_level":0.95,"lower_bound":324916.82131410256,"upper_bound":326459.2500985027},"point_estimate":325744.77470930235,"standard_error":409.6767084197684},"median_abs_dev":{"confidence_interval":{"confidence_level":0.95,"lower_bound":2189.327685832584,"upper_bound":4685.737213907868},"point_estimate":3375.528017618526,"standard_error":643.5915641920744},"slope":{"confidence_interval":{"confidence_level":0.95,"lower_bound":326852.4425376293,"upper_bound":328642.9766070895},"point_estimate":327727.0294857396,"standard_error":456.89474589055305},"std_dev":{"confidence_interval":{"confidence_level":0.95,"lower_bound":3402.573312741274,"upper_bound":4509.042758218656},"point_estimate":3983.540992578971,"standard_error":283.10510946058207}}