{"mean":{"confidence_interval":{"confidence_level":0.95,"lower_bound":3643652.6815000013,"upper_bound":3650755.3597500003},"point_estimate":3647088.609285716,"standard_error":1818.8234984808064},"median":{"confidence_interval":{"confidence_level":0.95,"lower_bound":3640532.3928571427,"upper_bound":3649318.8571428573},"point_estimate":3644568.0,"standard_error":2455.479300065708},"median_abs_dev":{"confidence_interval":{"confidence_level":0.95,"lower_bound":11671.026992797852,"upper_bound":19229.692308604717},"point_estimate":14653.276839852333,"standard_error":1958.9846401390362},"slope":null,"std_dev":{"confidence_interval":{"confidence_level":0.95,"lower_bound":14715.308314576518,"upper_bound":21271.012256827875},"point_estimate":18221.539394090127,"standard_error":1683.9817437149898}}