{"mean":{"confidence_interval":{"confidence_level":0.95,"lower_bound":260930.3673521238,"upper_bound":263711.82232109347},"point_estimate":262199.41513413773,"standard_error":712.6909152866903},"median":{"confidence_interval":{"confidence_level":0.95,"lower_bound":259511.0465116279,"upper_bound":261147.41284013606},"point_estimate":260463.32862903224,"standard_error":460.3101952045552},"median_abs_dev":{"confidence_interval":{"confidence_level":0.95,"lower_bound":1940.0164289749785,"upper_bound":3393.337121166509},"point_estimate":2710.52370208155,"standard_error":386.4067418985798},"slope":{"confidence_interval":{"confidence_level":0.95,"lower_bound":260500.17108169117,"upper_bound":263932.7680571199},"point_estimate":261945.276617408,"standard_error":884.0139398927749},"std_dev":{"confidence_interval":{"confidence_level":0.95,"lower_bound":4106.675410083948,"upper_bound":9722.13084291357},"point_estimate":7160.385466498078,"standard_error":1432.825491839197}}