{"mean":{"confidence_interval":{"confidence_level":0.95,"lower_bound":397663.7548540678,"upper_bound":399375.43349174166},"point_estimate":398421.19045002543,"standard_error":437.6451531087536},"median":{"confidence_interval":{"confidence_level":0.95,"lower_bound":397762.59997957514,"upper_bound":398705.9312000278},"point_estimate":398402.9203864734,"standard_error":234.68761761451876},"median_abs_dev":{"confidence_interval":{"confidence_level":0.95,"lower_bound":1518.30551680613,"upper_bound":2592.6510441886467},"point_estimate":2111.3676538437167,"standard_error":285.81254597195726},"slope":{"confidence_interval":{"confidence_level":0.95,"lower_bound":397057.7556337826,"upper_bound":398180.14267038024},"point_estimate":397607.8418826659,"standard_error":286.76022514105654},"std_dev":{"confidence_interval":{"confidence_level":0.95,"lower_bound":2217.8460323635913,"upper_bound":6706.932252085248},"point_estimate":4393.375107639659,"standard_error":1334.253996090324}}