{"mean":{"confidence_interval":{"confidence_level":0.95,"lower_bound":328754.91818165063,"upper_bound":330556.51619938837},"point_estimate":329635.6572151973,"standard_error":457.22964848933333},"median":{"confidence_interval":{"confidence_level":0.95,"lower_bound":328494.67500000005,"upper_bound":330213.72222222225},"point_estimate":329279.2157500493,"standard_error":392.17918056019107},"median_abs_dev":{"confidence_interval":{"confidence_level":0.95,"lower_bound":3161.9780288637203,"upper_bound":4884.250212290957},"point_estimate":4104.243083158199,"standard_error":425.2350206912748},"slope":{"confidence_interval":{"confidence_level":0.95,"lower_bound":328506.8211870868,"upper_bound":330310.33769075363},"point_estimate":329403.2902566376,"standard_error":458.9835784248074},"std_dev":{"confidence_interval":{"confidence_level":0.95,"lower_bound":3710.303098995441,"upper_bound":5408.060777450252},"point_estimate":4588.771681302724,"standard_error":435.0563730943808}}