{"mean":{"confidence_interval":{"confidence_level":0.95,"lower_bound":417510.094624052,"upper_bound":420614.6079172552},"point_estimate":418920.1024209923,"standard_error":793.0831133139529},"median":{"confidence_interval":{"confidence_level":0.95,"lower_bound":416830.93947628455,"upper_bound":419597.37992216117},"point_estimate":418136.82973421924,"standard_error":665.9464155634596},"median_abs_dev":{"confidence_interval":{"confidence_level":0.95,"lower_bound":3851.055923394734,"upper_bound":6052.473175880464},"point_estimate":5173.960567050709,"standard_error":565.1447917161169},"slope":{"confidence_interval":{"confidence_level":0.95,"lower_bound":416607.4407653326,"upper_bound":418878.78624409565},"point_estimate":417670.5317201123,"standard_error":580.5252094468478},"std_dev":{"confidence_interval":{"confidence_level":0.95,"lower_bound":4637.71883810924,"upper_bound":11612.820118665093},"point_estimate":7983.029008082857,"standard_error":2009.797220241452}}