{"mean":{"confidence_interval":{"confidence_level":0.95,"lower_bound":258307.44468350138,"upper_bound":262063.9569638991},"point_estimate":259999.49442779782,"standard_error":963.9003956434932},"median":{"confidence_interval":{"confidence_level":0.95,"lower_bound":257489.64625792572,"upper_bound":258378.08102424542},"point_estimate":257956.92022058822,"standard_error":224.98181185092653},"median_abs_dev":{"confidence_interval":{"confidence_level":0.95,"lower_bound":1578.3950413602809,"upper_bound":2925.060391313736},"point_estimate":2312.0587296303565,"standard_error":347.0884304312785},"slope":{"confidence_interval":{"confidence_level":0.95,"lower_bound":258264.1620147467,"upper_bound":261882.028993189},"point_estimate":259836.64772720556,"standard_error":927.6449957115208},"std_dev":{"confidence_interval":{"confidence_level":0.95,"lower_bound":4884.469524481827,"upper_bound":13446.552832162446},"point_estimate":9697.024220184516,"standard_error":2217.9298301749614}}