{"mean":{"confidence_interval":{"confidence_level":0.95,"lower_bound":1632706.513270834,"upper_bound":1657895.0472708333},"point_estimate":1642589.3249999997,"standard_error":6687.114570208689},"median":{"confidence_interval":{"confidence_level":0.95,"lower_bound":1626604.4583333333,"upper_bound":1632069.25},"point_estimate":1629747.8958333335,"standard_error":1485.0368297087914},"median_abs_dev":{"confidence_interval":{"confidence_level":0.95,"lower_bound":8183.104765033357,"upper_bound":16794.367414340435},"point_estimate":11825.248277559762,"standard_error":2180.1875145195004},"slope":null,"std_dev":{"confidence_interval":{"confidence_level":0.95,"lower_bound":16226.319850365458,"upper_bound":110769.00697467648},"point_estimate":67318.66307610855,"standard_error":29798.97294416233}}