{"mean":{"confidence_interval":{"confidence_level":0.95,"lower_bound":1397883.2965815074,"upper_bound":1400762.323574954},"point_estimate":1399198.7300590065,"standard_error":736.0457055410265},"median":{"confidence_interval":{"confidence_level":0.95,"lower_bound":1397568.440677966,"upper_bound":1399090.8181818181},"point_estimate":1398443.8784829723,"standard_error":383.7860993673439},"median_abs_dev":{"confidence_interval":{"confidence_level":0.95,"lower_bound":2726.3257077547933,"upper_bound":5095.735765702401},"point_estimate":4120.380232303059,"standard_error":596.4328312584686},"slope":{"confidence_interval":{"confidence_level":0.95,"lower_bound":1397941.9710879296,"upper_bound":1401007.4827546729},"point_estimate":1399263.5431092065,"standard_error":794.4155491937266},"std_dev":{"confidence_interval":{"confidence_level":0.95,"lower_bound":4483.663640301497,"upper_bound":10409.330464827572},"point_estimate":7382.197133036243,"standard_error":1612.8546873806026}}