{"mean":{"confidence_interval":{"confidence_level":0.95,"lower_bound":2525971.1267500008,"upper_bound":2550229.1842250014},"point_estimate":2537992.1015,"standard_error":6174.662290985144},"median":{"confidence_interval":{"confidence_level":0.95,"lower_bound":2514595.05,"upper_bound":2544611.8},"point_estimate":2530852.625,"standard_error":6776.535667322266},"median_abs_dev":{"confidence_interval":{"confidence_level":0.95,"lower_bound":49972.774167805976,"upper_bound":76748.86327743517},"point_estimate":66204.90878462771,"standard_error":6710.083830238238},"slope":null,"std_dev":{"confidence_interval":{"confidence_level":0.95,"lower_bound":53521.69388848242,"upper_bound":69643.19661589249},"point_estimate":61940.9187679147,"standard_error":4129.5766542754845}}