{"mean":{"confidence_interval":{"confidence_level":0.95,"lower_bound":286785.9109828669,"upper_bound":287524.6999768817},"point_estimate":287146.35077768454,"standard_error":188.06031900322157},"median":{"confidence_interval":{"confidence_level":0.95,"lower_bound":286713.3793103448,"upper_bound":287274.71485788113},"point_estimate":286887.67470238096,"standard_error":149.23679414791746},"median_abs_dev":{"confidence_interval":{"confidence_level":0.95,"lower_bound":1043.5594131887767,"upper_bound":1809.438300333471},"point_estimate":1316.0999934519675,"standard_error":179.45458775797323},"slope":{"confidence_interval":{"confidence_level":0.95,"lower_bound":286766.16235527926,"upper_bound":287274.2494348309},"point_estimate":287020.4784668243,"standard_error":129.2279730516258},"std_dev":{"confidence_interval":{"confidence_level":0.95,"lower_bound":1526.0200313925852,"upper_bound":2214.7116125549214},"point_estimate":1886.0542637963383,"standard_error":174.9188333759774}}