{"mean":{"confidence_interval":{"confidence_level":0.95,"lower_bound":239218.21888493915,"upper_bound":240816.41626489098},"point_estimate":239909.39328993406,"standard_error":410.70177569770726},"median":{"confidence_interval":{"confidence_level":0.95,"lower_bound":239052.62131751227,"upper_bound":240084.0180412371},"point_estimate":239594.59699820788,"standard_error":291.40839309282495},"median_abs_dev":{"confidence_interval":{"confidence_level":0.95,"lower_bound":1570.524394643934,"upper_bound":2735.1360293487146},"point_estimate":2224.00306021317,"standard_error":294.32547021757716},"slope":{"confidence_interval":{"confidence_level":0.95,"lower_bound":238805.94538392292,"upper_bound":239682.16391680832},"point_estimate":239234.32507093248,"standard_error":223.8156810637896},"std_dev":{"confidence_interval":{"confidence_level":0.95,"lower_bound":1960.7088133891816,"upper_bound":6391.544990607171},"point_estimate":4123.312624262064,"standard_error":1373.328358453641}}