{"mean":{"confidence_interval":{"confidence_level":0.95,"lower_bound":175496.76259520467,"upper_bound":176064.15621629724},"point_estimate":175772.6221985925,"standard_error":145.33739652737097},"median":{"confidence_interval":{"confidence_level":0.95,"lower_bound":175467.99561403508,"upper_bound":175993.5170940171},"point_estimate":175682.3905017921,"standard_error":131.60767701015027},"median_abs_dev":{"confidence_interval":{"confidence_level":0.95,"lower_bound":798.0574580942772,"upper_bound":1414.101054039359},"point_estimate":1067.3087786500544,"standard_error":160.06599115802055},"slope":{"confidence_interval":{"confidence_level":0.95,"lower_bound":175428.44446522684,"upper_bound":175901.63922286604},"point_estimate":175661.52915767697,"standard_error":120.71279963197127},"std_dev":{"confidence_interval":{"confidence_level":0.95,"lower_bound":1115.4158717416417,"upper_bound":1810.7672995848443},"point_estimate":1466.6758811282964,"standard_error":179.1662228284733}}