{"mean":{"confidence_interval":{"confidence_level":0.95,"lower_bound":196984.99561805543,"upper_bound":198141.8031023356},"point_estimate":197518.45568409257,"standard_error":296.18438816759686},"median":{"confidence_interval":{"confidence_level":0.95,"lower_bound":196616.8404255319,"upper_bound":197531.5745614035},"point_estimate":196849.19878183832,"standard_error":258.30567526969884},"median_abs_dev":{"confidence_interval":{"confidence_level":0.95,"lower_bound":1507.6510736104838,"upper_bound":2394.337654590456},"point_estimate":1849.987518843688,"standard_error":217.15011848446048},"slope":{"confidence_interval":{"confidence_level":0.95,"lower_bound":196467.63926866878,"upper_bound":197425.95025839758},"point_estimate":196923.10921629478,"standard_error":243.6488847919766},"std_dev":{"confidence_interval":{"confidence_level":0.95,"lower_bound":1779.3403620744202,"upper_bound":4210.612079757881},"point_estimate":2986.926192727634,"standard_error":654.8401807640635}}