{"mean":{"confidence_interval":{"confidence_level":0.95,"lower_bound":1018710.4316844629,"upper_bound":1021054.2041728363},"point_estimate":1019819.9116334714,"standard_error":597.154882616137},"median":{"confidence_interval":{"confidence_level":0.95,"lower_bound":1018394.7419354839,"upper_bound":1019694.977884318},"point_estimate":1019250.7816445706,"standard_error":318.76968859977944},"median_abs_dev":{"confidence_interval":{"confidence_level":0.95,"lower_bound":2123.152960033794,"upper_bound":4119.721930514199},"point_estimate":3148.94388918603,"standard_error":513.1068628543671},"slope":{"confidence_interval":{"confidence_level":0.95,"lower_bound":1018727.0705436757,"upper_bound":1019890.658971516},"point_estimate":1019277.6730633959,"standard_error":295.85792696937983},"std_dev":{"confidence_interval":{"confidence_level":0.95,"lower_bound":3871.790908793821,"upper_bound":7925.556934757929},"point_estimate":5999.910560273979,"standard_error":1043.3398327383563}}