{"mean":{"confidence_interval":{"confidence_level":0.95,"lower_bound":301827.3938847062,"upper_bound":302717.8508889275},"point_estimate":302249.15812592854,"standard_error":226.60354477773706},"median":{"confidence_interval":{"confidence_level":0.95,"lower_bound":301296.9692307692,"upper_bound":302601.1666666667},"point_estimate":301835.8259001636,"standard_error":305.07115946387364},"median_abs_dev":{"confidence_interval":{"confidence_level":0.95,"lower_bound":1368.4247999479985,"upper_bound":2249.8238388076365},"point_estimate":1841.1503515831414,"standard_error":222.5637106944916},"slope":{"confidence_interval":{"confidence_level":0.95,"lower_bound":301839.34695300553,"upper_bound":302664.7409649296},"point_estimate":302251.4642256539,"standard_error":211.2319698672249},"std_dev":{"confidence_interval":{"confidence_level":0.95,"lower_bound":1629.4608243972054,"upper_bound":3046.2821154629164},"point_estimate":2275.6963775891645,"standard_error":399.8625381275217}}