{"mean":{"confidence_interval":{"confidence_level":0.95,"lower_bound":240794.5025037576,"upper_bound":243985.75052624155},"point_estimate":242203.72142488963,"standard_error":822.8250710464639},"median":{"confidence_interval":{"confidence_level":0.95,"lower_bound":240088.64583333334,"upper_bound":241166.65571732953},"point_estimate":240716.67089285713,"standard_error":295.0507039268531},"median_abs_dev":{"confidence_interval":{"confidence_level":0.95,"lower_bound":1897.633669095903,"upper_bound":3114.974448907226},"point_estimate":2585.5814612294203,"standard_error":314.4451141881015},"slope":{"confidence_interval":{"confidence_level":0.95,"lower_bound":240438.20728663626,"upper_bound":242576.39866882435},"point_estimate":241391.5046039604,"standard_error":547.0035781874534},"std_dev":{"confidence_interval":{"confidence_level":0.95,"lower_bound":3208.110581808113,"upper_bound":11966.7087512122},"point_estimate":8238.178911898556,"standard_error":2183.294306654573}}