{"mean":{"confidence_interval":{"confidence_level":0.95,"lower_bound":877081.8544988651,"upper_bound":878792.3069110176},"point_estimate":877936.1518570218,"standard_error":436.26104115835267},"median":{"confidence_interval":{"confidence_level":0.95,"lower_bound":876693.9285714285,"upper_bound":878622.9523809524},"point_estimate":877630.0902406417,"standard_error":476.7220564531245},"median_abs_dev":{"confidence_interval":{"confidence_level":0.95,"lower_bound":2887.412797780929,"upper_bound":4528.548363237623},"point_estimate":3746.6669719817,"standard_error":427.32530179058017},"slope":{"confidence_interval":{"confidence_level":0.95,"lower_bound":876652.5229594375,"upper_bound":878108.4662138239},"point_estimate":877361.0567430176,"standard_error":371.1773657546066},"std_dev":{"confidence_interval":{"confidence_level":0.95,"lower_bound":3594.1201365194356,"upper_bound":5068.074753620859},"point_estimate":4362.842082412599,"standard_error":378.143099836177}}