{"mean":{"confidence_interval":{"confidence_level":0.95,"lower_bound":1347314.9187725699,"upper_bound":1352577.6426157998},"point_estimate":1349348.2561640132,"standard_error":1409.5361269720154},"median":{"confidence_interval":{"confidence_level":0.95,"lower_bound":1346631.1046511629,"upper_bound":1348896.5666666667},"point_estimate":1347777.0235507246,"standard_error":505.610185755917},"median_abs_dev":{"confidence_interval":{"confidence_level":0.95,"lower_bound":2959.5491442924463,"upper_bound":5394.671494233797},"point_estimate":4410.428517699244,"standard_error":631.2797468103073},"slope":{"confidence_interval":{"confidence_level":0.95,"lower_bound":1347465.618958551,"upper_bound":1349248.4945891746},"point_estimate":1348329.0314940151,"standard_error":454.53983122716824},"std_dev":{"confidence_interval":{"confidence_level":0.95,"lower_bound":4166.532053203861,"upper_bound":23425.991526263406},"point_estimate":14143.498277731696,"standard_error":6529.231094736753}}