{"mean":{"confidence_interval":{"confidence_level":0.95,"lower_bound":459653.8631363224,"upper_bound":461214.366101444},"point_estimate":460409.7486662101,"standard_error":397.8557217026728},"median":{"confidence_interval":{"confidence_level":0.95,"lower_bound":459104.5416666667,"upper_bound":460198.60507246375},"point_estimate":459507.4407149084,"standard_error":295.6061519370682},"median_abs_dev":{"confidence_interval":{"confidence_level":0.95,"lower_bound":2288.798890603857,"upper_bound":4100.018875986017},"point_estimate":3401.7723797690205,"standard_error":499.3146177616737},"slope":{"confidence_interval":{"confidence_level":0.95,"lower_bound":459330.8939178345,"upper_bound":460846.5827938431},"point_estimate":460076.1505827299,"standard_error":387.0753556055043},"std_dev":{"confidence_interval":{"confidence_level":0.95,"lower_bound":3051.245383966762,"upper_bound":4887.222117129285},"point_estimate":4009.778963840041,"standard_error":471.1166270209758}}