{"mean":{"confidence_interval":{"confidence_level":0.95,"lower_bound":465796.47321046883,"upper_bound":468872.54282292526},"point_estimate":467176.7582202738,"standard_error":789.1755784178639},"median":{"confidence_interval":{"confidence_level":0.95,"lower_bound":465053.5,"upper_bound":466765.5873015873},"point_estimate":465638.5403811252,"standard_error":444.54974561060675},"median_abs_dev":{"confidence_interval":{"confidence_level":0.95,"lower_bound":2443.389156031399,"upper_bound":3827.5193304818386},"point_estimate":3026.3872334490984,"standard_error":353.2319431581775},"slope":{"confidence_interval":{"confidence_level":0.95,"lower_bound":465532.2312706085,"upper_bound":467440.8930485472},"point_estimate":466438.28954337223,"standard_error":487.88109030046195},"std_dev":{"confidence_interval":{"confidence_level":0.95,"lower_bound":3609.3244177679835,"upper_bound":11484.238532842042},"point_estimate":7928.913442576999,"standard_error":2013.080081458216}}