{"mean":{"confidence_interval":{"confidence_level":0.95,"lower_bound":562128.2835213027,"upper_bound":564149.8617444996},"point_estimate":563142.5138379629,"standard_error":512.9520324564016},"median":{"confidence_interval":{"confidence_level":0.95,"lower_bound":562206.5988372093,"upper_bound":564282.7037037037},"point_estimate":563099.7140819964,"standard_error":556.6943439778908},"median_abs_dev":{"confidence_interval":{"confidence_level":0.95,"lower_bound":2875.231699112666,"upper_bound":5443.049601829479},"point_estimate":4453.656350514895,"standard_error":654.9520094920813},"slope":{"confidence_interval":{"confidence_level":0.95,"lower_bound":562058.8703797034,"upper_bound":563933.4020542807},"point_estimate":562994.8394207181,"standard_error":476.87190100439597},"std_dev":{"confidence_interval":{"confidence_level":0.95,"lower_bound":4232.319056860876,"upper_bound":6064.564110796617},"point_estimate":5177.962632954941,"standard_error":470.7540942248802}}