{"mean":{"confidence_interval":{"confidence_level":0.95,"lower_bound":241861.76362547622,"upper_bound":242815.43913413517},"point_estimate":242319.74351611617,"standard_error":243.63141832537445},"median":{"confidence_interval":{"confidence_level":0.95,"lower_bound":241241.65425531915,"upper_bound":242418.02803030302},"point_estimate":241820.1516351119,"standard_error":294.01895372813595},"median_abs_dev":{"confidence_interval":{"confidence_level":0.95,"lower_bound":1563.60465762283,"upper_bound":2661.0009879087615},"point_estimate":2220.888128170596,"standard_error":287.09674914788013},"slope":{"confidence_interval":{"confidence_level":0.95,"lower_bound":241736.86404122185,"upper_bound":242704.1977518775},"point_estimate":242203.23402866855,"standard_error":246.37926641893557},"std_dev":{"confidence_interval":{"confidence_level":0.95,"lower_bound":1867.4471217887792,"upper_bound":3137.603439132285},"point_estimate":2450.148043414774,"standard_error":344.7317644980598}}