{"mean":{"confidence_interval":{"confidence_level":0.95,"lower_bound":248439.50157992388,"upper_bound":253270.63826403572},"point_estimate":250740.00738372255,"standard_error":1234.4382589253723},"median":{"confidence_interval":{"confidence_level":0.95,"lower_bound":244338.8575949367,"upper_bound":248143.53879310345},"point_estimate":245583.02146464647,"standard_error":857.8191869245964},"median_abs_dev":{"confidence_interval":{"confidence_level":0.95,"lower_bound":3529.274932251386,"upper_bound":7551.459237978306},"point_estimate":4940.950910861595,"standard_error":1028.1248048598163},"slope":{"confidence_interval":{"confidence_level":0.95,"lower_bound":250274.51597580506,"upper_bound":258629.4201580495},"point_estimate":254279.29052903797,"standard_error":2140.732790818639},"std_dev":{"confidence_interval":{"confidence_level":0.95,"lower_bound":9456.820827445921,"upper_bound":15060.48677185414},"point_estimate":12425.657371263507,"standard_error":1434.1748000971015}}