{"mean":{"confidence_interval":{"confidence_level":0.95,"lower_bound":306619.86970513326,"upper_bound":308548.93685916613},"point_estimate":307452.287834791,"standard_error":496.55879346326645},"median":{"confidence_interval":{"confidence_level":0.95,"lower_bound":306559.1920504386,"upper_bound":307228.7536231884},"point_estimate":306940.74836601305,"standard_error":169.18629097882217},"median_abs_dev":{"confidence_interval":{"confidence_level":0.95,"lower_bound":1402.2278554835198,"upper_bound":2359.96487564258},"point_estimate":1944.0162699820182,"standard_error":238.0443282086664},"slope":{"confidence_interval":{"confidence_level":0.95,"lower_bound":306504.2354509644,"upper_bound":309676.5961020987},"point_estimate":307669.4512834343,"standard_error":869.226563544904},"std_dev":{"confidence_interval":{"confidence_level":0.95,"lower_bound":2251.9053400354924,"upper_bound":7684.904447199844},"point_estimate":4986.096576142597,"standard_error":1590.2775736649774}}