{"mean":{"confidence_interval":{"confidence_level":0.95,"lower_bound":285486.7424004673,"upper_bound":286549.7105987533},"point_estimate":286020.2108118576,"standard_error":270.8899537016405},"median":{"confidence_interval":{"confidence_level":0.95,"lower_bound":285512.0482142857,"upper_bound":286442.91719135805},"point_estimate":285855.853125,"standard_error":261.178744436171},"median_abs_dev":{"confidence_interval":{"confidence_level":0.95,"lower_bound":1791.3780250920624,"upper_bound":2663.930151916249},"point_estimate":2242.6013586517784,"standard_error":215.25477378911845},"slope":{"confidence_interval":{"confidence_level":0.95,"lower_bound":285233.6956306896,"upper_bound":286344.6631638223},"point_estimate":285776.17688709917,"standard_error":283.40278114746104},"std_dev":{"confidence_interval":{"confidence_level":0.95,"lower_bound":2090.110884387657,"upper_bound":3354.4321448260785},"point_estimate":2718.691480365278,"standard_error":324.7457824184227}}