{"mean":{"confidence_interval":{"confidence_level":0.95,"lower_bound":310188.1354466227,"upper_bound":312623.919556918},"point_estimate":311304.3660259047,"standard_error":621.970714675128},"median":{"confidence_interval":{"confidence_level":0.95,"lower_bound":309897.76704545453,"upper_bound":311371.49010625837},"point_estimate":310544.8088235294,"standard_error":412.5245511494532},"median_abs_dev":{"confidence_interval":{"confidence_level":0.95,"lower_bound":2435.3420925040596,"upper_bound":3972.9973767036563},"point_estimate":3101.9370401198553,"standard_error":398.8025718642898},"slope":{"confidence_interval":{"confidence_level":0.95,"lower_bound":310792.21655771654,"upper_bound":313713.08985816897},"point_estimate":312069.61542042263,"standard_error":753.0189869949893},"std_dev":{"confidence_interval":{"confidence_level":0.95,"lower_bound":3564.280524552946,"upper_bound":8549.940802976977},"point_estimate":6222.278478010321,"standard_error":1297.6574334469}}