{"mean":{"confidence_interval":{"confidence_level":0.95,"lower_bound":241103.02582179627,"upper_bound":241891.49779711003},"point_estimate":241486.30398716795,"standard_error":201.34633761864816},"median":{"confidence_interval":{"confidence_level":0.95,"lower_bound":240885.63048913045,"upper_bound":241745.21030927834},"point_estimate":241207.78133074933,"standard_error":222.85609865086772},"median_abs_dev":{"confidence_interval":{"confidence_level":0.95,"lower_bound":1235.704082661853,"upper_bound":2063.3699597532554},"point_estimate":1584.0151487294297,"standard_error":214.89028900423196},"slope":{"confidence_interval":{"confidence_level":0.95,"lower_bound":241256.49557801054,"upper_bound":241923.51036010374},"point_estimate":241590.74588325698,"standard_error":170.3847378047141},"std_dev":{"confidence_interval":{"confidence_level":0.95,"lower_bound":1574.581123191875,"upper_bound":2437.85270526556},"point_estimate":2020.0506582020207,"standard_error":221.40495649432023}}