{"mean":{"confidence_interval":{"confidence_level":0.95,"lower_bound":230963.55644088655,"upper_bound":232507.73755385607},"point_estimate":231622.86911550537,"standard_error":397.5979362050253},"median":{"confidence_interval":{"confidence_level":0.95,"lower_bound":230923.06279411764,"upper_bound":231529.74880701755},"point_estimate":231179.17332981713,"standard_error":128.78468971235162},"median_abs_dev":{"confidence_interval":{"confidence_level":0.95,"lower_bound":1153.4373599446792,"upper_bound":2117.2195271862456},"point_estimate":1759.962923504413,"standard_error":254.7116190833722},"slope":{"confidence_interval":{"confidence_level":0.95,"lower_bound":231261.6741488608,"upper_bound":233415.0905372038},"point_estimate":232070.67929067533,"standard_error":579.3119297284507},"std_dev":{"confidence_interval":{"confidence_level":0.95,"lower_bound":1791.6745697091803,"upper_bound":6265.348134017859},"point_estimate":4000.290123861224,"standard_error":1385.0150232266144}}