{"mean":{"confidence_interval":{"confidence_level":0.95,"lower_bound":301357.931856252,"upper_bound":302516.5365534264},"point_estimate":301937.43953360454,"standard_error":295.6380318497375},"median":{"confidence_interval":{"confidence_level":0.95,"lower_bound":300999.67647058825,"upper_bound":302253.3},"point_estimate":301514.9916993384,"standard_error":346.81176526656327},"median_abs_dev":{"confidence_interval":{"confidence_level":0.95,"lower_bound":1719.2332739864446,"upper_bound":2912.4149055954554},"point_estimate":2147.794444286742,"standard_error":305.92559343101544},"slope":{"confidence_interval":{"confidence_level":0.95,"lower_bound":302239.00138405553,"upper_bound":303957.75735886017},"point_estimate":303097.5602423526,"standard_error":437.05420926875587},"std_dev":{"confidence_interval":{"confidence_level":0.95,"lower_bound":2315.8294879382183,"upper_bound":3655.5310079422425},"point_estimate":2979.1312695490333,"standard_error":344.14058849724296}}