{"mean":{"confidence_interval":{"confidence_level":0.95,"lower_bound":263513.82361269544,"upper_bound":264595.9436938597},"point_estimate":264042.6725638616,"standard_error":276.1273257021114},"median":{"confidence_interval":{"confidence_level":0.95,"lower_bound":263446.1,"upper_bound":264225.185},"point_estimate":263878.9393939394,"standard_error":216.98069088819372},"median_abs_dev":{"confidence_interval":{"confidence_level":0.95,"lower_bound":1687.4380238185454,"upper_bound":2821.860769901939},"point_estimate":2195.4785135435154,"standard_error":286.1653027433009},"slope":{"confidence_interval":{"confidence_level":0.95,"lower_bound":263660.8887941308,"upper_bound":264459.3871592101},"point_estimate":264052.65160854143,"standard_error":204.26622850512118},"std_dev":{"confidence_interval":{"confidence_level":0.95,"lower_bound":2107.0593681872188,"upper_bound":3504.3068555092627},"point_estimate":2776.9968341667936,"standard_error":365.41640869762927}}