{"mean":{"confidence_interval":{"confidence_level":0.95,"lower_bound":293333.32065101794,"upper_bound":294308.6239985813},"point_estimate":293815.14633699064,"standard_error":249.35932558935755},"median":{"confidence_interval":{"confidence_level":0.95,"lower_bound":292975.25,"upper_bound":293936.50675675675},"point_estimate":293347.3068181818,"standard_error":279.0933650237434},"median_abs_dev":{"confidence_interval":{"confidence_level":0.95,"lower_bound":1470.085329583403,"upper_bound":2750.3899956533173},"point_estimate":2116.6272936733194,"standard_error":320.78318844072226},"slope":{"confidence_interval":{"confidence_level":0.95,"lower_bound":293243.07760513976,"upper_bound":294211.82426639984},"point_estimate":293712.4020489138,"standard_error":247.56914513796286},"std_dev":{"confidence_interval":{"confidence_level":0.95,"lower_bound":2131.0370382354254,"upper_bound":2855.1094111820553},"point_estimate":2516.5900820829393,"standard_error":185.3042866503207}}