{"mean":{"confidence_interval":{"confidence_level":0.95,"lower_bound":651677.9318444575,"upper_bound":654608.6744094416},"point_estimate":653073.3573334148,"standard_error":745.9495338767953},"median":{"confidence_interval":{"confidence_level":0.95,"lower_bound":650362.745614035,"upper_bound":653365.0},"point_estimate":652399.5697278911,"standard_error":781.4157130604532},"median_abs_dev":{"confidence_interval":{"confidence_level":0.95,"lower_bound":4295.688490082447,"upper_bound":7139.569320990949},"point_estimate":5913.5229198540155,"standard_error":746.2782890727859},"slope":{"confidence_interval":{"confidence_level":0.95,"lower_bound":651546.1241425052,"upper_bound":653801.9220024736},"point_estimate":652665.8549268509,"standard_error":575.5480481619201},"std_dev":{"confidence_interval":{"confidence_level":0.95,"lower_bound":5360.170608562953,"upper_bound":9513.963390282923},"point_estimate":7472.373959848618,"standard_error":1073.6065341250403}}