{"mean":{"confidence_interval":{"confidence_level":0.95,"lower_bound":624834.2005924633,"upper_bound":631909.3128144989},"point_estimate":627979.1315005088,"standard_error":1818.667523745866},"median":{"confidence_interval":{"confidence_level":0.95,"lower_bound":622077.5263157894,"upper_bound":624583.925},"point_estimate":623355.6617555509,"standard_error":729.0121604631918},"median_abs_dev":{"confidence_interval":{"confidence_level":0.95,"lower_bound":3146.688547247945,"upper_bound":5739.700473099947},"point_estimate":4388.632010043472,"standard_error":682.2191935976807},"slope":{"confidence_interval":{"confidence_level":0.95,"lower_bound":624725.8102530843,"upper_bound":630007.7682232559},"point_estimate":627071.8900605881,"standard_error":1359.4937577540409},"std_dev":{"confidence_interval":{"confidence_level":0.95,"lower_bound":8427.377290452532,"upper_bound":25930.27552288722},"point_estimate":18213.02790986214,"standard_error":4503.9332449980175}}