{"mean":{"confidence_interval":{"confidence_level":0.95,"lower_bound":380056.31328037765,"upper_bound":381777.83791749517},"point_estimate":380916.2764694977,"standard_error":440.0365590649768},"median":{"confidence_interval":{"confidence_level":0.95,"lower_bound":379685.6129032258,"upper_bound":382267.9422222222},"point_estimate":380457.50582750584,"standard_error":549.6941307699503},"median_abs_dev":{"confidence_interval":{"confidence_level":0.95,"lower_bound":3636.340124214195,"upper_bound":5635.591816236126},"point_estimate":5008.639018192433,"standard_error":539.4937316133573},"slope":{"confidence_interval":{"confidence_level":0.95,"lower_bound":377703.4347535379,"upper_bound":379667.4427072832},"point_estimate":378617.6871267425,"standard_error":500.24366874812085},"std_dev":{"confidence_interval":{"confidence_level":0.95,"lower_bound":3816.793567532361,"upper_bound":4985.192347015423},"point_estimate":4420.535759265069,"standard_error":298.43054796279534}}