{"mean":{"confidence_interval":{"confidence_level":0.95,"lower_bound":616311.5454702469,"upper_bound":622176.4965124981},"point_estimate":618942.0828649886,"standard_error":1507.7290486901343},"median":{"confidence_interval":{"confidence_level":0.95,"lower_bound":614829.3366883117,"upper_bound":616803.6640625},"point_estimate":615837.766025641,"standard_error":549.6722261294361},"median_abs_dev":{"confidence_interval":{"confidence_level":0.95,"lower_bound":3400.2527334240954,"upper_bound":5829.294700576341},"point_estimate":4232.317035035241,"standard_error":609.1057893288022},"slope":{"confidence_interval":{"confidence_level":0.95,"lower_bound":616127.5960193587,"upper_bound":624851.8755466554},"point_estimate":619657.662017142,"standard_error":2296.3677016911415},"std_dev":{"confidence_interval":{"confidence_level":0.95,"lower_bound":6967.646851356832,"upper_bound":21386.124701357927},"point_estimate":15112.615732667147,"standard_error":3603.7586636243677}}