{"mean":{"confidence_interval":{"confidence_level":0.95,"lower_bound":605785.560525115,"upper_bound":606842.9691836474},"point_estimate":606326.7339494267,"standard_error":269.95963301579593},"median":{"confidence_interval":{"confidence_level":0.95,"lower_bound":606105.9946808511,"upper_bound":606822.0988372093},"point_estimate":606434.1829085457,"standard_error":189.34150864276606},"median_abs_dev":{"confidence_interval":{"confidence_level":0.95,"lower_bound":1498.5333072418857,"upper_bound":2451.4061217366625},"point_estimate":1920.837651992753,"standard_error":242.40096393657402},"slope":{"confidence_interval":{"confidence_level":0.95,"lower_bound":605854.7227665575,"upper_bound":606848.6035201891},"point_estimate":606347.9148160189,"standard_error":254.04310840041566},"std_dev":{"confidence_interval":{"confidence_level":0.95,"lower_bound":1930.1774340079608,"upper_bound":3504.2086384494714},"point_estimate":2705.984338092457,"standard_error":410.6213684690716}}