{"mean":{"confidence_interval":{"confidence_level":0.95,"lower_bound":10297191.729799999,"upper_bound":10334795.60225},"point_estimate":10315450.772,"standard_error":9603.373502559407},"median":{"confidence_interval":{"confidence_level":0.95,"lower_bound":10282433.2,"upper_bound":10314211.6},"point_estimate":10300271.2,"standard_error":8262.033341862501},"median_abs_dev":{"confidence_interval":{"confidence_level":0.95,"lower_bound":48259.37044322491,"upper_bound":87254.86321091597},"point_estimate":66693.27721595764,"standard_error":10129.234881706432},"slope":null,"std_dev":{"confidence_interval":{"confidence_level":0.95,"lower_bound":76664.89264241615,"upper_bound":114488.6009416222},"point_estimate":96731.34787471857,"standard_error":9683.993726393777}}