{"mean":{"confidence_interval":{"confidence_level":0.95,"lower_bound":620165.2434053216,"upper_bound":621432.0924773775},"point_estimate":620784.7950069009,"standard_error":323.8198433066883},"median":{"confidence_interval":{"confidence_level":0.95,"lower_bound":619705.6647727273,"upper_bound":620676.7016129033},"point_estimate":620162.5864624507,"standard_error":239.81864200563592},"median_abs_dev":{"confidence_interval":{"confidence_level":0.95,"lower_bound":1546.2873719865454,"upper_bound":2984.247459239081},"point_estimate":2236.0362468045955,"standard_error":362.12483115025407},"slope":{"confidence_interval":{"confidence_level":0.95,"lower_bound":619925.6058379583,"upper_bound":620862.6507936737},"point_estimate":620394.2836943993,"standard_error":238.48702304274477},"std_dev":{"confidence_interval":{"confidence_level":0.95,"lower_bound":2553.2352460056854,"upper_bound":3905.3286963487076},"point_estimate":3249.2260410508597,"standard_error":345.97058773601935}}