{"mean":{"confidence_interval":{"confidence_level":0.95,"lower_bound":519120.62585706305,"upper_bound":520559.3356719536},"point_estimate":519823.7013499484,"standard_error":365.1821090866006},"median":{"confidence_interval":{"confidence_level":0.95,"lower_bound":518609.28125,"upper_bound":520341.2091836735},"point_estimate":519126.2396034816,"standard_error":485.1456062437301},"median_abs_dev":{"confidence_interval":{"confidence_level":0.95,"lower_bound":2538.1870271887196,"upper_bound":3881.3729024333084},"point_estimate":3279.508905655224,"standard_error":341.9956788489634},"slope":{"confidence_interval":{"confidence_level":0.95,"lower_bound":519490.22339019395,"upper_bound":521066.82125009893},"point_estimate":520257.0476518398,"standard_error":400.6767374472916},"std_dev":{"confidence_interval":{"confidence_level":0.95,"lower_bound":2901.8872428582904,"upper_bound":4421.622246790749},"point_estimate":3673.1829150781173,"standard_error":390.1333007258183}}