{"mean":{"confidence_interval":{"confidence_level":0.95,"lower_bound":285861.1875941567,"upper_bound":286859.77943653177},"point_estimate":286355.0403813087,"standard_error":253.82210143150215},"median":{"confidence_interval":{"confidence_level":0.95,"lower_bound":285766.2098214286,"upper_bound":286879.0568181818},"point_estimate":286262.90881642513,"standard_error":314.357924875638},"median_abs_dev":{"confidence_interval":{"confidence_level":0.95,"lower_bound":1554.3760518680947,"upper_bound":2454.8965006852263},"point_estimate":2026.2338600956875,"standard_error":230.42301046780076},"slope":{"confidence_interval":{"confidence_level":0.95,"lower_bound":286120.88516627566,"upper_bound":286783.32773207105},"point_estimate":286452.4573141717,"standard_error":169.1867180243877},"std_dev":{"confidence_interval":{"confidence_level":0.95,"lower_bound":2026.0988938033072,"upper_bound":3028.374445538901},"point_estimate":2554.291312255632,"standard_error":255.98090065055496}}