{"mean":{"confidence_interval":{"confidence_level":0.95,"lower_bound":308691.9680580969,"upper_bound":309974.1180900119},"point_estimate":309313.07744104485,"standard_error":326.85660272399747},"median":{"confidence_interval":{"confidence_level":0.95,"lower_bound":307814.3506278539,"upper_bound":309164.83984375},"point_estimate":308677.8647917238,"standard_error":350.59567136345987},"median_abs_dev":{"confidence_interval":{"confidence_level":0.95,"lower_bound":1767.0199244434996,"upper_bound":3158.224738583987},"point_estimate":2489.1510341175826,"standard_error":370.0587076507002},"slope":{"confidence_interval":{"confidence_level":0.95,"lower_bound":307925.8975523451,"upper_bound":308784.52237398684},"point_estimate":308337.8902852076,"standard_error":219.26541543297392},"std_dev":{"confidence_interval":{"confidence_level":0.95,"lower_bound":2636.078557311284,"upper_bound":3856.1559232552686},"point_estimate":3282.2577837728254,"standard_error":312.16625853858494}}