{"mean":{"confidence_interval":{"confidence_level":0.95,"lower_bound":256766.38829621312,"upper_bound":257727.8667609624},"point_estimate":257238.36738061142,"standard_error":244.6358846814377},"median":{"confidence_interval":{"confidence_level":0.95,"lower_bound":256774.3797968885,"upper_bound":257576.03509358288},"point_estimate":257158.95520833333,"standard_error":202.52134658051736},"median_abs_dev":{"confidence_interval":{"confidence_level":0.95,"lower_bound":1318.0819197811825,"upper_bound":2369.2999379961066},"point_estimate":1825.420364680763,"standard_error":269.7045425298243},"slope":{"confidence_interval":{"confidence_level":0.95,"lower_bound":256725.6215851277,"upper_bound":257705.40706880848},"point_estimate":257209.14620067977,"standard_error":248.77839417638336},"std_dev":{"confidence_interval":{"confidence_level":0.95,"lower_bound":1932.1201449516007,"upper_bound":2993.1555761794743},"point_estimate":2450.2080647674143,"standard_error":274.3370316131464}}