{"mean":{"confidence_interval":{"confidence_level":0.95,"lower_bound":283210.1849233618,"upper_bound":284436.1502395497},"point_estimate":283822.8984318344,"standard_error":313.44014978760714},"median":{"confidence_interval":{"confidence_level":0.95,"lower_bound":283196.38534047373,"upper_bound":284716.9835526316},"point_estimate":283585.8482954545,"standard_error":321.7601089345141},"median_abs_dev":{"confidence_interval":{"confidence_level":0.95,"lower_bound":2099.2741497411357,"upper_bound":3487.487282420979},"point_estimate":2914.4205673211686,"standard_error":356.4717381420852},"slope":{"confidence_interval":{"confidence_level":0.95,"lower_bound":284070.6604552246,"upper_bound":285209.2375714749},"point_estimate":284638.96989507903,"standard_error":290.34666082760396},"std_dev":{"confidence_interval":{"confidence_level":0.95,"lower_bound":2616.2536207265575,"upper_bound":3643.28964419271},"point_estimate":3149.2899562745733,"standard_error":262.2686622862288}}