{"mean":{"confidence_interval":{"confidence_level":0.95,"lower_bound":302252.13322109566,"upper_bound":304491.22792183305},"point_estimate":303248.86040296167,"standard_error":574.2797387810713},"median":{"confidence_interval":{"confidence_level":0.95,"lower_bound":301838.4651967436,"upper_bound":303650.07196969696},"point_estimate":302737.10223168216,"standard_error":482.03163203839443},"median_abs_dev":{"confidence_interval":{"confidence_level":0.95,"lower_bound":2376.9210453011833,"upper_bound":3760.674140250642},"point_estimate":3094.877804429917,"standard_error":359.27380109285747},"slope":{"confidence_interval":{"confidence_level":0.95,"lower_bound":302222.605291352,"upper_bound":303442.97474551015},"point_estimate":302848.20256169647,"standard_error":310.9421291128978},"std_dev":{"confidence_interval":{"confidence_level":0.95,"lower_bound":2899.132382288827,"upper_bound":8592.768365193604},"point_estimate":5757.169500881147,"standard_error":1588.4229482112403}}