{"mean":{"confidence_interval":{"confidence_level":0.95,"lower_bound":671407.9449069126,"upper_bound":675890.5416295159},"point_estimate":673407.7142407191,"standard_error":1152.5181462211378},"median":{"confidence_interval":{"confidence_level":0.95,"lower_bound":669928.5252525252,"upper_bound":671139.0131578947},"point_estimate":670338.3571428572,"standard_error":334.7273613223701},"median_abs_dev":{"confidence_interval":{"confidence_level":0.95,"lower_bound":2197.9142677600667,"upper_bound":4119.27452527935},"point_estimate":2879.8214864509964,"standard_error":506.0712999465588},"slope":{"confidence_interval":{"confidence_level":0.95,"lower_bound":669282.0423814132,"upper_bound":670575.6525089116},"point_estimate":669931.1540520171,"standard_error":328.78064870204435},"std_dev":{"confidence_interval":{"confidence_level":0.95,"lower_bound":5504.751119373794,"upper_bound":16690.21854229317},"point_estimate":11594.537825231673,"standard_error":2905.7498803670724}}