{"mean":{"confidence_interval":{"confidence_level":0.95,"lower_bound":-0.03836569665551745,"upper_bound":-0.02301177566656078},"point_estimate":-0.030046673133988122,"standard_error":0.003940280504466582},"median":{"confidence_interval":{"confidence_level":0.95,"lower_bound":-0.02503330494682783,"upper_bound":-0.019362506702811817},"point_estimate":-0.021836376002619562,"standard_error":0.0013867138500217946}}