{"mean":{"confidence_interval":{"confidence_level":0.95,"lower_bound":0.02770281166988081,"upper_bound":0.034416691491320685},"point_estimate":0.0311902569544682,"standard_error":0.0017106341392920258},"median":{"confidence_interval":{"confidence_level":0.95,"lower_bound":0.029688803337053482,"upper_bound":0.035086579384729255},"point_estimate":0.03247090523895513,"standard_error":0.0013673826626319926}}