{"mean":{"confidence_interval":{"confidence_level":0.95,"lower_bound":152445.18584996831,"upper_bound":153398.02796413},"point_estimate":152913.78594282016,"standard_error":243.47757345703212},"median":{"confidence_interval":{"confidence_level":0.95,"lower_bound":152206.8142857143,"upper_bound":153338.58843537414},"point_estimate":152609.66305272107,"standard_error":290.20466460262935},"median_abs_dev":{"confidence_interval":{"confidence_level":0.95,"lower_bound":1716.8166254832768,"upper_bound":2728.7605884409304},"point_estimate":2339.1484501729033,"standard_error":262.1655906627906},"slope":{"confidence_interval":{"confidence_level":0.95,"lower_bound":152131.05235128323,"upper_bound":152976.20226340866},"point_estimate":152544.6681040343,"standard_error":215.65597443051107},"std_dev":{"confidence_interval":{"confidence_level":0.95,"lower_bound":2030.1931689111982,"upper_bound":2799.0750114601738},"point_estimate":2435.2937848269926,"standard_error":197.06808763175613}}