{"mean":{"confidence_interval":{"confidence_level":0.95,"lower_bound":289656.60775957134,"upper_bound":291078.0538234154},"point_estimate":290352.1181106142,"standard_error":362.92018774432694},"median":{"confidence_interval":{"confidence_level":0.95,"lower_bound":288963.73456790124,"upper_bound":290385.2187983297},"point_estimate":289775.2909090909,"standard_error":372.1908076430158},"median_abs_dev":{"confidence_interval":{"confidence_level":0.95,"lower_bound":2129.10852359546,"upper_bound":3798.665959454125},"point_estimate":2868.086502525207,"standard_error":408.6038373670218},"slope":{"confidence_interval":{"confidence_level":0.95,"lower_bound":289175.7456596368,"upper_bound":290366.9494848397},"point_estimate":289746.1017858726,"standard_error":304.41757286771616},"std_dev":{"confidence_interval":{"confidence_level":0.95,"lower_bound":3018.1715207924253,"upper_bound":4201.905999066274},"point_estimate":3650.8364488756606,"standard_error":302.6952414477643}}