{"mean":{"confidence_interval":{"confidence_level":0.95,"lower_bound":216247.93720349102,"upper_bound":217784.76073123133},"point_estimate":216992.90030751858,"standard_error":392.52902056973574},"median":{"confidence_interval":{"confidence_level":0.95,"lower_bound":215620.85714285713,"upper_bound":217305.01666666666},"point_estimate":216348.21435250118,"standard_error":442.5203052605549},"median_abs_dev":{"confidence_interval":{"confidence_level":0.95,"lower_bound":2961.357317789043,"upper_bound":4916.20670700559},"point_estimate":3859.652921052892,"standard_error":492.32280876645143},"slope":{"confidence_interval":{"confidence_level":0.95,"lower_bound":217158.76319304574,"upper_bound":218997.16615743528},"point_estimate":218091.00808571005,"standard_error":470.44238813494775},"std_dev":{"confidence_interval":{"confidence_level":0.95,"lower_bound":3158.571034306061,"upper_bound":4791.8621431117},"point_estimate":3954.497450535751,"standard_error":424.23459558813823}}