{"mean":{"confidence_interval":{"confidence_level":0.95,"lower_bound":208939.07304661823,"upper_bound":209697.50190090886},"point_estimate":209308.6951503332,"standard_error":193.77003882008748},"median":{"confidence_interval":{"confidence_level":0.95,"lower_bound":208691.8141632653,"upper_bound":209245.22857142857},"point_estimate":209006.88452266154,"standard_error":144.68545110477527},"median_abs_dev":{"confidence_interval":{"confidence_level":0.95,"lower_bound":1032.880452662687,"upper_bound":1969.319294024154},"point_estimate":1483.6951098005175,"standard_error":233.78414266540202},"slope":{"confidence_interval":{"confidence_level":0.95,"lower_bound":208898.22013306865,"upper_bound":209498.30479377118},"point_estimate":209194.72342249152,"standard_error":153.12661463913471},"std_dev":{"confidence_interval":{"confidence_level":0.95,"lower_bound":1571.586602333159,"upper_bound":2285.5815500390377},"point_estimate":1948.1374450881617,"standard_error":182.2344137534121}}