{"mean":{"confidence_interval":{"confidence_level":0.95,"lower_bound":2464387.862735294,"upper_bound":2469231.315735294},"point_estimate":2466765.581764706,"standard_error":1237.593680901263},"median":{"confidence_interval":{"confidence_level":0.95,"lower_bound":2463465.1764705884,"upper_bound":2468198.6470588236},"point_estimate":2466874.529411765,"standard_error":1440.4227854341082},"median_abs_dev":{"confidence_interval":{"confidence_level":0.95,"lower_bound":8533.627419086632,"upper_bound":13681.825010040307},"point_estimate":10904.08674758999,"standard_error":1247.6080513527425},"slope":null,"std_dev":{"confidence_interval":{"confidence_level":0.95,"lower_bound":10218.517179180917,"upper_bound":14663.038612784292},"point_estimate":12469.066786296422,"standard_error":1139.154696319797}}