{"mean":{"confidence_interval":{"confidence_level":0.95,"lower_bound":298342.627685686,"upper_bound":299012.5417569326},"point_estimate":298678.3854282312,"standard_error":171.13008024966325},"median":{"confidence_interval":{"confidence_level":0.95,"lower_bound":298424.8835031466,"upper_bound":299111.45238095237},"point_estimate":298684.7247474748,"standard_error":174.4767348672354},"median_abs_dev":{"confidence_interval":{"confidence_level":0.95,"lower_bound":1221.4367988450888,"upper_bound":1889.8700972065237},"point_estimate":1628.3554047377252,"standard_error":172.8963134068771},"slope":{"confidence_interval":{"confidence_level":0.95,"lower_bound":298531.8651208224,"upper_bound":299134.0697097738},"point_estimate":298835.0203923452,"standard_error":154.32524971645205},"std_dev":{"confidence_interval":{"confidence_level":0.95,"lower_bound":1401.712842618103,"upper_bound":2027.2305159521388},"point_estimate":1722.9122705276486,"standard_error":159.87324565945448}}