{"mean":{"confidence_interval":{"confidence_level":0.95,"lower_bound":1427431.8707372758,"upper_bound":1431638.2105015728},"point_estimate":1429232.1251337253,"standard_error":1092.8254614303082},"median":{"confidence_interval":{"confidence_level":0.95,"lower_bound":1426729.9101808714,"upper_bound":1428347.9845070424},"point_estimate":1427663.8021006081,"standard_error":454.09360979767024},"median_abs_dev":{"confidence_interval":{"confidence_level":0.95,"lower_bound":3006.303487252502,"upper_bound":5233.186590004071},"point_estimate":3771.1179614149232,"standard_error":541.6258840241072},"slope":{"confidence_interval":{"confidence_level":0.95,"lower_bound":1426836.9349725875,"upper_bound":1431365.1255027785},"point_estimate":1428678.4625653909,"standard_error":1178.858801384874},"std_dev":{"confidence_interval":{"confidence_level":0.95,"lower_bound":4561.648061551524,"upper_bound":17198.375096570122},"point_estimate":11031.487662562151,"standard_error":3739.428755060944}}