{"mean":{"confidence_interval":{"confidence_level":0.95,"lower_bound":331793.765371224,"upper_bound":333935.8090942286},"point_estimate":332801.96836292266,"standard_error":546.967580727381},"median":{"confidence_interval":{"confidence_level":0.95,"lower_bound":331049.3486620592,"upper_bound":332824.3},"point_estimate":331645.15773809527,"standard_error":469.99075137473244},"median_abs_dev":{"confidence_interval":{"confidence_level":0.95,"lower_bound":2610.526038162339,"upper_bound":4155.68832405368},"point_estimate":3434.198039163804,"standard_error":370.9695614266506},"slope":{"confidence_interval":{"confidence_level":0.95,"lower_bound":331409.4012247869,"upper_bound":333948.46998944867},"point_estimate":332581.25569774886,"standard_error":648.5758337280004},"std_dev":{"confidence_interval":{"confidence_level":0.95,"lower_bound":3837.129778672738,"upper_bound":7095.5152092113785},"point_estimate":5495.653355600944,"standard_error":839.1518504803}}