{"mean":{"confidence_interval":{"confidence_level":0.95,"lower_bound":404490.4924078028,"upper_bound":406666.1715437439},"point_estimate":405534.35548446095,"standard_error":554.161288096925},"median":{"confidence_interval":{"confidence_level":0.95,"lower_bound":404553.13697530865,"upper_bound":406639.72710803687},"point_estimate":405817.0011487051,"standard_error":514.9847987575173},"median_abs_dev":{"confidence_interval":{"confidence_level":0.95,"lower_bound":3242.4083388413214,"upper_bound":5770.539010145049},"point_estimate":4730.601060840355,"standard_error":639.8509526428476},"slope":{"confidence_interval":{"confidence_level":0.95,"lower_bound":406895.7280062244,"upper_bound":408240.3732442433},"point_estimate":407577.03472341265,"standard_error":342.848059736002},"std_dev":{"confidence_interval":{"confidence_level":0.95,"lower_bound":4002.1844176597915,"upper_bound":7418.181742665695},"point_estimate":5560.204267314595,"standard_error":935.2743006676301}}