{"mean":{"confidence_interval":{"confidence_level":0.95,"lower_bound":216051.60858923054,"upper_bound":216825.66340197282},"point_estimate":216430.13788657993,"standard_error":197.38878105896907},"median":{"confidence_interval":{"confidence_level":0.95,"lower_bound":215753.88135593222,"upper_bound":216730.14915483433},"point_estimate":216266.82181616832,"standard_error":228.9197113001769},"median_abs_dev":{"confidence_interval":{"confidence_level":0.95,"lower_bound":1309.7455463805284,"upper_bound":2079.1748175222083},"point_estimate":1664.1894022512813,"standard_error":200.92421664109278},"slope":{"confidence_interval":{"confidence_level":0.95,"lower_bound":215499.41232556762,"upper_bound":216314.86749478203},"point_estimate":215907.4611727501,"standard_error":208.4974233744929},"std_dev":{"confidence_interval":{"confidence_level":0.95,"lower_bound":1607.1249956964798,"upper_bound":2331.481423724159},"point_estimate":1986.777637295148,"standard_error":185.09137318199456}}