{"mean":{"confidence_interval":{"confidence_level":0.95,"lower_bound":837413.9418523186,"upper_bound":844402.3495552032},"point_estimate":840344.9069790196,"standard_error":1815.3656584450214},"median":{"confidence_interval":{"confidence_level":0.95,"lower_bound":837244.875,"upper_bound":838424.3265306122},"point_estimate":837701.3574621065,"standard_error":313.183229253797},"median_abs_dev":{"confidence_interval":{"confidence_level":0.95,"lower_bound":1988.5422834143092,"upper_bound":3634.4023809704568},"point_estimate":2791.1258514510064,"standard_error":415.7816575942247},"slope":{"confidence_interval":{"confidence_level":0.95,"lower_bound":837803.3881141804,"upper_bound":842000.6198509884},"point_estimate":839530.7510506872,"standard_error":1085.8496724557356},"std_dev":{"confidence_interval":{"confidence_level":0.95,"lower_bound":5645.024212385507,"upper_bound":28934.366319954184},"point_estimate":18240.51661047622,"standard_error":6485.506832242272}}