{"mean":{"confidence_interval":{"confidence_level":0.95,"lower_bound":2325.7373746642534,"upper_bound":2332.3699209472693},"point_estimate":2328.233294518407,"standard_error":1.8262564135508548},"median":{"confidence_interval":{"confidence_level":0.95,"lower_bound":2325.234019607843,"upper_bound":2327.0542818057456},"point_estimate":2326.236870434448,"standard_error":0.5136633299774014},"median_abs_dev":{"confidence_interval":{"confidence_level":0.95,"lower_bound":2.5647463336858394,"upper_bound":4.049077918931889},"point_estimate":3.4940944865861288,"standard_error":0.3739046714991},"slope":{"confidence_interval":{"confidence_level":0.95,"lower_bound":2325.7473108810427,"upper_bound":2327.5357974022213},"point_estimate":2326.6100221594415,"standard_error":0.4576184972763721},"std_dev":{"confidence_interval":{"confidence_level":0.95,"lower_bound":3.936921793488545,"upper_bound":30.79759025982329},"point_estimate":18.35032500165165,"standard_error":9.160656214318843}}