{"mean":{"confidence_interval":{"confidence_level":0.95,"lower_bound":230040.95101024126,"upper_bound":231305.6567327139},"point_estimate":230647.0277674322,"standard_error":322.9776078601707},"median":{"confidence_interval":{"confidence_level":0.95,"lower_bound":229482.64223363285,"upper_bound":230457.4},"point_estimate":229756.5764102564,"standard_error":272.5619816346926},"median_abs_dev":{"confidence_interval":{"confidence_level":0.95,"lower_bound":1612.3659414532162,"upper_bound":2847.0800665859624},"point_estimate":2089.7105835788507,"standard_error":305.8184211107791},"slope":{"confidence_interval":{"confidence_level":0.95,"lower_bound":229774.8630796181,"upper_bound":230713.29856443423},"point_estimate":230236.833228905,"standard_error":239.747334714881},"std_dev":{"confidence_interval":{"confidence_level":0.95,"lower_bound":2579.1509660296088,"upper_bound":3832.3068995353287},"point_estimate":3241.793129866635,"standard_error":318.82867805446074}}