{"mean":{"confidence_interval":{"confidence_level":0.95,"lower_bound":1231515.111972526,"upper_bound":1234852.3932460314},"point_estimate":1233061.281110666,"standard_error":851.663430054837},"median":{"confidence_interval":{"confidence_level":0.95,"lower_bound":1230439.3175675676,"upper_bound":1233021.2641509434},"point_estimate":1231075.8488843814,"standard_error":769.0507562156588},"median_abs_dev":{"confidence_interval":{"confidence_level":0.95,"lower_bound":3914.9702972970113,"upper_bound":6750.490507073762},"point_estimate":4900.586452189175,"standard_error":729.1725444345042},"slope":{"confidence_interval":{"confidence_level":0.95,"lower_bound":1231059.8684256612,"upper_bound":1233843.5850597748},"point_estimate":1232403.4250007388,"standard_error":708.8265657208965},"std_dev":{"confidence_interval":{"confidence_level":0.95,"lower_bound":5507.063064032129,"upper_bound":11945.064305685552},"point_estimate":8569.870038758198,"standard_error":1803.2750987264333}}