{"mean":{"confidence_interval":{"confidence_level":0.95,"lower_bound":1228880.2866390564,"upper_bound":1231766.950052603},"point_estimate":1230188.9817902471,"standard_error":737.1234061189867},"median":{"confidence_interval":{"confidence_level":0.95,"lower_bound":1228818.2236816117,"upper_bound":1230832.6435272044},"point_estimate":1229889.6166158537,"standard_error":535.2603229292314},"median_abs_dev":{"confidence_interval":{"confidence_level":0.95,"lower_bound":2918.73094703268,"upper_bound":4349.857942536329},"point_estimate":3628.4849744704547,"standard_error":357.40614745646985},"slope":{"confidence_interval":{"confidence_level":0.95,"lower_bound":1229321.8528512851,"upper_bound":1234922.727820639},"point_estimate":1231369.3555578543,"standard_error":1553.986757470915},"std_dev":{"confidence_interval":{"confidence_level":0.95,"lower_bound":4044.2919421995753,"upper_bound":10981.816940857536},"point_estimate":7405.014318381268,"standard_error":2005.8210956411067}}