{"mean":{"confidence_interval":{"confidence_level":0.95,"lower_bound":1285015.243581785,"upper_bound":1304442.9045399155},"point_estimate":1294288.581635517,"standard_error":4950.269027536992},"median":{"confidence_interval":{"confidence_level":0.95,"lower_bound":1268127.0819444444,"upper_bound":1284485.2613636365},"point_estimate":1273193.275,"standard_error":4789.135378567223},"median_abs_dev":{"confidence_interval":{"confidence_level":0.95,"lower_bound":15509.599815482903,"upper_bound":35860.30424859327},"point_estimate":21982.128569739147,"standard_error":5354.843435939467},"slope":{"confidence_interval":{"confidence_level":0.95,"lower_bound":1294655.8998321197,"upper_bound":1319083.2275769773},"point_estimate":1306787.8738732082,"standard_error":6259.372015044989},"std_dev":{"confidence_interval":{"confidence_level":0.95,"lower_bound":37981.21184582436,"upper_bound":59725.89766725255},"point_estimate":49785.27853118344,"standard_error":5530.570591475958}}