{"mean":{"confidence_interval":{"confidence_level":0.95,"lower_bound":790535.1890793833,"upper_bound":799475.3395896052},"point_estimate":794319.1525088692,"standard_error":2322.632428899027},"median":{"confidence_interval":{"confidence_level":0.95,"lower_bound":788753.2826086957,"upper_bound":791593.6698113207},"point_estimate":789539.606617647,"standard_error":814.9120618156803},"median_abs_dev":{"confidence_interval":{"confidence_level":0.95,"lower_bound":3511.614185416203,"upper_bound":6136.426407790956},"point_estimate":4652.799930447836,"standard_error":661.6624369379452},"slope":{"confidence_interval":{"confidence_level":0.95,"lower_bound":789873.3101029856,"upper_bound":793378.8851234061},"point_estimate":791413.5607861682,"standard_error":897.9343595593342},"std_dev":{"confidence_interval":{"confidence_level":0.95,"lower_bound":5808.877344439671,"upper_bound":36057.253525672095},"point_estimate":23309.854454167245,"standard_error":7955.810762986164}}