{"mean":{"confidence_interval":{"confidence_level":0.95,"lower_bound":561605.9612740745,"upper_bound":562731.3480586151},"point_estimate":562156.0420165758,"standard_error":286.96844029691476},"median":{"confidence_interval":{"confidence_level":0.95,"lower_bound":561535.3409090909,"upper_bound":562527.4549643539},"point_estimate":562008.4445723195,"standard_error":238.23521438505998},"median_abs_dev":{"confidence_interval":{"confidence_level":0.95,"lower_bound":1391.2878256435654,"upper_bound":2518.42347280708},"point_estimate":1852.6663136995328,"standard_error":293.3545375332701},"slope":{"confidence_interval":{"confidence_level":0.95,"lower_bound":562059.961270323,"upper_bound":563782.1053681535},"point_estimate":562838.2840091621,"standard_error":443.20421034894264},"std_dev":{"confidence_interval":{"confidence_level":0.95,"lower_bound":2167.085315593578,"upper_bound":3579.1699086464896},"point_estimate":2886.379721662246,"standard_error":360.22813917948895}}