{"mean":{"confidence_interval":{"confidence_level":0.95,"lower_bound":591779.6040455151,"upper_bound":593970.1706330044},"point_estimate":592813.3866511736,"standard_error":559.765760042357},"median":{"confidence_interval":{"confidence_level":0.95,"lower_bound":591074.80296875,"upper_bound":592557.8035714285},"point_estimate":592049.1568813131,"standard_error":417.8275919018821},"median_abs_dev":{"confidence_interval":{"confidence_level":0.95,"lower_bound":2326.3475258043823,"upper_bound":4626.825659470278},"point_estimate":3788.9960119670927,"standard_error":604.5270483484643},"slope":{"confidence_interval":{"confidence_level":0.95,"lower_bound":591100.9122671988,"upper_bound":592549.224221831},"point_estimate":591794.363573223,"standard_error":370.60286766847634},"std_dev":{"confidence_interval":{"confidence_level":0.95,"lower_bound":3786.7780879508,"upper_bound":7563.883229166916},"point_estimate":5611.605800254143,"standard_error":1013.4647481876735}}