{"mean":{"confidence_interval":{"confidence_level":0.95,"lower_bound":2572.9227324202457,"upper_bound":2588.155823215022},"point_estimate":2579.2841887234345,"standard_error":3.9671895227404197},"median":{"confidence_interval":{"confidence_level":0.95,"lower_bound":2567.0820692274306,"upper_bound":2576.9267578125},"point_estimate":2571.8253014363136,"standard_error":2.778804052699686},"median_abs_dev":{"confidence_interval":{"confidence_level":0.95,"lower_bound":10.838901517925716,"upper_bound":18.306848165813122},"point_estimate":14.158909540779847,"standard_error":1.9274442519662824},"slope":{"confidence_interval":{"confidence_level":0.95,"lower_bound":2568.8466180881187,"upper_bound":2576.1952208075168},"point_estimate":2572.1978974327003,"standard_error":1.875624592819216},"std_dev":{"confidence_interval":{"confidence_level":0.95,"lower_bound":13.390677957308252,"upper_bound":63.367444820926785},"point_estimate":39.95049987473875,"standard_error":14.57541265012656}}