{"mean":{"confidence_interval":{"confidence_level":0.95,"lower_bound":2375.95174618084,"upper_bound":2383.5626224794364},"point_estimate":2378.7622184831316,"standard_error":2.1476534659820943},"median":{"confidence_interval":{"confidence_level":0.95,"lower_bound":2375.0489454590174,"upper_bound":2376.417143854309},"point_estimate":2375.8645009458273,"standard_error":0.3536314440744677},"median_abs_dev":{"confidence_interval":{"confidence_level":0.95,"lower_bound":2.7441982486424887,"upper_bound":5.393451440385964},"point_estimate":4.0302584551927945,"standard_error":0.664977942486225},"slope":{"confidence_interval":{"confidence_level":0.95,"lower_bound":2375.4206564298674,"upper_bound":2377.28592045005},"point_estimate":2376.3032584708058,"standard_error":0.47700506607821574},"std_dev":{"confidence_interval":{"confidence_level":0.95,"lower_bound":4.213113010125632,"upper_bound":36.43766898096182},"point_estimate":21.566075083271667,"standard_error":11.231154906136494}}