{"mean":{"confidence_interval":{"confidence_level":0.95,"lower_bound":2419.53158929456,"upper_bound":2453.4795283450426},"point_estimate":2435.6621931730915,"standard_error":8.661248175347575},"median":{"confidence_interval":{"confidence_level":0.95,"lower_bound":2457.164737470167,"upper_bound":2464.762264651286},"point_estimate":2461.190862680576,"standard_error":2.795026621931994},"median_abs_dev":{"confidence_interval":{"confidence_level":0.95,"lower_bound":11.436434905696625,"upper_bound":50.507737258018835},"point_estimate":18.8047886564076,"standard_error":12.8625392297899},"slope":{"confidence_interval":{"confidence_level":0.95,"lower_bound":2369.998041485906,"upper_bound":2402.959149252779},"point_estimate":2384.173317817444,"standard_error":8.429559923306902},"std_dev":{"confidence_interval":{"confidence_level":0.95,"lower_bound":61.73457937493226,"upper_bound":114.62354639890928},"point_estimate":87.08423278192656,"standard_error":14.013508200609659}}