{"mean":{"confidence_interval":{"confidence_level":0.95,"lower_bound":427672.6518163454,"upper_bound":433855.47418070026},"point_estimate":430441.6971462148,"standard_error":1591.3280083567076},"median":{"confidence_interval":{"confidence_level":0.95,"lower_bound":426094.8761904762,"upper_bound":427532.7638888889},"point_estimate":426595.641509434,"standard_error":429.3024573832424},"median_abs_dev":{"confidence_interval":{"confidence_level":0.95,"lower_bound":2130.414473824643,"upper_bound":3973.0884711302474},"point_estimate":2980.74592449856,"standard_error":478.94477246894644},"slope":{"confidence_interval":{"confidence_level":0.95,"lower_bound":426583.0901650747,"upper_bound":428194.1957521897},"point_estimate":427331.4437968573,"standard_error":412.6519117684963},"std_dev":{"confidence_interval":{"confidence_level":0.95,"lower_bound":8164.111509005968,"upper_bound":22104.530208521504},"point_estimate":15996.728577953849,"standard_error":3695.3778870373053}}