{"mean":{"confidence_interval":{"confidence_level":0.95,"lower_bound":233193.43706575315,"upper_bound":234441.71965421186},"point_estimate":233787.80876423276,"standard_error":318.7570293258088},"median":{"confidence_interval":{"confidence_level":0.95,"lower_bound":233098.3342609771,"upper_bound":233910.7263681592},"point_estimate":233574.44192599854,"standard_error":192.53361921786708},"median_abs_dev":{"confidence_interval":{"confidence_level":0.95,"lower_bound":1429.4878661599912,"upper_bound":2694.381168051384},"point_estimate":2125.8860048861957,"standard_error":329.93196235304214},"slope":{"confidence_interval":{"confidence_level":0.95,"lower_bound":232794.83199125837,"upper_bound":233763.14540295096},"point_estimate":233267.88693463377,"standard_error":246.50871187308644},"std_dev":{"confidence_interval":{"confidence_level":0.95,"lower_bound":2111.446916693864,"upper_bound":4201.931552258091},"point_estimate":3195.041434818644,"standard_error":536.2330636093108}}