{"mean":{"confidence_interval":{"confidence_level":0.95,"lower_bound":236353.37559039713,"upper_bound":237340.81630066692},"point_estimate":236823.18946232216,"standard_error":252.06194924592},"median":{"confidence_interval":{"confidence_level":0.95,"lower_bound":235944.38076923077,"upper_bound":237127.87398046398},"point_estimate":236627.88346581877,"standard_error":263.15023376191675},"median_abs_dev":{"confidence_interval":{"confidence_level":0.95,"lower_bound":1422.7145331855993,"upper_bound":2179.577512979043},"point_estimate":1745.4228204684364,"standard_error":192.112155534645},"slope":{"confidence_interval":{"confidence_level":0.95,"lower_bound":236007.49291571364,"upper_bound":236912.83746896303},"point_estimate":236453.9881377272,"standard_error":230.6894226964744},"std_dev":{"confidence_interval":{"confidence_level":0.95,"lower_bound":1727.6644808644455,"upper_bound":3287.7790180064967},"point_estimate":2531.3899435999365,"standard_error":402.40096608028045}}