{"mean":{"confidence_interval":{"confidence_level":0.95,"lower_bound":243407.69275799167,"upper_bound":244298.78494629264},"point_estimate":243843.6177898719,"standard_error":226.4457204679979},"median":{"confidence_interval":{"confidence_level":0.95,"lower_bound":243518.2040229885,"upper_bound":244073.67372881356},"point_estimate":243725.1560688406,"standard_error":135.77276164218202},"median_abs_dev":{"confidence_interval":{"confidence_level":0.95,"lower_bound":930.2090566672994,"upper_bound":1737.011405270956},"point_estimate":1330.377226249498,"standard_error":226.62581711066582},"slope":{"confidence_interval":{"confidence_level":0.95,"lower_bound":243498.72348417583,"upper_bound":244086.2725196868},"point_estimate":243781.68822890497,"standard_error":149.51305679317198},"std_dev":{"confidence_interval":{"confidence_level":0.95,"lower_bound":1505.069676603319,"upper_bound":2960.84683374642},"point_estimate":2274.3512419403646,"standard_error":371.26131725387785}}