{"mean":{"confidence_interval":{"confidence_level":0.95,"lower_bound":518016.87445610744,"upper_bound":521219.37583972915},"point_estimate":519510.3759447571,"standard_error":817.2159280218734},"median":{"confidence_interval":{"confidence_level":0.95,"lower_bound":516961.975,"upper_bound":518448.3549382716},"point_estimate":517860.3858994501,"standard_error":415.83196894995194},"median_abs_dev":{"confidence_interval":{"confidence_level":0.95,"lower_bound":2409.9585130600876,"upper_bound":4358.397897966409},"point_estimate":3417.048535362277,"standard_error":482.8278214514564},"slope":{"confidence_interval":{"confidence_level":0.95,"lower_bound":516902.3361030939,"upper_bound":518715.3753323702},"point_estimate":517790.9996468154,"standard_error":461.00563563142043},"std_dev":{"confidence_interval":{"confidence_level":0.95,"lower_bound":5125.791370463798,"upper_bound":10991.32154715748},"point_estimate":8215.639561634842,"standard_error":1521.1288978611306}}