{"mean":{"confidence_interval":{"confidence_level":0.95,"lower_bound":1424440.714153216,"upper_bound":1427386.0283572262},"point_estimate":1425780.7962096792,"standard_error":751.597420872262},"median":{"confidence_interval":{"confidence_level":0.95,"lower_bound":1423959.7301587302,"upper_bound":1425699.6517857143},"point_estimate":1425071.308139535,"standard_error":436.8484542780995},"median_abs_dev":{"confidence_interval":{"confidence_level":0.95,"lower_bound":2593.5527906685197,"upper_bound":4608.834413525718},"point_estimate":3749.976055242765,"standard_error":534.181018746349},"slope":{"confidence_interval":{"confidence_level":0.95,"lower_bound":1424786.9461837802,"upper_bound":1426887.726498543},"point_estimate":1425757.555522388,"standard_error":536.3638680337455},"std_dev":{"confidence_interval":{"confidence_level":0.95,"lower_bound":3952.063886799512,"upper_bound":10796.068968490676},"point_estimate":7560.204465903149,"standard_error":1792.45693867856}}