{"mean":{"confidence_interval":{"confidence_level":0.95,"lower_bound":260220.90715386136,"upper_bound":263614.3470200794},"point_estimate":261757.13656072374,"standard_error":868.2863755178813},"median":{"confidence_interval":{"confidence_level":0.95,"lower_bound":258941.5675,"upper_bound":260674.5352905569},"point_estimate":259549.96741990402,"standard_error":512.8914222203331},"median_abs_dev":{"confidence_interval":{"confidence_level":0.95,"lower_bound":2798.5030209515585,"upper_bound":4897.238892430557},"point_estimate":3710.0769307599635,"standard_error":536.751191837144},"slope":{"confidence_interval":{"confidence_level":0.95,"lower_bound":259536.1014683707,"upper_bound":262140.18111419716},"point_estimate":260746.86969262597,"standard_error":663.8561324485222},"std_dev":{"confidence_interval":{"confidence_level":0.95,"lower_bound":4782.829212913307,"upper_bound":12333.752148853831},"point_estimate":8711.444787603881,"standard_error":1985.572997223982}}