{"mean":{"confidence_interval":{"confidence_level":0.95,"lower_bound":258972.5262317501,"upper_bound":260030.46493804798},"point_estimate":259484.7335626643,"standard_error":269.7373222969742},"median":{"confidence_interval":{"confidence_level":0.95,"lower_bound":258601.12362637362,"upper_bound":259861.03990963855},"point_estimate":259189.90242709816,"standard_error":312.69688708624756},"median_abs_dev":{"confidence_interval":{"confidence_level":0.95,"lower_bound":1629.968702560343,"upper_bound":3025.4647284145926},"point_estimate":2317.0968126133243,"standard_error":358.7530534507737},"slope":{"confidence_interval":{"confidence_level":0.95,"lower_bound":259051.8905859235,"upper_bound":259956.66891279334},"point_estimate":259493.63105881485,"standard_error":231.6847442690409},"std_dev":{"confidence_interval":{"confidence_level":0.95,"lower_bound":2079.641369081666,"upper_bound":3346.701596562466},"point_estimate":2708.6752654505544,"standard_error":329.7941519982255}}