{"mean":{"confidence_interval":{"confidence_level":0.95,"lower_bound":2872553.2687638863,"upper_bound":2892776.3359027775},"point_estimate":2882527.721111112,"standard_error":5144.659227474744},"median":{"confidence_interval":{"confidence_level":0.95,"lower_bound":2866902.361111111,"upper_bound":2886614.305555556},"point_estimate":2877072.0555555555,"standard_error":5297.7628971270615},"median_abs_dev":{"confidence_interval":{"confidence_level":0.95,"lower_bound":41877.4364898596,"upper_bound":68892.09652692068},"point_estimate":54476.81816617632,"standard_error":7118.702462020941},"slope":null,"std_dev":{"confidence_interval":{"confidence_level":0.95,"lower_bound":45097.36477338853,"upper_bound":57847.86450456407},"point_estimate":51883.80270560458,"standard_error":3255.454365524114}}