{"mean":{"confidence_interval":{"confidence_level":0.95,"lower_bound":249211.29169220297,"upper_bound":250194.28159404965},"point_estimate":249694.56562361828,"standard_error":250.08659539624722},"median":{"confidence_interval":{"confidence_level":0.95,"lower_bound":249172.73990384617,"upper_bound":249975.26136363635},"point_estimate":249703.75093645052,"standard_error":202.60086364615722},"median_abs_dev":{"confidence_interval":{"confidence_level":0.95,"lower_bound":1374.3228448326906,"upper_bound":2165.8339575083546},"point_estimate":1794.099503137597,"standard_error":196.08322976918535},"slope":{"confidence_interval":{"confidence_level":0.95,"lower_bound":248909.69136695782,"upper_bound":249833.60102705983},"point_estimate":249355.03538200087,"standard_error":234.98546761423833},"std_dev":{"confidence_interval":{"confidence_level":0.95,"lower_bound":1945.8614877516013,"upper_bound":3053.74696185023},"point_estimate":2511.6154712172643,"standard_error":283.6532086767426}}