{"mean":{"confidence_interval":{"confidence_level":0.95,"lower_bound":627289.4956628352,"upper_bound":630304.6955622644},"point_estimate":628763.0744171183,"standard_error":769.3739487574162},"median":{"confidence_interval":{"confidence_level":0.95,"lower_bound":626991.577091136,"upper_bound":630036.7471590908},"point_estimate":628779.3586265885,"standard_error":846.4808205066663},"median_abs_dev":{"confidence_interval":{"confidence_level":0.95,"lower_bound":3988.845580098357,"upper_bound":6254.86149364154},"point_estimate":4849.116309363207,"standard_error":598.1322647884526},"slope":{"confidence_interval":{"confidence_level":0.95,"lower_bound":628195.2983006847,"upper_bound":629932.2577846347},"point_estimate":629067.2587971035,"standard_error":442.21695268944114},"std_dev":{"confidence_interval":{"confidence_level":0.95,"lower_bound":5171.063238828298,"upper_bound":10147.667148212337},"point_estimate":7710.138957668971,"standard_error":1276.845928499383}}