{"mean":{"confidence_interval":{"confidence_level":0.95,"lower_bound":630459.623198346,"upper_bound":634429.2195715602},"point_estimate":632401.4211893671,"standard_error":1011.8890610123603},"median":{"confidence_interval":{"confidence_level":0.95,"lower_bound":629523.2527472527,"upper_bound":633608.8120777027},"point_estimate":631585.1988049096,"standard_error":1039.5145045303404},"median_abs_dev":{"confidence_interval":{"confidence_level":0.95,"lower_bound":6823.259182401107,"upper_bound":10563.698255627127},"point_estimate":8602.38094506794,"standard_error":938.5260210144729},"slope":{"confidence_interval":{"confidence_level":0.95,"lower_bound":629951.6605995476,"upper_bound":633454.6660275919},"point_estimate":631651.255983449,"standard_error":891.4132255809405},"std_dev":{"confidence_interval":{"confidence_level":0.95,"lower_bound":7986.682177864233,"upper_bound":12535.18178098007},"point_estimate":10185.20953429751,"standard_error":1187.7984442323343}}