{"mean":{"confidence_interval":{"confidence_level":0.95,"lower_bound":522653.9332234603,"upper_bound":524826.740777217},"point_estimate":523682.273697218,"standard_error":553.6979632705226},"median":{"confidence_interval":{"confidence_level":0.95,"lower_bound":522017.2833333333,"upper_bound":523934.8833333333},"point_estimate":522467.3807422969,"standard_error":575.1882584838407},"median_abs_dev":{"confidence_interval":{"confidence_level":0.95,"lower_bound":2756.096901500528,"upper_bound":4494.312660038107},"point_estimate":3313.774323291506,"standard_error":433.262537239416},"slope":{"confidence_interval":{"confidence_level":0.95,"lower_bound":522262.10907485295,"upper_bound":523866.9077483882},"point_estimate":523031.8557292744,"standard_error":410.4051332304856},"std_dev":{"confidence_interval":{"confidence_level":0.95,"lower_bound":3846.182568876241,"upper_bound":7460.9441991399635},"point_estimate":5573.922361518434,"standard_error":964.6682054469984}}