{"mean":{"confidence_interval":{"confidence_level":0.95,"lower_bound":490052.0366126561,"upper_bound":491644.15068070975},"point_estimate":490828.8764773889,"standard_error":405.4875635739988},"median":{"confidence_interval":{"confidence_level":0.95,"lower_bound":489675.3962264151,"upper_bound":491175.7915966386},"point_estimate":490421.12262555293,"standard_error":351.94158284333156},"median_abs_dev":{"confidence_interval":{"confidence_level":0.95,"lower_bound":1954.9177990868877,"upper_bound":3855.981833766701},"point_estimate":2503.081017409296,"standard_error":472.76423120502034},"slope":{"confidence_interval":{"confidence_level":0.95,"lower_bound":490444.7107126644,"upper_bound":491773.8345097903},"point_estimate":491070.58815280034,"standard_error":340.06277333629515},"std_dev":{"confidence_interval":{"confidence_level":0.95,"lower_bound":2973.5496100761993,"upper_bound":5134.417999106886},"point_estimate":4084.267519287574,"standard_error":553.3375272626855}}