{"mean":{"confidence_interval":{"confidence_level":0.95,"lower_bound":1988378.479235431,"upper_bound":2008546.280079114},"point_estimate":1998111.2982492093,"standard_error":5151.620875981303},"median":{"confidence_interval":{"confidence_level":0.95,"lower_bound":1995631.148148148,"upper_bound":2009631.0},"point_estimate":2001562.0109007459,"standard_error":3701.409145443401},"median_abs_dev":{"confidence_interval":{"confidence_level":0.95,"lower_bound":24379.88537736355,"upper_bound":42586.45479494071},"point_estimate":32404.13193912781,"standard_error":4903.950027931179},"slope":{"confidence_interval":{"confidence_level":0.95,"lower_bound":2002114.948577403,"upper_bound":2017330.9036776419},"point_estimate":2009717.719213832,"standard_error":3880.783299391676},"std_dev":{"confidence_interval":{"confidence_level":0.95,"lower_bound":34453.5979118745,"upper_bound":70546.02333747857},"point_estimate":51823.35790265962,"standard_error":9577.539887329845}}