{"mean":{"confidence_interval":{"confidence_level":0.95,"lower_bound":284469.95415726973,"upper_bound":285814.4474237017},"point_estimate":285121.99058421754,"standard_error":342.4282409984518},"median":{"confidence_interval":{"confidence_level":0.95,"lower_bound":284040.7414510985,"upper_bound":285531.88968359225},"point_estimate":284576.74779411766,"standard_error":368.0821298922179},"median_abs_dev":{"confidence_interval":{"confidence_level":0.95,"lower_bound":2213.1306007330177,"upper_bound":3438.6828121977433},"point_estimate":2932.093423821268,"standard_error":313.3224373552621},"slope":{"confidence_interval":{"confidence_level":0.95,"lower_bound":283583.00610914145,"upper_bound":284584.82119102305},"point_estimate":284066.8731291562,"standard_error":257.0532469371112},"std_dev":{"confidence_interval":{"confidence_level":0.95,"lower_bound":2441.2705626592483,"upper_bound":4422.054747448769},"point_estimate":3449.894837369373,"standard_error":509.8991727291813}}