{"mean":{"confidence_interval":{"confidence_level":0.95,"lower_bound":5944862.693972223,"upper_bound":5992232.228444445},"point_estimate":5964891.845555555,"standard_error":12298.360291501369},"median":{"confidence_interval":{"confidence_level":0.95,"lower_bound":5930188.444444444,"upper_bound":5961665.0},"point_estimate":5940805.388888889,"standard_error":8233.393753824947},"median_abs_dev":{"confidence_interval":{"confidence_level":0.95,"lower_bound":40345.41651705885,"upper_bound":68080.08475800301},"point_estimate":52633.12273224187,"standard_error":7079.85194318219},"slope":null,"std_dev":{"confidence_interval":{"confidence_level":0.95,"lower_bound":49928.170784409456,"upper_bound":193463.52241853462},"point_estimate":122958.74589199241,"standard_error":43410.53562563872}}