{"mean":{"confidence_interval":{"confidence_level":0.95,"lower_bound":243909.36160611108,"upper_bound":244986.3963382898},"point_estimate":244430.2603708835,"standard_error":275.5052380602983},"median":{"confidence_interval":{"confidence_level":0.95,"lower_bound":243382.97916666666,"upper_bound":244730.87974683545},"point_estimate":244001.89394599304,"standard_error":328.09403262812884},"median_abs_dev":{"confidence_interval":{"confidence_level":0.95,"lower_bound":1632.1348525863111,"upper_bound":2631.1457574544975},"point_estimate":2028.2463774402167,"standard_error":248.3175739083275},"slope":{"confidence_interval":{"confidence_level":0.95,"lower_bound":243447.33902273676,"upper_bound":244468.49228527315},"point_estimate":243942.3605430767,"standard_error":260.7035637289361},"std_dev":{"confidence_interval":{"confidence_level":0.95,"lower_bound":2151.073798152685,"upper_bound":3318.379803237333},"point_estimate":2763.1369911684915,"standard_error":299.2281196219942}}