{"mean":{"confidence_interval":{"confidence_level":0.95,"lower_bound":318872.86932119273,"upper_bound":320512.9816875095},"point_estimate":319648.63624932384,"standard_error":418.4073151537741},"median":{"confidence_interval":{"confidence_level":0.95,"lower_bound":318633.1011904762,"upper_bound":319578.53639846743},"point_estimate":318969.60230994155,"standard_error":287.4130040995724},"median_abs_dev":{"confidence_interval":{"confidence_level":0.95,"lower_bound":2271.3538812737884,"upper_bound":3826.362788235156},"point_estimate":3177.996361551634,"standard_error":405.46706765978155},"slope":{"confidence_interval":{"confidence_level":0.95,"lower_bound":318918.78583627875,"upper_bound":320372.39196007804},"point_estimate":319640.1173666322,"standard_error":370.866692964288},"std_dev":{"confidence_interval":{"confidence_level":0.95,"lower_bound":2934.193827259284,"upper_bound":5357.356927568641},"point_estimate":4207.587270516811,"standard_error":620.1818300074724}}