{"mean":{"confidence_interval":{"confidence_level":0.95,"lower_bound":229392.1328625492,"upper_bound":230903.09017745065},"point_estimate":230129.69745329753,"standard_error":385.0160190953577},"median":{"confidence_interval":{"confidence_level":0.95,"lower_bound":229039.4131147541,"upper_bound":230334.90986842106},"point_estimate":229684.79914207995,"standard_error":361.8180672638288},"median_abs_dev":{"confidence_interval":{"confidence_level":0.95,"lower_bound":1915.0671854396599,"upper_bound":3553.654786367018},"point_estimate":2794.0390753958814,"standard_error":417.97377120747103},"slope":{"confidence_interval":{"confidence_level":0.95,"lower_bound":229010.89059869872,"upper_bound":230394.04134693902},"point_estimate":229690.64226097235,"standard_error":352.23653717826545},"std_dev":{"confidence_interval":{"confidence_level":0.95,"lower_bound":2991.5817634076056,"upper_bound":4650.8118461064005},"point_estimate":3858.6913074500817,"standard_error":425.0203212084173}}