{"mean":{"confidence_interval":{"confidence_level":0.95,"lower_bound":315144.76964328485,"upper_bound":316852.8667713956},"point_estimate":315891.03173040954,"standard_error":438.3549605805684},"median":{"confidence_interval":{"confidence_level":0.95,"lower_bound":314881.80654761905,"upper_bound":315922.2897727273},"point_estimate":315383.6279761905,"standard_error":286.543480892609},"median_abs_dev":{"confidence_interval":{"confidence_level":0.95,"lower_bound":1309.3300233092796,"upper_bound":2180.523785397881},"point_estimate":1636.5408019287343,"standard_error":225.63824545157522},"slope":{"confidence_interval":{"confidence_level":0.95,"lower_bound":315548.10704547184,"upper_bound":317606.7942026559},"point_estimate":316359.3169595094,"standard_error":547.1112125324228},"std_dev":{"confidence_interval":{"confidence_level":0.95,"lower_bound":2092.7693683362095,"upper_bound":6699.534227581163},"point_estimate":4397.67146602572,"standard_error":1310.7335663779118}}