{"mean":{"confidence_interval":{"confidence_level":0.95,"lower_bound":272798.65973757085,"upper_bound":273540.7546759007},"point_estimate":273156.27109329845,"standard_error":189.58908416683727},"median":{"confidence_interval":{"confidence_level":0.95,"lower_bound":272568.1829312865,"upper_bound":273263.9411764706},"point_estimate":272971.32319078944,"standard_error":175.8935594720763},"median_abs_dev":{"confidence_interval":{"confidence_level":0.95,"lower_bound":1128.910721501996,"upper_bound":1897.4661510419976},"point_estimate":1489.9640683394975,"standard_error":206.6484792470217},"slope":{"confidence_interval":{"confidence_level":0.95,"lower_bound":272752.199901018,"upper_bound":273497.169796942},"point_estimate":273117.6019735481,"standard_error":189.95801088862768},"std_dev":{"confidence_interval":{"confidence_level":0.95,"lower_bound":1467.291267141312,"upper_bound":2386.737079710455},"point_estimate":1913.4368154306187,"standard_error":239.90690256089658}}