{"mean":{"confidence_interval":{"confidence_level":0.95,"lower_bound":2887.0292430061827,"upper_bound":2904.910754317925},"point_estimate":2894.3128760803415,"standard_error":4.680085255322994},"median":{"confidence_interval":{"confidence_level":0.95,"lower_bound":2880.5824353448274,"upper_bound":2887.2430213464695},"point_estimate":2882.874221282634,"standard_error":1.946410690776544},"median_abs_dev":{"confidence_interval":{"confidence_level":0.95,"lower_bound":6.701408276404811,"upper_bound":14.839531110606348},"point_estimate":9.5338217865877,"standard_error":2.1428843621786826},"slope":{"confidence_interval":{"confidence_level":0.95,"lower_bound":2883.659209978238,"upper_bound":2889.90011540953},"point_estimate":2886.5423488820834,"standard_error":1.5883112465279579},"std_dev":{"confidence_interval":{"confidence_level":0.95,"lower_bound":14.023891637658194,"upper_bound":75.94192521272389},"point_estimate":47.143584224481984,"standard_error":18.639534906032235}}