{"mean":{"confidence_interval":{"confidence_level":0.95,"lower_bound":3289.187563450408,"upper_bound":3301.1171218644545},"point_estimate":3293.641228768872,"standard_error":3.294175994626314},"median":{"confidence_interval":{"confidence_level":0.95,"lower_bound":3287.6944770857813,"upper_bound":3289.5789913461267},"point_estimate":3288.2349124803177,"standard_error":0.5487433807079318},"median_abs_dev":{"confidence_interval":{"confidence_level":0.95,"lower_bound":3.5428249075164304,"upper_bound":5.197551944818426},"point_estimate":4.439984796612679,"standard_error":0.4266584573399331},"slope":{"confidence_interval":{"confidence_level":0.95,"lower_bound":3288.8948578029967,"upper_bound":3293.394832294158},"point_estimate":3290.8600616309823,"standard_error":1.1587840005437557},"std_dev":{"confidence_interval":{"confidence_level":0.95,"lower_bound":6.268407518633077,"upper_bound":55.46705885214773},"point_estimate":33.050657533532494,"standard_error":16.55900449301663}}