{"mean":{"confidence_interval":{"confidence_level":0.95,"lower_bound":597789.0073247292,"upper_bound":600279.5592117716},"point_estimate":599039.0891361339,"standard_error":631.7458520729342},"median":{"confidence_interval":{"confidence_level":0.95,"lower_bound":597711.9081632653,"upper_bound":600391.9639175257},"point_estimate":599382.4029017857,"standard_error":648.8495312512476},"median_abs_dev":{"confidence_interval":{"confidence_level":0.95,"lower_bound":3586.351132446996,"upper_bound":6056.52679247523},"point_estimate":4724.056877082029,"standard_error":624.266550914723},"slope":{"confidence_interval":{"confidence_level":0.95,"lower_bound":598078.8415706275,"upper_bound":600533.4659300142},"point_estimate":599271.2006664696,"standard_error":626.9842752346964},"std_dev":{"confidence_interval":{"confidence_level":0.95,"lower_bound":4900.946670219519,"upper_bound":7809.368188217701},"point_estimate":6361.548179393926,"standard_error":749.7599215917346}}