{"mean":{"confidence_interval":{"confidence_level":0.95,"lower_bound":569375.1478366603,"upper_bound":571053.7002123473},"point_estimate":570183.7804237293,"standard_error":428.01445208783207},"median":{"confidence_interval":{"confidence_level":0.95,"lower_bound":569034.5555555555,"upper_bound":570269.4444444445},"point_estimate":569490.1293402778,"standard_error":345.13257244865866},"median_abs_dev":{"confidence_interval":{"confidence_level":0.95,"lower_bound":2377.36743211672,"upper_bound":3860.7053018157703},"point_estimate":3091.7191271232286,"standard_error":369.77209160417874},"slope":{"confidence_interval":{"confidence_level":0.95,"lower_bound":569454.8409500257,"upper_bound":570603.296093148},"point_estimate":570033.97863455,"standard_error":292.7557988397726},"std_dev":{"confidence_interval":{"confidence_level":0.95,"lower_bound":3135.119727458861,"upper_bound":5462.475555402741},"point_estimate":4295.236811314626,"standard_error":602.4963975442939}}