{"mean":{"confidence_interval":{"confidence_level":0.95,"lower_bound":511912.7682810813,"upper_bound":513916.5476678165},"point_estimate":512855.9350631214,"standard_error":510.8120294101839},"median":{"confidence_interval":{"confidence_level":0.95,"lower_bound":511457.88856060605,"upper_bound":513182.243902439},"point_estimate":512343.0287267081,"standard_error":449.708729094079},"median_abs_dev":{"confidence_interval":{"confidence_level":0.95,"lower_bound":2697.467525226828,"upper_bound":4453.378724430705},"point_estimate":3245.7608588236094,"standard_error":464.63827065259346},"slope":{"confidence_interval":{"confidence_level":0.95,"lower_bound":511956.0063229919,"upper_bound":513944.0189073284},"point_estimate":512887.0707181912,"standard_error":507.68422636370775},"std_dev":{"confidence_interval":{"confidence_level":0.95,"lower_bound":3611.271378810839,"upper_bound":6666.709593170522},"point_estimate":5133.947251859377,"standard_error":794.8638402748741}}