{"mean":{"confidence_interval":{"confidence_level":0.95,"lower_bound":504713.0973439118,"upper_bound":506201.6064735492},"point_estimate":505459.23037435353,"standard_error":379.0455279764768},"median":{"confidence_interval":{"confidence_level":0.95,"lower_bound":504447.72090934217,"upper_bound":506318.78846153844},"point_estimate":505649.4136904762,"standard_error":522.5707696854039},"median_abs_dev":{"confidence_interval":{"confidence_level":0.95,"lower_bound":2663.9276524380284,"upper_bound":4434.945657739409},"point_estimate":3276.0358930001526,"standard_error":442.4419995595315},"slope":{"confidence_interval":{"confidence_level":0.95,"lower_bound":504523.3260742549,"upper_bound":506319.66284267424},"point_estimate":505400.2835717452,"standard_error":457.16471073973287},"std_dev":{"confidence_interval":{"confidence_level":0.95,"lower_bound":3261.883629581233,"upper_bound":4283.782610141711},"point_estimate":3805.047839328961,"standard_error":260.5284400691235}}