{"mean":{"confidence_interval":{"confidence_level":0.95,"lower_bound":240026.8266797477,"upper_bound":241348.37182500272},"point_estimate":240609.4323509676,"standard_error":339.125603617709},"median":{"confidence_interval":{"confidence_level":0.95,"lower_bound":239968.0530612245,"upper_bound":240937.04719101122},"point_estimate":240304.059375,"standard_error":199.77254938735823},"median_abs_dev":{"confidence_interval":{"confidence_level":0.95,"lower_bound":1266.1052546386873,"upper_bound":2156.2314551220043},"point_estimate":1564.744132432963,"standard_error":226.8501561884161},"slope":{"confidence_interval":{"confidence_level":0.95,"lower_bound":240598.48250980003,"upper_bound":242817.98085158924},"point_estimate":241485.41555312547,"standard_error":588.570513296695},"std_dev":{"confidence_interval":{"confidence_level":0.95,"lower_bound":1800.7418995701682,"upper_bound":5192.550862559158},"point_estimate":3417.137741068599,"standard_error":1054.6322901853957}}