{"mean":{"confidence_interval":{"confidence_level":0.95,"lower_bound":154817.37167832238,"upper_bound":155984.6908082058},"point_estimate":155380.8297866683,"standard_error":298.25437201986887},"median":{"confidence_interval":{"confidence_level":0.95,"lower_bound":154195.8087797619,"upper_bound":155633.32622601278},"point_estimate":154936.43223443226,"standard_error":429.47813929585874},"median_abs_dev":{"confidence_interval":{"confidence_level":0.95,"lower_bound":2006.3556413899162,"upper_bound":3305.3767861917886},"point_estimate":2708.046070672586,"standard_error":322.8904694615622},"slope":{"confidence_interval":{"confidence_level":0.95,"lower_bound":153811.9488702907,"upper_bound":154866.97820313412},"point_estimate":154332.99649897614,"standard_error":268.81049313156166},"std_dev":{"confidence_interval":{"confidence_level":0.95,"lower_bound":2350.8045013668643,"upper_bound":3622.676386595934},"point_estimate":3002.731949709218,"standard_error":326.3737088825788}}