{"mean":{"confidence_interval":{"confidence_level":0.95,"lower_bound":387379.19891168684,"upper_bound":388995.7615340166},"point_estimate":388158.2591614342,"standard_error":412.3586083939578},"median":{"confidence_interval":{"confidence_level":0.95,"lower_bound":386951.4265734266,"upper_bound":388214.5102880658},"point_estimate":387562.8610830244,"standard_error":304.9594051243832},"median_abs_dev":{"confidence_interval":{"confidence_level":0.95,"lower_bound":2079.7871749666197,"upper_bound":3569.3049683526074},"point_estimate":2541.3184459647982,"standard_error":403.8782033717217},"slope":{"confidence_interval":{"confidence_level":0.95,"lower_bound":386491.7965731125,"upper_bound":388044.57657282054},"point_estimate":387229.58042756515,"standard_error":396.58598585999493},"std_dev":{"confidence_interval":{"confidence_level":0.95,"lower_bound":3125.060815361797,"upper_bound":5060.2727261221735},"point_estimate":4150.150766407503,"standard_error":494.79595364938814}}