{"mean":{"confidence_interval":{"confidence_level":0.95,"lower_bound":298188.09636588715,"upper_bound":300016.96411464835},"point_estimate":299022.2376158366,"standard_error":467.3040018726393},"median":{"confidence_interval":{"confidence_level":0.95,"lower_bound":297554.39552238805,"upper_bound":299120.1458333333},"point_estimate":298420.2400260756,"standard_error":370.6402463601847},"median_abs_dev":{"confidence_interval":{"confidence_level":0.95,"lower_bound":2019.6852000088718,"upper_bound":3977.7363645018877},"point_estimate":2703.094329791931,"standard_error":491.13902100363856},"slope":{"confidence_interval":{"confidence_level":0.95,"lower_bound":298203.1355313439,"upper_bound":299647.88604107796},"point_estimate":298903.1201063987,"standard_error":369.28691497811485},"std_dev":{"confidence_interval":{"confidence_level":0.95,"lower_bound":2809.9960897954143,"upper_bound":6742.3042518557995},"point_estimate":4698.584385574604,"standard_error":1119.279858990894}}