{"mean":{"confidence_interval":{"confidence_level":0.95,"lower_bound":251252.2216622628,"upper_bound":252070.59772531904},"point_estimate":251666.68398978442,"standard_error":208.85499876730998},"median":{"confidence_interval":{"confidence_level":0.95,"lower_bound":251122.14112903227,"upper_bound":252087.79098360657},"point_estimate":251531.39756944444,"standard_error":266.8200635911948},"median_abs_dev":{"confidence_interval":{"confidence_level":0.95,"lower_bound":1183.7758611495465,"upper_bound":2180.838116007474},"point_estimate":1626.9378947430805,"standard_error":271.17291669134426},"slope":{"confidence_interval":{"confidence_level":0.95,"lower_bound":251483.1833768517,"upper_bound":252162.8501267975},"point_estimate":251824.7809605438,"standard_error":174.00510057882823},"std_dev":{"confidence_interval":{"confidence_level":0.95,"lower_bound":1650.244218426443,"upper_bound":2528.254789719333},"point_estimate":2099.038073731095,"standard_error":224.9264415973836}}