{"mean":{"confidence_interval":{"confidence_level":0.95,"lower_bound":252643.23550291563,"upper_bound":253682.09850319824},"point_estimate":253129.63126413606,"standard_error":263.9883613857502},"median":{"confidence_interval":{"confidence_level":0.95,"lower_bound":252709.5,"upper_bound":253420.4423076923},"point_estimate":252897.77166193182,"standard_error":146.35836477494988},"median_abs_dev":{"confidence_interval":{"confidence_level":0.95,"lower_bound":1222.0521288015668,"upper_bound":1973.5284392900228},"point_estimate":1585.7533644230064,"standard_error":184.29887198168714},"slope":{"confidence_interval":{"confidence_level":0.95,"lower_bound":253019.28184202805,"upper_bound":253790.5790017841},"point_estimate":253374.3616432688,"standard_error":197.03212894305904},"std_dev":{"confidence_interval":{"confidence_level":0.95,"lower_bound":1699.1766940678542,"upper_bound":3729.338853948134},"point_estimate":2657.7897076169543,"standard_error":554.6473815474728}}