{"mean":{"confidence_interval":{"confidence_level":0.95,"lower_bound":482062.73897008784,"upper_bound":484431.47317577753},"point_estimate":483288.7471629056,"standard_error":602.5086431720423},"median":{"confidence_interval":{"confidence_level":0.95,"lower_bound":482276.81304112554,"upper_bound":484701.50588235294},"point_estimate":483314.5788309149,"standard_error":702.3228479602178},"median_abs_dev":{"confidence_interval":{"confidence_level":0.95,"lower_bound":3405.7420357157603,"upper_bound":5212.216675218305},"point_estimate":4362.736842847336,"standard_error":459.52930186054874},"slope":{"confidence_interval":{"confidence_level":0.95,"lower_bound":483352.0972002571,"upper_bound":485048.40984697995},"point_estimate":484199.82134771685,"standard_error":433.0132162698799},"std_dev":{"confidence_interval":{"confidence_level":0.95,"lower_bound":4397.190875443169,"upper_bound":7620.7959003171545},"point_estimate":6059.652868487136,"standard_error":825.2290624060984}}