{"mean":{"confidence_interval":{"confidence_level":0.95,"lower_bound":500179.03635736235,"upper_bound":502802.9334314936},"point_estimate":501459.3607849274,"standard_error":671.5873686209413},"median":{"confidence_interval":{"confidence_level":0.95,"lower_bound":498498.1756756757,"upper_bound":502794.8839285714},"point_estimate":500413.59914611,"standard_error":911.2179975348012},"median_abs_dev":{"confidence_interval":{"confidence_level":0.95,"lower_bound":4627.219597751251,"upper_bound":6810.918265445629},"point_estimate":5594.631380612398,"standard_error":559.5016299842956},"slope":{"confidence_interval":{"confidence_level":0.95,"lower_bound":499337.00808636413,"upper_bound":502521.71431447286},"point_estimate":500852.34936751885,"standard_error":814.3985966998229},"std_dev":{"confidence_interval":{"confidence_level":0.95,"lower_bound":5509.953070598315,"upper_bound":7807.346856126403},"point_estimate":6738.699835088453,"standard_error":587.0983997090163}}