{"mean":{"confidence_interval":{"confidence_level":0.95,"lower_bound":621021.2974603858,"upper_bound":625149.077821648},"point_estimate":623119.3301223669,"standard_error":1051.5378453482767},"median":{"confidence_interval":{"confidence_level":0.95,"lower_bound":621619.4,"upper_bound":625789.5911461955},"point_estimate":624511.6009888492,"standard_error":1045.9304290908547},"median_abs_dev":{"confidence_interval":{"confidence_level":0.95,"lower_bound":7106.688059453949,"upper_bound":12805.55379536133},"point_estimate":10077.412258737186,"standard_error":1534.6459013105339},"slope":{"confidence_interval":{"confidence_level":0.95,"lower_bound":621406.0734321588,"upper_bound":625395.16752222},"point_estimate":623363.4067755283,"standard_error":1018.8423614884903},"std_dev":{"confidence_interval":{"confidence_level":0.95,"lower_bound":8778.963216949067,"upper_bound":12219.639319304606},"point_estimate":10550.276897508942,"standard_error":881.164190357358}}