{"mean":{"confidence_interval":{"confidence_level":0.95,"lower_bound":157559.71931064373,"upper_bound":158529.33397395807},"point_estimate":158027.86604507038,"standard_error":247.26563569744224},"median":{"confidence_interval":{"confidence_level":0.95,"lower_bound":156841.25714285715,"upper_bound":157986.85714285713},"point_estimate":157583.87590497738,"standard_error":262.8318558077385},"median_abs_dev":{"confidence_interval":{"confidence_level":0.95,"lower_bound":1388.6211956069405,"upper_bound":2500.8308096454},"point_estimate":1909.2756978197745,"standard_error":308.43190103813566},"slope":{"confidence_interval":{"confidence_level":0.95,"lower_bound":156969.7978749145,"upper_bound":157860.33547581546},"point_estimate":157409.61271844455,"standard_error":227.3894727083802},"std_dev":{"confidence_interval":{"confidence_level":0.95,"lower_bound":1916.7535742836426,"upper_bound":3015.5228993266055},"point_estimate":2486.989498532744,"standard_error":281.2774618995508}}