{"mean":{"confidence_interval":{"confidence_level":0.95,"lower_bound":253353.6992636856,"upper_bound":254899.20274316738},"point_estimate":254093.95724597032,"standard_error":394.77795112556686},"median":{"confidence_interval":{"confidence_level":0.95,"lower_bound":253061.6088652482,"upper_bound":254834.05487804877},"point_estimate":253828.48387254903,"standard_error":508.18628374374487},"median_abs_dev":{"confidence_interval":{"confidence_level":0.95,"lower_bound":2300.1732284224813,"upper_bound":3580.2234125746927},"point_estimate":2863.190556466533,"standard_error":318.8021399229933},"slope":{"confidence_interval":{"confidence_level":0.95,"lower_bound":253059.50173172765,"upper_bound":254240.70342593818},"point_estimate":253646.61617925225,"standard_error":302.039564153097},"std_dev":{"confidence_interval":{"confidence_level":0.95,"lower_bound":2746.4827388550143,"upper_bound":5358.096209179394},"point_estimate":3983.5958598863967,"standard_error":703.4404016844971}}