{"mean":{"confidence_interval":{"confidence_level":0.95,"lower_bound":276825.2663011628,"upper_bound":278181.60156250227},"point_estimate":277473.7791628835,"standard_error":347.52121743624485},"median":{"confidence_interval":{"confidence_level":0.95,"lower_bound":276382.38346228236,"upper_bound":277988.9460784314},"point_estimate":277179.15714285715,"standard_error":467.280392639167},"median_abs_dev":{"confidence_interval":{"confidence_level":0.95,"lower_bound":2066.248097695021,"upper_bound":3341.589225640745},"point_estimate":2565.9293730189997,"standard_error":316.79258182469187},"slope":{"confidence_interval":{"confidence_level":0.95,"lower_bound":276884.7786398706,"upper_bound":278205.765573149},"point_estimate":277535.5543076696,"standard_error":337.55514127083796},"std_dev":{"confidence_interval":{"confidence_level":0.95,"lower_bound":2487.646561858408,"upper_bound":4561.117807881475},"point_estimate":3482.930406573846,"standard_error":551.1604334006418}}