{"mean":{"confidence_interval":{"confidence_level":0.95,"lower_bound":218588.8503188225,"upper_bound":220443.63745760938},"point_estimate":219397.02327865185,"standard_error":477.89301746357046},"median":{"confidence_interval":{"confidence_level":0.95,"lower_bound":218212.0034820601,"upper_bound":219479.09375},"point_estimate":218537.6180952381,"standard_error":335.6404637404201},"median_abs_dev":{"confidence_interval":{"confidence_level":0.95,"lower_bound":1547.6805369511212,"upper_bound":2793.0836969582974},"point_estimate":2023.174238552057,"standard_error":316.32618178961036},"slope":{"confidence_interval":{"confidence_level":0.95,"lower_bound":218811.78220437284,"upper_bound":221887.46964005515},"point_estimate":219978.76934949018,"standard_error":830.3210977816384},"std_dev":{"confidence_interval":{"confidence_level":0.95,"lower_bound":2290.327645988774,"upper_bound":7374.19159705433},"point_estimate":4793.136815211335,"standard_error":1546.5356536199383}}