{"mean":{"confidence_interval":{"confidence_level":0.95,"lower_bound":226036.44412132594,"upper_bound":227684.4886960019},"point_estimate":226796.04248663542,"standard_error":421.4692412963099},"median":{"confidence_interval":{"confidence_level":0.95,"lower_bound":225449.99166666667,"upper_bound":226496.93591731266},"point_estimate":226079.42989483633,"standard_error":276.57809873338886},"median_abs_dev":{"confidence_interval":{"confidence_level":0.95,"lower_bound":2072.6002505975453,"upper_bound":3213.5215154940356},"point_estimate":2704.141048355515,"standard_error":292.91679463151024},"slope":{"confidence_interval":{"confidence_level":0.95,"lower_bound":225178.93343220605,"upper_bound":226024.65251143542},"point_estimate":225591.21331757057,"standard_error":215.9632308509737},"std_dev":{"confidence_interval":{"confidence_level":0.95,"lower_bound":2645.9942422548697,"upper_bound":5905.899458979991},"point_estimate":4238.129028172461,"standard_error":876.8822428676154}}