{"mean":{"confidence_interval":{"confidence_level":0.95,"lower_bound":234234.1798618187,"upper_bound":235346.5097187538},"point_estimate":234787.65955306508,"standard_error":282.5321666078263},"median":{"confidence_interval":{"confidence_level":0.95,"lower_bound":234039.35492957747,"upper_bound":235286.0150411281},"point_estimate":234846.8746969697,"standard_error":303.2316747691628},"median_abs_dev":{"confidence_interval":{"confidence_level":0.95,"lower_bound":1578.2397248614895,"upper_bound":2762.937406212414},"point_estimate":1965.410056344794,"standard_error":296.0836300728745},"slope":{"confidence_interval":{"confidence_level":0.95,"lower_bound":234565.3141648642,"upper_bound":235628.23416930807},"point_estimate":235082.44662213683,"standard_error":271.0483369769095},"std_dev":{"confidence_interval":{"confidence_level":0.95,"lower_bound":2351.9039665560654,"upper_bound":3288.5112237263647},"point_estimate":2842.112231610529,"standard_error":238.39421810259793}}