{"mean":{"confidence_interval":{"confidence_level":0.95,"lower_bound":235604.58178842848,"upper_bound":236724.82593239332},"point_estimate":236125.55037910154,"standard_error":285.60592027366334},"median":{"confidence_interval":{"confidence_level":0.95,"lower_bound":235100.010989011,"upper_bound":236062.97703703702},"point_estimate":235499.15446756425,"standard_error":219.119781072964},"median_abs_dev":{"confidence_interval":{"confidence_level":0.95,"lower_bound":1428.0073702362438,"upper_bound":2457.612603131414},"point_estimate":2097.0656713018398,"standard_error":292.00037632223336},"slope":{"confidence_interval":{"confidence_level":0.95,"lower_bound":235147.31470894854,"upper_bound":235842.27664635968},"point_estimate":235486.9151186641,"standard_error":177.00861179886235},"std_dev":{"confidence_interval":{"confidence_level":0.95,"lower_bound":1932.3731936820955,"upper_bound":3949.465312604682},"point_estimate":2875.6845586503428,"standard_error":568.6700064241218}}