{"mean":{"confidence_interval":{"confidence_level":0.95,"lower_bound":0.046406602498400326,"upper_bound":0.05247473518152675},"point_estimate":0.04922678427103855,"standard_error":0.001533261777632037},"median":{"confidence_interval":{"confidence_level":0.95,"lower_bound":0.04701267912329321,"upper_bound":0.051502660413680006},"point_estimate":0.04966361070763736,"standard_error":0.0011859898888429959}}