{"mean":{"confidence_interval":{"confidence_level":0.95,"lower_bound":276287.92941848474,"upper_bound":278295.4729961689},"point_estimate":277217.5840356051,"standard_error":513.7550313014657},"median":{"confidence_interval":{"confidence_level":0.95,"lower_bound":276014.4375,"upper_bound":277590.9},"point_estimate":276696.3837096774,"standard_error":386.62854871395797},"median_abs_dev":{"confidence_interval":{"confidence_level":0.95,"lower_bound":2190.344011734284,"upper_bound":3756.0275070240805},"point_estimate":3119.963114384704,"standard_error":419.0888777064452},"slope":{"confidence_interval":{"confidence_level":0.95,"lower_bound":276098.35754998063,"upper_bound":279025.66987239313},"point_estimate":277321.53345721884,"standard_error":766.9288498464574},"std_dev":{"confidence_interval":{"confidence_level":0.95,"lower_bound":3263.4696678657806,"upper_bound":6770.118237148934},"point_estimate":5143.176671545912,"standard_error":893.462941530565}}