{"mean":{"confidence_interval":{"confidence_level":0.95,"lower_bound":270391.16879482736,"upper_bound":271503.0750678823},"point_estimate":270939.25981048483,"standard_error":284.18659289312785},"median":{"confidence_interval":{"confidence_level":0.95,"lower_bound":270121.7477564103,"upper_bound":271231.2984943978},"point_estimate":270383.19944915257,"standard_error":327.10053132320473},"median_abs_dev":{"confidence_interval":{"confidence_level":0.95,"lower_bound":1851.8803005047605,"upper_bound":3017.368526324739},"point_estimate":2338.2989967847675,"standard_error":291.7810012150798},"slope":{"confidence_interval":{"confidence_level":0.95,"lower_bound":270548.90724485164,"upper_bound":271625.06676524854},"point_estimate":271086.6926762228,"standard_error":275.247565557578},"std_dev":{"confidence_interval":{"confidence_level":0.95,"lower_bound":2328.923006015261,"upper_bound":3369.465706324983},"point_estimate":2861.8358706295994,"standard_error":266.91285189810066}}