{"mean":{"confidence_interval":{"confidence_level":0.95,"lower_bound":298047.7140219304,"upper_bound":299312.8039831102},"point_estimate":298615.1099489875,"standard_error":323.9737604825102},"median":{"confidence_interval":{"confidence_level":0.95,"lower_bound":297672.3163841808,"upper_bound":298809.85185185185},"point_estimate":298096.97349142085,"standard_error":258.97644227575785},"median_abs_dev":{"confidence_interval":{"confidence_level":0.95,"lower_bound":1592.221762311362,"upper_bound":2484.0168402543477},"point_estimate":1982.255113804317,"standard_error":229.2656754563126},"slope":{"confidence_interval":{"confidence_level":0.95,"lower_bound":298062.4798476372,"upper_bound":299111.7101324714},"point_estimate":298560.0568425201,"standard_error":268.28106834921334},"std_dev":{"confidence_interval":{"confidence_level":0.95,"lower_bound":1834.8888632937192,"upper_bound":4840.216775588938},"point_estimate":3252.3200801509734,"standard_error":911.0909143170733}}