{"mean":{"confidence_interval":{"confidence_level":0.95,"lower_bound":1759036.9231477263,"upper_bound":1761572.4564090911},"point_estimate":1760269.999999999,"standard_error":646.31443418264},"median":{"confidence_interval":{"confidence_level":0.95,"lower_bound":1758940.3181818181,"upper_bound":1761130.2272727273},"point_estimate":1759866.3636363638,"standard_error":499.98963870882824},"median_abs_dev":{"confidence_interval":{"confidence_level":0.95,"lower_bound":3921.712798557451,"upper_bound":6214.930204549265},"point_estimate":4781.317524205618,"standard_error":568.2064024398491},"slope":null,"std_dev":{"confidence_interval":{"confidence_level":0.95,"lower_bound":4892.5929520311265,"upper_bound":8259.400458050912},"point_estimate":6470.181279748202,"standard_error":894.7604356138669}}