{"mean":{"confidence_interval":{"confidence_level":0.95,"lower_bound":1769010.7654204555,"upper_bound":1771269.3042159092},"point_estimate":1770122.5972727267,"standard_error":575.8518260744951},"median":{"confidence_interval":{"confidence_level":0.95,"lower_bound":1768542.8636363635,"upper_bound":1771209.8863636365},"point_estimate":1770148.3409090908,"standard_error":639.2672729397051},"median_abs_dev":{"confidence_interval":{"confidence_level":0.95,"lower_bound":3621.048262986458,"upper_bound":5387.667217986244},"point_estimate":4485.033397647483,"standard_error":441.6545473948166},"slope":null,"std_dev":{"confidence_interval":{"confidence_level":0.95,"lower_bound":4521.234022343748,"upper_bound":6954.682362713773},"point_estimate":5774.457537931697,"standard_error":625.7631439595037}}