{"mean":{"confidence_interval":{"confidence_level":0.95,"lower_bound":2302079.2930340907,"upper_bound":2318432.934329545},"point_estimate":2308337.2368181814,"standard_error":4400.740767508001},"median":{"confidence_interval":{"confidence_level":0.95,"lower_bound":2299769.772727273,"upper_bound":2302533.2045454546},"point_estimate":2300889.795454546,"standard_error":658.6084375954872},"median_abs_dev":{"confidence_interval":{"confidence_level":0.95,"lower_bound":5341.504446078367,"upper_bound":9811.543366719314},"point_estimate":7436.788858879633,"standard_error":1076.358347236643},"slope":null,"std_dev":{"confidence_interval":{"confidence_level":0.95,"lower_bound":9716.87155393931,"upper_bound":73590.32331079397},"point_estimate":44297.043075809626,"standard_error":20636.600144130145}}