{"mean":{"confidence_interval":{"confidence_level":0.95,"lower_bound":152264.7726360498,"upper_bound":153803.71318125247},"point_estimate":152975.878304662,"standard_error":392.1630810968435},"median":{"confidence_interval":{"confidence_level":0.95,"lower_bound":151819.67518796993,"upper_bound":153479.89115646257},"point_estimate":152486.60471030517,"standard_error":450.0444322562994},"median_abs_dev":{"confidence_interval":{"confidence_level":0.95,"lower_bound":2375.4170640834773,"upper_bound":3768.3827693847406},"point_estimate":3318.105473737025,"standard_error":341.8857192592101},"slope":{"confidence_interval":{"confidence_level":0.95,"lower_bound":152469.8969958749,"upper_bound":153782.07878453552},"point_estimate":153119.4584331525,"standard_error":335.478498827917},"std_dev":{"confidence_interval":{"confidence_level":0.95,"lower_bound":2544.100518491208,"upper_bound":5535.996476014688},"point_estimate":3938.798289931024,"standard_error":857.7679778984465}}