{"mean":{"confidence_interval":{"confidence_level":0.95,"lower_bound":488733.796642473,"upper_bound":489603.06342129246},"point_estimate":489158.82714228524,"standard_error":221.00411120165919},"median":{"confidence_interval":{"confidence_level":0.95,"lower_bound":488678.00206043955,"upper_bound":489458.2083333333},"point_estimate":489071.9083603896,"standard_error":216.35104912782344},"median_abs_dev":{"confidence_interval":{"confidence_level":0.95,"lower_bound":1245.4067371001338,"upper_bound":2238.107786277966},"point_estimate":1840.897545926768,"standard_error":263.8539137400574},"slope":{"confidence_interval":{"confidence_level":0.95,"lower_bound":488740.65973614005,"upper_bound":489368.55025267095},"point_estimate":489059.59322594944,"standard_error":159.91134709727112},"std_dev":{"confidence_interval":{"confidence_level":0.95,"lower_bound":1728.6477884577475,"upper_bound":2688.1106384499744},"point_estimate":2223.9757859895167,"standard_error":245.78204958386726}}