{"mean":{"confidence_interval":{"confidence_level":0.95,"lower_bound":232153.42709883265,"upper_bound":233086.86895681173},"point_estimate":232615.7068780303,"standard_error":237.8254923654969},"median":{"confidence_interval":{"confidence_level":0.95,"lower_bound":231980.0525974026,"upper_bound":233325.76271929825},"point_estimate":232656.386814346,"standard_error":358.76970223987917},"median_abs_dev":{"confidence_interval":{"confidence_level":0.95,"lower_bound":1754.3740099202987,"upper_bound":2810.1236687419164},"point_estimate":2306.065651059148,"standard_error":275.12426313306014},"slope":{"confidence_interval":{"confidence_level":0.95,"lower_bound":232308.09762008165,"upper_bound":233200.33823993304},"point_estimate":232761.20261208806,"standard_error":227.5816058213656},"std_dev":{"confidence_interval":{"confidence_level":0.95,"lower_bound":2037.8931499217178,"upper_bound":2719.7330360321594},"point_estimate":2394.0307220093996,"standard_error":174.24201137506213}}