{"mean":{"confidence_interval":{"confidence_level":0.95,"lower_bound":235138.98919422997,"upper_bound":237015.79274228204},"point_estimate":235943.70262740433,"standard_error":483.09225267559896},"median":{"confidence_interval":{"confidence_level":0.95,"lower_bound":234668.2617250674,"upper_bound":235898.6558139535},"point_estimate":235355.19186991872,"standard_error":304.22394677718364},"median_abs_dev":{"confidence_interval":{"confidence_level":0.95,"lower_bound":1775.1291367406445,"upper_bound":2820.740484530008},"point_estimate":2321.4369122555913,"standard_error":269.17417086458573},"slope":{"confidence_interval":{"confidence_level":0.95,"lower_bound":234610.02023200804,"upper_bound":235528.00041946655},"point_estimate":235059.98185902173,"standard_error":233.8378615881061},"std_dev":{"confidence_interval":{"confidence_level":0.95,"lower_bound":2122.4426512526366,"upper_bound":7543.981877778788},"point_estimate":4865.146090980046,"standard_error":1629.504640327353}}