{"mean":{"confidence_interval":{"confidence_level":0.95,"lower_bound":242259.1340920411,"upper_bound":243726.57780187484},"point_estimate":242959.1436902718,"standard_error":373.0379136321523},"median":{"confidence_interval":{"confidence_level":0.95,"lower_bound":242039.4873737374,"upper_bound":243504.40721649484},"point_estimate":242800.58955938695,"standard_error":379.63884207966214},"median_abs_dev":{"confidence_interval":{"confidence_level":0.95,"lower_bound":2289.172810785938,"upper_bound":3737.1706081513485},"point_estimate":3277.409950550571,"standard_error":377.27610130396175},"slope":{"confidence_interval":{"confidence_level":0.95,"lower_bound":242923.37436544994,"upper_bound":244245.27850485695},"point_estimate":243580.59595241613,"standard_error":336.8761181405227},"std_dev":{"confidence_interval":{"confidence_level":0.95,"lower_bound":2753.5097950522436,"upper_bound":4897.404629733758},"point_estimate":3768.0983276016123,"standard_error":569.9278261619679}}