{"mean":{"confidence_interval":{"confidence_level":0.95,"lower_bound":223642.10610676382,"upper_bound":224646.22847444125},"point_estimate":224125.97363712054,"standard_error":256.401956492078},"median":{"confidence_interval":{"confidence_level":0.95,"lower_bound":223296.46153846153,"upper_bound":224649.77282485875},"point_estimate":224087.6389599318,"standard_error":343.34130898805734},"median_abs_dev":{"confidence_interval":{"confidence_level":0.95,"lower_bound":1600.94010687175,"upper_bound":2431.0513541479013},"point_estimate":2045.0492350735547,"standard_error":210.6227764854462},"slope":{"confidence_interval":{"confidence_level":0.95,"lower_bound":223628.47886470731,"upper_bound":224501.8526148978},"point_estimate":224056.12744909117,"standard_error":222.3092614310469},"std_dev":{"confidence_interval":{"confidence_level":0.95,"lower_bound":1929.9016320237047,"upper_bound":3257.7670264797366},"point_estimate":2588.851156147653,"standard_error":343.8981967977223}}