{"mean":{"confidence_interval":{"confidence_level":0.95,"lower_bound":799986.4849450629,"upper_bound":802520.7234574051},"point_estimate":801022.6064619825,"standard_error":661.6609669757082},"median":{"confidence_interval":{"confidence_level":0.95,"lower_bound":799683.2404528096,"upper_bound":800483.1896551724},"point_estimate":800030.43483023,"standard_error":184.30898309999498},"median_abs_dev":{"confidence_interval":{"confidence_level":0.95,"lower_bound":1624.4471107460265,"upper_bound":2635.156660084581},"point_estimate":2030.1379151436,"standard_error":262.29203594716824},"slope":{"confidence_interval":{"confidence_level":0.95,"lower_bound":799614.2819278723,"upper_bound":800475.6508999906},"point_estimate":800046.287066647,"standard_error":218.76839736362143},"std_dev":{"confidence_interval":{"confidence_level":0.95,"lower_bound":2332.1758339573134,"upper_bound":10634.994795084709},"point_estimate":6626.056347596356,"standard_error":2586.0038729070984}}