{"mean":{"confidence_interval":{"confidence_level":0.95,"lower_bound":258528.13406009527,"upper_bound":260593.45616838246},"point_estimate":259532.6082965412,"standard_error":527.6562792397356},"median":{"confidence_interval":{"confidence_level":0.95,"lower_bound":256551.11875,"upper_bound":259649.277879902},"point_estimate":258172.41280487805,"standard_error":844.3066072473601},"median_abs_dev":{"confidence_interval":{"confidence_level":0.95,"lower_bound":3068.1330077884277,"upper_bound":5617.627309600509},"point_estimate":4246.023921208919,"standard_error":696.6872527210876},"slope":{"confidence_interval":{"confidence_level":0.95,"lower_bound":256583.14831065646,"upper_bound":258416.63841981086},"point_estimate":257440.93555933205,"standard_error":468.2209090476897},"std_dev":{"confidence_interval":{"confidence_level":0.95,"lower_bound":4292.86370360731,"upper_bound":6326.720959286244},"point_estimate":5314.619341362235,"standard_error":523.0434441963604}}