{"mean":{"confidence_interval":{"confidence_level":0.95,"lower_bound":266703.51469708927,"upper_bound":267564.45788758347},"point_estimate":267128.71295991825,"standard_error":219.03597727778788},"median":{"confidence_interval":{"confidence_level":0.95,"lower_bound":266609.8256578947,"upper_bound":267411.43493150687},"point_estimate":267033.523245614,"standard_error":182.08561396511294},"median_abs_dev":{"confidence_interval":{"confidence_level":0.95,"lower_bound":1258.3804146884245,"upper_bound":2158.7742455896196},"point_estimate":1522.2852952083615,"standard_error":238.9325477112547},"slope":{"confidence_interval":{"confidence_level":0.95,"lower_bound":266816.38637593837,"upper_bound":267415.5475247385},"point_estimate":267102.4067060736,"standard_error":152.1431193564308},"std_dev":{"confidence_interval":{"confidence_level":0.95,"lower_bound":1755.8592068259295,"upper_bound":2631.445573389719},"point_estimate":2210.5883035487573,"standard_error":223.74024714685672}}