{"mean":{"confidence_interval":{"confidence_level":0.95,"lower_bound":272724.45964941307,"upper_bound":273879.4660136827},"point_estimate":273316.8172234411,"standard_error":294.60150287126265},"median":{"confidence_interval":{"confidence_level":0.95,"lower_bound":273150.6766666667,"upper_bound":274292.24806168646},"point_estimate":273508.46130748116,"standard_error":329.8699325155308},"median_abs_dev":{"confidence_interval":{"confidence_level":0.95,"lower_bound":2047.891273013548,"upper_bound":3575.6649331672434},"point_estimate":2902.745689355469,"standard_error":383.80708506199187},"slope":{"confidence_interval":{"confidence_level":0.95,"lower_bound":273585.9780299347,"upper_bound":274582.5203408677},"point_estimate":274088.70584823407,"standard_error":254.5297575050435},"std_dev":{"confidence_interval":{"confidence_level":0.95,"lower_bound":2327.654136996417,"upper_bound":3642.5378142641134},"point_estimate":2949.6934896586913,"standard_error":343.9588965871396}}