{"mean":{"confidence_interval":{"confidence_level":0.95,"lower_bound":200496.62823030728,"upper_bound":201794.41218216045},"point_estimate":201154.80621127522,"standard_error":331.3729891595082},"median":{"confidence_interval":{"confidence_level":0.95,"lower_bound":200627.0496494845,"upper_bound":201909.9873076923},"point_estimate":201230.36923076923,"standard_error":325.47625810316174},"median_abs_dev":{"confidence_interval":{"confidence_level":0.95,"lower_bound":2766.6690748128713,"upper_bound":4369.210306643537},"point_estimate":3581.466386031645,"standard_error":420.1860941350332},"slope":{"confidence_interval":{"confidence_level":0.95,"lower_bound":199149.5703468786,"upper_bound":200972.52472266022},"point_estimate":200025.22828077435,"standard_error":465.60912781661426},"std_dev":{"confidence_interval":{"confidence_level":0.95,"lower_bound":2897.8379890961987,"upper_bound":3692.227501348203},"point_estimate":3320.6553560464504,"standard_error":202.9131073921326}}