{"mean":{"confidence_interval":{"confidence_level":0.95,"lower_bound":1323778.3397118496,"upper_bound":1353628.1631567923},"point_estimate":1336834.779831627,"standard_error":7683.151496360278},"median":{"confidence_interval":{"confidence_level":0.95,"lower_bound":1323546.6896551724,"upper_bound":1332186.5296391752},"point_estimate":1326991.4891961971,"standard_error":2066.7362150854983},"median_abs_dev":{"confidence_interval":{"confidence_level":0.95,"lower_bound":17582.577257201643,"upper_bound":31853.46231210946},"point_estimate":27130.26060971437,"standard_error":3686.7742215257704},"slope":{"confidence_interval":{"confidence_level":0.95,"lower_bound":1317090.7449365626,"upper_bound":1326999.1880235956},"point_estimate":1321896.550486183,"standard_error":2521.3252647194786},"std_dev":{"confidence_interval":{"confidence_level":0.95,"lower_bound":32431.382763332167,"upper_bound":118078.58907852985},"point_estimate":77128.4391153798,"standard_error":23560.09330779895}}