{"mean":{"confidence_interval":{"confidence_level":0.95,"lower_bound":-0.07158394175854382,"upper_bound":-0.06293770315806367},"point_estimate":-0.06674722109527154,"standard_error":0.0022126671313006975},"median":{"confidence_interval":{"confidence_level":0.95,"lower_bound":-0.0683473516346067,"upper_bound":-0.06239897107899439},"point_estimate":-0.06473197815320764,"standard_error":0.0015506835614847796}}