{"mean":{"confidence_interval":{"confidence_level":0.95,"lower_bound":651557.1525337959,"upper_bound":653585.2955546773},"point_estimate":652435.008887418,"standard_error":522.1225304968582},"median":{"confidence_interval":{"confidence_level":0.95,"lower_bound":651330.5416666666,"upper_bound":652340.056500378},"point_estimate":651989.2226708075,"standard_error":278.2898943757081},"median_abs_dev":{"confidence_interval":{"confidence_level":0.95,"lower_bound":1573.07201417763,"upper_bound":2616.7578733977152},"point_estimate":2272.7672925580973,"standard_error":268.214509732375},"slope":{"confidence_interval":{"confidence_level":0.95,"lower_bound":651612.6352047053,"upper_bound":654347.3124215871},"point_estimate":652784.9243091473,"standard_error":707.846992822432},"std_dev":{"confidence_interval":{"confidence_level":0.95,"lower_bound":2064.8302875052805,"upper_bound":8037.325817450051},"point_estimate":5233.949960261651,"standard_error":1630.8183128368107}}