{"mean":{"confidence_interval":{"confidence_level":0.95,"lower_bound":1204748.5247332116,"upper_bound":1214120.9348262127},"point_estimate":1209252.6818517603,"standard_error":2395.069799114036},"median":{"confidence_interval":{"confidence_level":0.95,"lower_bound":1200298.6842105263,"upper_bound":1205515.8521568626},"point_estimate":1202771.9861842105,"standard_error":1597.3489434798557},"median_abs_dev":{"confidence_interval":{"confidence_level":0.95,"lower_bound":11546.577286257167,"upper_bound":21023.383885930652},"point_estimate":16336.906387739698,"standard_error":2468.0452284011276},"slope":{"confidence_interval":{"confidence_level":0.95,"lower_bound":1204093.5148851469,"upper_bound":1213664.1611309468},"point_estimate":1208581.8580611793,"standard_error":2448.6841168811075},"std_dev":{"confidence_interval":{"confidence_level":0.95,"lower_bound":17986.44729194016,"upper_bound":29913.778323245937},"point_estimate":24024.5372109516,"standard_error":3070.559907099849}}