{"mean":{"confidence_interval":{"confidence_level":0.95,"lower_bound":279991.271040971,"upper_bound":281291.93987244985},"point_estimate":280560.35413487215,"standard_error":334.62569461777304},"median":{"confidence_interval":{"confidence_level":0.95,"lower_bound":279957.61666666664,"upper_bound":280741.43670886074},"point_estimate":280313.8165892373,"standard_error":193.17268860073187},"median_abs_dev":{"confidence_interval":{"confidence_level":0.95,"lower_bound":1117.18588835182,"upper_bound":1771.4363754535752},"point_estimate":1482.1480982125106,"standard_error":167.70613071476276},"slope":{"confidence_interval":{"confidence_level":0.95,"lower_bound":280174.4264359097,"upper_bound":280753.9220811118},"point_estimate":280462.8922661445,"standard_error":147.91601562321614},"std_dev":{"confidence_interval":{"confidence_level":0.95,"lower_bound":1662.9837389648878,"upper_bound":5148.814736512911},"point_estimate":3362.618217704199,"standard_error":1062.519180638289}}