{"mean":{"confidence_interval":{"confidence_level":0.95,"lower_bound":281967.2514134141,"upper_bound":283291.1145506823},"point_estimate":282575.53686828143,"standard_error":338.5347304705195},"median":{"confidence_interval":{"confidence_level":0.95,"lower_bound":281752.1414473684,"upper_bound":282967.39681818185},"point_estimate":282290.4459490741,"standard_error":373.8221422077378},"median_abs_dev":{"confidence_interval":{"confidence_level":0.95,"lower_bound":1677.509192221644,"upper_bound":2826.354384217901},"point_estimate":2164.799959780237,"standard_error":289.420960296493},"slope":{"confidence_interval":{"confidence_level":0.95,"lower_bound":281589.29081629746,"upper_bound":282718.96118856367},"point_estimate":282155.15558519284,"standard_error":288.7241638026728},"std_dev":{"confidence_interval":{"confidence_level":0.95,"lower_bound":2129.723214916303,"upper_bound":4874.845965006149},"point_estimate":3405.1386492252163,"standard_error":801.9979984165606}}