{"mean":{"confidence_interval":{"confidence_level":0.95,"lower_bound":306405.7911422801,"upper_bound":307802.999012622},"point_estimate":307026.2157358746,"standard_error":358.3836964296161},"median":{"confidence_interval":{"confidence_level":0.95,"lower_bound":306268.2703488372,"upper_bound":307109.5},"point_estimate":306882.6591880342,"standard_error":186.6952602958108},"median_abs_dev":{"confidence_interval":{"confidence_level":0.95,"lower_bound":1227.6321767122697,"upper_bound":1824.2421421374804},"point_estimate":1552.9417743067438,"standard_error":147.11269091564097},"slope":{"confidence_interval":{"confidence_level":0.95,"lower_bound":306543.6608104735,"upper_bound":307165.4287584474},"point_estimate":306848.0239219743,"standard_error":158.14567673031942},"std_dev":{"confidence_interval":{"confidence_level":0.95,"lower_bound":1845.3058288818543,"upper_bound":5464.801294912281},"point_estimate":3595.428952199412,"standard_error":1084.8441087233095}}