{"mean":{"confidence_interval":{"confidence_level":0.95,"lower_bound":263531.373476401,"upper_bound":264362.1025573149},"point_estimate":263947.6596065837,"standard_error":211.87162031757228},"median":{"confidence_interval":{"confidence_level":0.95,"lower_bound":263260.591954023,"upper_bound":264580.82467532466},"point_estimate":263667.63747401244,"standard_error":326.62269324437585},"median_abs_dev":{"confidence_interval":{"confidence_level":0.95,"lower_bound":1684.4967549872597,"upper_bound":2437.2725641977963},"point_estimate":2181.9751607017834,"standard_error":194.01954659153043},"slope":{"confidence_interval":{"confidence_level":0.95,"lower_bound":263830.35834876995,"upper_bound":265079.52097427077},"point_estimate":264432.3429850746,"standard_error":318.96204407461977},"std_dev":{"confidence_interval":{"confidence_level":0.95,"lower_bound":1705.8237227453083,"upper_bound":2572.9313508980576},"point_estimate":2136.709837197973,"standard_error":223.49604138531038}}