{"mean":{"confidence_interval":{"confidence_level":0.95,"lower_bound":212213.98244364283,"upper_bound":213284.44975920915},"point_estimate":212739.45017386705,"standard_error":272.6471052877959},"median":{"confidence_interval":{"confidence_level":0.95,"lower_bound":212085.5431060606,"upper_bound":213098.79746835443},"point_estimate":212642.39869420702,"standard_error":269.2059290619922},"median_abs_dev":{"confidence_interval":{"confidence_level":0.95,"lower_bound":1720.7669562768333,"upper_bound":3056.1354593528013},"point_estimate":2347.076302299734,"standard_error":339.93529238404267},"slope":{"confidence_interval":{"confidence_level":0.95,"lower_bound":211935.93766368483,"upper_bound":212946.36239922658},"point_estimate":212437.45153657455,"standard_error":257.3932750068376},"std_dev":{"confidence_interval":{"confidence_level":0.95,"lower_bound":2277.01041761062,"upper_bound":3139.9022957070347},"point_estimate":2733.435207910095,"standard_error":220.36393397348334}}