{"mean":{"confidence_interval":{"confidence_level":0.95,"lower_bound":106680.38662739456,"upper_bound":108418.85410496627},"point_estimate":107479.09669016766,"standard_error":443.6516864981265},"median":{"confidence_interval":{"confidence_level":0.95,"lower_bound":106338.06855844619,"upper_bound":107025.63823529411},"point_estimate":106751.05043436293,"standard_error":172.79005167049232},"median_abs_dev":{"confidence_interval":{"confidence_level":0.95,"lower_bound":1119.5841003101746,"upper_bound":2224.8752837379484},"point_estimate":1740.1181201202573,"standard_error":279.83398557582444},"slope":{"confidence_interval":{"confidence_level":0.95,"lower_bound":106401.61159871725,"upper_bound":107073.89963659948},"point_estimate":106727.79948943402,"standard_error":171.34296985492597},"std_dev":{"confidence_interval":{"confidence_level":0.95,"lower_bound":2528.0672023414527,"upper_bound":5992.9178339558775},"point_estimate":4457.155247370721,"standard_error":880.7276526366849}}