{"mean":{"confidence_interval":{"confidence_level":0.95,"lower_bound":318134.4920400808,"upper_bound":319302.39047492034},"point_estimate":318713.2436867576,"standard_error":297.7632440838205},"median":{"confidence_interval":{"confidence_level":0.95,"lower_bound":317445.9805900621,"upper_bound":319539.0},"point_estimate":318460.76915607345,"standard_error":514.9662960708913},"median_abs_dev":{"confidence_interval":{"confidence_level":0.95,"lower_bound":2457.4968147414024,"upper_bound":3739.086308770084},"point_estimate":2934.335138405545,"standard_error":336.3395522181333},"slope":{"confidence_interval":{"confidence_level":0.95,"lower_bound":316767.1289307789,"upper_bound":317939.2494351881},"point_estimate":317338.215516477,"standard_error":299.07361105872286},"std_dev":{"confidence_interval":{"confidence_level":0.95,"lower_bound":2570.903924101769,"upper_bound":3386.2012187936134},"point_estimate":2995.791473319696,"standard_error":208.63290266186652}}