{"mean":{"confidence_interval":{"confidence_level":0.95,"lower_bound":0.021494962014009678,"upper_bound":0.027834770270206154},"point_estimate":0.024709191132037844,"standard_error":0.0016124220754145874},"median":{"confidence_interval":{"confidence_level":0.95,"lower_bound":0.022161000233422046,"upper_bound":0.028706407246989807},"point_estimate":0.025986351726368317,"standard_error":0.001681488632141553}}