{"mean":{"confidence_interval":{"confidence_level":0.95,"lower_bound":0.007469418901388719,"upper_bound":0.01220106350385802},"point_estimate":0.00969835214879411,"standard_error":0.0012034761878418551},"median":{"confidence_interval":{"confidence_level":0.95,"lower_bound":0.006666423193322224,"upper_bound":0.010716011735811604},"point_estimate":0.008837202728583904,"standard_error":0.0010607660836336103}}