{"mean":{"confidence_interval":{"confidence_level":0.95,"lower_bound":309185.6191106466,"upper_bound":311402.04621294665},"point_estimate":310249.66781380115,"standard_error":565.8147527190001},"median":{"confidence_interval":{"confidence_level":0.95,"lower_bound":308113.8831521739,"upper_bound":310526.995},"point_estimate":309397.07420594257,"standard_error":559.938676406305},"median_abs_dev":{"confidence_interval":{"confidence_level":0.95,"lower_bound":3771.5365339105756,"upper_bound":6099.266358643465},"point_estimate":4935.003840564868,"standard_error":585.2473680249483},"slope":{"confidence_interval":{"confidence_level":0.95,"lower_bound":308167.33630074456,"upper_bound":310439.05580574175},"point_estimate":309262.21964607656,"standard_error":578.6447536432773},"std_dev":{"confidence_interval":{"confidence_level":0.95,"lower_bound":4307.647872143069,"upper_bound":7105.3031294445545},"point_estimate":5673.2019595560705,"standard_error":728.9435538243675}}