{"mean":{"confidence_interval":{"confidence_level":0.95,"lower_bound":315831.1564355073,"upper_bound":317054.14637550275},"point_estimate":316426.5889811713,"standard_error":311.8948456884798},"median":{"confidence_interval":{"confidence_level":0.95,"lower_bound":315336.5771276596,"upper_bound":316566.9318181818},"point_estimate":315999.1630854998,"standard_error":339.88759502427035},"median_abs_dev":{"confidence_interval":{"confidence_level":0.95,"lower_bound":1746.1953789748231,"upper_bound":3223.021828192475},"point_estimate":2423.3651792671626,"standard_error":390.597913801721},"slope":{"confidence_interval":{"confidence_level":0.95,"lower_bound":315780.02100138704,"upper_bound":316951.6348381837},"point_estimate":316346.6591199941,"standard_error":300.00797610544254},"std_dev":{"confidence_interval":{"confidence_level":0.95,"lower_bound":2488.93363914535,"upper_bound":3734.0329531546245},"point_estimate":3133.411067433554,"standard_error":319.52755929841834}}