{"mean":{"confidence_interval":{"confidence_level":0.95,"lower_bound":483340.4030285911,"upper_bound":485086.6625508632},"point_estimate":484201.5859458018,"standard_error":443.94656572648324},"median":{"confidence_interval":{"confidence_level":0.95,"lower_bound":483455.4957912458,"upper_bound":485130.25408653845},"point_estimate":484668.31820931635,"standard_error":496.6918970499247},"median_abs_dev":{"confidence_interval":{"confidence_level":0.95,"lower_bound":2647.601171734284,"upper_bound":4318.484890254655},"point_estimate":3300.3745416056045,"standard_error":439.59239125137566},"slope":{"confidence_interval":{"confidence_level":0.95,"lower_bound":484223.75672099314,"upper_bound":485662.7537539995},"point_estimate":484948.3308319787,"standard_error":367.0574129941292},"std_dev":{"confidence_interval":{"confidence_level":0.95,"lower_bound":3375.728102483925,"upper_bound":5599.301342688218},"point_estimate":4442.570793682449,"standard_error":582.3038449295084}}