{"mean":{"confidence_interval":{"confidence_level":0.95,"lower_bound":456589.39858675626,"upper_bound":458544.24862125056},"point_estimate":457487.3574476359,"standard_error":498.99159055178967},"median":{"confidence_interval":{"confidence_level":0.95,"lower_bound":456130.025862069,"upper_bound":457878.13157894736},"point_estimate":456890.05000000005,"standard_error":406.5294467012869},"median_abs_dev":{"confidence_interval":{"confidence_level":0.95,"lower_bound":2196.9821576739305,"upper_bound":3594.2966923294643},"point_estimate":2679.519405762305,"standard_error":379.39844804870074},"slope":{"confidence_interval":{"confidence_level":0.95,"lower_bound":457587.3700563336,"upper_bound":460396.5996792903},"point_estimate":458821.68571301905,"standard_error":724.9274523622539},"std_dev":{"confidence_interval":{"confidence_level":0.95,"lower_bound":2848.611808433973,"upper_bound":6895.318920038811},"point_estimate":4997.674921268199,"standard_error":1041.6612999825916}}