{"mean":{"confidence_interval":{"confidence_level":0.95,"lower_bound":490403.30280229566,"upper_bound":492720.039015278},"point_estimate":491421.9301745502,"standard_error":594.9778030961792},"median":{"confidence_interval":{"confidence_level":0.95,"lower_bound":490027.44444444444,"upper_bound":491664.2826156402},"point_estimate":490522.9694581281,"standard_error":451.85846411107514},"median_abs_dev":{"confidence_interval":{"confidence_level":0.95,"lower_bound":2035.1160241041441,"upper_bound":3394.1186258275507},"point_estimate":2799.572739285611,"standard_error":350.7823281618039},"slope":{"confidence_interval":{"confidence_level":0.95,"lower_bound":490626.3856705434,"upper_bound":491809.949317362},"point_estimate":491202.61381409783,"standard_error":302.06166661280463},"std_dev":{"confidence_interval":{"confidence_level":0.95,"lower_bound":2645.949582593519,"upper_bound":9332.513653776694},"point_estimate":5991.796964308115,"standard_error":1986.2096479019551}}