{"mean":{"confidence_interval":{"confidence_level":0.95,"lower_bound":270087.09028677386,"upper_bound":271659.8522167365},"point_estimate":270779.9006509971,"standard_error":402.2687439396661},"median":{"confidence_interval":{"confidence_level":0.95,"lower_bound":270085.1629464286,"upper_bound":270933.3181818182},"point_estimate":270457.7890025575,"standard_error":224.76486770135034},"median_abs_dev":{"confidence_interval":{"confidence_level":0.95,"lower_bound":1393.3532102327583,"upper_bound":2512.0120151167725},"point_estimate":1983.7540371247671,"standard_error":290.4672278458383},"slope":{"confidence_interval":{"confidence_level":0.95,"lower_bound":270502.45097328635,"upper_bound":271324.98156295746},"point_estimate":270915.8643497857,"standard_error":209.34199286870532},"std_dev":{"confidence_interval":{"confidence_level":0.95,"lower_bound":1945.9084409438146,"upper_bound":6240.263715114903},"point_estimate":4040.636399139935,"standard_error":1291.146133504022}}