{"mean":{"confidence_interval":{"confidence_level":0.95,"lower_bound":823868.1098206325,"upper_bound":826711.4813866967},"point_estimate":825209.6610816707,"standard_error":726.0547229484815},"median":{"confidence_interval":{"confidence_level":0.95,"lower_bound":824578.7094594594,"upper_bound":825894.6556776557},"point_estimate":825397.2646532746,"standard_error":417.43682926439385},"median_abs_dev":{"confidence_interval":{"confidence_level":0.95,"lower_bound":3304.967383325076,"upper_bound":6366.872620298719},"point_estimate":5160.012296345305,"standard_error":829.7993572506759},"slope":{"confidence_interval":{"confidence_level":0.95,"lower_bound":824685.2315253309,"upper_bound":826602.8572712569},"point_estimate":825668.1374405202,"standard_error":488.4492013487955},"std_dev":{"confidence_interval":{"confidence_level":0.95,"lower_bound":4771.7366148926185,"upper_bound":10060.148978521076},"point_estimate":7288.0590683083965,"standard_error":1447.6995560283713}}