{"mean":{"confidence_interval":{"confidence_level":0.95,"lower_bound":815385.0419455215,"upper_bound":820711.4716654733},"point_estimate":817887.036256989,"standard_error":1364.55014914803},"median":{"confidence_interval":{"confidence_level":0.95,"lower_bound":813437.2303921569,"upper_bound":817721.8588501292},"point_estimate":816257.684981685,"standard_error":1087.0920733204564},"median_abs_dev":{"confidence_interval":{"confidence_level":0.95,"lower_bound":7347.512471039436,"upper_bound":13206.087178045073},"point_estimate":10392.172197320262,"standard_error":1692.9353123663418},"slope":{"confidence_interval":{"confidence_level":0.95,"lower_bound":813009.7497245099,"upper_bound":818992.6089502926},"point_estimate":815902.155141126,"standard_error":1522.3618270843815},"std_dev":{"confidence_interval":{"confidence_level":0.95,"lower_bound":9340.605389302329,"upper_bound":18778.61335086449},"point_estimate":13661.188470226823,"standard_error":2746.827171932695}}