{"mean":{"confidence_interval":{"confidence_level":0.95,"lower_bound":520345.5362042396,"upper_bound":522848.16960309737},"point_estimate":521513.8582463858,"standard_error":636.7521907361516},"median":{"confidence_interval":{"confidence_level":0.95,"lower_bound":519222.140625,"upper_bound":521658.05},"point_estimate":520443.0138888889,"standard_error":571.2790694510077},"median_abs_dev":{"confidence_interval":{"confidence_level":0.95,"lower_bound":3038.591397043824,"upper_bound":5019.003992769856},"point_estimate":3575.5945931871743,"standard_error":488.4345195736548},"slope":{"confidence_interval":{"confidence_level":0.95,"lower_bound":519742.0016155536,"upper_bound":523931.0918126786},"point_estimate":521547.00634550024,"standard_error":1081.364888894828},"std_dev":{"confidence_interval":{"confidence_level":0.95,"lower_bound":4264.474593065581,"upper_bound":8547.49143147223},"point_estimate":6376.870286225972,"standard_error":1125.6019911028534}}