{"mean":{"confidence_interval":{"confidence_level":0.95,"lower_bound":520184.00673546665,"upper_bound":522437.06189268566},"point_estimate":521241.3700292639,"standard_error":577.2841521035743},"median":{"confidence_interval":{"confidence_level":0.95,"lower_bound":519923.6956521739,"upper_bound":521416.6911764706},"point_estimate":520704.58069237624,"standard_error":330.7420930950168},"median_abs_dev":{"confidence_interval":{"confidence_level":0.95,"lower_bound":2310.9214492101337,"upper_bound":4544.2862529706035},"point_estimate":2831.8277247249935,"standard_error":590.2381941438998},"slope":{"confidence_interval":{"confidence_level":0.95,"lower_bound":520893.1130996665,"upper_bound":522677.9414787525},"point_estimate":521732.7146844983,"standard_error":454.75358185226213},"std_dev":{"confidence_interval":{"confidence_level":0.95,"lower_bound":3743.729734077832,"upper_bound":8033.56095852746},"point_estimate":5816.159738235572,"standard_error":1155.2818092274545}}