{"mean":{"confidence_interval":{"confidence_level":0.95,"lower_bound":500445.96526099555,"upper_bound":501772.4917918522},"point_estimate":501079.4232633382,"standard_error":337.5662524318818},"median":{"confidence_interval":{"confidence_level":0.95,"lower_bound":500151.6612903226,"upper_bound":501167.516687079},"point_estimate":500769.6035460993,"standard_error":254.79204238230966},"median_abs_dev":{"confidence_interval":{"confidence_level":0.95,"lower_bound":1539.2817155759014,"upper_bound":2863.615374160646},"point_estimate":2316.3029154107467,"standard_error":336.6068201564503},"slope":{"confidence_interval":{"confidence_level":0.95,"lower_bound":500626.9181102509,"upper_bound":501529.6946392007},"point_estimate":501082.05429880304,"standard_error":230.0939556645477},"std_dev":{"confidence_interval":{"confidence_level":0.95,"lower_bound":2300.4655481810764,"upper_bound":4513.237807626062},"point_estimate":3397.567737427115,"standard_error":580.2193772509222}}