{"mean":{"confidence_interval":{"confidence_level":0.95,"lower_bound":167080.62934516193,"upper_bound":168546.04093280292},"point_estimate":167747.9219748213,"standard_error":375.659681320376},"median":{"confidence_interval":{"confidence_level":0.95,"lower_bound":166646.01458333334,"upper_bound":167444.69696969696},"point_estimate":167052.22133867277,"standard_error":205.18616755852548},"median_abs_dev":{"confidence_interval":{"confidence_level":0.95,"lower_bound":1224.0964976709308,"upper_bound":2020.268848060974},"point_estimate":1758.356826469665,"standard_error":207.7738186967634},"slope":{"confidence_interval":{"confidence_level":0.95,"lower_bound":167120.26427856265,"upper_bound":168384.153255912},"point_estimate":167695.7139766514,"standard_error":322.09220676925236},"std_dev":{"confidence_interval":{"confidence_level":0.95,"lower_bound":2090.024636736155,"upper_bound":5108.725010013148},"point_estimate":3774.7057913776453,"standard_error":756.5455229986844}}