{"mean":{"confidence_interval":{"confidence_level":0.95,"lower_bound":228493.27032537464,"upper_bound":230393.6292532204},"point_estimate":229377.40013118053,"standard_error":483.8214740743957},"median":{"confidence_interval":{"confidence_level":0.95,"lower_bound":228397.67733918127,"upper_bound":229367.05405405405},"point_estimate":228966.88320158102,"standard_error":232.55755922251302},"median_abs_dev":{"confidence_interval":{"confidence_level":0.95,"lower_bound":1673.246314247138,"upper_bound":3138.5105892803035},"point_estimate":2253.5509786607904,"standard_error":374.33680848001814},"slope":{"confidence_interval":{"confidence_level":0.95,"lower_bound":228629.18749922435,"upper_bound":229922.43853068625},"point_estimate":229256.71797251367,"standard_error":329.8233503239541},"std_dev":{"confidence_interval":{"confidence_level":0.95,"lower_bound":2912.166452070999,"upper_bound":6924.232062971104},"point_estimate":4856.347780794038,"standard_error":1102.436062700735}}