{"mean":{"confidence_interval":{"confidence_level":0.95,"lower_bound":124269.81471332585,"upper_bound":125703.97386726386},"point_estimate":124900.0419673994,"standard_error":367.7743195096223},"median":{"confidence_interval":{"confidence_level":0.95,"lower_bound":124190.5032051282,"upper_bound":125058.2578125},"point_estimate":124556.17083333334,"standard_error":228.30939243260784},"median_abs_dev":{"confidence_interval":{"confidence_level":0.95,"lower_bound":1232.9083307162052,"upper_bound":2335.447550137109},"point_estimate":1563.6395059898482,"standard_error":293.5718156508991},"slope":{"confidence_interval":{"confidence_level":0.95,"lower_bound":124264.25071160085,"upper_bound":125005.58125836491},"point_estimate":124632.39813358948,"standard_error":188.70183826325186},"std_dev":{"confidence_interval":{"confidence_level":0.95,"lower_bound":1862.327047375682,"upper_bound":5623.4068123908055},"point_estimate":3695.6981583761726,"standard_error":1135.632382545012}}