{"mean":{"confidence_interval":{"confidence_level":0.95,"lower_bound":123354.66001504642,"upper_bound":124008.20380317354},"point_estimate":123680.65038742952,"standard_error":167.43982698572296},"median":{"confidence_interval":{"confidence_level":0.95,"lower_bound":123145.02955182074,"upper_bound":123954.77586206897},"point_estimate":123620.37932098765,"standard_error":217.71322414134693},"median_abs_dev":{"confidence_interval":{"confidence_level":0.95,"lower_bound":1087.5108425008384,"upper_bound":1862.6690375022183},"point_estimate":1454.9758601521503,"standard_error":201.72854892877},"slope":{"confidence_interval":{"confidence_level":0.95,"lower_bound":123390.60667516284,"upper_bound":123987.32647844426},"point_estimate":123687.34815575587,"standard_error":152.14797604308166},"std_dev":{"confidence_interval":{"confidence_level":0.95,"lower_bound":1411.3642090091846,"upper_bound":1928.6002852537408},"point_estimate":1684.4315984936622,"standard_error":131.6515234565759}}