{"mean":{"confidence_interval":{"confidence_level":0.95,"lower_bound":114211.87023755748,"upper_bound":115298.85403117369},"point_estimate":114742.2047204026,"standard_error":277.019233595145},"median":{"confidence_interval":{"confidence_level":0.95,"lower_bound":114270.27263708515,"upper_bound":115067.99166666667},"point_estimate":114626.35349725705,"standard_error":200.1184731798914},"median_abs_dev":{"confidence_interval":{"confidence_level":0.95,"lower_bound":1230.6532146098689,"upper_bound":2510.2788405459955},"point_estimate":1852.9611091188692,"standard_error":338.3940261562256},"slope":{"confidence_interval":{"confidence_level":0.95,"lower_bound":113815.49180365646,"upper_bound":114527.23273624401},"point_estimate":114176.8665664253,"standard_error":181.66429828112697},"std_dev":{"confidence_interval":{"confidence_level":0.95,"lower_bound":2058.8193851827723,"upper_bound":3479.3752303545066},"point_estimate":2774.543214674892,"standard_error":366.17661311795507}}