{"mean":{"confidence_interval":{"confidence_level":0.95,"lower_bound":373422.30493958056,"upper_bound":374831.13318305794},"point_estimate":374090.4179975961,"standard_error":360.50731593794944},"median":{"confidence_interval":{"confidence_level":0.95,"lower_bound":373034.80303030304,"upper_bound":374132.5595238095},"point_estimate":373684.007256894,"standard_error":229.95687029426375},"median_abs_dev":{"confidence_interval":{"confidence_level":0.95,"lower_bound":1690.2892407182424,"upper_bound":2861.50765171815},"point_estimate":2201.00183537575,"standard_error":283.7971317929495},"slope":{"confidence_interval":{"confidence_level":0.95,"lower_bound":373178.70544434,"upper_bound":374125.4866363943},"point_estimate":373656.50607260724,"standard_error":241.72780985554266},"std_dev":{"confidence_interval":{"confidence_level":0.95,"lower_bound":2535.7191146317696,"upper_bound":4635.335972985415},"point_estimate":3619.2819723064504,"standard_error":539.524670424225}}