{"mean":{"confidence_interval":{"confidence_level":0.95,"lower_bound":799961.783637697,"upper_bound":853479.2402284864},"point_estimate":827299.9589440519,"standard_error":13671.627085297307},"median":{"confidence_interval":{"confidence_level":0.95,"lower_bound":836291.8521634615,"upper_bound":927221.4632352941},"point_estimate":901340.0098148149,"standard_error":28226.61662901329},"median_abs_dev":{"confidence_interval":{"confidence_level":0.95,"lower_bound":44513.94689207459,"upper_bound":175675.14245462947},"point_estimate":83077.07679526057,"standard_error":38324.10382548656},"slope":{"confidence_interval":{"confidence_level":0.95,"lower_bound":692763.9962757205,"upper_bound":750269.3311014876},"point_estimate":719445.3069040934,"standard_error":14681.298741243238},"std_dev":{"confidence_interval":{"confidence_level":0.95,"lower_bound":122440.73920969378,"upper_bound":149071.50234644854},"point_estimate":137256.74826531377,"standard_error":6778.853823570341}}