{"mean":{"confidence_interval":{"confidence_level":0.95,"lower_bound":324137.24039662373,"upper_bound":325639.16576408123},"point_estimate":324821.58338484296,"standard_error":382.3927601049819},"median":{"confidence_interval":{"confidence_level":0.95,"lower_bound":323890.5870646766,"upper_bound":325119.55555555556},"point_estimate":324658.8112679211,"standard_error":283.67639104097407},"median_abs_dev":{"confidence_interval":{"confidence_level":0.95,"lower_bound":1625.3612288208628,"upper_bound":2674.5802236570253},"point_estimate":2013.682876067158,"standard_error":270.486295415899},"slope":{"confidence_interval":{"confidence_level":0.95,"lower_bound":324287.7883827803,"upper_bound":325208.4222841809},"point_estimate":324749.4661366435,"standard_error":234.478744510871},"std_dev":{"confidence_interval":{"confidence_level":0.95,"lower_bound":2066.855091379532,"upper_bound":5542.959621415765},"point_estimate":3828.3566290985873,"standard_error":924.1294156180683}}