{"mean":{"confidence_interval":{"confidence_level":0.95,"lower_bound":273713.0352011189,"upper_bound":275600.8616951517},"point_estimate":274579.6526794889,"standard_error":481.92815284150487},"median":{"confidence_interval":{"confidence_level":0.95,"lower_bound":273040.75925925927,"upper_bound":273942.1625},"point_estimate":273527.150493421,"standard_error":207.72785695199605},"median_abs_dev":{"confidence_interval":{"confidence_level":0.95,"lower_bound":1525.070282876334,"upper_bound":2533.6923137679755},"point_estimate":2099.370990878193,"standard_error":256.05634791011215},"slope":{"confidence_interval":{"confidence_level":0.95,"lower_bound":273122.61812749977,"upper_bound":275807.68961529003},"point_estimate":274307.7324900251,"standard_error":691.1517533055661},"std_dev":{"confidence_interval":{"confidence_level":0.95,"lower_bound":2875.4220789165834,"upper_bound":6470.668090243044},"point_estimate":4807.28062015346,"standard_error":920.6770017072193}}