{"mean":{"confidence_interval":{"confidence_level":0.95,"lower_bound":207203.9842884483,"upper_bound":208453.3028166195},"point_estimate":207820.65856798834,"standard_error":319.43581757016966},"median":{"confidence_interval":{"confidence_level":0.95,"lower_bound":207051.74545454545,"upper_bound":208770.70793650794},"point_estimate":207951.84745454544,"standard_error":432.5445747902755},"median_abs_dev":{"confidence_interval":{"confidence_level":0.95,"lower_bound":2299.3000011582167,"upper_bound":3573.0511105656487},"point_estimate":3060.203306337182,"standard_error":321.70109436567765},"slope":{"confidence_interval":{"confidence_level":0.95,"lower_bound":207281.7146116843,"upper_bound":208581.04040493676},"point_estimate":207939.38532584603,"standard_error":331.2085052122064},"std_dev":{"confidence_interval":{"confidence_level":0.95,"lower_bound":2601.0255745546306,"upper_bound":3823.9234680670997},"point_estimate":3203.4673446156858,"standard_error":314.96787280910803}}