{"mean":{"confidence_interval":{"confidence_level":0.95,"lower_bound":280093.84609575133,"upper_bound":281936.17499126686},"point_estimate":280971.00031461345,"standard_error":468.9949291949109},"median":{"confidence_interval":{"confidence_level":0.95,"lower_bound":279338.73096933187,"upper_bound":281151.5326086957},"point_estimate":280238.9746639785,"standard_error":426.5154067724231},"median_abs_dev":{"confidence_interval":{"confidence_level":0.95,"lower_bound":2430.9330890111687,"upper_bound":4690.380714456378},"point_estimate":4042.707190920886,"standard_error":601.0716280171908},"slope":{"confidence_interval":{"confidence_level":0.95,"lower_bound":279665.04796660977,"upper_bound":281445.79852226743},"point_estimate":280510.26756317425,"standard_error":453.51918293227834},"std_dev":{"confidence_interval":{"confidence_level":0.95,"lower_bound":3354.710918496996,"upper_bound":6233.11445599241},"point_estimate":4712.516504904301,"standard_error":771.7331138209578}}