{"mean":{"confidence_interval":{"confidence_level":0.95,"lower_bound":0.03500836380961854,"upper_bound":0.03815163539097135},"point_estimate":0.036594227635826426,"standard_error":0.0008027168372229958},"median":{"confidence_interval":{"confidence_level":0.95,"lower_bound":0.0350089827567076,"upper_bound":0.03783855592600525},"point_estimate":0.036716627155569226,"standard_error":0.0006977855650643792}}