{"mean":{"confidence_interval":{"confidence_level":0.95,"lower_bound":0.0643965418455662,"upper_bound":0.071481426438079},"point_estimate":0.06816057182398616,"standard_error":0.0018078985967893404},"median":{"confidence_interval":{"confidence_level":0.95,"lower_bound":0.06573071986589962,"upper_bound":0.07371986856235369},"point_estimate":0.0697394822140307,"standard_error":0.0021163123694504945}}