{"mean":{"confidence_interval":{"confidence_level":0.95,"lower_bound":0.018870600051152972,"upper_bound":0.02753393689142438},"point_estimate":0.02255878096879438,"standard_error":0.0022710886091300117},"median":{"confidence_interval":{"confidence_level":0.95,"lower_bound":0.015792520788632247,"upper_bound":0.02249575163523243},"point_estimate":0.018040465519579385,"standard_error":0.0017738484372938274}}