{"mean":{"confidence_interval":{"confidence_level":0.95,"lower_bound":477784.09049507,"upper_bound":481849.2563232153},"point_estimate":479575.30042158964,"standard_error":1046.6345277495436},"median":{"confidence_interval":{"confidence_level":0.95,"lower_bound":476864.6145833334,"upper_bound":478553.21718590404},"point_estimate":477727.89870129875,"standard_error":411.6899992194321},"median_abs_dev":{"confidence_interval":{"confidence_level":0.95,"lower_bound":2617.7565224209006,"upper_bound":4638.953544115696},"point_estimate":3795.8785055622507,"standard_error":527.2471418605097},"slope":{"confidence_interval":{"confidence_level":0.95,"lower_bound":476936.848462458,"upper_bound":480340.4255640532},"point_estimate":478375.24142899364,"standard_error":873.84554930958},"std_dev":{"confidence_interval":{"confidence_level":0.95,"lower_bound":4495.955126390279,"upper_bound":15762.030985009851},"point_estimate":10517.535761702246,"standard_error":2992.667055744377}}