{"mean":{"confidence_interval":{"confidence_level":0.95,"lower_bound":453565.7615986028,"upper_bound":456323.6325435134},"point_estimate":454760.3661712154,"standard_error":712.0107042919967},"median":{"confidence_interval":{"confidence_level":0.95,"lower_bound":453026.1125527426,"upper_bound":455106.5},"point_estimate":454192.17721088434,"standard_error":538.0521524286366},"median_abs_dev":{"confidence_interval":{"confidence_level":0.95,"lower_bound":2881.784578004781,"upper_bound":4537.034944616326},"point_estimate":3801.9000945861276,"standard_error":421.561905507595},"slope":{"confidence_interval":{"confidence_level":0.95,"lower_bound":453730.9558533186,"upper_bound":455355.1552122008},"point_estimate":454551.38515294815,"standard_error":414.1341277516919},"std_dev":{"confidence_interval":{"confidence_level":0.95,"lower_bound":3198.7201932897497,"upper_bound":11000.856865246114},"point_estimate":7137.011517932291,"standard_error":2251.64369218257}}