{"mean":{"confidence_interval":{"confidence_level":0.95,"lower_bound":214032.9123652059,"upper_bound":216246.3768824672},"point_estimate":215038.23621979737,"standard_error":565.4239545881496},"median":{"confidence_interval":{"confidence_level":0.95,"lower_bound":213849.69420289854,"upper_bound":214893.65428571426},"point_estimate":214476.93415789475,"standard_error":275.1815857829926},"median_abs_dev":{"confidence_interval":{"confidence_level":0.95,"lower_bound":1776.9029594209742,"upper_bound":3808.53508073792},"point_estimate":2538.584231211443,"standard_error":569.3769604645245},"slope":{"confidence_interval":{"confidence_level":0.95,"lower_bound":213235.91457887372,"upper_bound":215516.64479943644},"point_estimate":214259.35375912517,"standard_error":587.1784119691265},"std_dev":{"confidence_interval":{"confidence_level":0.95,"lower_bound":3094.5104525395413,"upper_bound":7978.299903880574},"point_estimate":5702.597797524732,"standard_error":1262.882349832666}}