{"mean":{"confidence_interval":{"confidence_level":0.95,"lower_bound":217218.85585783015,"upper_bound":218531.97792896884},"point_estimate":217785.3654353267,"standard_error":336.99441736287355},"median":{"confidence_interval":{"confidence_level":0.95,"lower_bound":217148.9847826087,"upper_bound":217768.42298850574},"point_estimate":217410.77066666668,"standard_error":146.2738326713225},"median_abs_dev":{"confidence_interval":{"confidence_level":0.95,"lower_bound":1235.1941736517788,"upper_bound":1973.947752641712},"point_estimate":1534.7322776793562,"standard_error":182.6513207212154},"slope":{"confidence_interval":{"confidence_level":0.95,"lower_bound":217430.92127993674,"upper_bound":217970.2464310801},"point_estimate":217703.48081099454,"standard_error":137.51141795508318},"std_dev":{"confidence_interval":{"confidence_level":0.95,"lower_bound":1621.8101499253758,"upper_bound":5209.835042329064},"point_estimate":3382.1139746118024,"standard_error":1113.1553984044176}}