{"mean":{"confidence_interval":{"confidence_level":0.95,"lower_bound":228019.2436985121,"upper_bound":229489.21423213976},"point_estimate":228699.10004545082,"standard_error":374.66179578148143},"median":{"confidence_interval":{"confidence_level":0.95,"lower_bound":227553.12875323556,"upper_bound":228794.11733333333},"point_estimate":228292.88852878465,"standard_error":346.27779448286776},"median_abs_dev":{"confidence_interval":{"confidence_level":0.95,"lower_bound":1971.9777482220861,"upper_bound":3141.247626643458},"point_estimate":2562.482837122222,"standard_error":303.668546070775},"slope":{"confidence_interval":{"confidence_level":0.95,"lower_bound":226938.9252663999,"upper_bound":228046.75889365442},"point_estimate":227484.31785665732,"standard_error":281.874180902616},"std_dev":{"confidence_interval":{"confidence_level":0.95,"lower_bound":2490.1594085076194,"upper_bound":5222.037276383766},"point_estimate":3765.9860745297196,"standard_error":780.5263863174644}}