{"mean":{"confidence_interval":{"confidence_level":0.95,"lower_bound":721949.5459955678,"upper_bound":723592.8445833157},"point_estimate":722737.4354020713,"standard_error":419.1602498390851},"median":{"confidence_interval":{"confidence_level":0.95,"lower_bound":721517.7843137255,"upper_bound":723377.96875},"point_estimate":722180.687595964,"standard_error":475.70629869517944},"median_abs_dev":{"confidence_interval":{"confidence_level":0.95,"lower_bound":2629.394007775398,"upper_bound":3955.3675772781417},"point_estimate":3356.2926784008782,"standard_error":327.30269317438183},"slope":{"confidence_interval":{"confidence_level":0.95,"lower_bound":721161.039765022,"upper_bound":722714.8608438422},"point_estimate":721927.8903044185,"standard_error":396.57038656555784},"std_dev":{"confidence_interval":{"confidence_level":0.95,"lower_bound":2944.622869301581,"upper_bound":5492.411054392801},"point_estimate":4214.249862999764,"standard_error":661.7175947218601}}