{"mean":{"confidence_interval":{"confidence_level":0.95,"lower_bound":280154.8107614147,"upper_bound":281206.2699348959},"point_estimate":280695.44105294504,"standard_error":266.90895722623424},"median":{"confidence_interval":{"confidence_level":0.95,"lower_bound":280252.02618927124,"upper_bound":281245.59803921566},"point_estimate":280713.46142344497,"standard_error":282.5801588988923},"median_abs_dev":{"confidence_interval":{"confidence_level":0.95,"lower_bound":1318.450129785325,"upper_bound":2446.8664882657126},"point_estimate":1909.5475738719053,"standard_error":286.3566104487059},"slope":{"confidence_interval":{"confidence_level":0.95,"lower_bound":280158.1644832532,"upper_bound":281001.1429382774},"point_estimate":280586.23509014334,"standard_error":215.25399284440377},"std_dev":{"confidence_interval":{"confidence_level":0.95,"lower_bound":1865.6166851221049,"upper_bound":3549.4326157482706},"point_estimate":2683.3864915397553,"standard_error":442.3411902954822}}