{"mean":{"confidence_interval":{"confidence_level":0.95,"lower_bound":478049.9109930155,"upper_bound":479772.2660790921},"point_estimate":478929.6298511155,"standard_error":438.3969683093358},"median":{"confidence_interval":{"confidence_level":0.95,"lower_bound":478491.0689056758,"upper_bound":479695.9888784461},"point_estimate":479196.2418831169,"standard_error":316.5628584579046},"median_abs_dev":{"confidence_interval":{"confidence_level":0.95,"lower_bound":2307.2548577963394,"upper_bound":3564.45985210365},"point_estimate":2888.393310175314,"standard_error":325.65151197418334},"slope":{"confidence_interval":{"confidence_level":0.95,"lower_bound":478102.4589852516,"upper_bound":479501.04580988473},"point_estimate":478769.59907492244,"standard_error":356.95166788770644},"std_dev":{"confidence_interval":{"confidence_level":0.95,"lower_bound":3218.8812393634685,"upper_bound":5638.8626694811},"point_estimate":4418.023837489631,"standard_error":629.2899703281109}}