{"mean":{"confidence_interval":{"confidence_level":0.95,"lower_bound":510784.7461221577,"upper_bound":513224.25602821336},"point_estimate":511943.04682284745,"standard_error":624.2118048282338},"median":{"confidence_interval":{"confidence_level":0.95,"lower_bound":509528.4210809647,"upper_bound":511157.72420634923},"point_estimate":510304.79418604646,"standard_error":419.98469723245904},"median_abs_dev":{"confidence_interval":{"confidence_level":0.95,"lower_bound":2453.8920303431332,"upper_bound":4368.036850391736},"point_estimate":3383.657479578572,"standard_error":488.61547002158403},"slope":{"confidence_interval":{"confidence_level":0.95,"lower_bound":510953.687082475,"upper_bound":513187.7971266185},"point_estimate":512010.3187128713,"standard_error":571.2470805965816},"std_dev":{"confidence_interval":{"confidence_level":0.95,"lower_bound":4567.862237907766,"upper_bound":7689.601476813092},"point_estimate":6242.115120832085,"standard_error":796.169168463536}}