{"mean":{"confidence_interval":{"confidence_level":0.95,"lower_bound":261686.11784494077,"upper_bound":262895.39907687885},"point_estimate":262240.1264293494,"standard_error":308.7539234696733},"median":{"confidence_interval":{"confidence_level":0.95,"lower_bound":261229.11042542016,"upper_bound":262219.22857142857},"point_estimate":261812.2708333333,"standard_error":243.70541374036034},"median_abs_dev":{"confidence_interval":{"confidence_level":0.95,"lower_bound":1356.4438176753858,"upper_bound":2450.0187424211936},"point_estimate":1888.1855816264617,"standard_error":277.98471408794956},"slope":{"confidence_interval":{"confidence_level":0.95,"lower_bound":261203.93099100573,"upper_bound":262370.8687843998},"point_estimate":261766.71623319047,"standard_error":297.1817205334589},"std_dev":{"confidence_interval":{"confidence_level":0.95,"lower_bound":1938.6238333857457,"upper_bound":4423.976090097766},"point_estimate":3096.213113527803,"standard_error":741.8334042897313}}