{"mean":{"confidence_interval":{"confidence_level":0.95,"lower_bound":299150.7535776349,"upper_bound":300570.6316778943},"point_estimate":299878.1697891323,"standard_error":362.51018245133196},"median":{"confidence_interval":{"confidence_level":0.95,"lower_bound":299328.5028111302,"upper_bound":300425.1590909091},"point_estimate":299764.3780048077,"standard_error":288.13439825290095},"median_abs_dev":{"confidence_interval":{"confidence_level":0.95,"lower_bound":2298.5097450266817,"upper_bound":3618.577779435581},"point_estimate":3105.881451038546,"standard_error":333.0258044639027},"slope":{"confidence_interval":{"confidence_level":0.95,"lower_bound":299605.8397997921,"upper_bound":300782.0756827298},"point_estimate":300177.77429289196,"standard_error":300.88774163732364},"std_dev":{"confidence_interval":{"confidence_level":0.95,"lower_bound":2681.4492528485785,"upper_bound":4704.28065927023},"point_estimate":3642.615616357795,"standard_error":535.9929604459334}}