{"mean":{"confidence_interval":{"confidence_level":0.95,"lower_bound":251866.65786645413,"upper_bound":253248.13739694926},"point_estimate":252507.471117027,"standard_error":351.7536831642494},"median":{"confidence_interval":{"confidence_level":0.95,"lower_bound":251704.68132978724,"upper_bound":252384.5066012597},"point_estimate":251975.60849973198,"standard_error":171.89411392373668},"median_abs_dev":{"confidence_interval":{"confidence_level":0.95,"lower_bound":1315.3915240646027,"upper_bound":2162.1192218002557},"point_estimate":1660.5116800487497,"standard_error":215.73467718407926},"slope":{"confidence_interval":{"confidence_level":0.95,"lower_bound":251709.61913233786,"upper_bound":252346.31291837821},"point_estimate":252022.16061400916,"standard_error":162.79709705331499},"std_dev":{"confidence_interval":{"confidence_level":0.95,"lower_bound":2142.5391235745465,"upper_bound":4865.125398148983},"point_estimate":3548.116136234644,"standard_error":705.5208394608106}}