{"mean":{"confidence_interval":{"confidence_level":0.95,"lower_bound":0.027900310664821817,"upper_bound":0.03427465832010397},"point_estimate":0.03065285120323291,"standard_error":0.001650901524089329},"median":{"confidence_interval":{"confidence_level":0.95,"lower_bound":0.025328493274696218,"upper_bound":0.02893991355415526},"point_estimate":0.02725404291550193,"standard_error":0.0009682041408587416}}