{"mean":{"confidence_interval":{"confidence_level":0.95,"lower_bound":0.0017392434306224504,"upper_bound":0.006463646719418869},"point_estimate":0.0040293104264170765,"standard_error":0.0012000648785852586},"median":{"confidence_interval":{"confidence_level":0.95,"lower_bound":0.001782243899101088,"upper_bound":0.00598933863348261},"point_estimate":0.003434118127882302,"standard_error":0.001067320968098921}}