{"mean":{"confidence_interval":{"confidence_level":0.95,"lower_bound":251604.98851718102,"upper_bound":252480.45321842996},"point_estimate":252042.46948414604,"standard_error":223.1507608958896},"median":{"confidence_interval":{"confidence_level":0.95,"lower_bound":251473.601010101,"upper_bound":252404.41},"point_estimate":251906.3617766727,"standard_error":211.1889689410896},"median_abs_dev":{"confidence_interval":{"confidence_level":0.95,"lower_bound":1465.2794884854306,"upper_bound":2704.97379220534},"point_estimate":2111.680487861144,"standard_error":302.11776542258457},"slope":{"confidence_interval":{"confidence_level":0.95,"lower_bound":251891.27747799444,"upper_bound":252792.9966323472},"point_estimate":252338.25264297324,"standard_error":230.04247904950788},"std_dev":{"confidence_interval":{"confidence_level":0.95,"lower_bound":1906.8763594163756,"upper_bound":2573.062471167979},"point_estimate":2252.3889942525666,"standard_error":169.74291854576578}}