{"mean":{"confidence_interval":{"confidence_level":0.95,"lower_bound":256355.08108036194,"upper_bound":257813.50343496082},"point_estimate":257040.70967974284,"standard_error":371.74433056789223},"median":{"confidence_interval":{"confidence_level":0.95,"lower_bound":255742.4419642857,"upper_bound":257064.59113331645},"point_estimate":256599.90789473685,"standard_error":360.84078863167395},"median_abs_dev":{"confidence_interval":{"confidence_level":0.95,"lower_bound":1720.4571913571235,"upper_bound":2690.8163396507043},"point_estimate":2199.500071451062,"standard_error":250.0930564946673},"slope":{"confidence_interval":{"confidence_level":0.95,"lower_bound":256206.45406613027,"upper_bound":257961.46282767667},"point_estimate":256966.56868479386,"standard_error":452.38362143106826},"std_dev":{"confidence_interval":{"confidence_level":0.95,"lower_bound":2492.5704168982998,"upper_bound":4850.14245538918},"point_estimate":3751.6223811122604,"standard_error":602.1065515495976}}