{"mean":{"confidence_interval":{"confidence_level":0.95,"lower_bound":317823.908494012,"upper_bound":319244.6788759159},"point_estimate":318475.0910092136,"standard_error":363.4213364868292},"median":{"confidence_interval":{"confidence_level":0.95,"lower_bound":317786.1979166667,"upper_bound":318678.601911512},"point_estimate":318219.4902777778,"standard_error":199.47720931530765},"median_abs_dev":{"confidence_interval":{"confidence_level":0.95,"lower_bound":1288.5884454627826,"upper_bound":2385.700120683734},"point_estimate":1925.0488175596836,"standard_error":290.24231843138654},"slope":{"confidence_interval":{"confidence_level":0.95,"lower_bound":317994.49297457136,"upper_bound":318877.72469652636},"point_estimate":318421.7999970445,"standard_error":225.49320462438672},"std_dev":{"confidence_interval":{"confidence_level":0.95,"lower_bound":1981.9792454339668,"upper_bound":5104.445131415913},"point_estimate":3641.1170028945294,"standard_error":812.274348184397}}