{"mean":{"confidence_interval":{"confidence_level":0.95,"lower_bound":319099.4360682483,"upper_bound":320972.2727831603},"point_estimate":320064.4506749852,"standard_error":475.95959125024103},"median":{"confidence_interval":{"confidence_level":0.95,"lower_bound":320710.24171401514,"upper_bound":322091.2426075269},"point_estimate":321426.514957265,"standard_error":416.83700345446675},"median_abs_dev":{"confidence_interval":{"confidence_level":0.95,"lower_bound":2075.0197700819344,"upper_bound":4160.145902581226},"point_estimate":2975.64371575001,"standard_error":561.4486091272886},"slope":{"confidence_interval":{"confidence_level":0.95,"lower_bound":317879.8292746687,"upper_bound":320321.8319827621},"point_estimate":319152.1471198463,"standard_error":624.6897701980894},"std_dev":{"confidence_interval":{"confidence_level":0.95,"lower_bound":3848.085066292438,"upper_bound":5610.095226203981},"point_estimate":4789.806850751253,"standard_error":449.98423996789495}}