{"mean":{"confidence_interval":{"confidence_level":0.95,"lower_bound":272243.84734025446,"upper_bound":275744.16244893754},"point_estimate":273861.6537095421,"standard_error":899.8707971120499},"median":{"confidence_interval":{"confidence_level":0.95,"lower_bound":270991.15098566306,"upper_bound":272062.42},"point_estimate":271345.90726669517,"standard_error":284.1503294330216},"median_abs_dev":{"confidence_interval":{"confidence_level":0.95,"lower_bound":1813.1769683282414,"upper_bound":3775.8650815493916},"point_estimate":2662.0740918834904,"standard_error":477.19359134093844},"slope":{"confidence_interval":{"confidence_level":0.95,"lower_bound":272674.82963836443,"upper_bound":275730.48522193474},"point_estimate":274041.35294517514,"standard_error":782.9338958604366},"std_dev":{"confidence_interval":{"confidence_level":0.95,"lower_bound":5465.527232442321,"upper_bound":11774.906144970482},"point_estimate":9031.079627394813,"standard_error":1604.5662657155278}}