{"mean":{"confidence_interval":{"confidence_level":0.95,"lower_bound":207541.43387478153,"upper_bound":208638.5689486744},"point_estimate":208063.2358311046,"standard_error":279.50985831219975},"median":{"confidence_interval":{"confidence_level":0.95,"lower_bound":206897.86832579185,"upper_bound":207829.6037280702},"point_estimate":207504.48677018634,"standard_error":257.78948594389647},"median_abs_dev":{"confidence_interval":{"confidence_level":0.95,"lower_bound":1390.3727243159483,"upper_bound":2651.2032889441803},"point_estimate":2078.468404874369,"standard_error":318.8794285737418},"slope":{"confidence_interval":{"confidence_level":0.95,"lower_bound":207190.16967678966,"upper_bound":208099.15112940106},"point_estimate":207625.66969055712,"standard_error":231.59633210674818},"std_dev":{"confidence_interval":{"confidence_level":0.95,"lower_bound":2076.3449344609085,"upper_bound":3663.1713217556626},"point_estimate":2815.5420055943323,"standard_error":432.92840001036865}}