{"mean":{"confidence_interval":{"confidence_level":0.95,"lower_bound":235009.21678585213,"upper_bound":235958.33339757926},"point_estimate":235458.45566571003,"standard_error":242.03836770857174},"median":{"confidence_interval":{"confidence_level":0.95,"lower_bound":234706.46419753088,"upper_bound":235244.64970731706},"point_estimate":234898.1392535211,"standard_error":144.22609980161525},"median_abs_dev":{"confidence_interval":{"confidence_level":0.95,"lower_bound":1190.156274838245,"upper_bound":1798.720095778256},"point_estimate":1448.8329923922786,"standard_error":154.45086512046726},"slope":{"confidence_interval":{"confidence_level":0.95,"lower_bound":234412.36622711242,"upper_bound":234932.90048655734},"point_estimate":234664.64340121177,"standard_error":132.49484948439817},"std_dev":{"confidence_interval":{"confidence_level":0.95,"lower_bound":1685.8325491721798,"upper_bound":3114.396198845704},"point_estimate":2429.368629749909,"standard_error":365.6730568905124}}