{"mean":{"confidence_interval":{"confidence_level":0.95,"lower_bound":218815.27260799657,"upper_bound":220467.44892920376},"point_estimate":219526.85904401113,"standard_error":424.80097550704573},"median":{"confidence_interval":{"confidence_level":0.95,"lower_bound":218678.43136363637,"upper_bound":219492.85555555555},"point_estimate":218978.72131773693,"standard_error":192.2211553508737},"median_abs_dev":{"confidence_interval":{"confidence_level":0.95,"lower_bound":1298.2006377004004,"upper_bound":2514.3462373614557},"point_estimate":1770.379114944481,"standard_error":324.9608592240385},"slope":{"confidence_interval":{"confidence_level":0.95,"lower_bound":218925.64841617647,"upper_bound":219901.60308729747},"point_estimate":219415.78393024975,"standard_error":249.53084011683282},"std_dev":{"confidence_interval":{"confidence_level":0.95,"lower_bound":1995.6707399395066,"upper_bound":6597.385815189982},"point_estimate":4275.609351735565,"standard_error":1391.6238691925753}}