{"mean":{"confidence_interval":{"confidence_level":0.95,"lower_bound":222369.1501987326,"upper_bound":223653.38935629537},"point_estimate":222986.11955534702,"standard_error":327.537805742208},"median":{"confidence_interval":{"confidence_level":0.95,"lower_bound":221998.785,"upper_bound":223386.76888888888},"point_estimate":222895.09240196078,"standard_error":333.11106555233715},"median_abs_dev":{"confidence_interval":{"confidence_level":0.95,"lower_bound":1933.8560228532072,"upper_bound":3021.510246893615},"point_estimate":2548.675850216797,"standard_error":275.46826572802496},"slope":{"confidence_interval":{"confidence_level":0.95,"lower_bound":222728.66365333175,"upper_bound":223915.7520392646},"point_estimate":223329.63550465493,"standard_error":303.3344304159723},"std_dev":{"confidence_interval":{"confidence_level":0.95,"lower_bound":2387.3744455772908,"upper_bound":4263.361005488661},"point_estimate":3290.0041213464015,"standard_error":494.4413685749733}}