{"mean":{"confidence_interval":{"confidence_level":0.95,"lower_bound":2461682.1999642868,"upper_bound":2470865.4547499996},"point_estimate":2466219.5109523805,"standard_error":2337.925740830376},"median":{"confidence_interval":{"confidence_level":0.95,"lower_bound":2461629.404761905,"upper_bound":2472199.3571428573},"point_estimate":2466421.5,"standard_error":2895.1210116424177},"median_abs_dev":{"confidence_interval":{"confidence_level":0.95,"lower_bound":17794.562891583628,"upper_bound":31895.314433745534},"point_estimate":23340.35958562598,"standard_error":3610.8464501761573},"slope":null,"std_dev":{"confidence_interval":{"confidence_level":0.95,"lower_bound":20364.370997589718,"upper_bound":26233.94863187745},"point_estimate":23465.74281113953,"standard_error":1502.5799663652042}}