{"mean":{"confidence_interval":{"confidence_level":0.95,"lower_bound":1915472.718170454,"upper_bound":1925097.9815795452},"point_estimate":1919016.028636364,"standard_error":2746.232248541313},"median":{"confidence_interval":{"confidence_level":0.95,"lower_bound":1914478.2727272727,"upper_bound":1917280.1818181819},"point_estimate":1915811.8409090908,"standard_error":750.2190814332184},"median_abs_dev":{"confidence_interval":{"confidence_level":0.95,"lower_bound":3520.7032011314814,"upper_bound":6753.411357375897},"point_estimate":4650.848726522074,"standard_error":818.8770342016915},"slope":null,"std_dev":{"confidence_interval":{"confidence_level":0.95,"lower_bound":4960.741846864347,"upper_bound":46765.27462609401},"point_estimate":27605.075819897236,"standard_error":14658.472932769211}}