{"mean":{"confidence_interval":{"confidence_level":0.95,"lower_bound":2964975.6578676477,"upper_bound":2972791.9874558835},"point_estimate":2968726.2952941167,"standard_error":1998.818180238052},"median":{"confidence_interval":{"confidence_level":0.95,"lower_bound":2961268.3529411764,"upper_bound":2970203.0},"point_estimate":2964431.823529412,"standard_error":1975.3271646883502},"median_abs_dev":{"confidence_interval":{"confidence_level":0.95,"lower_bound":12697.500723985946,"upper_bound":20340.791974173157},"point_estimate":16599.79978764744,"standard_error":1964.492830843047},"slope":null,"std_dev":{"confidence_interval":{"confidence_level":0.95,"lower_bound":14852.484823060084,"upper_bound":25698.791122868544},"point_estimate":20133.995810490356,"standard_error":2848.2981981328758}}