{"mean":{"confidence_interval":{"confidence_level":0.95,"lower_bound":3250853.5313750007,"upper_bound":3262379.722910713},"point_estimate":3255357.1421428574,"standard_error":3081.559968992795},"median":{"confidence_interval":{"confidence_level":0.95,"lower_bound":3249062.714285714,"upper_bound":3254212.0},"point_estimate":3252664.7142857146,"standard_error":1086.1250613474901},"median_abs_dev":{"confidence_interval":{"confidence_level":0.95,"lower_bound":8921.439441612887,"upper_bound":14329.312860604212},"point_estimate":11364.446498240794,"standard_error":1286.4659195691895},"slope":null,"std_dev":{"confidence_interval":{"confidence_level":0.95,"lower_bound":9418.11780711272,"upper_bound":51033.15557644354},"point_estimate":30941.331569576032,"standard_error":14010.206860167034}}