{"mean":{"confidence_interval":{"confidence_level":0.95,"lower_bound":211974.53345352982,"upper_bound":213085.99384602133},"point_estimate":212500.3117596022,"standard_error":283.13086030425666},"median":{"confidence_interval":{"confidence_level":0.95,"lower_bound":211443.4659489633,"upper_bound":212418.15588235293},"point_estimate":211892.51034115138,"standard_error":270.6185477445544},"median_abs_dev":{"confidence_interval":{"confidence_level":0.95,"lower_bound":1445.0089241187015,"upper_bound":2491.331016725903},"point_estimate":1828.6814867917687,"standard_error":271.0572955692551},"slope":{"confidence_interval":{"confidence_level":0.95,"lower_bound":211570.88721814207,"upper_bound":212414.58921918907},"point_estimate":211980.23033486036,"standard_error":214.7462207659562},"std_dev":{"confidence_interval":{"confidence_level":0.95,"lower_bound":1971.4407848670705,"upper_bound":3826.3265853405987},"point_estimate":2851.654020505416,"standard_error":501.62880993954417}}