{"mean":{"confidence_interval":{"confidence_level":0.95,"lower_bound":323143.6130260335,"upper_bound":324161.78999771073},"point_estimate":323636.7994914518,"standard_error":259.08419475296637},"median":{"confidence_interval":{"confidence_level":0.95,"lower_bound":322725.61079545453,"upper_bound":323630.6096491228},"point_estimate":323059.6255660377,"standard_error":239.4042917381138},"median_abs_dev":{"confidence_interval":{"confidence_level":0.95,"lower_bound":1317.7657441049785,"upper_bound":2175.532496320422},"point_estimate":1634.2654996947617,"standard_error":217.98431282443448},"slope":{"confidence_interval":{"confidence_level":0.95,"lower_bound":322838.82184637483,"upper_bound":323780.21619978314},"point_estimate":323278.53390571894,"standard_error":239.8151039530495},"std_dev":{"confidence_interval":{"confidence_level":0.95,"lower_bound":1971.1566728418106,"upper_bound":3181.6147962669543},"point_estimate":2607.959889458087,"standard_error":310.00500888767647}}