{"mean":{"confidence_interval":{"confidence_level":0.95,"lower_bound":0.016922659326527364,"upper_bound":0.020458034407499864},"point_estimate":0.01879321755716301,"standard_error":0.0009026991888802325},"median":{"confidence_interval":{"confidence_level":0.95,"lower_bound":0.018499968379854792,"upper_bound":0.020490180749556552},"point_estimate":0.019732653559143554,"standard_error":0.000542633732384956}}