{"mean":{"confidence_interval":{"confidence_level":0.95,"lower_bound":0.06308945653784603,"upper_bound":0.06583510282410815},"point_estimate":0.06441972576941835,"standard_error":0.0006924850515927827},"median":{"confidence_interval":{"confidence_level":0.95,"lower_bound":0.06289893963405047,"upper_bound":0.06469918367742689},"point_estimate":0.06367225369834006,"standard_error":0.00045260897719996083}}