{"mean":{"confidence_interval":{"confidence_level":0.95,"lower_bound":0.06600923693623663,"upper_bound":0.07233559385989648},"point_estimate":0.06934123572755646,"standard_error":0.0015884052066973884},"median":{"confidence_interval":{"confidence_level":0.95,"lower_bound":0.055851900897290196,"upper_bound":0.08036402613664984},"point_estimate":0.07248349108776564,"standard_error":0.008639041450214737}}