{"mean":{"confidence_interval":{"confidence_level":0.95,"lower_bound":0.07220360696248102,"upper_bound":0.07514142984344985},"point_estimate":0.07359131223377324,"standard_error":0.0007422947881655725},"median":{"confidence_interval":{"confidence_level":0.95,"lower_bound":0.07242083543754485,"upper_bound":0.07477207294815824},"point_estimate":0.07382841967961173,"standard_error":0.0006385334705390004}}