{"mean":{"confidence_interval":{"confidence_level":0.95,"lower_bound":240776.5589349906,"upper_bound":242973.56917848502},"point_estimate":241680.0602405934,"standard_error":572.4096350564045},"median":{"confidence_interval":{"confidence_level":0.95,"lower_bound":240381.50636761842,"upper_bound":241235.875},"point_estimate":240749.12635658914,"standard_error":229.0832187380608},"median_abs_dev":{"confidence_interval":{"confidence_level":0.95,"lower_bound":1357.5718795201888,"upper_bound":2185.5400027614214},"point_estimate":1720.000363167347,"standard_error":206.0751709164988},"slope":{"confidence_interval":{"confidence_level":0.95,"lower_bound":240693.46355644354,"upper_bound":241748.3070354756},"point_estimate":241196.80298729127,"standard_error":268.8401461570329},"std_dev":{"confidence_interval":{"confidence_level":0.95,"lower_bound":2096.0674863667696,"upper_bound":9282.863870355684},"point_estimate":5788.445939617968,"standard_error":2255.3821345669885}}