{"mean":{"confidence_interval":{"confidence_level":0.95,"lower_bound":294356.67544209457,"upper_bound":295719.02396155323},"point_estimate":295015.46174264746,"standard_error":348.32072569949065},"median":{"confidence_interval":{"confidence_level":0.95,"lower_bound":293649.0071428571,"upper_bound":294968.6701388889},"point_estimate":294164.25588235294,"standard_error":318.5975652998813},"median_abs_dev":{"confidence_interval":{"confidence_level":0.95,"lower_bound":2169.6222402315016,"upper_bound":3518.2740273872387},"point_estimate":3035.7634256257143,"standard_error":336.7658360335098},"slope":{"confidence_interval":{"confidence_level":0.95,"lower_bound":294024.4170623545,"upper_bound":295346.2240670334},"point_estimate":294661.9228424708,"standard_error":336.71238911199583},"std_dev":{"confidence_interval":{"confidence_level":0.95,"lower_bound":2714.6259451708765,"upper_bound":4200.804288920833},"point_estimate":3484.770668967779,"standard_error":381.2569993961445}}