{"mean":{"confidence_interval":{"confidence_level":0.95,"lower_bound":2321.1317861934745,"upper_bound":2334.460260694122},"point_estimate":2326.262535975488,"standard_error":3.5610041414449998},"median":{"confidence_interval":{"confidence_level":0.95,"lower_bound":2317.9599579831934,"upper_bound":2322.4167396794783},"point_estimate":2320.13251714105,"standard_error":1.2063448136150434},"median_abs_dev":{"confidence_interval":{"confidence_level":0.95,"lower_bound":6.032102295004571,"upper_bound":10.22021319316759},"point_estimate":7.4774893099804975,"standard_error":1.0280712564523207},"slope":{"confidence_interval":{"confidence_level":0.95,"lower_bound":2318.4920658245624,"upper_bound":2325.899595661859},"point_estimate":2321.7528649310234,"standard_error":1.9027204834504152},"std_dev":{"confidence_interval":{"confidence_level":0.95,"lower_bound":9.310794009155646,"upper_bound":59.04385960649561},"point_estimate":35.70902497582522,"standard_error":16.358856511923594}}