{"mean":{"confidence_interval":{"confidence_level":0.95,"lower_bound":2188.1405855229714,"upper_bound":2207.026656295217},"point_estimate":2196.3696680697594,"standard_error":4.845038703711687},"median":{"confidence_interval":{"confidence_level":0.95,"lower_bound":2184.412768647282,"upper_bound":2186.909203539823},"point_estimate":2185.4855237227634,"standard_error":0.628804152932664},"median_abs_dev":{"confidence_interval":{"confidence_level":0.95,"lower_bound":3.5909485474929923,"upper_bound":7.039621437773471},"point_estimate":4.645786423096765,"standard_error":0.9137470023145514},"slope":{"confidence_interval":{"confidence_level":0.95,"lower_bound":2186.07842712912,"upper_bound":2190.529189645241},"point_estimate":2188.2073957754383,"standard_error":1.138504143711387},"std_dev":{"confidence_interval":{"confidence_level":0.95,"lower_bound":8.477557770456407,"upper_bound":72.44503690449488},"point_estimate":48.7674867691258,"standard_error":15.208008329314294}}