{"mean":{"confidence_interval":{"confidence_level":0.95,"lower_bound":2899295.529557692,"upper_bound":2902545.7225384614},"point_estimate":2900916.7092307694,"standard_error":830.3126157578571},"median":{"confidence_interval":{"confidence_level":0.95,"lower_bound":2898860.076923077,"upper_bound":2902511.153846154},"point_estimate":2900859.6923076925,"standard_error":768.4079274273859},"median_abs_dev":{"confidence_interval":{"confidence_level":0.95,"lower_bound":5009.648287983988,"upper_bound":8984.89797894803},"point_estimate":7179.775487918386,"standard_error":1088.8393304985623},"slope":null,"std_dev":{"confidence_interval":{"confidence_level":0.95,"lower_bound":7107.165623063033,"upper_bound":9459.120694179808},"point_estimate":8349.89911720714,"standard_error":602.6255453165046}}