{"mean":{"confidence_interval":{"confidence_level":0.95,"lower_bound":853383.822188182,"upper_bound":856068.2399902884},"point_estimate":854644.1357195775,"standard_error":686.2480115533724},"median":{"confidence_interval":{"confidence_level":0.95,"lower_bound":852339.75,"upper_bound":853767.1515151515},"point_estimate":852788.416252073,"standard_error":355.5862120760604},"median_abs_dev":{"confidence_interval":{"confidence_level":0.95,"lower_bound":2203.8469210227386,"upper_bound":4137.56362420157},"point_estimate":2999.013364192836,"standard_error":514.2962623472686},"slope":{"confidence_interval":{"confidence_level":0.95,"lower_bound":852422.2172231487,"upper_bound":855848.8435044652},"point_estimate":853826.4170237919,"standard_error":900.7278655431984},"std_dev":{"confidence_interval":{"confidence_level":0.95,"lower_bound":4440.216286850997,"upper_bound":8930.848043896196},"point_estimate":6873.328631028957,"standard_error":1146.3365858334896}}