{"mean":{"confidence_interval":{"confidence_level":0.95,"lower_bound":176398.27530396462,"upper_bound":177302.25506076828},"point_estimate":176839.58092770848,"standard_error":230.28499876734074},"median":{"confidence_interval":{"confidence_level":0.95,"lower_bound":176225.80902777778,"upper_bound":177183.0},"point_estimate":176568.00694444444,"standard_error":280.77585769204774},"median_abs_dev":{"confidence_interval":{"confidence_level":0.95,"lower_bound":1349.7830200365975,"upper_bound":2266.201994466332},"point_estimate":1597.7203213400599,"standard_error":247.7955082370842},"slope":{"confidence_interval":{"confidence_level":0.95,"lower_bound":176364.32209966393,"upper_bound":177311.54844345158},"point_estimate":176832.90146445986,"standard_error":241.00035167701841},"std_dev":{"confidence_interval":{"confidence_level":0.95,"lower_bound":1846.6104632647846,"upper_bound":2752.1574653421517},"point_estimate":2318.6868500449827,"standard_error":231.39314181657235}}