{"mean":{"confidence_interval":{"confidence_level":0.95,"lower_bound":-0.2930343489660909,"upper_bound":-0.2874292399922151},"point_estimate":-0.29021587071541155,"standard_error":0.0014295195886222098},"median":{"confidence_interval":{"confidence_level":0.95,"lower_bound":-0.29499065096205757,"upper_bound":-0.2916521838614786},"point_estimate":-0.2931272356436072,"standard_error":0.0008184059687311973}}