{"mean":{"confidence_interval":{"confidence_level":0.95,"lower_bound":261896.39586392383,"upper_bound":264471.47578130884},"point_estimate":263106.007824789,"standard_error":657.4686169357756},"median":{"confidence_interval":{"confidence_level":0.95,"lower_bound":261115.16279069768,"upper_bound":263563.1766666667},"point_estimate":262232.0514802631,"standard_error":676.9429404300839},"median_abs_dev":{"confidence_interval":{"confidence_level":0.95,"lower_bound":3357.2346459290916,"upper_bound":5576.918574114034},"point_estimate":4214.791203842855,"standard_error":590.4394546249051},"slope":{"confidence_interval":{"confidence_level":0.95,"lower_bound":260237.33160905098,"upper_bound":262174.1151890017},"point_estimate":261189.29399364564,"standard_error":494.8797904209892},"std_dev":{"confidence_interval":{"confidence_level":0.95,"lower_bound":4146.765310026415,"upper_bound":8762.612820986666},"point_estimate":6592.468215853434,"standard_error":1172.690757472057}}