{"mean":{"confidence_interval":{"confidence_level":0.95,"lower_bound":289273.5505336594,"upper_bound":290463.02504555887},"point_estimate":289858.0342646647,"standard_error":303.4894184900024},"median":{"confidence_interval":{"confidence_level":0.95,"lower_bound":288873.4154589372,"upper_bound":290359.6671319375},"point_estimate":289384.58423913043,"standard_error":369.8560775996458},"median_abs_dev":{"confidence_interval":{"confidence_level":0.95,"lower_bound":2422.1116971912643,"upper_bound":3514.2239149092043},"point_estimate":2940.0187620199285,"standard_error":278.7544476203153},"slope":{"confidence_interval":{"confidence_level":0.95,"lower_bound":288725.2755486871,"upper_bound":290187.563936786},"point_estimate":289437.7835840599,"standard_error":372.89961486540176},"std_dev":{"confidence_interval":{"confidence_level":0.95,"lower_bound":2550.8904856158724,"upper_bound":3531.2426379319127},"point_estimate":3057.735752640778,"standard_error":250.21462541767127}}