{"mean":{"confidence_interval":{"confidence_level":0.95,"lower_bound":476384.486085649,"upper_bound":477675.80124331615},"point_estimate":477031.2947090952,"standard_error":330.5198810683546},"median":{"confidence_interval":{"confidence_level":0.95,"lower_bound":476157.2121212121,"upper_bound":477863.13653846155},"point_estimate":477171.54941860464,"standard_error":472.6779484487932},"median_abs_dev":{"confidence_interval":{"confidence_level":0.95,"lower_bound":2305.1614076328933,"upper_bound":3840.879587905183},"point_estimate":3196.2654139109613,"standard_error":386.325215130769},"slope":{"confidence_interval":{"confidence_level":0.95,"lower_bound":476952.9095645318,"upper_bound":478277.54734492814},"point_estimate":477582.97281956556,"standard_error":337.6288679661165},"std_dev":{"confidence_interval":{"confidence_level":0.95,"lower_bound":2778.595633505898,"upper_bound":3802.9975476187637},"point_estimate":3311.7251526702507,"standard_error":262.3513401368967}}