{"mean":{"confidence_interval":{"confidence_level":0.95,"lower_bound":301289.6377937586,"upper_bound":302491.92617510835},"point_estimate":301870.2922715808,"standard_error":306.03836003032166},"median":{"confidence_interval":{"confidence_level":0.95,"lower_bound":300907.73333333334,"upper_bound":301885.42184095865},"point_estimate":301346.0973493516,"standard_error":268.81314663078547},"median_abs_dev":{"confidence_interval":{"confidence_level":0.95,"lower_bound":1553.172184038668,"upper_bound":2636.079192285521},"point_estimate":2082.7215626746374,"standard_error":273.54462617895325},"slope":{"confidence_interval":{"confidence_level":0.95,"lower_bound":301092.6783632393,"upper_bound":302243.38790547184},"point_estimate":301610.485354416,"standard_error":294.3054132865593},"std_dev":{"confidence_interval":{"confidence_level":0.95,"lower_bound":2308.3562009775646,"upper_bound":3867.3854923239355},"point_estimate":3077.425476158654,"standard_error":404.764811812642}}