{"mean":{"confidence_interval":{"confidence_level":0.95,"lower_bound":335394.36389584927,"upper_bound":348891.9130186974},"point_estimate":341795.8169269104,"standard_error":3450.0134903419143},"median":{"confidence_interval":{"confidence_level":0.95,"lower_bound":322699.0,"upper_bound":331854.68981481483},"point_estimate":326021.97548489436,"standard_error":2538.1353856172495},"median_abs_dev":{"confidence_interval":{"confidence_level":0.95,"lower_bound":7065.79134778759,"upper_bound":19254.23298850994},"point_estimate":11343.490727613324,"standard_error":3197.1471083612596},"slope":{"confidence_interval":{"confidence_level":0.95,"lower_bound":332178.1473600524,"upper_bound":342524.8509834288},"point_estimate":336972.5382936801,"standard_error":2641.0647614527065},"std_dev":{"confidence_interval":{"confidence_level":0.95,"lower_bound":25552.785674352046,"upper_bound":42728.161004862704},"point_estimate":34662.375042519365,"standard_error":4390.280351875891}}