{"mean":{"confidence_interval":{"confidence_level":0.95,"lower_bound":844234.8173931787,"upper_bound":846117.7662969932},"point_estimate":845144.1750075802,"standard_error":480.15747448470887},"median":{"confidence_interval":{"confidence_level":0.95,"lower_bound":844090.0446153847,"upper_bound":845386.5846153846},"point_estimate":844838.1136111112,"standard_error":284.50008329447843},"median_abs_dev":{"confidence_interval":{"confidence_level":0.95,"lower_bound":1973.5874360283694,"upper_bound":3881.250431414335},"point_estimate":2806.8356193353598,"standard_error":527.1023429537045},"slope":{"confidence_interval":{"confidence_level":0.95,"lower_bound":843987.9565101166,"upper_bound":845209.6869291586},"point_estimate":844583.4698123245,"standard_error":313.0540383670895},"std_dev":{"confidence_interval":{"confidence_level":0.95,"lower_bound":3495.348458847673,"upper_bound":6164.294627001068},"point_estimate":4831.29500281078,"standard_error":688.6879741442269}}