{"mean":{"confidence_interval":{"confidence_level":0.95,"lower_bound":1111327.9764644888,"upper_bound":1115463.7284053261},"point_estimate":1113042.0292711866,"standard_error":1072.9607509734874},"median":{"confidence_interval":{"confidence_level":0.95,"lower_bound":1110730.608695652,"upper_bound":1113226.2960577672},"point_estimate":1112455.4654166666,"standard_error":593.6535076714505},"median_abs_dev":{"confidence_interval":{"confidence_level":0.95,"lower_bound":3574.339678209302,"upper_bound":5715.612012995911},"point_estimate":5084.369175787008,"standard_error":557.7749609640656},"slope":{"confidence_interval":{"confidence_level":0.95,"lower_bound":1112481.4646924278,"upper_bound":1115069.6113180888},"point_estimate":1113695.0910447761,"standard_error":662.2319307553485},"std_dev":{"confidence_interval":{"confidence_level":0.95,"lower_bound":4432.391802100863,"upper_bound":17206.737561895618},"point_estimate":10790.281906363753,"standard_error":4129.284432434845}}