{"mean":{"confidence_interval":{"confidence_level":0.95,"lower_bound":255347.35625204048,"upper_bound":256501.86402216315},"point_estimate":255923.62705222663,"standard_error":293.9928580604809},"median":{"confidence_interval":{"confidence_level":0.95,"lower_bound":255273.8814102564,"upper_bound":256474.046875},"point_estimate":255851.1427777778,"standard_error":297.1797669000158},"median_abs_dev":{"confidence_interval":{"confidence_level":0.95,"lower_bound":1789.9198293968088,"upper_bound":2807.383986714269},"point_estimate":2215.0770447813607,"standard_error":260.35814981371914},"slope":{"confidence_interval":{"confidence_level":0.95,"lower_bound":255394.11150007806,"upper_bound":256997.1056126381},"point_estimate":256153.18322225506,"standard_error":411.1785722610855},"std_dev":{"confidence_interval":{"confidence_level":0.95,"lower_bound":2352.111153509737,"upper_bound":3503.6984964133767},"point_estimate":2949.7503192913605,"standard_error":294.7223674475642}}