{"mean":{"confidence_interval":{"confidence_level":0.95,"lower_bound":235588.12747781115,"upper_bound":236682.98215407884},"point_estimate":236116.38553488423,"standard_error":279.4208596666346},"median":{"confidence_interval":{"confidence_level":0.95,"lower_bound":235483.92558139534,"upper_bound":236342.2536585366},"point_estimate":236024.220113852,"standard_error":185.02083856485268},"median_abs_dev":{"confidence_interval":{"confidence_level":0.95,"lower_bound":1310.4499759120902,"upper_bound":2297.69825700524},"point_estimate":1868.2963064268508,"standard_error":242.912814302417},"slope":{"confidence_interval":{"confidence_level":0.95,"lower_bound":235962.37144581447,"upper_bound":237562.9273740103},"point_estimate":236680.64559716271,"standard_error":411.94367831504127},"std_dev":{"confidence_interval":{"confidence_level":0.95,"lower_bound":2040.4636558005068,"upper_bound":3500.268338029187},"point_estimate":2797.042746396895,"standard_error":375.6325367010201}}