{"mean":{"confidence_interval":{"confidence_level":0.95,"lower_bound":237940.623472658,"upper_bound":239009.30312735832},"point_estimate":238444.15127729683,"standard_error":271.8863730513472},"median":{"confidence_interval":{"confidence_level":0.95,"lower_bound":237813.2,"upper_bound":238412.0582142857},"point_estimate":238146.83224025974,"standard_error":142.37097219830105},"median_abs_dev":{"confidence_interval":{"confidence_level":0.95,"lower_bound":981.8670957168016,"upper_bound":1856.6081219836863},"point_estimate":1274.2025195857382,"standard_error":231.42561029368642},"slope":{"confidence_interval":{"confidence_level":0.95,"lower_bound":237745.81747490895,"upper_bound":238299.52656831878},"point_estimate":238021.3274544111,"standard_error":141.51247487801152},"std_dev":{"confidence_interval":{"confidence_level":0.95,"lower_bound":1564.9052742860215,"upper_bound":3908.7046604453126},"point_estimate":2726.3660372115683,"standard_error":629.1884608312736}}