{"mean":{"confidence_interval":{"confidence_level":0.95,"lower_bound":283488.4196567782,"upper_bound":284710.36821199016},"point_estimate":284083.20822131936,"standard_error":310.9711115683198},"median":{"confidence_interval":{"confidence_level":0.95,"lower_bound":283407.32239382237,"upper_bound":284373.40860215056},"point_estimate":283971.1785714286,"standard_error":262.45578488031737},"median_abs_dev":{"confidence_interval":{"confidence_level":0.95,"lower_bound":1360.9233051927513,"upper_bound":2398.566828690126},"point_estimate":1898.943565188658,"standard_error":264.7703357036568},"slope":{"confidence_interval":{"confidence_level":0.95,"lower_bound":283434.9186047623,"upper_bound":284412.80962207494},"point_estimate":283888.931119403,"standard_error":249.9478025309251},"std_dev":{"confidence_interval":{"confidence_level":0.95,"lower_bound":2128.2324730008736,"upper_bound":4047.896640898884},"point_estimate":3126.178231630237,"standard_error":493.0903538543912}}