{"mean":{"confidence_interval":{"confidence_level":0.95,"lower_bound":496283.2238422334,"upper_bound":500778.8831206704},"point_estimate":498429.2946845823,"standard_error":1145.2181838895715},"median":{"confidence_interval":{"confidence_level":0.95,"lower_bound":493502.5,"upper_bound":495740.98780487804},"point_estimate":494858.79455775826,"standard_error":594.2939719229925},"median_abs_dev":{"confidence_interval":{"confidence_level":0.95,"lower_bound":4450.973290355399,"upper_bound":8154.715176587279},"point_estimate":6460.438210304286,"standard_error":969.3599784400784},"slope":{"confidence_interval":{"confidence_level":0.95,"lower_bound":494538.1249321015,"upper_bound":498001.37315134745},"point_estimate":496108.62289936456,"standard_error":886.4813424416234},"std_dev":{"confidence_interval":{"confidence_level":0.95,"lower_bound":8848.22249803867,"upper_bound":13719.85286834393},"point_estimate":11487.078979724545,"standard_error":1245.7044608481785}}