{"mean":{"confidence_interval":{"confidence_level":0.95,"lower_bound":251338.08984484617,"upper_bound":252563.62143593075},"point_estimate":251902.00517976723,"standard_error":314.35195914521523},"median":{"confidence_interval":{"confidence_level":0.95,"lower_bound":250816.1412876197,"upper_bound":251957.4381443299},"point_estimate":251361.84489866026,"standard_error":294.09835384838306},"median_abs_dev":{"confidence_interval":{"confidence_level":0.95,"lower_bound":1467.103642538485,"upper_bound":2443.5793444965825},"point_estimate":1878.9089903691513,"standard_error":245.85578801005312},"slope":{"confidence_interval":{"confidence_level":0.95,"lower_bound":251227.4019188679,"upper_bound":252146.40440221358},"point_estimate":251665.4909575883,"standard_error":234.55846181984597},"std_dev":{"confidence_interval":{"confidence_level":0.95,"lower_bound":1963.0457872590766,"upper_bound":4449.1925285471025},"point_estimate":3154.561123388099,"standard_error":698.002864084463}}