{"mean":{"confidence_interval":{"confidence_level":0.95,"lower_bound":216369.75005002008,"upper_bound":217461.6824095711},"point_estimate":216900.38454879785,"standard_error":278.69037277706263},"median":{"confidence_interval":{"confidence_level":0.95,"lower_bound":216001.532,"upper_bound":216925.30102040817},"point_estimate":216539.00111111114,"standard_error":252.79853363746508},"median_abs_dev":{"confidence_interval":{"confidence_level":0.95,"lower_bound":1742.1202740711735,"upper_bound":2949.3002157728242},"point_estimate":2272.969489480108,"standard_error":312.43046482601994},"slope":{"confidence_interval":{"confidence_level":0.95,"lower_bound":216256.59860730486,"upper_bound":217325.83769031562},"point_estimate":216777.32565568198,"standard_error":272.11549389344407},"std_dev":{"confidence_interval":{"confidence_level":0.95,"lower_bound":2211.166881415342,"upper_bound":3340.473886001844},"point_estimate":2790.40784002553,"standard_error":290.0430295676032}}