{"mean":{"confidence_interval":{"confidence_level":0.95,"lower_bound":232863.6068014885,"upper_bound":234118.0797816625},"point_estimate":233471.97048189203,"standard_error":318.66453604957974},"median":{"confidence_interval":{"confidence_level":0.95,"lower_bound":232553.8719219219,"upper_bound":233331.06229508197},"point_estimate":232850.16113671276,"standard_error":181.34779519162944},"median_abs_dev":{"confidence_interval":{"confidence_level":0.95,"lower_bound":1703.7164543683573,"upper_bound":3137.1244759715664},"point_estimate":2414.675611536791,"standard_error":381.9786795098845},"slope":{"confidence_interval":{"confidence_level":0.95,"lower_bound":233429.06299887958,"upper_bound":234748.05191309442},"point_estimate":234086.34441672824,"standard_error":335.96476345282576},"std_dev":{"confidence_interval":{"confidence_level":0.95,"lower_bound":2484.139133234258,"upper_bound":3918.9264691054204},"point_estimate":3189.032291677082,"standard_error":371.13590693077805}}