{"mean":{"confidence_interval":{"confidence_level":0.95,"lower_bound":262251.72408258123,"upper_bound":264168.3002438372},"point_estimate":263148.10860150604,"standard_error":488.58368403111905},"median":{"confidence_interval":{"confidence_level":0.95,"lower_bound":261513.23353040538,"upper_bound":263305.782594086},"point_estimate":262623.2016254674,"standard_error":424.9838651602983},"median_abs_dev":{"confidence_interval":{"confidence_level":0.95,"lower_bound":2871.592149507523,"upper_bound":4560.041466557622},"point_estimate":3699.004567662865,"standard_error":426.3661892428322},"slope":{"confidence_interval":{"confidence_level":0.95,"lower_bound":262583.6304937022,"upper_bound":264110.2932086944},"point_estimate":263339.75473991426,"standard_error":388.85064378932947},"std_dev":{"confidence_interval":{"confidence_level":0.95,"lower_bound":3288.718429674525,"upper_bound":6702.557653647187},"point_estimate":4918.431802632061,"standard_error":934.8476274843124}}