{"mean":{"confidence_interval":{"confidence_level":0.95,"lower_bound":374376.7600194722,"upper_bound":378782.3545964059},"point_estimate":376259.81500439363,"standard_error":1137.8191929647282},"median":{"confidence_interval":{"confidence_level":0.95,"lower_bound":373688.6666666666,"upper_bound":374472.2711267606},"point_estimate":374104.2195207893,"standard_error":229.55241704470404},"median_abs_dev":{"confidence_interval":{"confidence_level":0.95,"lower_bound":1287.1150217215384,"upper_bound":2115.6584934034554},"point_estimate":1776.8479640753262,"standard_error":212.8564709159698},"slope":{"confidence_interval":{"confidence_level":0.95,"lower_bound":374498.85724024184,"upper_bound":377795.9323584869},"point_estimate":375916.87909561105,"standard_error":852.5189666980045},"std_dev":{"confidence_interval":{"confidence_level":0.95,"lower_bound":4537.431515461901,"upper_bound":17551.693561530064},"point_estimate":11393.414900189411,"standard_error":3601.635904223878}}