{"mean":{"confidence_interval":{"confidence_level":0.95,"lower_bound":569166.6304137479,"upper_bound":577638.2822311573},"point_estimate":573241.1582620363,"standard_error":2172.779396510954},"median":{"confidence_interval":{"confidence_level":0.95,"lower_bound":563433.8235294118,"upper_bound":569939.0386363636},"point_estimate":567003.515625,"standard_error":1769.637038154508},"median_abs_dev":{"confidence_interval":{"confidence_level":0.95,"lower_bound":10328.64307381029,"upper_bound":20467.63113584676},"point_estimate":15935.561672087173,"standard_error":2642.5788275837926},"slope":{"confidence_interval":{"confidence_level":0.95,"lower_bound":572081.4914093578,"upper_bound":584696.9238243704},"point_estimate":578003.1283582089,"standard_error":3231.457523529325},"std_dev":{"confidence_interval":{"confidence_level":0.95,"lower_bound":16492.37768277796,"upper_bound":26863.834036291282},"point_estimate":21857.67808329394,"standard_error":2664.8121429704397}}