{"mean":{"confidence_interval":{"confidence_level":0.95,"lower_bound":335539.8871303911,"upper_bound":340880.06473620277},"point_estimate":337528.1617938045,"standard_error":1493.6627279536683},"median":{"confidence_interval":{"confidence_level":0.95,"lower_bound":334809.8181818182,"upper_bound":336564.43859649124},"point_estimate":335312.803652968,"standard_error":389.2280259792545},"median_abs_dev":{"confidence_interval":{"confidence_level":0.95,"lower_bound":2405.6560242289506,"upper_bound":3720.635511310331},"point_estimate":3067.8041774229455,"standard_error":325.58509856189414},"slope":{"confidence_interval":{"confidence_level":0.95,"lower_bound":335156.64717319945,"upper_bound":338110.99515435845},"point_estimate":336411.40109846805,"standard_error":760.8326082593289},"std_dev":{"confidence_interval":{"confidence_level":0.95,"lower_bound":3105.507916848312,"upper_bound":25429.6437192934},"point_estimate":15071.779545703963,"standard_error":7764.3208095155915}}