{"mean":{"confidence_interval":{"confidence_level":0.95,"lower_bound":330487.1928460145,"upper_bound":331854.8739790177},"point_estimate":331127.8399475264,"standard_error":349.0246610283951},"median":{"confidence_interval":{"confidence_level":0.95,"lower_bound":329895.2266666667,"upper_bound":331031.2509157509},"point_estimate":330345.11312399356,"standard_error":292.22444548999033},"median_abs_dev":{"confidence_interval":{"confidence_level":0.95,"lower_bound":1800.4992659514821,"upper_bound":3034.2368621315345},"point_estimate":2296.244661733514,"standard_error":298.790082696725},"slope":{"confidence_interval":{"confidence_level":0.95,"lower_bound":330282.42605283216,"upper_bound":331649.52949085226},"point_estimate":330934.85890842817,"standard_error":349.13452535818874},"std_dev":{"confidence_interval":{"confidence_level":0.95,"lower_bound":2447.726095952412,"upper_bound":4692.873195998186},"point_estimate":3514.132440486154,"standard_error":609.2958714671475}}