{"mean":{"confidence_interval":{"confidence_level":0.95,"lower_bound":254670.53363868923,"upper_bound":255950.16987072607},"point_estimate":255300.69285020875,"standard_error":326.25626659712225},"median":{"confidence_interval":{"confidence_level":0.95,"lower_bound":254443.68206521738,"upper_bound":255565.7972972973},"point_estimate":254887.1160130719,"standard_error":292.8073199034598},"median_abs_dev":{"confidence_interval":{"confidence_level":0.95,"lower_bound":1708.2353052022777,"upper_bound":2833.6655796422338},"point_estimate":2314.01179672776,"standard_error":287.5099706340391},"slope":{"confidence_interval":{"confidence_level":0.95,"lower_bound":254918.48431269702,"upper_bound":256573.3064660742},"point_estimate":255686.74354588444,"standard_error":425.27683352559484},"std_dev":{"confidence_interval":{"confidence_level":0.95,"lower_bound":2423.7770554455547,"upper_bound":4081.2747778029216},"point_estimate":3281.4397799864573,"standard_error":422.02703956724287}}