{"mean":{"confidence_interval":{"confidence_level":0.95,"lower_bound":447255.2944949409,"upper_bound":448514.41336080385},"point_estimate":447896.1349565876,"standard_error":320.3086356408394},"median":{"confidence_interval":{"confidence_level":0.95,"lower_bound":447703.48780487804,"upper_bound":449034.93670886074},"point_estimate":448309.6276170537,"standard_error":274.42639579127734},"median_abs_dev":{"confidence_interval":{"confidence_level":0.95,"lower_bound":1850.777710742085,"upper_bound":3369.9497401714325},"point_estimate":2607.6439562488567,"standard_error":386.03440172158287},"slope":{"confidence_interval":{"confidence_level":0.95,"lower_bound":448382.3339839666,"upper_bound":449322.3873582734},"point_estimate":448866.8887798631,"standard_error":239.71240438077095},"std_dev":{"confidence_interval":{"confidence_level":0.95,"lower_bound":2556.4947722385573,"upper_bound":3835.9933726352406},"point_estimate":3220.5128949643213,"standard_error":326.45052836693327}}