{"mean":{"confidence_interval":{"confidence_level":0.95,"lower_bound":238878.83216030055,"upper_bound":240164.94106191603},"point_estimate":239481.5036002758,"standard_error":328.0243701847222},"median":{"confidence_interval":{"confidence_level":0.95,"lower_bound":238900.87407407406,"upper_bound":239769.87647058823},"point_estimate":239301.15780171222,"standard_error":193.85442512155774},"median_abs_dev":{"confidence_interval":{"confidence_level":0.95,"lower_bound":1416.2865125839876,"upper_bound":2564.2461217169225},"point_estimate":1979.2493997703953,"standard_error":302.34805991747356},"slope":{"confidence_interval":{"confidence_level":0.95,"lower_bound":238800.74828136057,"upper_bound":239637.56429825356},"point_estimate":239205.54052549135,"standard_error":212.89071874268078},"std_dev":{"confidence_interval":{"confidence_level":0.95,"lower_bound":2130.4415123934373,"upper_bound":4382.630069532018},"point_estimate":3296.884902565569,"standard_error":581.6252294628625}}