{"mean":{"confidence_interval":{"confidence_level":0.95,"lower_bound":509481.77927046694,"upper_bound":510797.64926972915},"point_estimate":510135.3100585035,"standard_error":335.6104026360058},"median":{"confidence_interval":{"confidence_level":0.95,"lower_bound":509724.6354166666,"upper_bound":510718.2652073733},"point_estimate":510099.739638448,"standard_error":244.31641671088292},"median_abs_dev":{"confidence_interval":{"confidence_level":0.95,"lower_bound":1712.4821965322442,"upper_bound":2856.963437387423},"point_estimate":2228.9172664307725,"standard_error":299.1034524342124},"slope":{"confidence_interval":{"confidence_level":0.95,"lower_bound":509929.1623653005,"upper_bound":511093.5835427566},"point_estimate":510498.79799911333,"standard_error":297.4263930539142},"std_dev":{"confidence_interval":{"confidence_level":0.95,"lower_bound":2590.143653551178,"upper_bound":4086.661454985694},"point_estimate":3372.660423791884,"standard_error":382.9882395255169}}