{"mean":{"confidence_interval":{"confidence_level":0.95,"lower_bound":251200.28470531112,"upper_bound":252092.3143447699},"point_estimate":251649.1613377285,"standard_error":227.40378129803014},"median":{"confidence_interval":{"confidence_level":0.95,"lower_bound":251429.08631944444,"upper_bound":252240.72891566265},"point_estimate":251702.5394864341,"standard_error":245.53860019152054},"median_abs_dev":{"confidence_interval":{"confidence_level":0.95,"lower_bound":1333.0881584084345,"upper_bound":2564.5603313639044},"point_estimate":1899.4556256622998,"standard_error":320.60095280992147},"slope":{"confidence_interval":{"confidence_level":0.95,"lower_bound":251620.9379228986,"upper_bound":252370.53172522667},"point_estimate":252005.59643712133,"standard_error":190.7230937590426},"std_dev":{"confidence_interval":{"confidence_level":0.95,"lower_bound":1930.9182400450545,"upper_bound":2603.5916795340204},"point_estimate":2283.7443363387324,"standard_error":171.32892924124684}}