{"mean":{"confidence_interval":{"confidence_level":0.95,"lower_bound":286516.1555663246,"upper_bound":295236.7584744552},"point_estimate":290389.4934772642,"standard_error":2235.2831737557694},"median":{"confidence_interval":{"confidence_level":0.95,"lower_bound":281529.30555555556,"upper_bound":283771.891509434},"point_estimate":282606.776369863,"standard_error":585.4839489045967},"median_abs_dev":{"confidence_interval":{"confidence_level":0.95,"lower_bound":3468.606492802826,"upper_bound":7522.909903911545},"point_estimate":5346.766178409241,"standard_error":1042.7894941052111},"slope":{"confidence_interval":{"confidence_level":0.95,"lower_bound":283530.3602354173,"upper_bound":291457.67462607595},"point_estimate":287186.73938303534,"standard_error":2035.420786235092},"std_dev":{"confidence_interval":{"confidence_level":0.95,"lower_bound":12093.726018625113,"upper_bound":33144.38675112295},"point_estimate":22449.44016489692,"standard_error":6200.915725180688}}