{"mean":{"confidence_interval":{"confidence_level":0.95,"lower_bound":2457824.34242857,"upper_bound":2483960.2825833317},"point_estimate":2467793.422857141,"standard_error":7138.582189852703},"median":{"confidence_interval":{"confidence_level":0.95,"lower_bound":2454516.6666666665,"upper_bound":2464088.0},"point_estimate":2457929.2857142854,"standard_error":2113.721868699896},"median_abs_dev":{"confidence_interval":{"confidence_level":0.95,"lower_bound":17059.32479713664,"upper_bound":27234.65551648818},"point_estimate":22264.59210472446,"standard_error":2448.6628224983783},"slope":null,"std_dev":{"confidence_interval":{"confidence_level":0.95,"lower_bound":18864.753040743046,"upper_bound":119749.75445812613},"point_estimate":71742.28762302431,"standard_error":34773.26838786085}}