{"mean":{"confidence_interval":{"confidence_level":0.95,"lower_bound":2679859.536044118,"upper_bound":2685790.584985294},"point_estimate":2682766.320588235,"standard_error":1507.6569887915366},"median":{"confidence_interval":{"confidence_level":0.95,"lower_bound":2677962.8235294116,"upper_bound":2683622.5},"point_estimate":2681510.882352941,"standard_error":1868.17343592836},"median_abs_dev":{"confidence_interval":{"confidence_level":0.95,"lower_bound":10007.76785173849,"upper_bound":17710.83949512915},"point_estimate":12491.9949252815,"standard_error":2117.894752119076},"slope":null,"std_dev":{"confidence_interval":{"confidence_level":0.95,"lower_bound":12774.101295655168,"upper_bound":17350.367814661244},"point_estimate":15195.981891079431,"standard_error":1170.7949371921525}}