{"mean":{"confidence_interval":{"confidence_level":0.95,"lower_bound":3056387.550588236,"upper_bound":3063708.5271176463},"point_estimate":3059879.658235294,"standard_error":1866.7853834180798},"median":{"confidence_interval":{"confidence_level":0.95,"lower_bound":3056580.0882352944,"upper_bound":3062985.470588235},"point_estimate":3059885.0,"standard_error":1862.2813303770383},"median_abs_dev":{"confidence_interval":{"confidence_level":0.95,"lower_bound":10639.15703376407,"upper_bound":17515.697724327914},"point_estimate":14892.978370890836,"standard_error":1760.5267050616926},"slope":null,"std_dev":{"confidence_interval":{"confidence_level":0.95,"lower_bound":13222.266887377262,"upper_bound":24762.65274941715},"point_estimate":18759.88632632394,"standard_error":3052.1935092625354}}