{"mean":{"confidence_interval":{"confidence_level":0.95,"lower_bound":526230.9393512507,"upper_bound":529164.0032343518},"point_estimate":527467.5022074776,"standard_error":760.4635324879665},"median":{"confidence_interval":{"confidence_level":0.95,"lower_bound":525384.1,"upper_bound":526790.0496119733},"point_estimate":526264.88003663,"standard_error":368.5403096976872},"median_abs_dev":{"confidence_interval":{"confidence_level":0.95,"lower_bound":2390.6568799965044,"upper_bound":4479.990298734802},"point_estimate":3536.7683242976163,"standard_error":570.3943740270348},"slope":{"confidence_interval":{"confidence_level":0.95,"lower_bound":525779.1757434575,"upper_bound":527598.2793174736},"point_estimate":526637.9553066351,"standard_error":462.9011967203727},"std_dev":{"confidence_interval":{"confidence_level":0.95,"lower_bound":3364.029791525351,"upper_bound":12003.529662777033},"point_estimate":7670.485933328133,"standard_error":2693.825847046971}}