{"mean":{"confidence_interval":{"confidence_level":0.95,"lower_bound":4337659.960400003,"upper_bound":4345759.387600003},"point_estimate":4341129.6280000005,"standard_error":2085.9774452128845},"median":{"confidence_interval":{"confidence_level":0.95,"lower_bound":4334603.3,"upper_bound":4340073.2},"point_estimate":4338175.4,"standard_error":1237.2994104647044},"median_abs_dev":{"confidence_interval":{"confidence_level":0.95,"lower_bound":7962.080768644948,"upper_bound":13750.521715880268},"point_estimate":10407.407035231867,"standard_error":1490.242897777553},"slope":null,"std_dev":{"confidence_interval":{"confidence_level":0.95,"lower_bound":9711.891444179782,"upper_bound":32169.264976498373},"point_estimate":20894.334335606338,"standard_error":6724.054896382765}}