{"mean":{"confidence_interval":{"confidence_level":0.95,"lower_bound":4331799.818000001,"upper_bound":4340654.679925003},"point_estimate":4336096.937000002,"standard_error":2263.6691912682463},"median":{"confidence_interval":{"confidence_level":0.95,"lower_bound":4326388.1,"upper_bound":4336322.9},"point_estimate":4330429.0,"standard_error":2864.366416458637},"median_abs_dev":{"confidence_interval":{"confidence_level":0.95,"lower_bound":13575.426658987999,"upper_bound":22532.554399967194},"point_estimate":17467.3998498918,"standard_error":2221.531929696826},"slope":null,"std_dev":{"confidence_interval":{"confidence_level":0.95,"lower_bound":18006.072105421863,"upper_bound":27057.320823830796},"point_estimate":22750.036483849723,"standard_error":2307.9528863731275}}