{"mean":{"confidence_interval":{"confidence_level":0.95,"lower_bound":2147.2814038894153,"upper_bound":2165.098238279126},"point_estimate":2154.606376602293,"standard_error":4.714814714494777},"median":{"confidence_interval":{"confidence_level":0.95,"lower_bound":2143.906536772958,"upper_bound":2145.702614379085},"point_estimate":2144.4031737053797,"standard_error":0.49778816400712594},"median_abs_dev":{"confidence_interval":{"confidence_level":0.95,"lower_bound":2.217330524122365,"upper_bound":5.577717139538091},"point_estimate":3.6600128757796546,"standard_error":0.895747145913667},"slope":{"confidence_interval":{"confidence_level":0.95,"lower_bound":2144.53128480151,"upper_bound":2155.164214791122},"point_estimate":2148.0705877781224,"standard_error":2.9522209480828203},"std_dev":{"confidence_interval":{"confidence_level":0.95,"lower_bound":7.215430540607411,"upper_bound":74.14086259592261},"point_estimate":47.29751715636141,"standard_error":18.259695968711934}}