{"mean":{"confidence_interval":{"confidence_level":0.95,"lower_bound":3104194.569161764,"upper_bound":3121156.6776764714},"point_estimate":3112642.398823531,"standard_error":4336.1314940901475},"median":{"confidence_interval":{"confidence_level":0.95,"lower_bound":3093187.4411764704,"upper_bound":3117852.8235294116},"point_estimate":3108710.2352941176,"standard_error":7383.772907135113},"median_abs_dev":{"confidence_interval":{"confidence_level":0.95,"lower_bound":33866.638745805714,"upper_bound":61267.09212993854},"point_estimate":51696.77848219837,"standard_error":7686.575128982995},"slope":null,"std_dev":{"confidence_interval":{"confidence_level":0.95,"lower_bound":38577.529960631204,"upper_bound":48181.93770972257},"point_estimate":43639.77754881337,"standard_error":2451.4687909166337}}