{"mean":{"confidence_interval":{"confidence_level":0.95,"lower_bound":252915.81627290757,"upper_bound":254234.58464068512},"point_estimate":253552.18251538725,"standard_error":336.2839844536712},"median":{"confidence_interval":{"confidence_level":0.95,"lower_bound":252593.7962962963,"upper_bound":253639.74344635627},"point_estimate":253089.4147050866,"standard_error":308.8040424419489},"median_abs_dev":{"confidence_interval":{"confidence_level":0.95,"lower_bound":1905.1104714357425,"upper_bound":3334.249625110847},"point_estimate":2802.5834402441965,"standard_error":367.1546088579058},"slope":{"confidence_interval":{"confidence_level":0.95,"lower_bound":252780.1877330035,"upper_bound":253853.23626821113},"point_estimate":253295.74681099452,"standard_error":272.95145919769993},"std_dev":{"confidence_interval":{"confidence_level":0.95,"lower_bound":2466.339249901036,"upper_bound":4373.266462669866},"point_estimate":3362.6267718084314,"standard_error":510.2346863591033}}