{"mean":{"confidence_interval":{"confidence_level":0.95,"lower_bound":248629.2074337665,"upper_bound":249860.47004206508},"point_estimate":249223.17461956321,"standard_error":314.6678996941777},"median":{"confidence_interval":{"confidence_level":0.95,"lower_bound":248237.75815217392,"upper_bound":249397.95435049018},"point_estimate":248825.87623188406,"standard_error":310.95059947244295},"median_abs_dev":{"confidence_interval":{"confidence_level":0.95,"lower_bound":1646.1932720954978,"upper_bound":2774.1753117086782},"point_estimate":2171.8687321916354,"standard_error":289.6754332413022},"slope":{"confidence_interval":{"confidence_level":0.95,"lower_bound":248288.30207713874,"upper_bound":249210.78843649442},"point_estimate":248735.58936456332,"standard_error":235.21989479007294},"std_dev":{"confidence_interval":{"confidence_level":0.95,"lower_bound":2289.7798511834,"upper_bound":3927.315121005395},"point_estimate":3148.450911633552,"standard_error":418.6110396481655}}