{"mean":{"confidence_interval":{"confidence_level":0.95,"lower_bound":299822.48824388377,"upper_bound":301654.43974439835},"point_estimate":300736.65791601664,"standard_error":468.6043527897068},"median":{"confidence_interval":{"confidence_level":0.95,"lower_bound":299876.9393939394,"upper_bound":301562.76550387597},"point_estimate":300878.8106010929,"standard_error":460.16535955217927},"median_abs_dev":{"confidence_interval":{"confidence_level":0.95,"lower_bound":2927.9565013204947,"upper_bound":4777.0467991999385},"point_estimate":3931.6012128079783,"standard_error":471.42169178539734},"slope":{"confidence_interval":{"confidence_level":0.95,"lower_bound":300987.18779718777,"upper_bound":302796.5604427246},"point_estimate":301859.7741924043,"standard_error":461.83422091445414},"std_dev":{"confidence_interval":{"confidence_level":0.95,"lower_bound":3831.1994691969703,"upper_bound":5511.216042283576},"point_estimate":4699.332174119674,"standard_error":430.06887045759197}}