{"mean":{"confidence_interval":{"confidence_level":0.95,"lower_bound":5792269.001722222,"upper_bound":5843602.94588889},"point_estimate":5817849.271111112,"standard_error":13065.105839433867},"median":{"confidence_interval":{"confidence_level":0.95,"lower_bound":5783359.555555556,"upper_bound":5855259.249999998},"point_estimate":5803950.5,"standard_error":18165.663070906536},"median_abs_dev":{"confidence_interval":{"confidence_level":0.95,"lower_bound":107858.15968513512,"upper_bound":161111.66813969635},"point_estimate":137152.19363172865,"standard_error":13900.82312777371},"slope":null,"std_dev":{"confidence_interval":{"confidence_level":0.95,"lower_bound":110518.09761229664,"upper_bound":150583.4535682926},"point_estimate":131337.8598118558,"standard_error":10190.759150628246}}