{"mean":{"confidence_interval":{"confidence_level":0.95,"lower_bound":3207615.296625,"upper_bound":3261276.7826874997},"point_estimate":3234710.2275,"standard_error":13662.329535651397},"median":{"confidence_interval":{"confidence_level":0.95,"lower_bound":3201242.4375,"upper_bound":3267401.0},"point_estimate":3226785.84375,"standard_error":19274.158459498252},"median_abs_dev":{"confidence_interval":{"confidence_level":0.95,"lower_bound":95050.96691250801,"upper_bound":160238.84918019176},"point_estimate":131275.98070688546,"standard_error":16998.98861167405},"slope":null,"std_dev":{"confidence_interval":{"confidence_level":0.95,"lower_bound":115066.68477731632,"upper_bound":157976.9400535339},"point_estimate":137060.74755554722,"standard_error":10962.4054092358}}