{"mean":{"confidence_interval":{"confidence_level":0.95,"lower_bound":227545.839185159,"upper_bound":228440.32330219133},"point_estimate":227978.7270749861,"standard_error":228.43693676400244},"median":{"confidence_interval":{"confidence_level":0.95,"lower_bound":227361.8325,"upper_bound":228214.41991471214},"point_estimate":227773.60163768113,"standard_error":246.66063921107386},"median_abs_dev":{"confidence_interval":{"confidence_level":0.95,"lower_bound":1265.149648852844,"upper_bound":2301.660871093846},"point_estimate":1716.3814378685443,"standard_error":255.598681698282},"slope":{"confidence_interval":{"confidence_level":0.95,"lower_bound":227695.69974864364,"upper_bound":228406.29759154076},"point_estimate":228046.78604462833,"standard_error":181.1886037791087},"std_dev":{"confidence_interval":{"confidence_level":0.95,"lower_bound":1717.6745217462849,"upper_bound":2865.6231916020447},"point_estimate":2298.0430972775353,"standard_error":295.8318476718793}}