{"mean":{"confidence_interval":{"confidence_level":0.95,"lower_bound":607501.1171103735,"upper_bound":610193.4288114706},"point_estimate":608690.1842405952,"standard_error":689.7787128454908},"median":{"confidence_interval":{"confidence_level":0.95,"lower_bound":607119.5871877891,"upper_bound":608868.2055555555},"point_estimate":608088.8932291667,"standard_error":462.4647395239486},"median_abs_dev":{"confidence_interval":{"confidence_level":0.95,"lower_bound":3070.611481735707,"upper_bound":4651.428866953405},"point_estimate":3907.5119804507203,"standard_error":406.7493671373693},"slope":{"confidence_interval":{"confidence_level":0.95,"lower_bound":608236.7559388314,"upper_bound":612368.9892951825},"point_estimate":609823.1073282104,"standard_error":1095.788795860071},"std_dev":{"confidence_interval":{"confidence_level":0.95,"lower_bound":3636.1898340335124,"upper_bound":10421.662845884708},"point_estimate":6936.77672073623,"standard_error":2019.1434861147677}}