{"mean":{"confidence_interval":{"confidence_level":0.95,"lower_bound":473257.53948754666,"upper_bound":475218.600422288},"point_estimate":474218.79375752964,"standard_error":502.61494777423843},"median":{"confidence_interval":{"confidence_level":0.95,"lower_bound":472670.97142857144,"upper_bound":474864.7702702703},"point_estimate":474202.9420289855,"standard_error":584.1640837577738},"median_abs_dev":{"confidence_interval":{"confidence_level":0.95,"lower_bound":3269.8434942111376,"upper_bound":5419.323330640999},"point_estimate":4388.270680938738,"standard_error":565.8402713337605},"slope":{"confidence_interval":{"confidence_level":0.95,"lower_bound":474561.66221506905,"upper_bound":476599.6989653956},"point_estimate":475586.4419077878,"standard_error":519.7702269789221},"std_dev":{"confidence_interval":{"confidence_level":0.95,"lower_bound":3990.4390594437846,"upper_bound":6095.778639304933},"point_estimate":5022.167058138666,"standard_error":544.0549660792689}}