{"mean":{"confidence_interval":{"confidence_level":0.95,"lower_bound":507254.1005399844,"upper_bound":508737.242440424},"point_estimate":507965.90655138245,"standard_error":380.0185996701315},"median":{"confidence_interval":{"confidence_level":0.95,"lower_bound":507213.78985507245,"upper_bound":508464.3205128205},"point_estimate":508013.6569444444,"standard_error":316.12411890979035},"median_abs_dev":{"confidence_interval":{"confidence_level":0.95,"lower_bound":2010.0515253846715,"upper_bound":3207.2444188421864},"point_estimate":2555.813852625268,"standard_error":292.37941813133756},"slope":{"confidence_interval":{"confidence_level":0.95,"lower_bound":507844.2811240326,"upper_bound":509201.174737906},"point_estimate":508493.50497118366,"standard_error":345.001095176182},"std_dev":{"confidence_interval":{"confidence_level":0.95,"lower_bound":2636.119628730884,"upper_bound":5093.843113316974},"point_estimate":3830.7001788758507,"standard_error":649.3645689681217}}