{"mean":{"confidence_interval":{"confidence_level":0.95,"lower_bound":395731.13828852505,"upper_bound":397418.50007730146},"point_estimate":396482.64101047197,"standard_error":432.81502815427075},"median":{"confidence_interval":{"confidence_level":0.95,"lower_bound":395580.5478174603,"upper_bound":396539.7406481481},"point_estimate":396040.1060606061,"standard_error":233.5978878770438},"median_abs_dev":{"confidence_interval":{"confidence_level":0.95,"lower_bound":1185.583736189466,"upper_bound":2196.4743320048456},"point_estimate":1549.7944527613947,"standard_error":255.16839906299808},"slope":{"confidence_interval":{"confidence_level":0.95,"lower_bound":395944.7883839175,"upper_bound":396757.33459880954},"point_estimate":396348.6651475297,"standard_error":207.53688541113024},"std_dev":{"confidence_interval":{"confidence_level":0.95,"lower_bound":2077.6250011032566,"upper_bound":6537.779255234417},"point_estimate":4355.65474156885,"standard_error":1226.727748147089}}