{"mean":{"confidence_interval":{"confidence_level":0.95,"lower_bound":384472.703904133,"upper_bound":385849.6990994269},"point_estimate":385099.57182248624,"standard_error":350.86262660545106},"median":{"confidence_interval":{"confidence_level":0.95,"lower_bound":384297.4707730987,"upper_bound":385493.63942307694},"point_estimate":384737.47556390974,"standard_error":323.88961433400465},"median_abs_dev":{"confidence_interval":{"confidence_level":0.95,"lower_bound":1596.7000094397536,"upper_bound":2571.1367862040197},"point_estimate":1918.6970636689928,"standard_error":254.70355462629598},"slope":{"confidence_interval":{"confidence_level":0.95,"lower_bound":384744.22572269605,"upper_bound":385746.3542127716},"point_estimate":385243.7992443722,"standard_error":255.77298099824768},"std_dev":{"confidence_interval":{"confidence_level":0.95,"lower_bound":2110.561297200082,"upper_bound":5083.741854365906},"point_estimate":3519.1724210089974,"standard_error":859.08014533573}}