{"mean":{"confidence_interval":{"confidence_level":0.95,"lower_bound":374868.3380195702,"upper_bound":376730.54966043914},"point_estimate":375777.2443466998,"standard_error":475.66072841466666},"median":{"confidence_interval":{"confidence_level":0.95,"lower_bound":374561.8333333333,"upper_bound":376094.4202898551},"point_estimate":375631.65195195196,"standard_error":438.76682945242953},"median_abs_dev":{"confidence_interval":{"confidence_level":0.95,"lower_bound":2848.616374063645,"upper_bound":4886.746307275105},"point_estimate":4099.780671116773,"standard_error":505.69937035197273},"slope":{"confidence_interval":{"confidence_level":0.95,"lower_bound":375449.1759518967,"upper_bound":377243.9844188148},"point_estimate":376289.79213930346,"standard_error":457.0237034898365},"std_dev":{"confidence_interval":{"confidence_level":0.95,"lower_bound":3709.7899181855605,"upper_bound":5992.831731101262},"point_estimate":4793.590206082442,"standard_error":600.7772361135673}}