{"mean":{"confidence_interval":{"confidence_level":0.95,"lower_bound":410959.44185326144,"upper_bound":412140.5914157425},"point_estimate":411520.78969751374,"standard_error":302.4352223425302},"median":{"confidence_interval":{"confidence_level":0.95,"lower_bound":410608.1060606061,"upper_bound":411974.5333333333},"point_estimate":411168.44178921566,"standard_error":329.2464410865028},"median_abs_dev":{"confidence_interval":{"confidence_level":0.95,"lower_bound":1641.5693250702002,"upper_bound":2908.7147396457394},"point_estimate":2159.4469809285183,"standard_error":339.96824571495665},"slope":{"confidence_interval":{"confidence_level":0.95,"lower_bound":410672.3697578065,"upper_bound":411734.326391706},"point_estimate":411194.3297709472,"standard_error":270.79854363550106},"std_dev":{"confidence_interval":{"confidence_level":0.95,"lower_bound":2164.8438776653393,"upper_bound":4037.2316388500894},"point_estimate":3050.3095465699093,"standard_error":503.66978473000506}}