{"mean":{"confidence_interval":{"confidence_level":0.95,"lower_bound":244597.55319716028,"upper_bound":245770.60492150445},"point_estimate":245180.37646927085,"standard_error":299.4724614765291},"median":{"confidence_interval":{"confidence_level":0.95,"lower_bound":244716.96507936507,"upper_bound":245778.71},"point_estimate":245358.73848484847,"standard_error":234.94420054409665},"median_abs_dev":{"confidence_interval":{"confidence_level":0.95,"lower_bound":1569.580919306107,"upper_bound":3026.7521267882435},"point_estimate":2307.142581413205,"standard_error":366.4456760780161},"slope":{"confidence_interval":{"confidence_level":0.95,"lower_bound":244855.83154053008,"upper_bound":245801.56188142925},"point_estimate":245333.17102054087,"standard_error":241.860725593235},"std_dev":{"confidence_interval":{"confidence_level":0.95,"lower_bound":2297.1244194401706,"upper_bound":3684.7200238294054},"point_estimate":3008.48011363861,"standard_error":356.4242023007958}}