{"mean":{"confidence_interval":{"confidence_level":0.95,"lower_bound":491418.75357115286,"upper_bound":492856.26966476074},"point_estimate":492135.1248475353,"standard_error":366.5969491646199},"median":{"confidence_interval":{"confidence_level":0.95,"lower_bound":491442.9588235294,"upper_bound":492715.6736842105},"point_estimate":492296.69518849207,"standard_error":347.4823977352661},"median_abs_dev":{"confidence_interval":{"confidence_level":0.95,"lower_bound":2150.0233006104554,"upper_bound":3511.754944388643},"point_estimate":2823.9908208656907,"standard_error":341.1169310811642},"slope":{"confidence_interval":{"confidence_level":0.95,"lower_bound":491556.40641889465,"upper_bound":492668.23439146567},"point_estimate":492095.4658312398,"standard_error":282.99974286373356},"std_dev":{"confidence_interval":{"confidence_level":0.95,"lower_bound":2900.280637213607,"upper_bound":4429.3757267547035},"point_estimate":3686.175441095251,"standard_error":391.9654215673131}}