{"mean":{"confidence_interval":{"confidence_level":0.95,"lower_bound":301039.69328064565,"upper_bound":302521.6417772405},"point_estimate":301761.41312793526,"standard_error":376.9484183068452},"median":{"confidence_interval":{"confidence_level":0.95,"lower_bound":300993.4653846154,"upper_bound":302250.0028735632},"point_estimate":301463.1810290404,"standard_error":327.2165324147606},"median_abs_dev":{"confidence_interval":{"confidence_level":0.95,"lower_bound":1760.3105318434718,"upper_bound":2864.6911756708837},"point_estimate":2272.309555303519,"standard_error":274.26613389371215},"slope":{"confidence_interval":{"confidence_level":0.95,"lower_bound":301135.4846671432,"upper_bound":302751.44711094885},"point_estimate":301806.94897074037,"standard_error":417.9081417526069},"std_dev":{"confidence_interval":{"confidence_level":0.95,"lower_bound":2731.9846613215796,"upper_bound":4766.991245129904},"point_estimate":3781.8773217105913,"standard_error":521.058098167023}}