{"mean":{"confidence_interval":{"confidence_level":0.95,"lower_bound":304686.423001905,"upper_bound":306248.7644880289},"point_estimate":305411.12469851994,"standard_error":401.0469636455243},"median":{"confidence_interval":{"confidence_level":0.95,"lower_bound":304473.118071267,"upper_bound":305523.2221200981},"point_estimate":304897.2132461584,"standard_error":270.80892075345986},"median_abs_dev":{"confidence_interval":{"confidence_level":0.95,"lower_bound":1927.0885309245004,"upper_bound":3388.9348274891922},"point_estimate":2661.648015219495,"standard_error":362.09173911378895},"slope":{"confidence_interval":{"confidence_level":0.95,"lower_bound":304712.55813357653,"upper_bound":305733.5210403458},"point_estimate":305213.0768368553,"standard_error":259.33227447396297},"std_dev":{"confidence_interval":{"confidence_level":0.95,"lower_bound":2536.870124451208,"upper_bound":5602.5033160504645},"point_estimate":4044.2733623793797,"standard_error":816.7931345067894}}