{"mean":{"confidence_interval":{"confidence_level":0.95,"lower_bound":2308050.808465909,"upper_bound":2323979.0316022723},"point_estimate":2314827.820000001,"standard_error":4116.635260426041},"median":{"confidence_interval":{"confidence_level":0.95,"lower_bound":2304333.1818181816,"upper_bound":2311438.0454545454},"point_estimate":2307689.909090909,"standard_error":2044.21396623204},"median_abs_dev":{"confidence_interval":{"confidence_level":0.95,"lower_bound":9627.296624535142,"upper_bound":15796.29571342338},"point_estimate":13456.144752014705,"standard_error":1617.5195209988942},"slope":null,"std_dev":{"confidence_interval":{"confidence_level":0.95,"lower_bound":12844.71028796423,"upper_bound":63268.69711984271},"point_estimate":41304.24376191527,"standard_error":13660.35488411945}}