{"mean":{"confidence_interval":{"confidence_level":0.95,"lower_bound":235015.00027883574,"upper_bound":236473.09091419156},"point_estimate":235747.76440833617,"standard_error":370.38076388500946},"median":{"confidence_interval":{"confidence_level":0.95,"lower_bound":235221.75757575757,"upper_bound":237167.9325},"point_estimate":236378.3645833333,"standard_error":489.9700058958448},"median_abs_dev":{"confidence_interval":{"confidence_level":0.95,"lower_bound":2861.7865535933233,"upper_bound":5007.702391515892},"point_estimate":3961.7361651575156,"standard_error":567.5860826775255},"slope":{"confidence_interval":{"confidence_level":0.95,"lower_bound":235265.0018100216,"upper_bound":236875.31487583875},"point_estimate":236069.36957514408,"standard_error":411.9313739197546},"std_dev":{"confidence_interval":{"confidence_level":0.95,"lower_bound":3241.610364806285,"upper_bound":4161.7424110769625},"point_estimate":3724.5096412488792,"standard_error":235.90364004707772}}