{"mean":{"confidence_interval":{"confidence_level":0.95,"lower_bound":273831.7179702034,"upper_bound":275590.3384371017},"point_estimate":274699.0727233762,"standard_error":449.937262338802},"median":{"confidence_interval":{"confidence_level":0.95,"lower_bound":272896.0,"upper_bound":275123.77352941176},"point_estimate":274065.8206539075,"standard_error":520.8054121850855},"median_abs_dev":{"confidence_interval":{"confidence_level":0.95,"lower_bound":2919.507790572883,"upper_bound":5281.785571854562},"point_estimate":4153.3637943088015,"standard_error":615.9834963599143},"slope":{"confidence_interval":{"confidence_level":0.95,"lower_bound":272709.9441057046,"upper_bound":274377.26216772903},"point_estimate":273493.9680212797,"standard_error":425.2912901312413},"std_dev":{"confidence_interval":{"confidence_level":0.95,"lower_bound":3614.445857845425,"upper_bound":5353.980951693802},"point_estimate":4503.026017796226,"standard_error":445.37294414277807}}