{"mean":{"confidence_interval":{"confidence_level":0.95,"lower_bound":262135.41574892993,"upper_bound":263031.7298239236},"point_estimate":262587.00799934356,"standard_error":228.36740693485962},"median":{"confidence_interval":{"confidence_level":0.95,"lower_bound":262405.1865530303,"upper_bound":263089.4090909091},"point_estimate":262656.63454433496,"standard_error":193.29863732156278},"median_abs_dev":{"confidence_interval":{"confidence_level":0.95,"lower_bound":1321.4289128053883,"upper_bound":2228.283853349717},"point_estimate":1757.6003838107074,"standard_error":230.61154137241863},"slope":{"confidence_interval":{"confidence_level":0.95,"lower_bound":262581.48630403914,"upper_bound":263374.98419900757},"point_estimate":262966.14491133444,"standard_error":201.52203793842742},"std_dev":{"confidence_interval":{"confidence_level":0.95,"lower_bound":1870.8706977839242,"upper_bound":2704.3558714770693},"point_estimate":2300.1034422786242,"standard_error":213.0041596960954}}