{"mean":{"confidence_interval":{"confidence_level":0.95,"lower_bound":734900.2974061437,"upper_bound":737565.6846025877},"point_estimate":736019.8221822471,"standard_error":688.1720023664824},"median":{"confidence_interval":{"confidence_level":0.95,"lower_bound":734716.4945652174,"upper_bound":736084.3045977012},"point_estimate":735479.8624934522,"standard_error":308.3230957062901},"median_abs_dev":{"confidence_interval":{"confidence_level":0.95,"lower_bound":1837.2682890111646,"upper_bound":3052.545958849998},"point_estimate":2323.511367077994,"standard_error":314.5036984906091},"slope":{"confidence_interval":{"confidence_level":0.95,"lower_bound":735617.2068198256,"upper_bound":737362.1953903255},"point_estimate":736411.7836929215,"standard_error":447.2660162568657},"std_dev":{"confidence_interval":{"confidence_level":0.95,"lower_bound":2887.1384286604402,"upper_bound":10957.432695513386},"point_estimate":6914.123426368267,"standard_error":2516.4706185175364}}