{"mean":{"confidence_interval":{"confidence_level":0.95,"lower_bound":241645.40534981273,"upper_bound":243379.23429854962},"point_estimate":242427.21184864017,"standard_error":444.81755570041156},"median":{"confidence_interval":{"confidence_level":0.95,"lower_bound":241724.32689308177,"upper_bound":242584.68172043012},"point_estimate":242105.61924050632,"standard_error":240.73892864508207},"median_abs_dev":{"confidence_interval":{"confidence_level":0.95,"lower_bound":1413.89651489535,"upper_bound":2331.9908308317335},"point_estimate":1909.9685197754854,"standard_error":228.86575531300704},"slope":{"confidence_interval":{"confidence_level":0.95,"lower_bound":242133.65178379818,"upper_bound":242908.06688467428},"point_estimate":242495.79479119254,"standard_error":198.05815837568292},"std_dev":{"confidence_interval":{"confidence_level":0.95,"lower_bound":2210.2353398417126,"upper_bound":6620.867339986322},"point_estimate":4470.116291409091,"standard_error":1190.3228344181757}}