{"mean":{"confidence_interval":{"confidence_level":0.95,"lower_bound":237940.5145929368,"upper_bound":238849.39863916097},"point_estimate":238379.4165398693,"standard_error":232.36964561809185},"median":{"confidence_interval":{"confidence_level":0.95,"lower_bound":237479.28004395604,"upper_bound":238762.56301843317},"point_estimate":237838.81818181818,"standard_error":313.3500000615942},"median_abs_dev":{"confidence_interval":{"confidence_level":0.95,"lower_bound":1661.546168349224,"upper_bound":2600.9664676608377},"point_estimate":2213.1392499089216,"standard_error":235.76947735420822},"slope":{"confidence_interval":{"confidence_level":0.95,"lower_bound":237430.17547167244,"upper_bound":238232.38913929136},"point_estimate":237815.8647601596,"standard_error":204.59897422971963},"std_dev":{"confidence_interval":{"confidence_level":0.95,"lower_bound":1778.9144443347227,"upper_bound":2877.3292796654514},"point_estimate":2334.6567839021936,"standard_error":283.21251321582685}}