{"mean":{"confidence_interval":{"confidence_level":0.95,"lower_bound":232611.73127536447,"upper_bound":234119.74258645007},"point_estimate":233362.9311715005,"standard_error":384.4539479878415},"median":{"confidence_interval":{"confidence_level":0.95,"lower_bound":232372.6243551797,"upper_bound":234226.88854166667},"point_estimate":233501.6276811594,"standard_error":537.6609838261217},"median_abs_dev":{"confidence_interval":{"confidence_level":0.95,"lower_bound":2786.2955569980186,"upper_bound":4507.376131114442},"point_estimate":3845.147617439208,"standard_error":417.37558561134125},"slope":{"confidence_interval":{"confidence_level":0.95,"lower_bound":233187.13347776115,"upper_bound":234806.72280571942},"point_estimate":233992.61221693511,"standard_error":412.21433015372503},"std_dev":{"confidence_interval":{"confidence_level":0.95,"lower_bound":3183.913913422308,"upper_bound":4504.397437354751},"point_estimate":3858.794966780825,"standard_error":337.27998715847946}}