{"mean":{"confidence_interval":{"confidence_level":0.95,"lower_bound":272895.69463741494,"upper_bound":274837.8241284097},"point_estimate":273797.45809128025,"standard_error":495.2191527317309},"median":{"confidence_interval":{"confidence_level":0.95,"lower_bound":272099.0002943841,"upper_bound":273419.1895454546},"point_estimate":272919.92047283705,"standard_error":337.1081046570455},"median_abs_dev":{"confidence_interval":{"confidence_level":0.95,"lower_bound":2288.5065768581017,"upper_bound":4358.951791403291},"point_estimate":3144.1402108412826,"standard_error":556.0121230064559},"slope":{"confidence_interval":{"confidence_level":0.95,"lower_bound":273534.4068199641,"upper_bound":275726.5449181625},"point_estimate":274595.28346830205,"standard_error":562.2626451933875},"std_dev":{"confidence_interval":{"confidence_level":0.95,"lower_bound":3341.5418327809207,"upper_bound":6803.314417983903},"point_estimate":4965.965117737715,"standard_error":979.9708285512755}}