{"mean":{"confidence_interval":{"confidence_level":0.95,"lower_bound":202572.96920359507,"upper_bound":203537.4295342365},"point_estimate":203034.08359062494,"standard_error":245.95654015454372},"median":{"confidence_interval":{"confidence_level":0.95,"lower_bound":202412.78723404257,"upper_bound":203110.17283950618},"point_estimate":202797.63678646935,"standard_error":152.63384588266314},"median_abs_dev":{"confidence_interval":{"confidence_level":0.95,"lower_bound":931.5317098519304,"upper_bound":1563.4230519285547},"point_estimate":1184.9302921438314,"standard_error":155.97866593223426},"slope":{"confidence_interval":{"confidence_level":0.95,"lower_bound":202686.38255679634,"upper_bound":203344.60752459976},"point_estimate":203000.4840425595,"standard_error":167.5759915672003},"std_dev":{"confidence_interval":{"confidence_level":0.95,"lower_bound":1657.240992679932,"upper_bound":3220.1848396468267},"point_estimate":2476.12421011767,"standard_error":400.2940251456296}}