{"mean":{"confidence_interval":{"confidence_level":0.95,"lower_bound":169730.35516894457,"upper_bound":170560.56724168238},"point_estimate":170144.20168583337,"standard_error":211.72409205435298},"median":{"confidence_interval":{"confidence_level":0.95,"lower_bound":169668.1865079365,"upper_bound":170656.11421717174},"point_estimate":170251.93574995542,"standard_error":245.12875656710204},"median_abs_dev":{"confidence_interval":{"confidence_level":0.95,"lower_bound":1577.4621757158784,"upper_bound":2620.9035785201504},"point_estimate":2134.291643042505,"standard_error":272.19305470725305},"slope":{"confidence_interval":{"confidence_level":0.95,"lower_bound":170220.58990245967,"upper_bound":171014.1738292852},"point_estimate":170621.96339983252,"standard_error":202.4030146489911},"std_dev":{"confidence_interval":{"confidence_level":0.95,"lower_bound":1719.7480783692288,"upper_bound":2546.497839061632},"point_estimate":2130.94057879246,"standard_error":213.09806843986598}}