{"mean":{"confidence_interval":{"confidence_level":0.95,"lower_bound":752911.2567560717,"upper_bound":754447.1796639216},"point_estimate":753666.9184917212,"standard_error":391.47704560926366},"median":{"confidence_interval":{"confidence_level":0.95,"lower_bound":752641.072368421,"upper_bound":753861.7647058824},"point_estimate":753398.9340366581,"standard_error":259.13291286058234},"median_abs_dev":{"confidence_interval":{"confidence_level":0.95,"lower_bound":1992.0271770029128,"upper_bound":3564.1058969204214},"point_estimate":2778.8357065303094,"standard_error":419.28356348863707},"slope":{"confidence_interval":{"confidence_level":0.95,"lower_bound":752608.1001366674,"upper_bound":753672.0804513674},"point_estimate":753129.002705778,"standard_error":271.34272926694973},"std_dev":{"confidence_interval":{"confidence_level":0.95,"lower_bound":2991.8939605150354,"upper_bound":4812.288679147049},"point_estimate":3940.923661012284,"standard_error":465.6562360226043}}