{"mean":{"confidence_interval":{"confidence_level":0.95,"lower_bound":744205.9303077122,"upper_bound":746631.8754360115},"point_estimate":745323.0371044975,"standard_error":620.2312223181808},"median":{"confidence_interval":{"confidence_level":0.95,"lower_bound":743793.1512987013,"upper_bound":745102.885},"point_estimate":744403.5464034725,"standard_error":342.0845402722942},"median_abs_dev":{"confidence_interval":{"confidence_level":0.95,"lower_bound":1887.923851496961,"upper_bound":3496.462074826394},"point_estimate":2689.78613333766,"standard_error":403.62208622068505},"slope":{"confidence_interval":{"confidence_level":0.95,"lower_bound":744135.8511408435,"upper_bound":745724.214262891},"point_estimate":744910.9354352002,"standard_error":406.37867725274856},"std_dev":{"confidence_interval":{"confidence_level":0.95,"lower_bound":3529.8158584418275,"upper_bound":8611.694913893738},"point_estimate":6242.348310337583,"standard_error":1322.3121915226864}}