{"mean":{"confidence_interval":{"confidence_level":0.95,"lower_bound":437495.07467258984,"upper_bound":439296.6613688895},"point_estimate":438405.53991211957,"standard_error":458.0836307565252},"median":{"confidence_interval":{"confidence_level":0.95,"lower_bound":437644.09588509315,"upper_bound":439279.88333333336},"point_estimate":438710.7337372449,"standard_error":435.1439360614462},"median_abs_dev":{"confidence_interval":{"confidence_level":0.95,"lower_bound":2869.287225170757,"upper_bound":4751.201234820943},"point_estimate":4088.766229762721,"standard_error":475.0838032198408},"slope":{"confidence_interval":{"confidence_level":0.95,"lower_bound":437550.9378446499,"upper_bound":439324.05022022827},"point_estimate":438433.3578897591,"standard_error":451.88777309221786},"std_dev":{"confidence_interval":{"confidence_level":0.95,"lower_bound":3694.3470132819107,"upper_bound":5506.165635619229},"point_estimate":4608.531403695281,"standard_error":466.322088125337}}