{"mean":{"confidence_interval":{"confidence_level":0.95,"lower_bound":2859872.432017856,"upper_bound":2881126.3328571427},"point_estimate":2868750.259285714,"standard_error":5512.183679027862},"median":{"confidence_interval":{"confidence_level":0.95,"lower_bound":2856649.1428571427,"upper_bound":2860511.5},"point_estimate":2858389.9642857146,"standard_error":973.3156657553128},"median_abs_dev":{"confidence_interval":{"confidence_level":0.95,"lower_bound":5473.017802834511,"upper_bound":8789.752793950891},"point_estimate":6529.423234080206,"standard_error":856.7281772911543},"slope":null,"std_dev":{"confidence_interval":{"confidence_level":0.95,"lower_bound":10737.83559030396,"upper_bound":86573.6235638891},"point_estimate":55372.31197833143,"standard_error":20026.073070163544}}