{"mean":{"confidence_interval":{"confidence_level":0.95,"lower_bound":3846116.0530961542,"upper_bound":3852002.0984423086},"point_estimate":3848969.8869230775,"standard_error":1506.1862908696319},"median":{"confidence_interval":{"confidence_level":0.95,"lower_bound":3842945.076923077,"upper_bound":3850578.846153846},"point_estimate":3846435.0,"standard_error":1932.0907437757812},"median_abs_dev":{"confidence_interval":{"confidence_level":0.95,"lower_bound":10999.352181645487,"upper_bound":16897.24892309084},"point_estimate":15390.129026770592,"standard_error":1497.7909408660564},"slope":null,"std_dev":{"confidence_interval":{"confidence_level":0.95,"lower_bound":11980.949174734333,"upper_bound":18660.556713010854},"point_estimate":15116.606025411456,"standard_error":1755.9226245024217}}