{"mean":{"confidence_interval":{"confidence_level":0.95,"lower_bound":723408.7322357056,"upper_bound":724861.2018488961},"point_estimate":724106.8825451498,"standard_error":368.67104243907863},"median":{"confidence_interval":{"confidence_level":0.95,"lower_bound":723559.1,"upper_bound":724381.4157894737},"point_estimate":724078.1369047619,"standard_error":205.79720830789452},"median_abs_dev":{"confidence_interval":{"confidence_level":0.95,"lower_bound":1287.5846781039756,"upper_bound":2256.5990930952244},"point_estimate":1749.6328822682822,"standard_error":247.10990352231394},"slope":{"confidence_interval":{"confidence_level":0.95,"lower_bound":723725.5042746566,"upper_bound":725372.3677930569},"point_estimate":724425.8630042855,"standard_error":430.4543049766483},"std_dev":{"confidence_interval":{"confidence_level":0.95,"lower_bound":2235.995866742993,"upper_bound":5058.487072560213},"point_estimate":3698.704275170766,"standard_error":728.649114046236}}