{"mean":{"confidence_interval":{"confidence_level":0.95,"lower_bound":664478.6640371933,"upper_bound":670275.9178248129},"point_estimate":667130.7953829081,"standard_error":1479.9650956977516},"median":{"confidence_interval":{"confidence_level":0.95,"lower_bound":662474.8267557989,"upper_bound":664524.3827160494},"point_estimate":663486.9071864595,"standard_error":486.7446246391988},"median_abs_dev":{"confidence_interval":{"confidence_level":0.95,"lower_bound":2697.551919452824,"upper_bound":4451.711422800965},"point_estimate":3186.214951497879,"standard_error":454.6105934897954},"slope":{"confidence_interval":{"confidence_level":0.95,"lower_bound":663067.3739145889,"upper_bound":664345.60606942},"point_estimate":663687.3906694251,"standard_error":325.5569968437862},"std_dev":{"confidence_interval":{"confidence_level":0.95,"lower_bound":8976.409690156985,"upper_bound":19434.62764689768},"point_estimate":14846.565233702524,"standard_error":2665.455844295509}}