{"mean":{"confidence_interval":{"confidence_level":0.95,"lower_bound":245294.7281510194,"upper_bound":246421.87235548536},"point_estimate":245836.20866746738,"standard_error":287.8192139301044},"median":{"confidence_interval":{"confidence_level":0.95,"lower_bound":244679.11599459063,"upper_bound":245603.24509803922},"point_estimate":245300.2414694894,"standard_error":247.59719484841906},"median_abs_dev":{"confidence_interval":{"confidence_level":0.95,"lower_bound":1375.2408169908592,"upper_bound":2624.904591064603},"point_estimate":1965.785113794362,"standard_error":315.65501873568536},"slope":{"confidence_interval":{"confidence_level":0.95,"lower_bound":244640.316482488,"upper_bound":245501.62862812672},"point_estimate":245046.4661666913,"standard_error":219.72197045405576},"std_dev":{"confidence_interval":{"confidence_level":0.95,"lower_bound":2264.5230373268414,"upper_bound":3457.9929983934294},"point_estimate":2893.12132668839,"standard_error":305.1058407309732}}