{"mean":{"confidence_interval":{"confidence_level":0.95,"lower_bound":179577.98998548117,"upper_bound":180980.7792312104},"point_estimate":180222.69664366767,"standard_error":360.5783747636635},"median":{"confidence_interval":{"confidence_level":0.95,"lower_bound":179374.39393939395,"upper_bound":180150.51243781095},"point_estimate":179690.09722222222,"standard_error":211.50210577436317},"median_abs_dev":{"confidence_interval":{"confidence_level":0.95,"lower_bound":1811.5467476383433,"upper_bound":2951.7723706725},"point_estimate":2327.0289086869825,"standard_error":285.3904754158661},"slope":{"confidence_interval":{"confidence_level":0.95,"lower_bound":178874.77543303015,"upper_bound":179846.6385440261},"point_estimate":179334.404350032,"standard_error":248.5984310549587},"std_dev":{"confidence_interval":{"confidence_level":0.95,"lower_bound":2307.0356454727307,"upper_bound":5078.035255320395},"point_estimate":3623.653136765759,"standard_error":777.9904478936808}}