{"mean":{"confidence_interval":{"confidence_level":0.95,"lower_bound":180193.58121511087,"upper_bound":182523.08709021698},"point_estimate":181182.4127758042,"standard_error":602.423562159174},"median":{"confidence_interval":{"confidence_level":0.95,"lower_bound":179549.07407407407,"upper_bound":180751.82643917782},"point_estimate":180112.51558042574,"standard_error":307.55579132726785},"median_abs_dev":{"confidence_interval":{"confidence_level":0.95,"lower_bound":1957.2558750608798,"upper_bound":3482.288768029836},"point_estimate":2796.5237615576416,"standard_error":406.4512903835343},"slope":{"confidence_interval":{"confidence_level":0.95,"lower_bound":179282.58047495093,"upper_bound":181567.62673260394},"point_estimate":180225.49136988327,"standard_error":589.5817196110523},"std_dev":{"confidence_interval":{"confidence_level":0.95,"lower_bound":2648.4761913764705,"upper_bound":9495.157736409457},"point_estimate":6084.526750519482,"standard_error":2114.4025452424607}}