{"mean":{"confidence_interval":{"confidence_level":0.95,"lower_bound":266697.656723236,"upper_bound":267961.2847315452},"point_estimate":267284.36841158266,"standard_error":321.8571053167211},"median":{"confidence_interval":{"confidence_level":0.95,"lower_bound":266383.50957854406,"upper_bound":267274.9456521739},"point_estimate":266753.72835946246,"standard_error":246.71782158343532},"median_abs_dev":{"confidence_interval":{"confidence_level":0.95,"lower_bound":1423.3698085271214,"upper_bound":2335.5885012892595},"point_estimate":1833.9330212426405,"standard_error":230.2085508821725},"slope":{"confidence_interval":{"confidence_level":0.95,"lower_bound":266543.74298647576,"upper_bound":267794.83495362016},"point_estimate":267082.4958615339,"standard_error":321.1965587463686},"std_dev":{"confidence_interval":{"confidence_level":0.95,"lower_bound":1924.478777974847,"upper_bound":4503.938066393209},"point_estimate":3235.8334874592356,"standard_error":680.1002315644276}}