{"mean":{"confidence_interval":{"confidence_level":0.95,"lower_bound":300494.42620710545,"upper_bound":301789.95212350175},"point_estimate":301107.5014500609,"standard_error":330.3423828517499},"median":{"confidence_interval":{"confidence_level":0.95,"lower_bound":300152.1095138702,"upper_bound":301061.5814606742},"point_estimate":300666.484375,"standard_error":241.65922874115483},"median_abs_dev":{"confidence_interval":{"confidence_level":0.95,"lower_bound":1629.9862960619523,"upper_bound":2842.48487127494},"point_estimate":2246.3551636507345,"standard_error":316.2722937149757},"slope":{"confidence_interval":{"confidence_level":0.95,"lower_bound":300312.6905835873,"upper_bound":301492.8360105974},"point_estimate":300888.376980198,"standard_error":301.30082597275646},"std_dev":{"confidence_interval":{"confidence_level":0.95,"lower_bound":2268.0516669372023,"upper_bound":4288.458323534373},"point_estimate":3314.8079261469857,"standard_error":521.2320642542193}}