{"mean":{"confidence_interval":{"confidence_level":0.95,"lower_bound":1407494.486287099,"upper_bound":1419885.5115217194},"point_estimate":1413389.2915792211,"standard_error":3160.415760691297},"median":{"confidence_interval":{"confidence_level":0.95,"lower_bound":1396929.810810811,"upper_bound":1405831.3606557376},"point_estimate":1401216.4956989246,"standard_error":2664.475311421721},"median_abs_dev":{"confidence_interval":{"confidence_level":0.95,"lower_bound":11111.413499809789,"upper_bound":23099.4251207238},"point_estimate":16829.330371024364,"standard_error":3306.1925311921386},"slope":{"confidence_interval":{"confidence_level":0.95,"lower_bound":1405276.367889242,"upper_bound":1419486.4620254752},"point_estimate":1411922.0921678734,"standard_error":3625.462849275307},"std_dev":{"confidence_interval":{"confidence_level":0.95,"lower_bound":23734.17697301481,"upper_bound":39102.135510229644},"point_estimate":31606.685641654745,"standard_error":3943.6357988597324}}