{"mean":{"confidence_interval":{"confidence_level":0.95,"lower_bound":1352472.5564238294,"upper_bound":1355569.5628081192},"point_estimate":1353970.5041419026,"standard_error":790.7213087918611},"median":{"confidence_interval":{"confidence_level":0.95,"lower_bound":1350733.4166666667,"upper_bound":1355001.7071520619},"point_estimate":1352513.6339285714,"standard_error":1238.9886827981222},"median_abs_dev":{"confidence_interval":{"confidence_level":0.95,"lower_bound":5537.661437479963,"upper_bound":9059.578641648961},"point_estimate":7293.362460222901,"standard_error":898.0791636453013},"slope":{"confidence_interval":{"confidence_level":0.95,"lower_bound":1352274.0103859717,"upper_bound":1355700.999198655},"point_estimate":1353957.2841584159,"standard_error":874.2259381133429},"std_dev":{"confidence_interval":{"confidence_level":0.95,"lower_bound":6319.420812558071,"upper_bound":9722.147035188635},"point_estimate":7983.439838194235,"standard_error":883.2778604371646}}