{"mean":{"confidence_interval":{"confidence_level":0.95,"lower_bound":152751.54371196093,"upper_bound":154049.57510325135},"point_estimate":153343.7352151472,"standard_error":331.8389248508547},"median":{"confidence_interval":{"confidence_level":0.95,"lower_bound":152161.35952380951,"upper_bound":153097.16750096265},"point_estimate":152628.1462641193,"standard_error":233.17500499305018},"median_abs_dev":{"confidence_interval":{"confidence_level":0.95,"lower_bound":1376.78231308044,"upper_bound":2583.1210869821593},"point_estimate":2040.1131880231878,"standard_error":298.24142975306876},"slope":{"confidence_interval":{"confidence_level":0.95,"lower_bound":151567.4998302516,"upper_bound":152326.41138986606},"point_estimate":151924.02987903482,"standard_error":193.57126643919239},"std_dev":{"confidence_interval":{"confidence_level":0.95,"lower_bound":1950.3695128624702,"upper_bound":4590.640756499243},"point_estimate":3333.0768068375824,"standard_error":703.6132822239812}}