{"mean":{"confidence_interval":{"confidence_level":0.95,"lower_bound":352414.53178240306,"upper_bound":353823.4032130714},"point_estimate":353108.25012000167,"standard_error":359.057471543381},"median":{"confidence_interval":{"confidence_level":0.95,"lower_bound":352188.6111111111,"upper_bound":353472.4130434783},"point_estimate":352784.82118055556,"standard_error":290.537879169433},"median_abs_dev":{"confidence_interval":{"confidence_level":0.95,"lower_bound":1792.8290468876664,"upper_bound":3031.71356266334},"point_estimate":2372.731891417253,"standard_error":296.70086922607027},"slope":{"confidence_interval":{"confidence_level":0.95,"lower_bound":352378.06469748553,"upper_bound":353574.8474579128},"point_estimate":352962.3635653416,"standard_error":305.3795372802217},"std_dev":{"confidence_interval":{"confidence_level":0.95,"lower_bound":2660.260906295384,"upper_bound":4498.435205573315},"point_estimate":3614.775157025964,"standard_error":471.1763159465967}}