{"mean":{"confidence_interval":{"confidence_level":0.95,"lower_bound":246756.42563266816,"upper_bound":248789.53921374358},"point_estimate":247681.62965100206,"standard_error":520.7743897857911},"median":{"confidence_interval":{"confidence_level":0.95,"lower_bound":246137.4425,"upper_bound":247231.2530120482},"point_estimate":246716.05357142858,"standard_error":277.4801131986239},"median_abs_dev":{"confidence_interval":{"confidence_level":0.95,"lower_bound":1550.7720113144503,"upper_bound":2540.8257930294576},"point_estimate":1921.3821713563912,"standard_error":259.7224884335842},"slope":{"confidence_interval":{"confidence_level":0.95,"lower_bound":246753.6875843383,"upper_bound":247846.085549156},"point_estimate":247277.54660410818,"standard_error":277.94580465551917},"std_dev":{"confidence_interval":{"confidence_level":0.95,"lower_bound":2775.941440503973,"upper_bound":7317.4212116326225},"point_estimate":5221.00329252485,"standard_error":1161.4476083715774}}