{"mean":{"confidence_interval":{"confidence_level":0.95,"lower_bound":524635.9970533105,"upper_bound":525971.105873619},"point_estimate":525274.3114449866,"standard_error":338.61936274906293},"median":{"confidence_interval":{"confidence_level":0.95,"lower_bound":524916.8522321428,"upper_bound":525909.9328444297},"point_estimate":525354.9628561737,"standard_error":222.367807816621},"median_abs_dev":{"confidence_interval":{"confidence_level":0.95,"lower_bound":1568.1389321599754,"upper_bound":2596.304626778734},"point_estimate":2064.4882701974498,"standard_error":258.99570356249916},"slope":{"confidence_interval":{"confidence_level":0.95,"lower_bound":525177.2248350126,"upper_bound":526104.0828700181},"point_estimate":525642.3913684055,"standard_error":236.8012268001974},"std_dev":{"confidence_interval":{"confidence_level":0.95,"lower_bound":2271.3209841827784,"upper_bound":4697.639048148236},"point_estimate":3407.49661943898,"standard_error":658.4708656323392}}