{"mean":{"confidence_interval":{"confidence_level":0.95,"lower_bound":253989.49271352452,"upper_bound":256030.8762191165},"point_estimate":254890.40466649298,"standard_error":524.0452848724505},"median":{"confidence_interval":{"confidence_level":0.95,"lower_bound":253584.98924731184,"upper_bound":254784.49375000002},"point_estimate":254043.84852430556,"standard_error":333.3348851910008},"median_abs_dev":{"confidence_interval":{"confidence_level":0.95,"lower_bound":1688.0298684178558,"upper_bound":2907.037137263402},"point_estimate":2172.1997560972013,"standard_error":307.2835367375386},"slope":{"confidence_interval":{"confidence_level":0.95,"lower_bound":253663.43746844388,"upper_bound":254867.93166420033},"point_estimate":254237.15521131965,"standard_error":307.6581524813001},"std_dev":{"confidence_interval":{"confidence_level":0.95,"lower_bound":2785.184681847677,"upper_bound":7974.382207378956},"point_estimate":5302.893295942659,"standard_error":1576.9074720391436}}