{"mean":{"confidence_interval":{"confidence_level":0.95,"lower_bound":242090.66071819968,"upper_bound":242849.0271109631},"point_estimate":242471.53932512182,"standard_error":193.76996079590393},"median":{"confidence_interval":{"confidence_level":0.95,"lower_bound":241757.12816604128,"upper_bound":242923.26063829788},"point_estimate":242767.9469684385,"standard_error":294.29523878898607},"median_abs_dev":{"confidence_interval":{"confidence_level":0.95,"lower_bound":1581.9749592540807,"upper_bound":2478.270998211572},"point_estimate":2011.9041438042038,"standard_error":223.1465934962145},"slope":{"confidence_interval":{"confidence_level":0.95,"lower_bound":241825.7271955597,"upper_bound":242734.53066140914},"point_estimate":242268.6227176001,"standard_error":231.8034294430064},"std_dev":{"confidence_interval":{"confidence_level":0.95,"lower_bound":1662.0623660725107,"upper_bound":2189.1012580968263},"point_estimate":1934.391763676902,"standard_error":134.98453309086761}}