{"mean":{"confidence_interval":{"confidence_level":0.95,"lower_bound":177216.57457973988,"upper_bound":180641.47321488464},"point_estimate":178741.36878657847,"standard_error":879.66620418333},"median":{"confidence_interval":{"confidence_level":0.95,"lower_bound":175666.47010869568,"upper_bound":177632.392783292},"point_estimate":176508.02314814815,"standard_error":465.256750308982},"median_abs_dev":{"confidence_interval":{"confidence_level":0.95,"lower_bound":2795.270870849767,"upper_bound":4986.546308423212},"point_estimate":3909.7977342016816,"standard_error":545.0853587907235},"slope":{"confidence_interval":{"confidence_level":0.95,"lower_bound":176678.51708400768,"upper_bound":178857.06038846163},"point_estimate":177696.42981035417,"standard_error":556.4412142034208},"std_dev":{"confidence_interval":{"confidence_level":0.95,"lower_bound":4530.870185755031,"upper_bound":13166.684121906137},"point_estimate":8870.98460699551,"standard_error":2449.5317619141324}}