{"mean":{"confidence_interval":{"confidence_level":0.95,"lower_bound":258088.91192231537,"upper_bound":259761.01648712446},"point_estimate":258790.49789498522,"standard_error":433.138109860593},"median":{"confidence_interval":{"confidence_level":0.95,"lower_bound":257797.940018315,"upper_bound":258684.56151995723},"point_estimate":258148.18076923076,"standard_error":212.55244140213182},"median_abs_dev":{"confidence_interval":{"confidence_level":0.95,"lower_bound":1236.4416498358135,"upper_bound":1944.9334253189982},"point_estimate":1558.9072184432791,"standard_error":182.57256875388646},"slope":{"confidence_interval":{"confidence_level":0.95,"lower_bound":258172.7662179671,"upper_bound":258883.57629545906},"point_estimate":258523.74524456923,"standard_error":181.45633621016333},"std_dev":{"confidence_interval":{"confidence_level":0.95,"lower_bound":1781.24211521297,"upper_bound":6894.385168835669},"point_estimate":4368.673664030732,"standard_error":1580.0632588429285}}