{"mean":{"confidence_interval":{"confidence_level":0.95,"lower_bound":261369.13667216204,"upper_bound":263543.42535746406},"point_estimate":262401.45742240665,"standard_error":552.7586086760409},"median":{"confidence_interval":{"confidence_level":0.95,"lower_bound":260144.236003861,"upper_bound":261492.79210526316},"point_estimate":260711.56153846154,"standard_error":394.27222399622514},"median_abs_dev":{"confidence_interval":{"confidence_level":0.95,"lower_bound":1998.452123629666,"upper_bound":3889.5364583240953},"point_estimate":2742.906320303682,"standard_error":458.9978165354178},"slope":{"confidence_interval":{"confidence_level":0.95,"lower_bound":261140.17007887916,"upper_bound":263837.975133901},"point_estimate":262384.6478099601,"standard_error":689.7737660991068},"std_dev":{"confidence_interval":{"confidence_level":0.95,"lower_bound":4137.869792755702,"upper_bound":6787.931344071663},"point_estimate":5555.450459173369,"standard_error":676.760099891125}}