{"mean":{"confidence_interval":{"confidence_level":0.95,"lower_bound":262898.5165945964,"upper_bound":263929.3139987999},"point_estimate":263408.9042825838,"standard_error":262.44443559168377},"median":{"confidence_interval":{"confidence_level":0.95,"lower_bound":262504.20463432674,"upper_bound":263848.69444444444},"point_estimate":263143.64847826085,"standard_error":308.40883945938367},"median_abs_dev":{"confidence_interval":{"confidence_level":0.95,"lower_bound":1645.3012901936168,"upper_bound":2745.239858733445},"point_estimate":2030.326082278593,"standard_error":286.39697138358605},"slope":{"confidence_interval":{"confidence_level":0.95,"lower_bound":263363.2039118653,"upper_bound":264416.32881301525},"point_estimate":263877.3014230826,"standard_error":270.0317488293931},"std_dev":{"confidence_interval":{"confidence_level":0.95,"lower_bound":2209.4032374080525,"upper_bound":3035.51378179141},"point_estimate":2643.4067577120327,"standard_error":210.1276708768018}}