{"mean":{"confidence_interval":{"confidence_level":0.95,"lower_bound":439014.401172253,"upper_bound":442804.38208140153},"point_estimate":440648.46841857827,"standard_error":978.8209326483425},"median":{"confidence_interval":{"confidence_level":0.95,"lower_bound":438208.0663265306,"upper_bound":439906.8888888889},"point_estimate":439275.5963541666,"standard_error":448.7202457121711},"median_abs_dev":{"confidence_interval":{"confidence_level":0.95,"lower_bound":2500.580294908695,"upper_bound":4482.774257858083},"point_estimate":3606.830064907149,"standard_error":525.9585682315867},"slope":{"confidence_interval":{"confidence_level":0.95,"lower_bound":438276.769001764,"upper_bound":439928.68755958776},"point_estimate":439049.40706812474,"standard_error":420.71202875361143},"std_dev":{"confidence_interval":{"confidence_level":0.95,"lower_bound":4267.958112871384,"upper_bound":15113.766476735313},"point_estimate":9839.10748853093,"standard_error":3136.3301478256885}}