{"mean":{"confidence_interval":{"confidence_level":0.95,"lower_bound":226127.80921110467,"upper_bound":227172.80319588198},"point_estimate":226648.45691413165,"standard_error":267.11466189330724},"median":{"confidence_interval":{"confidence_level":0.95,"lower_bound":226178.23783783783,"upper_bound":226793.1653846154},"point_estimate":226460.49271460247,"standard_error":165.59365354222564},"median_abs_dev":{"confidence_interval":{"confidence_level":0.95,"lower_bound":1536.5871977762843,"upper_bound":2452.6901673651428},"point_estimate":1996.7379361086712,"standard_error":228.96061078445908},"slope":{"confidence_interval":{"confidence_level":0.95,"lower_bound":226166.56996213377,"upper_bound":226995.98522352427},"point_estimate":226582.7534121472,"standard_error":211.9273528890045},"std_dev":{"confidence_interval":{"confidence_level":0.95,"lower_bound":2038.8299786677694,"upper_bound":3298.101187393492},"point_estimate":2676.4625910014734,"standard_error":324.10707326751174}}