{"mean":{"confidence_interval":{"confidence_level":0.95,"lower_bound":360910.7028295955,"upper_bound":363403.2961623371},"point_estimate":361970.81100367924,"standard_error":645.0894437775098},"median":{"confidence_interval":{"confidence_level":0.95,"lower_bound":360354.5263157895,"upper_bound":361582.4887829912},"point_estimate":361069.0776972625,"standard_error":348.0826465769124},"median_abs_dev":{"confidence_interval":{"confidence_level":0.95,"lower_bound":2029.6910006518278,"upper_bound":3505.2971179852743},"point_estimate":2728.385852443814,"standard_error":376.55406449664866},"slope":{"confidence_interval":{"confidence_level":0.95,"lower_bound":360210.42379988125,"upper_bound":361391.5925473262},"point_estimate":360786.70348603517,"standard_error":301.1985419763184},"std_dev":{"confidence_interval":{"confidence_level":0.95,"lower_bound":2961.8498261133805,"upper_bound":10070.687773947548},"point_estimate":6465.573935933956,"standard_error":2253.8669040329873}}