{"mean":{"confidence_interval":{"confidence_level":0.95,"lower_bound":454382.9071941707,"upper_bound":457766.38979339536},"point_estimate":455949.5062065949,"standard_error":863.9040262585307},"median":{"confidence_interval":{"confidence_level":0.95,"lower_bound":453666.3910043445,"upper_bound":455567.8595505618},"point_estimate":454556.6878591954,"standard_error":475.3950389277008},"median_abs_dev":{"confidence_interval":{"confidence_level":0.95,"lower_bound":3460.1665101607077,"upper_bound":6017.466162249616},"point_estimate":4575.9944816148,"standard_error":641.8363868922991},"slope":{"confidence_interval":{"confidence_level":0.95,"lower_bound":453620.54275778565,"upper_bound":455566.6920274838},"point_estimate":454582.1389035023,"standard_error":495.83588637183425},"std_dev":{"confidence_interval":{"confidence_level":0.95,"lower_bound":5334.109162279968,"upper_bound":11788.253804264865},"point_estimate":8643.731593313825,"standard_error":1688.4946758837566}}