{"mean":{"confidence_interval":{"confidence_level":0.95,"lower_bound":2849238.7453833325,"upper_bound":2875816.705483334},"point_estimate":2860784.278,"standard_error":6861.399388125356},"median":{"confidence_interval":{"confidence_level":0.95,"lower_bound":2844153.7333333334,"upper_bound":2847963.466666667},"point_estimate":2846440.8,"standard_error":894.9298958057411},"median_abs_dev":{"confidence_interval":{"confidence_level":0.95,"lower_bound":6110.466603517049,"upper_bound":10987.054204940565},"point_estimate":8337.796311974778,"standard_error":1280.544201476167},"slope":null,"std_dev":{"confidence_interval":{"confidence_level":0.95,"lower_bound":19816.817287647853,"upper_bound":101637.65303798197},"point_estimate":68897.25154701764,"standard_error":20532.669125893983}}