{"mean":{"confidence_interval":{"confidence_level":0.95,"lower_bound":4227897.356604165,"upper_bound":4249982.629833334},"point_estimate":4239236.862500001,"standard_error":5643.888861779196},"median":{"confidence_interval":{"confidence_level":0.95,"lower_bound":4220615.666666667,"upper_bound":4268159.083333333},"point_estimate":4255312.25,"standard_error":14255.765311660985},"median_abs_dev":{"confidence_interval":{"confidence_level":0.95,"lower_bound":42571.066769213634,"upper_bound":75702.66660600762},"point_estimate":58609.771509468555,"standard_error":7565.6528404318115},"slope":null,"std_dev":{"confidence_interval":{"confidence_level":0.95,"lower_bound":47348.14516522918,"upper_bound":66800.38842094413},"point_estimate":56897.48460308382,"standard_error":5022.727501082343}}