{"mean":{"confidence_interval":{"confidence_level":0.95,"lower_bound":3685327.243982144,"upper_bound":3699098.490964285},"point_estimate":3692060.904999999,"standard_error":3526.890262594456},"median":{"confidence_interval":{"confidence_level":0.95,"lower_bound":3684089.785714286,"upper_bound":3695607.2142857146},"point_estimate":3689908.5,"standard_error":3153.8680378535805},"median_abs_dev":{"confidence_interval":{"confidence_level":0.95,"lower_bound":21969.16640996933,"upper_bound":41769.76560843867},"point_estimate":32373.258775259816,"standard_error":4906.7967338092885},"slope":null,"std_dev":{"confidence_interval":{"confidence_level":0.95,"lower_bound":28083.41517839042,"upper_bound":42634.07017305856},"point_estimate":35301.7714468994,"standard_error":3762.87173853543}}