{"mean":{"confidence_interval":{"confidence_level":0.95,"lower_bound":3056649.336808826,"upper_bound":3089833.6259411755},"point_estimate":3073122.9341176474,"standard_error":8488.54532660154},"median":{"confidence_interval":{"confidence_level":0.95,"lower_bound":3045054.647058823,"upper_bound":3090747.882352941},"point_estimate":3063488.029411765,"standard_error":12273.184345790252},"median_abs_dev":{"confidence_interval":{"confidence_level":0.95,"lower_bound":65878.5885304216,"upper_bound":113856.59420305325},"point_estimate":85967.29490318696,"standard_error":12188.037417335747},"slope":null,"std_dev":{"confidence_interval":{"confidence_level":0.95,"lower_bound":75316.76123426147,"upper_bound":94204.48894827851},"point_estimate":85464.81400407453,"standard_error":4811.359384005249}}