{"mean":{"confidence_interval":{"confidence_level":0.95,"lower_bound":1923454.0416100249,"upper_bound":1959712.8436659402},"point_estimate":1939846.995955441,"standard_error":9280.539904838393},"median":{"confidence_interval":{"confidence_level":0.95,"lower_bound":1916385.6222222222,"upper_bound":1933055.2707770271},"point_estimate":1921747.2649529,"standard_error":4448.09045395495},"median_abs_dev":{"confidence_interval":{"confidence_level":0.95,"lower_bound":35997.396791032,"upper_bound":64837.57965433762},"point_estimate":49055.06882963242,"standard_error":7214.1094057192895},"slope":{"confidence_interval":{"confidence_level":0.95,"lower_bound":1923972.2167163503,"upper_bound":1941881.057805639},"point_estimate":1932794.4237830648,"standard_error":4560.529436923023},"std_dev":{"confidence_interval":{"confidence_level":0.95,"lower_bound":51519.71881819253,"upper_bound":136342.2324601745},"point_estimate":93250.40691180425,"standard_error":23734.262940083143}}