{"mean":{"confidence_interval":{"confidence_level":0.95,"lower_bound":256165.71741698653,"upper_bound":257656.84783896012},"point_estimate":256846.59641504523,"standard_error":378.9627466588552},"median":{"confidence_interval":{"confidence_level":0.95,"lower_bound":255899.71794871794,"upper_bound":256655.8575},"point_estimate":256160.7300558943,"standard_error":177.15542754027803},"median_abs_dev":{"confidence_interval":{"confidence_level":0.95,"lower_bound":1642.1044370644931,"upper_bound":2515.3774400889006},"point_estimate":2023.311926010848,"standard_error":219.38686846396834},"slope":{"confidence_interval":{"confidence_level":0.95,"lower_bound":255360.5568174133,"upper_bound":256930.2202239706},"point_estimate":256051.97223289494,"standard_error":401.31651781535044},"std_dev":{"confidence_interval":{"confidence_level":0.95,"lower_bound":2335.8030865250335,"upper_bound":5441.587425567158},"point_estimate":3820.739277028637,"standard_error":880.5950427010031}}