{"mean":{"confidence_interval":{"confidence_level":0.95,"lower_bound":1875487.3763368442,"upper_bound":1914116.1417364944},"point_estimate":1893874.5966889092,"standard_error":9831.606833278409},"median":{"confidence_interval":{"confidence_level":0.95,"lower_bound":1874941.486111111,"upper_bound":1902620.188235294},"point_estimate":1886006.3153409092,"standard_error":7494.763163673645},"median_abs_dev":{"confidence_interval":{"confidence_level":0.95,"lower_bound":41317.20236641089,"upper_bound":83879.31950699835},"point_estimate":65796.09971023617,"standard_error":11778.036804928035},"slope":{"confidence_interval":{"confidence_level":0.95,"lower_bound":1874257.8422544757,"upper_bound":1895224.4811655236},"point_estimate":1884552.9196955815,"standard_error":5350.712304714299},"std_dev":{"confidence_interval":{"confidence_level":0.95,"lower_bound":68485.04184289882,"upper_bound":127126.87992635397},"point_estimate":99080.12797893722,"standard_error":15103.13630384687}}