{"mean":{"confidence_interval":{"confidence_level":0.95,"lower_bound":455748.77107033023,"upper_bound":459147.26069712284},"point_estimate":457262.05147388735,"standard_error":875.9338786315213},"median":{"confidence_interval":{"confidence_level":0.95,"lower_bound":454517.23333333334,"upper_bound":457033.72602739726},"point_estimate":456099.8731024668,"standard_error":679.9563663838405},"median_abs_dev":{"confidence_interval":{"confidence_level":0.95,"lower_bound":3188.7446428485528,"upper_bound":5132.249534300938},"point_estimate":4056.9322881525086,"standard_error":476.5197266808698},"slope":{"confidence_interval":{"confidence_level":0.95,"lower_bound":455321.06116657774,"upper_bound":457173.46848847345},"point_estimate":456230.9082931875,"standard_error":470.8214899168814},"std_dev":{"confidence_interval":{"confidence_level":0.95,"lower_bound":4392.900715842927,"upper_bound":13130.8913082811},"point_estimate":8790.490342420206,"standard_error":2457.136941324524}}