{"mean":{"confidence_interval":{"confidence_level":0.95,"lower_bound":230896.3343680648,"upper_bound":232087.28246412263},"point_estimate":231427.32439884747,"standard_error":303.9744501617958},"median":{"confidence_interval":{"confidence_level":0.95,"lower_bound":230635.728,"upper_bound":231404.61443298968},"point_estimate":231047.61182795698,"standard_error":227.3753164292775},"median_abs_dev":{"confidence_interval":{"confidence_level":0.95,"lower_bound":1185.2915337080935,"upper_bound":2101.5219462036735},"point_estimate":1713.870286512901,"standard_error":225.78445921645388},"slope":{"confidence_interval":{"confidence_level":0.95,"lower_bound":231090.96793720825,"upper_bound":231766.81368393768},"point_estimate":231422.0231334417,"standard_error":171.48138899394397},"std_dev":{"confidence_interval":{"confidence_level":0.95,"lower_bound":1701.7356984116243,"upper_bound":4553.650413993705},"point_estimate":3057.4558702877334,"standard_error":859.9194572795536}}