{"mean":{"confidence_interval":{"confidence_level":0.95,"lower_bound":234612.53607521442,"upper_bound":235807.50162519046},"point_estimate":235121.08686734698,"standard_error":307.31126004554},"median":{"confidence_interval":{"confidence_level":0.95,"lower_bound":234473.25684210527,"upper_bound":235180.53233333334},"point_estimate":234795.2160440613,"standard_error":177.86311852085154},"median_abs_dev":{"confidence_interval":{"confidence_level":0.95,"lower_bound":995.1164219543313,"upper_bound":1567.2210321281345},"point_estimate":1274.73915905899,"standard_error":147.64850394785412},"slope":{"confidence_interval":{"confidence_level":0.95,"lower_bound":234806.06803256346,"upper_bound":236565.51470062783},"point_estimate":235467.53180670904,"standard_error":473.4773648135508},"std_dev":{"confidence_interval":{"confidence_level":0.95,"lower_bound":1318.3177874767566,"upper_bound":4859.314253281515},"point_estimate":3090.6958244260663,"standard_error":1087.3466314562397}}