{"mean":{"confidence_interval":{"confidence_level":0.95,"lower_bound":863079.3921654995,"upper_bound":871581.4937715621},"point_estimate":866978.3938697863,"standard_error":2172.1805786901673},"median":{"confidence_interval":{"confidence_level":0.95,"lower_bound":858855.2463235294,"upper_bound":864207.3194444445},"point_estimate":861174.4956790123,"standard_error":1507.280927854776},"median_abs_dev":{"confidence_interval":{"confidence_level":0.95,"lower_bound":7103.282295713239,"upper_bound":14376.071330286699},"point_estimate":9856.711748341773,"standard_error":1853.7130246446084},"slope":{"confidence_interval":{"confidence_level":0.95,"lower_bound":861980.9095922117,"upper_bound":872014.4509493642},"point_estimate":866555.4960174375,"standard_error":2568.082667092008},"std_dev":{"confidence_interval":{"confidence_level":0.95,"lower_bound":13113.500278375346,"upper_bound":29425.378405054646},"point_estimate":21706.512860073493,"standard_error":4213.562036831059}}