{"mean":{"confidence_interval":{"confidence_level":0.95,"lower_bound":6195193.315833333,"upper_bound":6205406.263416668},"point_estimate":6200141.352222226,"standard_error":2607.858571393469},"median":{"confidence_interval":{"confidence_level":0.95,"lower_bound":6190572.0,"upper_bound":6201090.333333333},"point_estimate":6195137.5,"standard_error":2756.4879916546847},"median_abs_dev":{"confidence_interval":{"confidence_level":0.95,"lower_bound":15177.293563881896,"upper_bound":25235.33415198326},"point_estimate":22603.30736537813,"standard_error":2629.3033806515527},"slope":null,"std_dev":{"confidence_interval":{"confidence_level":0.95,"lower_bound":20040.73440780026,"upper_bound":32006.718948423462},"point_estimate":26182.450901370106,"standard_error":3067.4373987719027}}