{"mean":{"confidence_interval":{"confidence_level":0.95,"lower_bound":316558.27331822936,"upper_bound":317694.31211159786},"point_estimate":317131.0009182266,"standard_error":289.4194098155311},"median":{"confidence_interval":{"confidence_level":0.95,"lower_bound":316739.2997673646,"upper_bound":317995.15277777775},"point_estimate":317514.4253753754,"standard_error":341.8740317908786},"median_abs_dev":{"confidence_interval":{"confidence_level":0.95,"lower_bound":1981.510205701995,"upper_bound":3072.7096293001277},"point_estimate":2412.142723684282,"standard_error":282.4627355581897},"slope":{"confidence_interval":{"confidence_level":0.95,"lower_bound":316773.492077207,"upper_bound":317946.6583587387},"point_estimate":317369.0270824097,"standard_error":299.7537733545398},"std_dev":{"confidence_interval":{"confidence_level":0.95,"lower_bound":2361.6526000969534,"upper_bound":3427.6263586978534},"point_estimate":2906.7013881448324,"standard_error":272.0473261652497}}