{"mean":{"confidence_interval":{"confidence_level":0.95,"lower_bound":342777.33989392035,"upper_bound":344109.2063668862},"point_estimate":343375.7749777069,"standard_error":340.6849702916693},"median":{"confidence_interval":{"confidence_level":0.95,"lower_bound":342653.13098375057,"upper_bound":343275.4904625033},"point_estimate":342923.42677881964,"standard_error":149.79541837806434},"median_abs_dev":{"confidence_interval":{"confidence_level":0.95,"lower_bound":1127.7338502489351,"upper_bound":2029.8060027137428},"point_estimate":1683.5867387972487,"standard_error":245.01550646956363},"slope":{"confidence_interval":{"confidence_level":0.95,"lower_bound":342901.83769981447,"upper_bound":343681.2333538047},"point_estimate":343270.24217427714,"standard_error":199.01553298879102},"std_dev":{"confidence_interval":{"confidence_level":0.95,"lower_bound":1820.0620368070154,"upper_bound":5121.879487826071},"point_estimate":3427.7307436579513,"standard_error":971.4247106781597}}