{"mean":{"confidence_interval":{"confidence_level":0.95,"lower_bound":243941.62290050767,"upper_bound":245375.0572483509},"point_estimate":244628.69192039233,"standard_error":365.8937587955575},"median":{"confidence_interval":{"confidence_level":0.95,"lower_bound":243999.3777777778,"upper_bound":244984.50228249194},"point_estimate":244528.41688640974,"standard_error":284.4830062322996},"median_abs_dev":{"confidence_interval":{"confidence_level":0.95,"lower_bound":1828.2078069842787,"upper_bound":3242.310997745169},"point_estimate":2455.969819905985,"standard_error":359.440764185882},"slope":{"confidence_interval":{"confidence_level":0.95,"lower_bound":244475.7855027777,"upper_bound":245479.43278394037},"point_estimate":244974.07408452785,"standard_error":255.95304982794204},"std_dev":{"confidence_interval":{"confidence_level":0.95,"lower_bound":2711.545837881591,"upper_bound":4727.385210451851},"point_estimate":3682.408738149352,"standard_error":530.2355397603691}}