{"mean":{"confidence_interval":{"confidence_level":0.95,"lower_bound":272689.69394173526,"upper_bound":273708.64044984954},"point_estimate":273197.03581151203,"standard_error":258.905714051587},"median":{"confidence_interval":{"confidence_level":0.95,"lower_bound":272541.5408163265,"upper_bound":273564.0075930372},"point_estimate":273025.1867458522,"standard_error":252.12958731872624},"median_abs_dev":{"confidence_interval":{"confidence_level":0.95,"lower_bound":1687.0378909042784,"upper_bound":2639.1365006459637},"point_estimate":2283.768349726437,"standard_error":246.5487268899174},"slope":{"confidence_interval":{"confidence_level":0.95,"lower_bound":273274.01930788654,"upper_bound":274158.89432717266},"point_estimate":273715.0712649623,"standard_error":225.90065573700184},"std_dev":{"confidence_interval":{"confidence_level":0.95,"lower_bound":2091.660272226895,"upper_bound":3095.4888041868526},"point_estimate":2608.139162923684,"standard_error":257.10938252926474}}