{"mean":{"confidence_interval":{"confidence_level":0.95,"lower_bound":3450224.13545,"upper_bound":3467034.9502000003},"point_estimate":3458537.7860000003,"standard_error":4277.458055519152},"median":{"confidence_interval":{"confidence_level":0.95,"lower_bound":3446845.9333333336,"upper_bound":3468189.466666667},"point_estimate":3457161.6666666665,"standard_error":6021.70759398877},"median_abs_dev":{"confidence_interval":{"confidence_level":0.95,"lower_bound":33543.72556447951,"upper_bound":53269.52424077595},"point_estimate":41606.15364134296,"standard_error":5086.217742507153},"slope":null,"std_dev":{"confidence_interval":{"confidence_level":0.95,"lower_bound":36398.771465284895,"upper_bound":49109.09300694562},"point_estimate":42929.634448709505,"standard_error":3246.4335239671414}}