{"mean":{"confidence_interval":{"confidence_level":0.95,"lower_bound":294363.06072044827,"upper_bound":295514.84807344526},"point_estimate":294906.95955162426,"standard_error":294.32043028007854},"median":{"confidence_interval":{"confidence_level":0.95,"lower_bound":294054.7766666667,"upper_bound":294939.13298212003},"point_estimate":294560.3979166667,"standard_error":274.1065781750223},"median_abs_dev":{"confidence_interval":{"confidence_level":0.95,"lower_bound":1444.55168627135,"upper_bound":2478.579884265688},"point_estimate":1933.5542831464763,"standard_error":254.5750094971703},"slope":{"confidence_interval":{"confidence_level":0.95,"lower_bound":294219.75848979387,"upper_bound":294987.2264789101},"point_estimate":294594.7962657012,"standard_error":196.32958204925146},"std_dev":{"confidence_interval":{"confidence_level":0.95,"lower_bound":2016.2997761594975,"upper_bound":3834.0715253259123},"point_estimate":2957.7092538622883,"standard_error":469.5000461684911}}