{"mean":{"confidence_interval":{"confidence_level":0.95,"lower_bound":308029.45153762156,"upper_bound":309196.78331049444},"point_estimate":308594.96575371997,"standard_error":298.21650774878543},"median":{"confidence_interval":{"confidence_level":0.95,"lower_bound":307284.639784451,"upper_bound":308951.4567604667},"point_estimate":308105.1410314579,"standard_error":415.15354125454604},"median_abs_dev":{"confidence_interval":{"confidence_level":0.95,"lower_bound":2096.049189997172,"upper_bound":3194.618136513338},"point_estimate":2873.37127193551,"standard_error":285.46934097247936},"slope":{"confidence_interval":{"confidence_level":0.95,"lower_bound":307540.17953200993,"upper_bound":308656.15878768783},"point_estimate":308087.7168745382,"standard_error":285.3176851260693},"std_dev":{"confidence_interval":{"confidence_level":0.95,"lower_bound":2331.8888465418545,"upper_bound":3665.025683424214},"point_estimate":3002.316166318406,"standard_error":343.6619472943841}}