{"mean":{"confidence_interval":{"confidence_level":0.95,"lower_bound":287057.38369519106,"upper_bound":288680.48695428745},"point_estimate":287804.54418426263,"standard_error":413.50366541292516},"median":{"confidence_interval":{"confidence_level":0.95,"lower_bound":286743.2297297297,"upper_bound":287919.7587209302},"point_estimate":287192.20194424066,"standard_error":281.70341745955227},"median_abs_dev":{"confidence_interval":{"confidence_level":0.95,"lower_bound":1768.054901929942,"upper_bound":3187.0588966453074},"point_estimate":2629.8348404985973,"standard_error":373.3342300464212},"slope":{"confidence_interval":{"confidence_level":0.95,"lower_bound":286910.38570411684,"upper_bound":288512.1822664296},"point_estimate":287694.5688044924,"standard_error":410.27682406166895},"std_dev":{"confidence_interval":{"confidence_level":0.95,"lower_bound":2655.7419740717614,"upper_bound":5816.397461653599},"point_estimate":4146.934691546022,"standard_error":887.8267350763341}}