{"mean":{"confidence_interval":{"confidence_level":0.95,"lower_bound":291223.3652060524,"upper_bound":293161.2889867869},"point_estimate":292145.1510382066,"standard_error":496.12160323506964},"median":{"confidence_interval":{"confidence_level":0.95,"lower_bound":290141.0213795256,"upper_bound":291294.509375},"point_estimate":290630.778416054,"standard_error":269.9165513489556},"median_abs_dev":{"confidence_interval":{"confidence_level":0.95,"lower_bound":1938.0329572749108,"upper_bound":3911.8831176413864},"point_estimate":2783.8971552175717,"standard_error":503.22724594906265},"slope":{"confidence_interval":{"confidence_level":0.95,"lower_bound":290215.2376962698,"upper_bound":291849.2533763372},"point_estimate":290966.0937062214,"standard_error":417.4050233996168},"std_dev":{"confidence_interval":{"confidence_level":0.95,"lower_bound":3611.836312257803,"upper_bound":6312.079995644805},"point_estimate":5006.956818606225,"standard_error":693.2590013835108}}