{"mean":{"confidence_interval":{"confidence_level":0.95,"lower_bound":684790.8950127322,"upper_bound":686881.0056364838},"point_estimate":685788.3214655254,"standard_error":534.2679974917016},"median":{"confidence_interval":{"confidence_level":0.95,"lower_bound":683328.1805959302,"upper_bound":685810.84375},"point_estimate":684243.1217948718,"standard_error":640.933335347349},"median_abs_dev":{"confidence_interval":{"confidence_level":0.95,"lower_bound":2754.872622966197,"upper_bound":4671.163486575333},"point_estimate":3554.7060817597476,"standard_error":462.12059092890945},"slope":{"confidence_interval":{"confidence_level":0.95,"lower_bound":684212.0390733826,"upper_bound":687122.1587156685},"point_estimate":685582.3138569528,"standard_error":742.9725361710176},"std_dev":{"confidence_interval":{"confidence_level":0.95,"lower_bound":3973.104755386332,"upper_bound":6556.028737419058},"point_estimate":5347.823064589726,"standard_error":660.4647829772471}}