{"mean":{"confidence_interval":{"confidence_level":0.95,"lower_bound":537142.7907002899,"upper_bound":538741.9085851883},"point_estimate":537926.3214259057,"standard_error":408.75916385662237},"median":{"confidence_interval":{"confidence_level":0.95,"lower_bound":536961.9791666666,"upper_bound":538254.1009957325},"point_estimate":537581.4289473684,"standard_error":301.60897105846595},"median_abs_dev":{"confidence_interval":{"confidence_level":0.95,"lower_bound":2245.4151116306416,"upper_bound":3471.2009141633644},"point_estimate":2770.253556025973,"standard_error":306.7660387407756},"slope":{"confidence_interval":{"confidence_level":0.95,"lower_bound":537374.5313834161,"upper_bound":538631.31945327},"point_estimate":537997.5818930102,"standard_error":320.5389695572667},"std_dev":{"confidence_interval":{"confidence_level":0.95,"lower_bound":3124.219955076124,"upper_bound":4991.84540592189},"point_estimate":4091.881469157268,"standard_error":478.6001365005277}}