{"mean":{"confidence_interval":{"confidence_level":0.95,"lower_bound":509051.5163408976,"upper_bound":512816.86215648387},"point_estimate":510746.5077199428,"standard_error":969.5412860037358},"median":{"confidence_interval":{"confidence_level":0.95,"lower_bound":507681.3841463415,"upper_bound":509817.13513513515},"point_estimate":508994.0454545454,"standard_error":646.4577706235027},"median_abs_dev":{"confidence_interval":{"confidence_level":0.95,"lower_bound":3062.9314995925934,"upper_bound":5096.766361389292},"point_estimate":4541.763856747204,"standard_error":534.7066469277437},"slope":{"confidence_interval":{"confidence_level":0.95,"lower_bound":508262.61830407917,"upper_bound":509994.9218088925},"point_estimate":509074.5054012118,"standard_error":442.4658601410041},"std_dev":{"confidence_interval":{"confidence_level":0.95,"lower_bound":4534.106144253123,"upper_bound":14016.433060833393},"point_estimate":9762.80465733101,"standard_error":2506.765483753212}}