{"mean":{"confidence_interval":{"confidence_level":0.95,"lower_bound":510145.84733594226,"upper_bound":512239.42211212206},"point_estimate":511178.05527836806,"standard_error":534.5874874938073},"median":{"confidence_interval":{"confidence_level":0.95,"lower_bound":509334.0,"upper_bound":512119.20956439397},"point_estimate":510587.1586805555,"standard_error":670.1751824197023},"median_abs_dev":{"confidence_interval":{"confidence_level":0.95,"lower_bound":3418.680581790017,"upper_bound":5082.96172976534},"point_estimate":4178.574732154514,"standard_error":424.88009432735447},"slope":{"confidence_interval":{"confidence_level":0.95,"lower_bound":511227.4954504165,"upper_bound":514445.7078596202},"point_estimate":512665.12818531104,"standard_error":829.5311430619568},"std_dev":{"confidence_interval":{"confidence_level":0.95,"lower_bound":3958.4604516818367,"upper_bound":6757.766107145582},"point_estimate":5378.658200813122,"standard_error":718.8583690389562}}