{"mean":{"confidence_interval":{"confidence_level":0.95,"lower_bound":235097.55348411907,"upper_bound":236136.20507831877},"point_estimate":235612.59230290708,"standard_error":265.22769952902445},"median":{"confidence_interval":{"confidence_level":0.95,"lower_bound":235071.58181818182,"upper_bound":235906.17727272728},"point_estimate":235325.04290617848,"standard_error":216.57245515908951},"median_abs_dev":{"confidence_interval":{"confidence_level":0.95,"lower_bound":2043.2967018581999,"upper_bound":3335.215074737681},"point_estimate":2642.543498478006,"standard_error":337.56137270571185},"slope":{"confidence_interval":{"confidence_level":0.95,"lower_bound":235075.8144151698,"upper_bound":236072.94299753144},"point_estimate":235572.68718309441,"standard_error":254.37772971934294},"std_dev":{"confidence_interval":{"confidence_level":0.95,"lower_bound":2241.131619625953,"upper_bound":3067.698509639244},"point_estimate":2663.024226979112,"standard_error":211.3594377599914}}