{"mean":{"confidence_interval":{"confidence_level":0.95,"lower_bound":242461.70237627448,"upper_bound":243507.0584225096},"point_estimate":242980.1809814599,"standard_error":266.17466784253537},"median":{"confidence_interval":{"confidence_level":0.95,"lower_bound":242344.08630952382,"upper_bound":243419.4298881674},"point_estimate":242945.7340158046,"standard_error":289.59470889045815},"median_abs_dev":{"confidence_interval":{"confidence_level":0.95,"lower_bound":1541.473099339269,"upper_bound":3016.0266075261507},"point_estimate":2110.0748948441724,"standard_error":385.7178002846563},"slope":{"confidence_interval":{"confidence_level":0.95,"lower_bound":243168.4655607144,"upper_bound":244431.16899395885},"point_estimate":243786.1601027043,"standard_error":322.51375321575364},"std_dev":{"confidence_interval":{"confidence_level":0.95,"lower_bound":2241.3297588449195,"upper_bound":3071.2363479935075},"point_estimate":2676.733867522029,"standard_error":211.83218491134787}}