{"mean":{"confidence_interval":{"confidence_level":0.95,"lower_bound":622669.0728161231,"upper_bound":628525.112288051},"point_estimate":625516.1218951695,"standard_error":1494.7555345611097},"median":{"confidence_interval":{"confidence_level":0.95,"lower_bound":618103.1365740742,"upper_bound":622253.115},"point_estimate":619301.9324454429,"standard_error":1039.6916585544304},"median_abs_dev":{"confidence_interval":{"confidence_level":0.95,"lower_bound":5944.902823813935,"upper_bound":11458.925667577896},"point_estimate":8359.578176587878,"standard_error":1418.1053561410133},"slope":{"confidence_interval":{"confidence_level":0.95,"lower_bound":626566.7302949778,"upper_bound":634760.6701502225},"point_estimate":630656.5002866854,"standard_error":2093.913304120344},"std_dev":{"confidence_interval":{"confidence_level":0.95,"lower_bound":12493.82942544808,"upper_bound":17053.46589492216},"point_estimate":14990.150452265976,"standard_error":1165.7552052263268}}