{"mean":{"confidence_interval":{"confidence_level":0.95,"lower_bound":618576.7702692278,"upper_bound":620566.460566182},"point_estimate":619542.6910543317,"standard_error":508.8932360929761},"median":{"confidence_interval":{"confidence_level":0.95,"lower_bound":618071.0092592592,"upper_bound":619670.9375},"point_estimate":618688.9073033708,"standard_error":425.1174907552558},"median_abs_dev":{"confidence_interval":{"confidence_level":0.95,"lower_bound":2399.39427748282,"upper_bound":4565.8140962708385},"point_estimate":3592.2095989104205,"standard_error":552.6461139607549},"slope":{"confidence_interval":{"confidence_level":0.95,"lower_bound":618760.1816232676,"upper_bound":620793.5391877932},"point_estimate":619751.551106842,"standard_error":519.1260413808795},"std_dev":{"confidence_interval":{"confidence_level":0.95,"lower_bound":3903.8079219104093,"upper_bound":6241.61495928121},"point_estimate":5109.916465883842,"standard_error":601.435664317016}}