{"mean":{"confidence_interval":{"confidence_level":0.95,"lower_bound":622544.9250473197,"upper_bound":624264.2584996615},"point_estimate":623376.2206824011,"standard_error":438.7617027317004},"median":{"confidence_interval":{"confidence_level":0.95,"lower_bound":622006.0753968253,"upper_bound":623510.9901565465},"point_estimate":622448.6365158278,"standard_error":453.1680746808808},"median_abs_dev":{"confidence_interval":{"confidence_level":0.95,"lower_bound":2441.211049903163,"upper_bound":3988.8790700922973},"point_estimate":2988.142471604097,"standard_error":391.1318731575936},"slope":{"confidence_interval":{"confidence_level":0.95,"lower_bound":622136.002411711,"upper_bound":623469.4470973663},"point_estimate":622778.3991842766,"standard_error":340.1285726518072},"std_dev":{"confidence_interval":{"confidence_level":0.95,"lower_bound":3406.9196118064683,"upper_bound":5297.395702365979},"point_estimate":4397.45462350577,"standard_error":484.58455715684204}}