{"mean":{"confidence_interval":{"confidence_level":0.95,"lower_bound":632056.1137898162,"upper_bound":633540.5840278041},"point_estimate":632784.6086294694,"standard_error":377.7929085040716},"median":{"confidence_interval":{"confidence_level":0.95,"lower_bound":631858.3732394367,"upper_bound":633320.5322580645},"point_estimate":632486.7,"standard_error":376.3842421925172},"median_abs_dev":{"confidence_interval":{"confidence_level":0.95,"lower_bound":1992.5692243120297,"upper_bound":3292.862216897663},"point_estimate":2634.3338206225158,"standard_error":336.82714151147167},"slope":{"confidence_interval":{"confidence_level":0.95,"lower_bound":632538.2199889555,"upper_bound":633817.976630032},"point_estimate":633174.6715945028,"standard_error":326.9390922444366},"std_dev":{"confidence_interval":{"confidence_level":0.95,"lower_bound":2783.2755821593037,"upper_bound":4839.654646595516},"point_estimate":3801.3717502769955,"standard_error":531.4061431258059}}