{"mean":{"confidence_interval":{"confidence_level":0.95,"lower_bound":1403916.6995047901,"upper_bound":1406728.6465762777},"point_estimate":1405241.9314843297,"standard_error":718.1546959462285},"median":{"confidence_interval":{"confidence_level":0.95,"lower_bound":1403203.598143236,"upper_bound":1405053.6865671643},"point_estimate":1404104.2979390682,"standard_error":518.6806806496095},"median_abs_dev":{"confidence_interval":{"confidence_level":0.95,"lower_bound":2922.3680843339807,"upper_bound":5038.332875135005},"point_estimate":4086.6649905061,"standard_error":514.4169281058863},"slope":{"confidence_interval":{"confidence_level":0.95,"lower_bound":1403837.0256930245,"upper_bound":1406457.8631807007},"point_estimate":1405018.698259199,"standard_error":670.7514098566018},"std_dev":{"confidence_interval":{"confidence_level":0.95,"lower_bound":4608.00563246376,"upper_bound":9445.455082481923},"point_estimate":7197.104487285897,"standard_error":1239.3744378451836}}