{"mean":{"confidence_interval":{"confidence_level":0.95,"lower_bound":750176.0956825947,"upper_bound":755783.0694544598},"point_estimate":752572.4917666786,"standard_error":1440.1553581086716},"median":{"confidence_interval":{"confidence_level":0.95,"lower_bound":749446.1684210526,"upper_bound":751378.0454545454},"point_estimate":750440.3206144159,"standard_error":508.02890174863023},"median_abs_dev":{"confidence_interval":{"confidence_level":0.95,"lower_bound":2950.5030862584135,"upper_bound":5094.358667662352},"point_estimate":4053.596199944581,"standard_error":569.6148409479456},"slope":{"confidence_interval":{"confidence_level":0.95,"lower_bound":751044.6001524535,"upper_bound":754182.7459512529},"point_estimate":752441.6008777893,"standard_error":803.7992157396296},"std_dev":{"confidence_interval":{"confidence_level":0.95,"lower_bound":5350.170042932276,"upper_bound":22400.969372988355},"point_estimate":14436.204889460432,"standard_error":4623.974621707225}}