{"mean":{"confidence_interval":{"confidence_level":0.95,"lower_bound":789456.1252632522,"upper_bound":794102.9951445067},"point_estimate":791761.6070714849,"standard_error":1183.1100221435677},"median":{"confidence_interval":{"confidence_level":0.95,"lower_bound":788270.260358146,"upper_bound":795601.838888889},"point_estimate":790913.5377705186,"standard_error":1922.2906026500145},"median_abs_dev":{"confidence_interval":{"confidence_level":0.95,"lower_bound":9040.446392241776,"upper_bound":13922.511549492669},"point_estimate":11348.731543244434,"standard_error":1230.681109670316},"slope":{"confidence_interval":{"confidence_level":0.95,"lower_bound":788731.6316635598,"upper_bound":792525.0473049695},"point_estimate":790539.1037830649,"standard_error":967.1165649480967},"std_dev":{"confidence_interval":{"confidence_level":0.95,"lower_bound":9875.332392477589,"upper_bound":13840.932888689222},"point_estimate":11909.379441609284,"standard_error":1016.6218702819706}}