{"mean":{"confidence_interval":{"confidence_level":0.95,"lower_bound":755379.5260806145,"upper_bound":757275.4968951013},"point_estimate":756341.3401732711,"standard_error":484.69615119383525},"median":{"confidence_interval":{"confidence_level":0.95,"lower_bound":754832.4726190476,"upper_bound":756869.2698621694},"point_estimate":755696.4935064935,"standard_error":509.60943975176747},"median_abs_dev":{"confidence_interval":{"confidence_level":0.95,"lower_bound":2717.953272951025,"upper_bound":4621.356083743899},"point_estimate":3841.2904747011553,"standard_error":483.43270686520435},"slope":{"confidence_interval":{"confidence_level":0.95,"lower_bound":755690.6142433244,"upper_bound":757241.6578373543},"point_estimate":756418.4203620511,"standard_error":396.1732243634498},"std_dev":{"confidence_interval":{"confidence_level":0.95,"lower_bound":3571.293822016166,"upper_bound":6261.983145526052},"point_estimate":4879.094220939443,"standard_error":701.7117835384473}}