{"mean":{"confidence_interval":{"confidence_level":0.95,"lower_bound":277587.48391774966,"upper_bound":278621.51031122514},"point_estimate":278089.53616684367,"standard_error":263.95863134032857},"median":{"confidence_interval":{"confidence_level":0.95,"lower_bound":277735.4783657387,"upper_bound":278752.9101167929},"point_estimate":278092.45460992906,"standard_error":299.28591708007156},"median_abs_dev":{"confidence_interval":{"confidence_level":0.95,"lower_bound":1410.853743221577,"upper_bound":2325.1619784172963},"point_estimate":1908.1219945181304,"standard_error":227.15296769723224},"slope":{"confidence_interval":{"confidence_level":0.95,"lower_bound":277881.79475689045,"upper_bound":278609.7263832461},"point_estimate":278241.469932023,"standard_error":185.69886677304024},"std_dev":{"confidence_interval":{"confidence_level":0.95,"lower_bound":1974.0841739327839,"upper_bound":3363.5366565233458},"point_estimate":2654.2624793708037,"standard_error":360.197289383498}}