{"mean":{"confidence_interval":{"confidence_level":0.95,"lower_bound":292655.21959812526,"upper_bound":293422.1686795729},"point_estimate":293036.34311024426,"standard_error":195.2598440218517},"median":{"confidence_interval":{"confidence_level":0.95,"lower_bound":292654.4660852713,"upper_bound":293145.13586956525},"point_estimate":292911.20855072467,"standard_error":116.96421903400879},"median_abs_dev":{"confidence_interval":{"confidence_level":0.95,"lower_bound":882.8426884931183,"upper_bound":1836.9785016034332},"point_estimate":1281.275292622619,"standard_error":237.39773085226523},"slope":{"confidence_interval":{"confidence_level":0.95,"lower_bound":292614.40338825,"upper_bound":293389.652065758},"point_estimate":292970.27486700163,"standard_error":198.90665808450132},"std_dev":{"confidence_interval":{"confidence_level":0.95,"lower_bound":1490.4549339180892,"upper_bound":2419.2825320590623},"point_estimate":1966.5951029904159,"standard_error":237.71803334531623}}