{"mean":{"confidence_interval":{"confidence_level":0.95,"lower_bound":804415.6958068156,"upper_bound":807254.3123516369},"point_estimate":805788.9099795335,"standard_error":724.6827648213831},"median":{"confidence_interval":{"confidence_level":0.95,"lower_bound":803622.1727504244,"upper_bound":806307.3552631579},"point_estimate":805427.0600775194,"standard_error":756.3727265833393},"median_abs_dev":{"confidence_interval":{"confidence_level":0.95,"lower_bound":4411.012628393426,"upper_bound":7619.580811535669},"point_estimate":6073.232810637527,"standard_error":828.0668298540327},"slope":{"confidence_interval":{"confidence_level":0.95,"lower_bound":804027.9513515661,"upper_bound":807034.376519967},"point_estimate":805453.6319624649,"standard_error":767.9769449801422},"std_dev":{"confidence_interval":{"confidence_level":0.95,"lower_bound":5432.925340783577,"upper_bound":9062.766921538616},"point_estimate":7290.098979967102,"standard_error":930.1975460391465}}