{"mean":{"confidence_interval":{"confidence_level":0.95,"lower_bound":502013.46552850364,"upper_bound":503162.1150031395},"point_estimate":502585.4429417353,"standard_error":293.19833017119385},"median":{"confidence_interval":{"confidence_level":0.95,"lower_bound":502229.3645833333,"upper_bound":503046.19838308456},"point_estimate":502698.4867857143,"standard_error":207.66608712777514},"median_abs_dev":{"confidence_interval":{"confidence_level":0.95,"lower_bound":1536.7999709306146,"upper_bound":2546.6350118156574},"point_estimate":2039.991765914984,"standard_error":254.17341640535926},"slope":{"confidence_interval":{"confidence_level":0.95,"lower_bound":502099.6707230917,"upper_bound":503012.301975558},"point_estimate":502555.7894620955,"standard_error":233.48152808516411},"std_dev":{"confidence_interval":{"confidence_level":0.95,"lower_bound":2122.8938273865388,"upper_bound":3780.7632261762024},"point_estimate":2950.98472169237,"standard_error":426.9130422193053}}