{"mean":{"confidence_interval":{"confidence_level":0.95,"lower_bound":0.018744286844190574,"upper_bound":0.03350708658138451},"point_estimate":0.02590856528920682,"standard_error":0.00377430670940441},"median":{"confidence_interval":{"confidence_level":0.95,"lower_bound":0.01460324896447407,"upper_bound":0.03326592072796841},"point_estimate":0.021878183808120788,"standard_error":0.0047572633663971985}}