{"mean":{"confidence_interval":{"confidence_level":0.95,"lower_bound":216156.3448232425,"upper_bound":217658.04865467572},"point_estimate":216863.0576285713,"standard_error":383.8057657801102},"median":{"confidence_interval":{"confidence_level":0.95,"lower_bound":215528.88412094064,"upper_bound":216609.1891891892},"point_estimate":215856.9030641822,"standard_error":298.7571192922573},"median_abs_dev":{"confidence_interval":{"confidence_level":0.95,"lower_bound":1910.4017957871984,"upper_bound":3202.2837286026643},"point_estimate":2566.309000384844,"standard_error":313.9887383846629},"slope":{"confidence_interval":{"confidence_level":0.95,"lower_bound":215325.92479446466,"upper_bound":216251.31049652828},"point_estimate":215770.27305452933,"standard_error":236.0602621549228},"std_dev":{"confidence_interval":{"confidence_level":0.95,"lower_bound":2679.2359967149305,"upper_bound":5068.964630631598},"point_estimate":3857.504865616796,"standard_error":627.8535458114525}}