{"mean":{"confidence_interval":{"confidence_level":0.95,"lower_bound":325054.77167372004,"upper_bound":326444.8799488885},"point_estimate":325809.78681982605,"standard_error":356.1758581793697},"median":{"confidence_interval":{"confidence_level":0.95,"lower_bound":325519.06597222225,"upper_bound":326405.947368421},"point_estimate":325882.94879089616,"standard_error":227.39640724691793},"median_abs_dev":{"confidence_interval":{"confidence_level":0.95,"lower_bound":1372.4307745533872,"upper_bound":2485.3787965998386},"point_estimate":1896.1546974288888,"standard_error":288.8203443996511},"slope":{"confidence_interval":{"confidence_level":0.95,"lower_bound":325548.81893475214,"upper_bound":326462.8098062286},"point_estimate":325999.52205556375,"standard_error":232.84876748697798},"std_dev":{"confidence_interval":{"confidence_level":0.95,"lower_bound":1980.0228108516546,"upper_bound":5206.492506167316},"point_estimate":3582.775651791069,"standard_error":893.0509840663182}}