{"mean":{"confidence_interval":{"confidence_level":0.95,"lower_bound":281622.8945938367,"upper_bound":282816.27677066985},"point_estimate":282204.58309833275,"standard_error":304.0672619750847},"median":{"confidence_interval":{"confidence_level":0.95,"lower_bound":281207.2051282051,"upper_bound":282088.2824675325},"point_estimate":281527.9366015274,"standard_error":234.82221427357575},"median_abs_dev":{"confidence_interval":{"confidence_level":0.95,"lower_bound":1457.879532391709,"upper_bound":2644.7286272654455},"point_estimate":1987.314723267605,"standard_error":316.46355743286693},"slope":{"confidence_interval":{"confidence_level":0.95,"lower_bound":281733.29780210275,"upper_bound":283181.34300783946},"point_estimate":282421.3343682577,"standard_error":370.69257733388474},"std_dev":{"confidence_interval":{"confidence_level":0.95,"lower_bound":2361.2026469899397,"upper_bound":3690.826421433053},"point_estimate":3054.2124527016363,"standard_error":341.6358034346594}}