{"mean":{"confidence_interval":{"confidence_level":0.95,"lower_bound":617114.8220016798,"upper_bound":618290.4841006004},"point_estimate":617686.719135597,"standard_error":299.5531502307141},"median":{"confidence_interval":{"confidence_level":0.95,"lower_bound":617008.6729797979,"upper_bound":617939.2692307692},"point_estimate":617521.9544351073,"standard_error":249.49011552070672},"median_abs_dev":{"confidence_interval":{"confidence_level":0.95,"lower_bound":1708.4652546684797,"upper_bound":2789.0231484601336},"point_estimate":2195.0726572796184,"standard_error":277.1253111361756},"slope":{"confidence_interval":{"confidence_level":0.95,"lower_bound":617066.2816103521,"upper_bound":618286.4782801768},"point_estimate":617646.9962080686,"standard_error":310.79333326564483},"std_dev":{"confidence_interval":{"confidence_level":0.95,"lower_bound":2282.411969354685,"upper_bound":3660.062882030542},"point_estimate":3011.5860975798787,"standard_error":351.7733182342977}}