{"mean":{"confidence_interval":{"confidence_level":0.95,"lower_bound":481437.77767649654,"upper_bound":483714.68996401265},"point_estimate":482567.5194354525,"standard_error":581.0661621651759},"median":{"confidence_interval":{"confidence_level":0.95,"lower_bound":480645.7385076253,"upper_bound":483465.0281129343},"point_estimate":482084.31984008,"standard_error":677.8977819924594},"median_abs_dev":{"confidence_interval":{"confidence_level":0.95,"lower_bound":4853.880875490985,"upper_bound":7232.4528355906805},"point_estimate":5957.512156373545,"standard_error":597.6777396692346},"slope":{"confidence_interval":{"confidence_level":0.95,"lower_bound":482128.62736181385,"upper_bound":484505.3453464327},"point_estimate":483324.50040638394,"standard_error":605.4146562144375},"std_dev":{"confidence_interval":{"confidence_level":0.95,"lower_bound":4991.567680425573,"upper_bound":6608.002088616925},"point_estimate":5835.132306614384,"standard_error":413.90656081399595}}