{"mean":{"confidence_interval":{"confidence_level":0.95,"lower_bound":467287.0094044441,"upper_bound":470309.21452743106},"point_estimate":468806.2235355933,"standard_error":771.6199481321015},"median":{"confidence_interval":{"confidence_level":0.95,"lower_bound":469396.42464157706,"upper_bound":471398.4146341463},"point_estimate":470389.21380952385,"standard_error":510.2319707542126},"median_abs_dev":{"confidence_interval":{"confidence_level":0.95,"lower_bound":2791.739500461823,"upper_bound":5444.347216329845},"point_estimate":3951.565291785762,"standard_error":678.2976035499079},"slope":{"confidence_interval":{"confidence_level":0.95,"lower_bound":468615.59575777105,"upper_bound":471579.7439469421},"point_estimate":470090.9267903059,"standard_error":754.5194094885057},"std_dev":{"confidence_interval":{"confidence_level":0.95,"lower_bound":5909.620853054737,"upper_bound":9484.458484651215},"point_estimate":7771.843647913147,"standard_error":910.7329650752531}}