{"mean":{"confidence_interval":{"confidence_level":0.95,"lower_bound":499731.9181048892,"upper_bound":524559.1672693617},"point_estimate":510532.8482762269,"standard_error":6403.340782904507},"median":{"confidence_interval":{"confidence_level":0.95,"lower_bound":495176.98334998335,"upper_bound":497201.04761904763},"point_estimate":496684.9027534965,"standard_error":564.726510300551},"median_abs_dev":{"confidence_interval":{"confidence_level":0.95,"lower_bound":3148.000576775746,"upper_bound":5163.738999506207},"point_estimate":3868.8859660337057,"standard_error":520.5926868283842},"slope":{"confidence_interval":{"confidence_level":0.95,"lower_bound":497910.7511676387,"upper_bound":517902.73985087464},"point_estimate":505735.48837298655,"standard_error":5410.965425307892},"std_dev":{"confidence_interval":{"confidence_level":0.95,"lower_bound":21309.92779747875,"upper_bound":94668.20578221019},"point_estimate":64196.40121946333,"standard_error":18896.974601150483}}