{"mean":{"confidence_interval":{"confidence_level":0.95,"lower_bound":784546.0191876759,"upper_bound":787809.4153577747},"point_estimate":786097.8215792712,"standard_error":831.4735456684482},"median":{"confidence_interval":{"confidence_level":0.95,"lower_bound":785540.9320150659,"upper_bound":787081.0540540541},"point_estimate":786140.0582191781,"standard_error":433.4489644987061},"median_abs_dev":{"confidence_interval":{"confidence_level":0.95,"lower_bound":2550.6989052479535,"upper_bound":4759.599056524764},"point_estimate":3345.182779479234,"standard_error":540.1757520171603},"slope":{"confidence_interval":{"confidence_level":0.95,"lower_bound":784759.3021428542,"upper_bound":788529.8353570334},"point_estimate":786359.7310240875,"standard_error":974.7587114273667},"std_dev":{"confidence_interval":{"confidence_level":0.95,"lower_bound":5027.625256243149,"upper_bound":11365.750030241406},"point_estimate":8338.49948980223,"standard_error":1631.170064495417}}