{"mean":{"confidence_interval":{"confidence_level":0.95,"lower_bound":261094.6182601551,"upper_bound":262242.3547440361},"point_estimate":261660.64112242282,"standard_error":292.50727852148657},"median":{"confidence_interval":{"confidence_level":0.95,"lower_bound":260844.7890991784,"upper_bound":261636.75396825396},"point_estimate":261004.66422821366,"standard_error":226.32621494594},"median_abs_dev":{"confidence_interval":{"confidence_level":0.95,"lower_bound":1653.682506795153,"upper_bound":3305.474291316127},"point_estimate":2277.8564201388026,"standard_error":409.4455273142907},"slope":{"confidence_interval":{"confidence_level":0.95,"lower_bound":260559.1541342244,"upper_bound":261612.47948335786},"point_estimate":261047.13186197725,"standard_error":268.64461288344995},"std_dev":{"confidence_interval":{"confidence_level":0.95,"lower_bound":2448.0608967080825,"upper_bound":3387.797138935044},"point_estimate":2940.2347330522225,"standard_error":241.1765789492495}}