{"mean":{"confidence_interval":{"confidence_level":0.95,"lower_bound":348804.2283764755,"upper_bound":350838.07855121087},"point_estimate":349729.8251900314,"standard_error":519.511524087321},"median":{"confidence_interval":{"confidence_level":0.95,"lower_bound":348670.8579359514,"upper_bound":349433.4554441463},"point_estimate":348980.6210722918,"standard_error":197.68232796485603},"median_abs_dev":{"confidence_interval":{"confidence_level":0.95,"lower_bound":1569.3251561067093,"upper_bound":3016.8780043808915},"point_estimate":2218.718807029727,"standard_error":366.5159713044996},"slope":{"confidence_interval":{"confidence_level":0.95,"lower_bound":348844.65992720536,"upper_bound":349990.89665033575},"point_estimate":349392.5644500271,"standard_error":292.8692901657949},"std_dev":{"confidence_interval":{"confidence_level":0.95,"lower_bound":2844.799707810055,"upper_bound":7582.691885807655},"point_estimate":5220.396973869633,"standard_error":1278.4214808508748}}