{"mean":{"confidence_interval":{"confidence_level":0.95,"lower_bound":398229.77651662804,"upper_bound":399951.2537261317},"point_estimate":399064.1906732202,"standard_error":439.492460589198},"median":{"confidence_interval":{"confidence_level":0.95,"lower_bound":397781.6358024691,"upper_bound":399250.66009557946},"point_estimate":398397.13435374154,"standard_error":439.9213854289683},"median_abs_dev":{"confidence_interval":{"confidence_level":0.95,"lower_bound":2526.009320443134,"upper_bound":4272.437140619066},"point_estimate":3324.746914307244,"standard_error":412.62920974806025},"slope":{"confidence_interval":{"confidence_level":0.95,"lower_bound":397425.3639457073,"upper_bound":399139.78782709065},"point_estimate":398267.2283266834,"standard_error":437.9816037527116},"std_dev":{"confidence_interval":{"confidence_level":0.95,"lower_bound":3439.853440560057,"upper_bound":5332.633377070385},"point_estimate":4404.520270674018,"standard_error":485.90101371687905}}