{"mean":{"confidence_interval":{"confidence_level":0.95,"lower_bound":246362.45324822245,"upper_bound":247350.59249098154},"point_estimate":246850.35128055775,"standard_error":251.97299842188863},"median":{"confidence_interval":{"confidence_level":0.95,"lower_bound":246069.75803140097,"upper_bound":247033.1091893039},"point_estimate":246505.65187590185,"standard_error":271.5530298488563},"median_abs_dev":{"confidence_interval":{"confidence_level":0.95,"lower_bound":1581.5225584316267,"upper_bound":2641.8416572645915},"point_estimate":2115.323894980149,"standard_error":268.8621355337561},"slope":{"confidence_interval":{"confidence_level":0.95,"lower_bound":246100.02263148662,"upper_bound":247027.74325535638},"point_estimate":246546.5541709768,"standard_error":236.96817932365974},"std_dev":{"confidence_interval":{"confidence_level":0.95,"lower_bound":2055.790596255882,"upper_bound":2968.826697730005},"point_estimate":2525.2821699736637,"standard_error":233.75958064269153}}