{"mean":{"confidence_interval":{"confidence_level":0.95,"lower_bound":211589.8312695405,"upper_bound":212621.10619559072},"point_estimate":212136.90852807026,"standard_error":262.25271312420284},"median":{"confidence_interval":{"confidence_level":0.95,"lower_bound":211738.95652173914,"upper_bound":212709.2183908046},"point_estimate":212174.2537700744,"standard_error":217.0290950750902},"median_abs_dev":{"confidence_interval":{"confidence_level":0.95,"lower_bound":1296.992559145512,"upper_bound":2276.020017370342},"point_estimate":1593.137607271697,"standard_error":263.4032300785745},"slope":{"confidence_interval":{"confidence_level":0.95,"lower_bound":212011.7735250637,"upper_bound":212653.54332558508},"point_estimate":212337.95503571254,"standard_error":163.07773661022924},"std_dev":{"confidence_interval":{"confidence_level":0.95,"lower_bound":1674.8173130144055,"upper_bound":3737.269206965061},"point_estimate":2638.261422826715,"standard_error":574.7523530288631}}