{"mean":{"confidence_interval":{"confidence_level":0.95,"lower_bound":380708.49879700923,"upper_bound":382549.5775154437},"point_estimate":381621.1206555974,"standard_error":468.39678935088256},"median":{"confidence_interval":{"confidence_level":0.95,"lower_bound":380276.14492753625,"upper_bound":381426.44166666665},"point_estimate":380798.8227935382,"standard_error":269.39324743123603},"median_abs_dev":{"confidence_interval":{"confidence_level":0.95,"lower_bound":2453.331401316467,"upper_bound":4726.466071338072},"point_estimate":3631.5032059403343,"standard_error":609.520692134487},"slope":{"confidence_interval":{"confidence_level":0.95,"lower_bound":380258.804147792,"upper_bound":381452.00012473314},"point_estimate":380831.633616078,"standard_error":304.83828665903775},"std_dev":{"confidence_interval":{"confidence_level":0.95,"lower_bound":3825.6979059732207,"upper_bound":5530.384422815132},"point_estimate":4722.9692400214635,"standard_error":434.0671696776764}}