{"mean":{"confidence_interval":{"confidence_level":0.95,"lower_bound":378383.4045170993,"upper_bound":380316.07025501877},"point_estimate":379305.1493005462,"standard_error":493.33133607203723},"median":{"confidence_interval":{"confidence_level":0.95,"lower_bound":377524.6014492754,"upper_bound":379232.1044176707},"point_estimate":378054.32988871227,"standard_error":434.8321083347964},"median_abs_dev":{"confidence_interval":{"confidence_level":0.95,"lower_bound":2422.7433395669054,"upper_bound":4225.771208061528},"point_estimate":2942.53711369909,"standard_error":482.19088390324384},"slope":{"confidence_interval":{"confidence_level":0.95,"lower_bound":377784.0278115485,"upper_bound":379286.09302028746},"point_estimate":378510.4496300675,"standard_error":384.29032903187823},"std_dev":{"confidence_interval":{"confidence_level":0.95,"lower_bound":3493.433080166426,"upper_bound":6371.4740524177105},"point_estimate":4963.609963433818,"standard_error":745.3776422170795}}