{"mean":{"confidence_interval":{"confidence_level":0.95,"lower_bound":243426.92108899503,"upper_bound":245772.97590301206},"point_estimate":244413.93095841722,"standard_error":605.9205433528473},"median":{"confidence_interval":{"confidence_level":0.95,"lower_bound":242951.13541666666,"upper_bound":243993.36363636365},"point_estimate":243433.67424242425,"standard_error":272.94358652874195},"median_abs_dev":{"confidence_interval":{"confidence_level":0.95,"lower_bound":1415.2523210709617,"upper_bound":2379.3442174609822},"point_estimate":1809.8409857217605,"standard_error":236.12120710475534},"slope":{"confidence_interval":{"confidence_level":0.95,"lower_bound":243813.50537855917,"upper_bound":245664.80599120745},"point_estimate":244615.18090512784,"standard_error":474.2255303102952},"std_dev":{"confidence_interval":{"confidence_level":0.95,"lower_bound":2312.0657486899377,"upper_bound":9729.278387380778},"point_estimate":6107.397275370103,"standard_error":2272.974885234644}}