{"mean":{"confidence_interval":{"confidence_level":0.95,"lower_bound":220364.73204168337,"upper_bound":222306.0912924435},"point_estimate":221249.11308721418,"standard_error":496.99877127314943},"median":{"confidence_interval":{"confidence_level":0.95,"lower_bound":220201.98426966293,"upper_bound":221179.52736895162},"point_estimate":220698.8167857143,"standard_error":211.59524818770447},"median_abs_dev":{"confidence_interval":{"confidence_level":0.95,"lower_bound":1447.7105648530028,"upper_bound":2317.6954603887298},"point_estimate":1811.2396303895387,"standard_error":232.94395721923757},"slope":{"confidence_interval":{"confidence_level":0.95,"lower_bound":220607.20367501507,"upper_bound":222508.326389424},"point_estimate":221413.35792522537,"standard_error":490.5513860921835},"std_dev":{"confidence_interval":{"confidence_level":0.95,"lower_bound":2324.0775599686285,"upper_bound":7072.996214857975},"point_estimate":4990.657012097239,"standard_error":1209.443510394667}}