{"mean":{"confidence_interval":{"confidence_level":0.95,"lower_bound":223948.67467387946,"upper_bound":225263.58405473531},"point_estimate":224591.3100554311,"standard_error":335.78572732483883},"median":{"confidence_interval":{"confidence_level":0.95,"lower_bound":223264.23492063492,"upper_bound":224648.4731884058},"point_estimate":224042.4130695045,"standard_error":355.27382881112044},"median_abs_dev":{"confidence_interval":{"confidence_level":0.95,"lower_bound":2139.1632939082933,"upper_bound":3853.5445583325636},"point_estimate":3000.8363913330472,"standard_error":442.7467969967986},"slope":{"confidence_interval":{"confidence_level":0.95,"lower_bound":223574.8028691076,"upper_bound":224865.66786983242},"point_estimate":224207.00341244275,"standard_error":328.93845505805086},"std_dev":{"confidence_interval":{"confidence_level":0.95,"lower_bound":2713.480735409886,"upper_bound":4047.1890543603295},"point_estimate":3382.272949399289,"standard_error":342.5152915353791}}