{"mean":{"confidence_interval":{"confidence_level":0.95,"lower_bound":653782.0685425928,"upper_bound":658761.0983190633},"point_estimate":655892.113762391,"standard_error":1290.8705175251437},"median":{"confidence_interval":{"confidence_level":0.95,"lower_bound":653789.4381465991,"upper_bound":655155.1262826492},"point_estimate":654718.556547619,"standard_error":321.3373105050683},"median_abs_dev":{"confidence_interval":{"confidence_level":0.95,"lower_bound":2484.434906134569,"upper_bound":4445.94594192114},"point_estimate":3236.5434476913397,"standard_error":476.75930420812995},"slope":{"confidence_interval":{"confidence_level":0.95,"lower_bound":654453.7083349962,"upper_bound":656322.0258097776},"point_estimate":655306.8079872912,"standard_error":477.8690312907857},"std_dev":{"confidence_interval":{"confidence_level":0.95,"lower_bound":4288.714621768991,"upper_bound":20480.152750238245},"point_estimate":13009.929628293803,"standard_error":4573.275332315198}}