{"mean":{"confidence_interval":{"confidence_level":0.95,"lower_bound":490545.2676188103,"upper_bound":492280.91099667357},"point_estimate":491420.2475724635,"standard_error":440.5500219896905},"median":{"confidence_interval":{"confidence_level":0.95,"lower_bound":490452.09027777775,"upper_bound":492134.3252453167},"point_estimate":491524.9567125237,"standard_error":445.1147107594856},"median_abs_dev":{"confidence_interval":{"confidence_level":0.95,"lower_bound":2613.305014523486,"upper_bound":4054.052356528177},"point_estimate":3173.981962495331,"standard_error":367.32157243744},"slope":{"confidence_interval":{"confidence_level":0.95,"lower_bound":490436.7191675133,"upper_bound":491879.96889830986},"point_estimate":491154.8911718635,"standard_error":367.4952229989732},"std_dev":{"confidence_interval":{"confidence_level":0.95,"lower_bound":3195.440404609048,"upper_bound":5640.165191908744},"point_estimate":4421.117510634065,"standard_error":632.8358485675883}}