{"mean":{"confidence_interval":{"confidence_level":0.95,"lower_bound":307816.12042783905,"upper_bound":309367.6289885103},"point_estimate":308563.52098407166,"standard_error":395.3775763390459},"median":{"confidence_interval":{"confidence_level":0.95,"lower_bound":307206.52529761905,"upper_bound":309557.6},"point_estimate":308249.4907744283,"standard_error":678.8989899617845},"median_abs_dev":{"confidence_interval":{"confidence_level":0.95,"lower_bound":3132.3288375694565,"upper_bound":4768.265205872662},"point_estimate":4125.496322887053,"standard_error":424.1456254106064},"slope":{"confidence_interval":{"confidence_level":0.95,"lower_bound":305861.7965085767,"upper_bound":307021.2823325863},"point_estimate":306397.5788362642,"standard_error":296.45520834160436},"std_dev":{"confidence_interval":{"confidence_level":0.95,"lower_bound":3112.2908426034805,"upper_bound":4989.78529835631},"point_estimate":3982.352805056103,"standard_error":500.1122950445622}}