{"mean":{"confidence_interval":{"confidence_level":0.95,"lower_bound":479243.98641225527,"upper_bound":481074.3057789085},"point_estimate":480161.1918984237,"standard_error":466.04016120941816},"median":{"confidence_interval":{"confidence_level":0.95,"lower_bound":479545.6221857411,"upper_bound":481328.1666666667},"point_estimate":480302.1375,"standard_error":540.1451066564646},"median_abs_dev":{"confidence_interval":{"confidence_level":0.95,"lower_bound":2892.460291941432,"upper_bound":5313.578146510202},"point_estimate":3694.820182673056,"standard_error":616.8698827952335},"slope":{"confidence_interval":{"confidence_level":0.95,"lower_bound":479121.15137156204,"upper_bound":480740.8059276558},"point_estimate":479929.4715028816,"standard_error":412.47781876009134},"std_dev":{"confidence_interval":{"confidence_level":0.95,"lower_bound":3866.9474208967317,"upper_bound":5450.260407025116},"point_estimate":4669.6594198065595,"standard_error":404.6130137211417}}