{"mean":{"confidence_interval":{"confidence_level":0.95,"lower_bound":628309.027484776,"upper_bound":636895.3327462875},"point_estimate":631580.656250488,"standard_error":2347.7618467902253},"median":{"confidence_interval":{"confidence_level":0.95,"lower_bound":626509.308490566,"upper_bound":628977.7083333334},"point_estimate":627651.219047619,"standard_error":529.627703578331},"median_abs_dev":{"confidence_interval":{"confidence_level":0.95,"lower_bound":3444.0947146126578,"upper_bound":5688.714908781473},"point_estimate":4290.728328887562,"standard_error":568.8213195244209},"slope":{"confidence_interval":{"confidence_level":0.95,"lower_bound":626625.3718713191,"upper_bound":629341.329236452},"point_estimate":627908.6363913107,"standard_error":693.8885696395414},"std_dev":{"confidence_interval":{"confidence_level":0.95,"lower_bound":5486.184513547745,"upper_bound":39403.69079508344},"point_estimate":23613.16701612499,"standard_error":11472.657916729931}}