{"mean":{"confidence_interval":{"confidence_level":0.95,"lower_bound":534872.8371475684,"upper_bound":538549.9006650031},"point_estimate":536448.3019024648,"standard_error":947.7238388535729},"median":{"confidence_interval":{"confidence_level":0.95,"lower_bound":533850.5791223404,"upper_bound":536045.6954980843},"point_estimate":534992.288580247,"standard_error":600.7898781544287},"median_abs_dev":{"confidence_interval":{"confidence_level":0.95,"lower_bound":3553.5414231543027,"upper_bound":6315.045285078508},"point_estimate":4654.626541486433,"standard_error":695.858726994753},"slope":{"confidence_interval":{"confidence_level":0.95,"lower_bound":534602.6591276898,"upper_bound":536467.4535383377},"point_estimate":535519.9849312842,"standard_error":475.27733276057006},"std_dev":{"confidence_interval":{"confidence_level":0.95,"lower_bound":4509.435909933953,"upper_bound":14689.802221763752},"point_estimate":9508.902443752055,"standard_error":3163.819298755065}}