{"mean":{"confidence_interval":{"confidence_level":0.95,"lower_bound":495928.4535691291,"upper_bound":497852.9772959184},"point_estimate":496814.3630510699,"standard_error":491.81675343876816},"median":{"confidence_interval":{"confidence_level":0.95,"lower_bound":495220.6493506493,"upper_bound":496776.5256410256},"point_estimate":495990.6509569378,"standard_error":432.50748137642313},"median_abs_dev":{"confidence_interval":{"confidence_level":0.95,"lower_bound":2212.6522468534586,"upper_bound":3755.0896773338063},"point_estimate":2932.3679723119153,"standard_error":393.0576862510932},"slope":{"confidence_interval":{"confidence_level":0.95,"lower_bound":494585.50718142797,"upper_bound":495690.96417708165},"point_estimate":495114.1160351707,"standard_error":281.8107336910844},"std_dev":{"confidence_interval":{"confidence_level":0.95,"lower_bound":3127.228662332486,"upper_bound":6923.680064621251},"point_estimate":4955.26183734411,"standard_error":1055.9255626816948}}