{"mean":{"confidence_interval":{"confidence_level":0.95,"lower_bound":0.03405386976664017,"upper_bound":0.041520180447115904},"point_estimate":0.038213235990204764,"standard_error":0.0019246862457538401},"median":{"confidence_interval":{"confidence_level":0.95,"lower_bound":0.03980684237101917,"upper_bound":0.04308968044295791},"point_estimate":0.04162240269157946,"standard_error":0.0008553994505586142}}