{"mean":{"confidence_interval":{"confidence_level":0.95,"lower_bound":0.05580143025088014,"upper_bound":0.06249883368686823},"point_estimate":0.059114916296688635,"standard_error":0.0017124569355950262},"median":{"confidence_interval":{"confidence_level":0.95,"lower_bound":0.05692159671638741,"upper_bound":0.06132380709314367},"point_estimate":0.05895493402809637,"standard_error":0.001150497010856475}}