{"mean":{"confidence_interval":{"confidence_level":0.95,"lower_bound":0.06843962409983773,"upper_bound":0.07281796561992493},"point_estimate":0.07091982991304246,"standard_error":0.001131316318317216},"median":{"confidence_interval":{"confidence_level":0.95,"lower_bound":0.07074136869557512,"upper_bound":0.07219799201686095},"point_estimate":0.07142268284894171,"standard_error":0.00038170359990324503}}