{"mean":{"confidence_interval":{"confidence_level":0.95,"lower_bound":278732.52202796424,"upper_bound":279648.9558782674},"point_estimate":279185.4932271063,"standard_error":232.92645698320618},"median":{"confidence_interval":{"confidence_level":0.95,"lower_bound":278547.02678571426,"upper_bound":279675.70454545453},"point_estimate":279177.0307515949,"standard_error":304.4335851488994},"median_abs_dev":{"confidence_interval":{"confidence_level":0.95,"lower_bound":1838.7177619885942,"upper_bound":2747.4475936952654},"point_estimate":2444.970483364671,"standard_error":236.91166928358393},"slope":{"confidence_interval":{"confidence_level":0.95,"lower_bound":278472.67376572476,"upper_bound":279426.8324023279},"point_estimate":278951.7381483671,"standard_error":244.110875444219},"std_dev":{"confidence_interval":{"confidence_level":0.95,"lower_bound":1972.5239841164605,"upper_bound":2675.808367620794},"point_estimate":2335.126881277791,"standard_error":180.46495327290594}}