{"mean":{"confidence_interval":{"confidence_level":0.95,"lower_bound":313403.99646253017,"upper_bound":314137.5903654077},"point_estimate":313761.21390032547,"standard_error":186.87710222021533},"median":{"confidence_interval":{"confidence_level":0.95,"lower_bound":313212.59420289856,"upper_bound":313872.75},"point_estimate":313552.43005795573,"standard_error":192.2564503211741},"median_abs_dev":{"confidence_interval":{"confidence_level":0.95,"lower_bound":1062.7659204014335,"upper_bound":1962.6813855908658},"point_estimate":1538.6877669925918,"standard_error":242.3469572734962},"slope":{"confidence_interval":{"confidence_level":0.95,"lower_bound":313164.0003146849,"upper_bound":313853.4398224553},"point_estimate":313501.03284764296,"standard_error":175.28512938767082},"std_dev":{"confidence_interval":{"confidence_level":0.95,"lower_bound":1500.2982807965304,"upper_bound":2246.2996260525697},"point_estimate":1878.517567132121,"standard_error":190.926993382626}}