{"mean":{"confidence_interval":{"confidence_level":0.95,"lower_bound":0.05065673790101937,"upper_bound":0.05591960269011183},"point_estimate":0.05326833170159029,"standard_error":0.0013443757727428008},"median":{"confidence_interval":{"confidence_level":0.95,"lower_bound":0.053010327899291276,"upper_bound":0.05765095134856657},"point_estimate":0.05435737304510879,"standard_error":0.0011800610016793327}}