{"mean":{"confidence_interval":{"confidence_level":0.95,"lower_bound":166479.20728974792,"upper_bound":168096.30955352404},"point_estimate":167243.88790082093,"standard_error":412.14578316836224},"median":{"confidence_interval":{"confidence_level":0.95,"lower_bound":166081.99166666667,"upper_bound":167381.1724137931},"point_estimate":166710.1862962963,"standard_error":303.4114409096594},"median_abs_dev":{"confidence_interval":{"confidence_level":0.95,"lower_bound":2077.9903705184925,"upper_bound":3629.0881090210714},"point_estimate":2932.1933381850044,"standard_error":400.2048548163249},"slope":{"confidence_interval":{"confidence_level":0.95,"lower_bound":165056.25842313998,"upper_bound":167945.547231873},"point_estimate":166215.66973055515,"standard_error":763.7705999118027},"std_dev":{"confidence_interval":{"confidence_level":0.95,"lower_bound":2915.8134614592414,"upper_bound":5410.171167372761},"point_estimate":4135.797731459844,"standard_error":654.6731549244406}}