{"mean":{"confidence_interval":{"confidence_level":0.95,"lower_bound":251587.4932655402,"upper_bound":252883.41177634784},"point_estimate":252167.93147755312,"standard_error":331.8362162341242},"median":{"confidence_interval":{"confidence_level":0.95,"lower_bound":251266.15593153908,"upper_bound":252016.42142857143},"point_estimate":251542.815625,"standard_error":178.74165406890188},"median_abs_dev":{"confidence_interval":{"confidence_level":0.95,"lower_bound":1161.3668906316204,"upper_bound":2048.476177922531},"point_estimate":1438.9709616149084,"standard_error":231.45898957361004},"slope":{"confidence_interval":{"confidence_level":0.95,"lower_bound":251306.83687586372,"upper_bound":252296.49908902176},"point_estimate":251775.9876740062,"standard_error":253.02155270635123},"std_dev":{"confidence_interval":{"confidence_level":0.95,"lower_bound":1822.5869567089878,"upper_bound":4937.071962435946},"point_estimate":3336.4293087677856,"standard_error":894.6770178657964}}