{"mean":{"confidence_interval":{"confidence_level":0.95,"lower_bound":172997.4761629938,"upper_bound":174930.56806033148},"point_estimate":173971.1093526915,"standard_error":494.0260374072842},"median":{"confidence_interval":{"confidence_level":0.95,"lower_bound":173319.00915049372,"upper_bound":176209.0970238095},"point_estimate":175238.14875290636,"standard_error":674.4038586010938},"median_abs_dev":{"confidence_interval":{"confidence_level":0.95,"lower_bound":3329.5865920217175,"upper_bound":6183.793070105547},"point_estimate":4521.856596304706,"standard_error":760.1478420206255},"slope":{"confidence_interval":{"confidence_level":0.95,"lower_bound":171657.8351991326,"upper_bound":174498.22251306465},"point_estimate":173033.6711851633,"standard_error":725.9465269435068},"std_dev":{"confidence_interval":{"confidence_level":0.95,"lower_bound":4332.299787690641,"upper_bound":5531.403787002974},"point_estimate":4974.236289088483,"standard_error":305.720280399333}}