{"mean":{"confidence_interval":{"confidence_level":0.95,"lower_bound":262691.7430914195,"upper_bound":263829.65953197365},"point_estimate":263246.6572731098,"standard_error":291.19096679659555},"median":{"confidence_interval":{"confidence_level":0.95,"lower_bound":262465.79038732394,"upper_bound":263382.7468070652},"point_estimate":262764.6765589245,"standard_error":249.56933068026768},"median_abs_dev":{"confidence_interval":{"confidence_level":0.95,"lower_bound":1408.276206176305,"upper_bound":2545.6586345300857},"point_estimate":1991.0422326417888,"standard_error":295.579295263022},"slope":{"confidence_interval":{"confidence_level":0.95,"lower_bound":263007.59747930826,"upper_bound":264155.8364694407},"point_estimate":263561.0183389981,"standard_error":293.38697191208996},"std_dev":{"confidence_interval":{"confidence_level":0.95,"lower_bound":2195.31263204917,"upper_bound":3676.2447737736165},"point_estimate":2931.2418571951644,"standard_error":383.33634398512476}}