{"mean":{"confidence_interval":{"confidence_level":0.95,"lower_bound":2547.799286035737,"upper_bound":2562.9639969167474},"point_estimate":2554.2228578745776,"standard_error":3.934830561131505},"median":{"confidence_interval":{"confidence_level":0.95,"lower_bound":2545.7462022825657,"upper_bound":2547.878848973607},"point_estimate":2546.850426716141,"standard_error":0.5380685320423043},"median_abs_dev":{"confidence_interval":{"confidence_level":0.95,"lower_bound":3.0832198112501032,"upper_bound":5.383221796202026},"point_estimate":4.237349687857402,"standard_error":0.5878848423283637},"slope":{"confidence_interval":{"confidence_level":0.95,"lower_bound":2546.724788009943,"upper_bound":2569.931512578555},"point_estimate":2555.9321570724237,"standard_error":6.141129012128236},"std_dev":{"confidence_interval":{"confidence_level":0.95,"lower_bound":9.778559373302462,"upper_bound":62.286177491178},"point_estimate":39.63440108967058,"standard_error":13.76829322262054}}