{"mean":{"confidence_interval":{"confidence_level":0.95,"lower_bound":261192.78166297337,"upper_bound":262606.92720162973},"point_estimate":261870.86435777496,"standard_error":359.01268315609286},"median":{"confidence_interval":{"confidence_level":0.95,"lower_bound":260953.665,"upper_bound":262330.278823024},"point_estimate":262013.7050546448,"standard_error":327.3129882379436},"median_abs_dev":{"confidence_interval":{"confidence_level":0.95,"lower_bound":2088.859203155326,"upper_bound":3317.36526586773},"point_estimate":2932.9391425914373,"standard_error":318.2223153790344},"slope":{"confidence_interval":{"confidence_level":0.95,"lower_bound":262236.9960963612,"upper_bound":263336.1052505275},"point_estimate":262802.8573075218,"standard_error":280.1905978852907},"std_dev":{"confidence_interval":{"confidence_level":0.95,"lower_bound":2519.754016146126,"upper_bound":4852.269747913187},"point_estimate":3620.846349581817,"standard_error":630.3478415182194}}