{"mean":{"confidence_interval":{"confidence_level":0.95,"lower_bound":249963.65420561327,"upper_bound":252758.75398018982},"point_estimate":251215.3664055525,"standard_error":715.8382796503182},"median":{"confidence_interval":{"confidence_level":0.95,"lower_bound":249425.15626768535,"upper_bound":251138.38567116988},"point_estimate":250387.8604222868,"standard_error":427.43360495590565},"median_abs_dev":{"confidence_interval":{"confidence_level":0.95,"lower_bound":2450.91967182839,"upper_bound":3980.2773540856497},"point_estimate":3081.0347643900427,"standard_error":397.10200256565645},"slope":{"confidence_interval":{"confidence_level":0.95,"lower_bound":250450.1079302092,"upper_bound":254497.30874235733},"point_estimate":252145.6014422935,"standard_error":1054.3821843474166},"std_dev":{"confidence_interval":{"confidence_level":0.95,"lower_bound":3376.338250087525,"upper_bound":10267.46568259891},"point_estimate":7181.1141273260155,"standard_error":1814.936103062764}}