{"mean":{"confidence_interval":{"confidence_level":0.95,"lower_bound":265102.0272115274,"upper_bound":266309.83297343645},"point_estimate":265657.38079574157,"standard_error":309.65110324073703},"median":{"confidence_interval":{"confidence_level":0.95,"lower_bound":264998.43863730354,"upper_bound":265603.9780555556},"point_estimate":265294.83144841273,"standard_error":179.3471314473354},"median_abs_dev":{"confidence_interval":{"confidence_level":0.95,"lower_bound":1217.2484242702249,"upper_bound":2059.5543108040197},"point_estimate":1701.9026660226054,"standard_error":212.08926908911616},"slope":{"confidence_interval":{"confidence_level":0.95,"lower_bound":265299.0102249019,"upper_bound":266910.02360509266},"point_estimate":266009.9840357618,"standard_error":416.6358235158694},"std_dev":{"confidence_interval":{"confidence_level":0.95,"lower_bound":1803.8515238118225,"upper_bound":4266.568510177941},"point_estimate":3104.036465013013,"standard_error":640.4106591328699}}