{"mean":{"confidence_interval":{"confidence_level":0.95,"lower_bound":274748.1662639244,"upper_bound":276156.64529710705},"point_estimate":275433.4407854622,"standard_error":358.8551526695511},"median":{"confidence_interval":{"confidence_level":0.95,"lower_bound":274093.3289473684,"upper_bound":275446.0119047619},"point_estimate":274761.1691429802,"standard_error":403.29690833035943},"median_abs_dev":{"confidence_interval":{"confidence_level":0.95,"lower_bound":1835.8188693180646,"upper_bound":3552.8191806748077},"point_estimate":2723.4346385723484,"standard_error":432.60342664677836},"slope":{"confidence_interval":{"confidence_level":0.95,"lower_bound":275494.1601794693,"upper_bound":277140.69173602056},"point_estimate":276339.3209398552,"standard_error":419.0283366242121},"std_dev":{"confidence_interval":{"confidence_level":0.95,"lower_bound":2809.090694228804,"upper_bound":4454.822887463445},"point_estimate":3609.2654463147474,"standard_error":427.58452047123376}}