{"mean":{"confidence_interval":{"confidence_level":0.95,"lower_bound":296478.98572433874,"upper_bound":297987.05499024224},"point_estimate":297231.3461755923,"standard_error":384.16975915881727},"median":{"confidence_interval":{"confidence_level":0.95,"lower_bound":297229.06537828944,"upper_bound":298433.77056277054},"point_estimate":297871.80752916227,"standard_error":280.77218163384265},"median_abs_dev":{"confidence_interval":{"confidence_level":0.95,"lower_bound":1854.324734082895,"upper_bound":3279.9855153327717},"point_estimate":2414.0037477071405,"standard_error":354.89975111432017},"slope":{"confidence_interval":{"confidence_level":0.95,"lower_bound":297861.0304244012,"upper_bound":298794.212785538},"point_estimate":298321.71146840055,"standard_error":237.91108919629977},"std_dev":{"confidence_interval":{"confidence_level":0.95,"lower_bound":2968.3782407513154,"upper_bound":4737.312404118341},"point_estimate":3872.977487835644,"standard_error":452.67063890740286}}