{"mean":{"confidence_interval":{"confidence_level":0.95,"lower_bound":237905.8049391009,"upper_bound":240520.3858031195},"point_estimate":239170.23002946647,"standard_error":665.5080815752727},"median":{"confidence_interval":{"confidence_level":0.95,"lower_bound":237550.7558139535,"upper_bound":239801.4},"point_estimate":238315.91539120013,"standard_error":612.4256283690391},"median_abs_dev":{"confidence_interval":{"confidence_level":0.95,"lower_bound":3915.6982789530466,"upper_bound":6207.431702466505},"point_estimate":5088.003970555092,"standard_error":601.1398283206253},"slope":{"confidence_interval":{"confidence_level":0.95,"lower_bound":238320.95409632984,"upper_bound":240288.79652053266},"point_estimate":239283.52314585488,"standard_error":503.6562147559226},"std_dev":{"confidence_interval":{"confidence_level":0.95,"lower_bound":5124.210285131232,"upper_bound":8308.581742092429},"point_estimate":6710.392370215552,"standard_error":824.3028935356673}}