{"mean":{"confidence_interval":{"confidence_level":0.95,"lower_bound":676661.9215305854,"upper_bound":679105.7371058738},"point_estimate":677659.962699613,"standard_error":639.5896616778614},"median":{"confidence_interval":{"confidence_level":0.95,"lower_bound":676437.4582341269,"upper_bound":677367.0321906355},"point_estimate":676866.6597222222,"standard_error":236.8941111372957},"median_abs_dev":{"confidence_interval":{"confidence_level":0.95,"lower_bound":1572.1077731030066,"upper_bound":2657.620342697313},"point_estimate":2051.5089285686827,"standard_error":281.5949531013755},"slope":{"confidence_interval":{"confidence_level":0.95,"lower_bound":676943.9818006259,"upper_bound":682559.2900946218},"point_estimate":678887.7469484262,"standard_error":1625.3003575553341},"std_dev":{"confidence_interval":{"confidence_level":0.95,"lower_bound":2341.1063812965604,"upper_bound":10364.7734464712},"point_estimate":6421.081687583951,"standard_error":2597.7899852337614}}