{"mean":{"confidence_interval":{"confidence_level":0.95,"lower_bound":677386.4671763594,"upper_bound":678482.8676902903},"point_estimate":677924.9826430487,"standard_error":278.6088629951117},"median":{"confidence_interval":{"confidence_level":0.95,"lower_bound":677205.7917972831,"upper_bound":678362.4444444445},"point_estimate":677807.5916666667,"standard_error":275.5912220860725},"median_abs_dev":{"confidence_interval":{"confidence_level":0.95,"lower_bound":1717.3326540262244,"upper_bound":2906.1298849590585},"point_estimate":2299.3307242916917,"standard_error":297.75775198439203},"slope":{"confidence_interval":{"confidence_level":0.95,"lower_bound":677005.110929523,"upper_bound":677902.5876655264},"point_estimate":677450.8197576475,"standard_error":228.25201234253322},"std_dev":{"confidence_interval":{"confidence_level":0.95,"lower_bound":2230.9282205154577,"upper_bound":3393.095659050649},"point_estimate":2808.5349609471627,"standard_error":299.15565486445513}}