{"mean":{"confidence_interval":{"confidence_level":0.95,"lower_bound":244540.41757436495,"upper_bound":245593.61383122357},"point_estimate":245065.39608698414,"standard_error":268.6473553811565},"median":{"confidence_interval":{"confidence_level":0.95,"lower_bound":244644.34592791717,"upper_bound":245695.92857142858},"point_estimate":245083.29909318325,"standard_error":279.5434976984428},"median_abs_dev":{"confidence_interval":{"confidence_level":0.95,"lower_bound":1755.5031487374465,"upper_bound":2966.6710041988795},"point_estimate":2356.6473864069317,"standard_error":315.80968082798466},"slope":{"confidence_interval":{"confidence_level":0.95,"lower_bound":244890.63771700146,"upper_bound":245844.12817464376},"point_estimate":245371.9861157086,"standard_error":243.1866215222402},"std_dev":{"confidence_interval":{"confidence_level":0.95,"lower_bound":2249.163780721365,"upper_bound":3141.315820032825},"point_estimate":2706.303092023724,"standard_error":227.67377398920036}}