{"mean":{"confidence_interval":{"confidence_level":0.95,"lower_bound":250035.8389004395,"upper_bound":250981.75072372143},"point_estimate":250507.39871163145,"standard_error":241.2673615706108},"median":{"confidence_interval":{"confidence_level":0.95,"lower_bound":249780.8274872449,"upper_bound":250922.67753623187},"point_estimate":250240.74137931035,"standard_error":283.9048812288027},"median_abs_dev":{"confidence_interval":{"confidence_level":0.95,"lower_bound":1812.313349031877,"upper_bound":2774.685421746428},"point_estimate":2347.046936987996,"standard_error":238.68572265242133},"slope":{"confidence_interval":{"confidence_level":0.95,"lower_bound":250710.01268158297,"upper_bound":251768.76601432235},"point_estimate":251253.95569233043,"standard_error":270.28656400272035},"std_dev":{"confidence_interval":{"confidence_level":0.95,"lower_bound":1999.7319960189534,"upper_bound":2823.605986500569},"point_estimate":2427.473584691814,"standard_error":210.9818457246947}}