{"mean":{"confidence_interval":{"confidence_level":0.95,"lower_bound":224522.84853146478,"upper_bound":225284.93835504717},"point_estimate":224896.5824441457,"standard_error":194.36891237812847},"median":{"confidence_interval":{"confidence_level":0.95,"lower_bound":224130.84370776254,"upper_bound":224894.25714285715},"point_estimate":224435.80269736843,"standard_error":193.9370563217068},"median_abs_dev":{"confidence_interval":{"confidence_level":0.95,"lower_bound":1157.7059871928086,"upper_bound":2264.67134984966},"point_estimate":1828.8237981631414,"standard_error":286.5407656007024},"slope":{"confidence_interval":{"confidence_level":0.95,"lower_bound":224446.41630870418,"upper_bound":225465.19317151167},"point_estimate":224922.29541658045,"standard_error":260.0986811886759},"std_dev":{"confidence_interval":{"confidence_level":0.95,"lower_bound":1643.0730483591635,"upper_bound":2222.1249030934446},"point_estimate":1947.911370017317,"standard_error":147.84276990219416}}