{"mean":{"confidence_interval":{"confidence_level":0.95,"lower_bound":470086.69899153174,"upper_bound":472790.0968985214},"point_estimate":471414.9098779152,"standard_error":690.1989811190573},"median":{"confidence_interval":{"confidence_level":0.95,"lower_bound":469447.0,"upper_bound":472114.125},"point_estimate":470822.6297492401,"standard_error":691.2852446632074},"median_abs_dev":{"confidence_interval":{"confidence_level":0.95,"lower_bound":3626.6607581862595,"upper_bound":6498.729008052635},"point_estimate":4609.747507443121,"standard_error":733.6526864993494},"slope":{"confidence_interval":{"confidence_level":0.95,"lower_bound":471114.37892076763,"upper_bound":473510.27484043146},"point_estimate":472251.8211629969,"standard_error":610.1754817322003},"std_dev":{"confidence_interval":{"confidence_level":0.95,"lower_bound":5358.690832018875,"upper_bound":8477.59452429413},"point_estimate":6937.814637728647,"standard_error":800.784262486442}}