{"mean":{"confidence_interval":{"confidence_level":0.95,"lower_bound":254068.1114477814,"upper_bound":255812.48267120242},"point_estimate":254824.27594212507,"standard_error":450.656257962849},"median":{"confidence_interval":{"confidence_level":0.95,"lower_bound":253697.22222222222,"upper_bound":254638.6331168831},"point_estimate":254187.12540064103,"standard_error":295.43609067530434},"median_abs_dev":{"confidence_interval":{"confidence_level":0.95,"lower_bound":1649.731756388974,"upper_bound":2707.0968527866075},"point_estimate":2187.4614591006793,"standard_error":276.53208849543944},"slope":{"confidence_interval":{"confidence_level":0.95,"lower_bound":254089.05549723606,"upper_bound":255170.44595946633},"point_estimate":254605.76431136398,"standard_error":275.885586342976},"std_dev":{"confidence_interval":{"confidence_level":0.95,"lower_bound":2232.6015961873486,"upper_bound":6926.819134204902},"point_estimate":4523.967385403595,"standard_error":1446.6730525033347}}