{"mean":{"confidence_interval":{"confidence_level":0.95,"lower_bound":296683.7229389692,"upper_bound":297807.0107431279},"point_estimate":297252.4268191773,"standard_error":285.2337355475893},"median":{"confidence_interval":{"confidence_level":0.95,"lower_bound":296695.14285714284,"upper_bound":297496.8584821429},"point_estimate":297070.30661312374,"standard_error":205.22945027217017},"median_abs_dev":{"confidence_interval":{"confidence_level":0.95,"lower_bound":1539.5286960984472,"upper_bound":2898.5877598033967},"point_estimate":2420.1450894615496,"standard_error":361.0475126466924},"slope":{"confidence_interval":{"confidence_level":0.95,"lower_bound":296753.19889985415,"upper_bound":297636.680013827},"point_estimate":297182.1933131373,"standard_error":225.18110241208876},"std_dev":{"confidence_interval":{"confidence_level":0.95,"lower_bound":2300.8170400478466,"upper_bound":3421.2059181122745},"point_estimate":2868.114220430719,"standard_error":286.69163318382266}}