{"mean":{"confidence_interval":{"confidence_level":0.95,"lower_bound":842442.8604018089,"upper_bound":844932.0573160745},"point_estimate":843647.0888051767,"standard_error":634.7653757135705},"median":{"confidence_interval":{"confidence_level":0.95,"lower_bound":841200.9795918367,"upper_bound":843627.5364611999},"point_estimate":841963.1805555555,"standard_error":553.5533549428906},"median_abs_dev":{"confidence_interval":{"confidence_level":0.95,"lower_bound":2807.2635956633844,"upper_bound":5315.368655204375},"point_estimate":3584.1719452762095,"standard_error":614.7289661888244},"slope":{"confidence_interval":{"confidence_level":0.95,"lower_bound":841170.2173187112,"upper_bound":842720.1439857484},"point_estimate":841921.5663307226,"standard_error":394.33518421407365},"std_dev":{"confidence_interval":{"confidence_level":0.95,"lower_bound":4643.209289544819,"upper_bound":7952.650546120969},"point_estimate":6365.333843173845,"standard_error":848.299169184122}}