{"mean":{"confidence_interval":{"confidence_level":0.95,"lower_bound":856756.3248312862,"upper_bound":860202.0630801672},"point_estimate":858369.1357695966,"standard_error":881.0509232777318},"median":{"confidence_interval":{"confidence_level":0.95,"lower_bound":855482.112244898,"upper_bound":858126.6818181818},"point_estimate":856849.0200098814,"standard_error":643.9708222716437},"median_abs_dev":{"confidence_interval":{"confidence_level":0.95,"lower_bound":4126.452458732156,"upper_bound":6513.405068157063},"point_estimate":5488.615700306128,"standard_error":603.9136828655327},"slope":{"confidence_interval":{"confidence_level":0.95,"lower_bound":857047.8444764325,"upper_bound":859717.40633829},"point_estimate":858348.4731816166,"standard_error":680.2881069650823},"std_dev":{"confidence_interval":{"confidence_level":0.95,"lower_bound":5644.558714409406,"upper_bound":11809.98021084713},"point_estimate":8858.348026809257,"standard_error":1587.851749498106}}