{"mean":{"confidence_interval":{"confidence_level":0.95,"lower_bound":261572.84776197936,"upper_bound":262722.71881338285},"point_estimate":262155.5806403982,"standard_error":292.4790714611452},"median":{"confidence_interval":{"confidence_level":0.95,"lower_bound":261519.6761037095,"upper_bound":262688.69345238095},"point_estimate":261908.9449855352,"standard_error":339.93888900004094},"median_abs_dev":{"confidence_interval":{"confidence_level":0.95,"lower_bound":1758.1212175882542,"upper_bound":2874.6872729151587},"point_estimate":2256.647646196557,"standard_error":295.4841199920988},"slope":{"confidence_interval":{"confidence_level":0.95,"lower_bound":261464.26353090222,"upper_bound":262466.35786216543},"point_estimate":261951.7686315945,"standard_error":255.29083263354926},"std_dev":{"confidence_interval":{"confidence_level":0.95,"lower_bound":2305.5259112967065,"upper_bound":3578.0212155239415},"point_estimate":2936.7501631077967,"standard_error":329.0155218182457}}