{"mean":{"confidence_interval":{"confidence_level":0.95,"lower_bound":508082.00158290786,"upper_bound":509439.1092417831},"point_estimate":508757.9786911557,"standard_error":346.61869468593255},"median":{"confidence_interval":{"confidence_level":0.95,"lower_bound":507780.25,"upper_bound":509356.7205882353},"point_estimate":508536.1824443883,"standard_error":453.49844085337185},"median_abs_dev":{"confidence_interval":{"confidence_level":0.95,"lower_bound":2283.078353459863,"upper_bound":3845.4252685681327},"point_estimate":3192.9016643673153,"standard_error":387.1695338653861},"slope":{"confidence_interval":{"confidence_level":0.95,"lower_bound":507614.6465844665,"upper_bound":508870.8611782772},"point_estimate":508232.85142160486,"standard_error":319.8911765650457},"std_dev":{"confidence_interval":{"confidence_level":0.95,"lower_bound":2899.744023196466,"upper_bound":4030.4359249492536},"point_estimate":3487.2576760673373,"standard_error":288.529270368263}}