{"mean":{"confidence_interval":{"confidence_level":0.95,"lower_bound":509876.4909072415,"upper_bound":516605.5319518886},"point_estimate":512378.39724898204,"standard_error":1873.588762891388},"median":{"confidence_interval":{"confidence_level":0.95,"lower_bound":509236.95151515154,"upper_bound":510996.9164957849},"point_estimate":510373.23070617905,"standard_error":512.1751246739034},"median_abs_dev":{"confidence_interval":{"confidence_level":0.95,"lower_bound":2520.71607121219,"upper_bound":4402.7553824151555},"point_estimate":3454.7651248967227,"standard_error":473.4090839334762},"slope":{"confidence_interval":{"confidence_level":0.95,"lower_bound":510265.76813970413,"upper_bound":513049.63205636456},"point_estimate":511432.14323481603,"standard_error":716.5648103528836},"std_dev":{"confidence_interval":{"confidence_level":0.95,"lower_bound":3721.5094944272055,"upper_bound":31546.912151781882},"point_estimate":18728.703744141254,"standard_error":9547.142935396458}}