{"mean":{"confidence_interval":{"confidence_level":0.95,"lower_bound":1628484.2424704765,"upper_bound":1637323.196220609},"point_estimate":1632240.097171543,"standard_error":2291.865642624204},"median":{"confidence_interval":{"confidence_level":0.95,"lower_bound":1627070.8448275863,"upper_bound":1630177.7701271186},"point_estimate":1628127.3322161422,"standard_error":907.8339905472695},"median_abs_dev":{"confidence_interval":{"confidence_level":0.95,"lower_bound":4792.621787414036,"upper_bound":7940.157978955145},"point_estimate":6212.637891294337,"standard_error":778.8263442985608},"slope":{"confidence_interval":{"confidence_level":0.95,"lower_bound":1627478.5491971988,"upper_bound":1640149.2957703585},"point_estimate":1632052.9358770505,"standard_error":3497.6897525921436},"std_dev":{"confidence_interval":{"confidence_level":0.95,"lower_bound":6713.370883705248,"upper_bound":34890.56764006174},"point_estimate":23057.757859853842,"standard_error":7663.044559426503}}