{"mean":{"confidence_interval":{"confidence_level":0.95,"lower_bound":404232.77560453746,"upper_bound":405815.98035910755},"point_estimate":405051.76713215833,"standard_error":404.42893878822235},"median":{"confidence_interval":{"confidence_level":0.95,"lower_bound":405609.2639269406,"upper_bound":406779.36729644623},"point_estimate":406184.84353741497,"standard_error":248.41456530725057},"median_abs_dev":{"confidence_interval":{"confidence_level":0.95,"lower_bound":1834.4458950692267,"upper_bound":3365.47448469534},"point_estimate":2497.3896549352903,"standard_error":404.23680046180647},"slope":{"confidence_interval":{"confidence_level":0.95,"lower_bound":406604.6982261866,"upper_bound":407322.89329914644},"point_estimate":406966.53899216786,"standard_error":183.19400827775158},"std_dev":{"confidence_interval":{"confidence_level":0.95,"lower_bound":3266.711375039585,"upper_bound":4773.836201154176},"point_estimate":4067.0805178734904,"standard_error":384.65221799884}}