{"mean":{"confidence_interval":{"confidence_level":0.95,"lower_bound":236066.1288467327,"upper_bound":237375.72484788793},"point_estimate":236701.14473757267,"standard_error":335.0584558051182},"median":{"confidence_interval":{"confidence_level":0.95,"lower_bound":235702.28636363638,"upper_bound":237160.5718992248},"point_estimate":236237.1411469534,"standard_error":396.75206859593},"median_abs_dev":{"confidence_interval":{"confidence_level":0.95,"lower_bound":2021.6010021581726,"upper_bound":3163.745135670234},"point_estimate":2568.063187741106,"standard_error":295.233408272307},"slope":{"confidence_interval":{"confidence_level":0.95,"lower_bound":235340.35248554673,"upper_bound":236456.93948658786},"point_estimate":235884.88918338998,"standard_error":284.9371324806761},"std_dev":{"confidence_interval":{"confidence_level":0.95,"lower_bound":2588.247890404642,"upper_bound":4166.16239325137},"point_estimate":3355.461262606058,"standard_error":411.321911850635}}