{"mean":{"confidence_interval":{"confidence_level":0.95,"lower_bound":1825249.1222857705,"upper_bound":1831959.4978446802},"point_estimate":1828199.6122939594,"standard_error":1725.2270154752475},"median":{"confidence_interval":{"confidence_level":0.95,"lower_bound":1822264.1745614037,"upper_bound":1825508.8684210526},"point_estimate":1823337.1384111384,"standard_error":864.9711768930737},"median_abs_dev":{"confidence_interval":{"confidence_level":0.95,"lower_bound":4987.285779810006,"upper_bound":10210.815351155947},"point_estimate":6787.101627407063,"standard_error":1307.5927495185538},"slope":{"confidence_interval":{"confidence_level":0.95,"lower_bound":1825159.4484337221,"upper_bound":1829770.1282133856},"point_estimate":1827353.338622728,"standard_error":1181.5505354426205},"std_dev":{"confidence_interval":{"confidence_level":0.95,"lower_bound":9442.683016357794,"upper_bound":26055.269817008484},"point_estimate":17353.733606189904,"standard_error":5201.236483260326}}