{"mean":{"confidence_interval":{"confidence_level":0.95,"lower_bound":113571.97731106427,"upper_bound":114661.58734723978},"point_estimate":114115.17915813485,"standard_error":277.789508653588},"median":{"confidence_interval":{"confidence_level":0.95,"lower_bound":113453.35918560607,"upper_bound":114209.72727272726},"point_estimate":113680.91666666667,"standard_error":176.7007585825841},"median_abs_dev":{"confidence_interval":{"confidence_level":0.95,"lower_bound":1372.771463842722,"upper_bound":2385.064137406648},"point_estimate":1792.729040527544,"standard_error":255.48517328145837},"slope":{"confidence_interval":{"confidence_level":0.95,"lower_bound":113410.29616472076,"upper_bound":114125.44153589458},"point_estimate":113751.95400768436,"standard_error":182.05374912498021},"std_dev":{"confidence_interval":{"confidence_level":0.95,"lower_bound":1973.8004431015793,"upper_bound":3560.6970877302942},"point_estimate":2785.754459011184,"standard_error":406.54994763127286}}