{"mean":{"confidence_interval":{"confidence_level":0.95,"lower_bound":79909.36951641942,"upper_bound":80699.64653860734},"point_estimate":80296.24102783058,"standard_error":201.0086894162261},"median":{"confidence_interval":{"confidence_level":0.95,"lower_bound":79878.94615384615,"upper_bound":80460.16666666667},"point_estimate":80204.24718915345,"standard_error":180.47020646046198},"median_abs_dev":{"confidence_interval":{"confidence_level":0.95,"lower_bound":805.6514040412764,"upper_bound":1548.8467026478481},"point_estimate":1177.4880336728772,"standard_error":192.6453217576808},"slope":{"confidence_interval":{"confidence_level":0.95,"lower_bound":80162.87840189133,"upper_bound":80795.76742936771},"point_estimate":80469.68229791636,"standard_error":161.26025813989423},"std_dev":{"confidence_interval":{"confidence_level":0.95,"lower_bound":1440.9344830574944,"upper_bound":2542.065249834526},"point_estimate":2023.3277516004339,"standard_error":280.7595412560601}}