{"mean":{"confidence_interval":{"confidence_level":0.95,"lower_bound":230088.07800582648,"upper_bound":230966.4440292526},"point_estimate":230492.2198940146,"standard_error":225.09655085529846},"median":{"confidence_interval":{"confidence_level":0.95,"lower_bound":229845.91993788822,"upper_bound":230484.34666666668},"point_estimate":230068.9539408867,"standard_error":162.4072602917027},"median_abs_dev":{"confidence_interval":{"confidence_level":0.95,"lower_bound":984.3001735528426,"upper_bound":1812.3638799143694},"point_estimate":1254.096848323562,"standard_error":206.59685152216127},"slope":{"confidence_interval":{"confidence_level":0.95,"lower_bound":230171.51036237614,"upper_bound":230732.07303155566},"point_estimate":230444.02206531697,"standard_error":142.67596931243378},"std_dev":{"confidence_interval":{"confidence_level":0.95,"lower_bound":1420.506645633057,"upper_bound":3215.9762361031126},"point_estimate":2261.5844807713365,"standard_error":523.148990321371}}