{"mean":{"confidence_interval":{"confidence_level":0.95,"lower_bound":242236.37122069902,"upper_bound":243953.90016453384},"point_estimate":243007.5579533031,"standard_error":442.31852363192144},"median":{"confidence_interval":{"confidence_level":0.95,"lower_bound":241530.6194029851,"upper_bound":242514.18548387097},"point_estimate":241998.21828431374,"standard_error":254.90032067766666},"median_abs_dev":{"confidence_interval":{"confidence_level":0.95,"lower_bound":1523.0458112757456,"upper_bound":2320.259575095803},"point_estimate":1981.6266514857807,"standard_error":208.51636945363222},"slope":{"confidence_interval":{"confidence_level":0.95,"lower_bound":241368.9823541387,"upper_bound":242524.2724787159},"point_estimate":241888.5632170829,"standard_error":295.63521255919346},"std_dev":{"confidence_interval":{"confidence_level":0.95,"lower_bound":2315.2554395153948,"upper_bound":6487.61635948934},"point_estimate":4441.142976169387,"standard_error":1120.7517286122134}}