{"mean":{"confidence_interval":{"confidence_level":0.95,"lower_bound":0.0059912816691707225,"upper_bound":0.009693066244512666},"point_estimate":0.00807491480975786,"standard_error":0.0009431845876001533},"median":{"confidence_interval":{"confidence_level":0.95,"lower_bound":0.0073237780311774525,"upper_bound":0.010288562907855736},"point_estimate":0.009242111978052803,"standard_error":0.0007108541080832825}}