{"mean":{"confidence_interval":{"confidence_level":0.95,"lower_bound":-0.008638917734540397,"upper_bound":-0.002814254988467641},"point_estimate":-0.00595748329341117,"standard_error":0.0015011260929998545},"median":{"confidence_interval":{"confidence_level":0.95,"lower_bound":-0.010036721490404979,"upper_bound":-0.00576578626073343},"point_estimate":-0.007637396013097986,"standard_error":0.0010627210403635259}}