{"mean":{"confidence_interval":{"confidence_level":0.95,"lower_bound":256021.11434079084,"upper_bound":257021.2272271287},"point_estimate":256500.2342494091,"standard_error":253.9391837141125},"median":{"confidence_interval":{"confidence_level":0.95,"lower_bound":255588.41818181818,"upper_bound":256851.05705882353},"point_estimate":256262.5275735294,"standard_error":322.29917280598204},"median_abs_dev":{"confidence_interval":{"confidence_level":0.95,"lower_bound":1855.8945078209576,"upper_bound":2846.033599660193},"point_estimate":2360.766413673129,"standard_error":248.7531560493459},"slope":{"confidence_interval":{"confidence_level":0.95,"lower_bound":255417.91807775895,"upper_bound":256394.58582068287},"point_estimate":255902.2010499483,"standard_error":249.28706449793498},"std_dev":{"confidence_interval":{"confidence_level":0.95,"lower_bound":1967.5332031833443,"upper_bound":3183.406483718729},"point_estimate":2553.560709240477,"standard_error":318.1676920590341}}