{"mean":{"confidence_interval":{"confidence_level":0.95,"lower_bound":307545.5366440449,"upper_bound":308867.38335105206},"point_estimate":308218.57426432404,"standard_error":336.020023976244},"median":{"confidence_interval":{"confidence_level":0.95,"lower_bound":307873.7244897959,"upper_bound":308954.71964285715},"point_estimate":308329.54464285716,"standard_error":307.4554337748795},"median_abs_dev":{"confidence_interval":{"confidence_level":0.95,"lower_bound":2180.527472097364,"upper_bound":3658.649911738687},"point_estimate":3089.168613538647,"standard_error":370.7517969855963},"slope":{"confidence_interval":{"confidence_level":0.95,"lower_bound":308651.10197631794,"upper_bound":310130.8316069425},"point_estimate":309377.2066070637,"standard_error":377.8273639386044},"std_dev":{"confidence_interval":{"confidence_level":0.95,"lower_bound":2759.691314099721,"upper_bound":3971.3033005503326},"point_estimate":3385.1904764162214,"standard_error":310.8832948591966}}