{"mean":{"confidence_interval":{"confidence_level":0.95,"lower_bound":205432.43632421567,"upper_bound":206453.29675856684},"point_estimate":205923.44893912016,"standard_error":260.38877209140105},"median":{"confidence_interval":{"confidence_level":0.95,"lower_bound":205179.83429919137,"upper_bound":205936.03733075436},"point_estimate":205538.04972257788,"standard_error":186.42713769816805},"median_abs_dev":{"confidence_interval":{"confidence_level":0.95,"lower_bound":1386.473796597302,"upper_bound":2124.8092343686635},"point_estimate":1733.8093170975353,"standard_error":189.02605712493434},"slope":{"confidence_interval":{"confidence_level":0.95,"lower_bound":205252.64573047054,"upper_bound":206260.28079917628},"point_estimate":205744.8023455002,"standard_error":258.46279229120034},"std_dev":{"confidence_interval":{"confidence_level":0.95,"lower_bound":1877.392481732196,"upper_bound":3291.5877712169527},"point_estimate":2609.627275528455,"standard_error":363.7963486839986}}