{"mean":{"confidence_interval":{"confidence_level":0.95,"lower_bound":0.06272082078604903,"upper_bound":0.06424634976658967},"point_estimate":0.06346960334229412,"standard_error":0.00038725555209352767},"median":{"confidence_interval":{"confidence_level":0.95,"lower_bound":0.0626619836873652,"upper_bound":0.0641900504891928},"point_estimate":0.06339557930406547,"standard_error":0.0004211722687360714}}