{"mean":{"confidence_interval":{"confidence_level":0.95,"lower_bound":0.05420924971624531,"upper_bound":0.0577090411539665},"point_estimate":0.055950566982093886,"standard_error":0.0008934557489478285},"median":{"confidence_interval":{"confidence_level":0.95,"lower_bound":0.055605562712530254,"upper_bound":0.059390366874799705},"point_estimate":0.05808709265168188,"standard_error":0.0009265585105260666}}