{"mean":{"confidence_interval":{"confidence_level":0.95,"lower_bound":0.05548311441973243,"upper_bound":0.05861923066155199},"point_estimate":0.05689508100989937,"standard_error":0.0008046497424752996},"median":{"confidence_interval":{"confidence_level":0.95,"lower_bound":0.05481262231671358,"upper_bound":0.057842605976532235},"point_estimate":0.05627714367860848,"standard_error":0.0007850255078766088}}