{"mean":{"confidence_interval":{"confidence_level":0.95,"lower_bound":248135.9644436029,"upper_bound":249162.0413007632},"point_estimate":248638.45678150366,"standard_error":261.9112705968042},"median":{"confidence_interval":{"confidence_level":0.95,"lower_bound":247923.55405405405,"upper_bound":248899.3304597701},"point_estimate":248550.99882629106,"standard_error":236.38349121254805},"median_abs_dev":{"confidence_interval":{"confidence_level":0.95,"lower_bound":1613.039820968843,"upper_bound":2978.2315431387483},"point_estimate":2216.5755048145934,"standard_error":352.6635298374759},"slope":{"confidence_interval":{"confidence_level":0.95,"lower_bound":247764.47834492533,"upper_bound":248772.41155166613},"point_estimate":248250.0545854884,"standard_error":256.83260535946783},"std_dev":{"confidence_interval":{"confidence_level":0.95,"lower_bound":2101.4633019603407,"upper_bound":3111.398185120536},"point_estimate":2627.128605441285,"standard_error":258.84153005300294}}