{"mean":{"confidence_interval":{"confidence_level":0.95,"lower_bound":171137.77225316362,"upper_bound":172710.1521163698},"point_estimate":171877.06483930774,"standard_error":401.2130905555116},"median":{"confidence_interval":{"confidence_level":0.95,"lower_bound":170974.54735632183,"upper_bound":172217.5745614035},"point_estimate":171718.67645971914,"standard_error":292.33867104923013},"median_abs_dev":{"confidence_interval":{"confidence_level":0.95,"lower_bound":1949.5777632749803,"upper_bound":3173.5776550954856},"point_estimate":2565.259867166534,"standard_error":311.6546204304789},"slope":{"confidence_interval":{"confidence_level":0.95,"lower_bound":171016.29958777397,"upper_bound":172109.16745166527},"point_estimate":171558.11974188464,"standard_error":278.8578352079827},"std_dev":{"confidence_interval":{"confidence_level":0.95,"lower_bound":2685.5303798741875,"upper_bound":5522.917190723307},"point_estimate":4029.9661641070616,"standard_error":777.7517204969587}}