{"mean":{"confidence_interval":{"confidence_level":0.95,"lower_bound":2726633.4232500014,"upper_bound":2735397.3335833345},"point_estimate":2730516.407333334,"standard_error":2248.659739114257},"median":{"confidence_interval":{"confidence_level":0.95,"lower_bound":2724082.933333333,"upper_bound":2728830.8},"point_estimate":2726336.833333333,"standard_error":1277.3292276443376},"median_abs_dev":{"confidence_interval":{"confidence_level":0.95,"lower_bound":8045.674697160813,"upper_bound":13846.64361417296},"point_estimate":10761.254228949248,"standard_error":1478.112171170969},"slope":null,"std_dev":{"confidence_interval":{"confidence_level":0.95,"lower_bound":11129.711089363345,"upper_bound":33389.08192857651},"point_estimate":22582.151465169583,"standard_error":5989.309527830904}}