{"mean":{"confidence_interval":{"confidence_level":0.95,"lower_bound":327292.79520737677,"upper_bound":328209.66305212566},"point_estimate":327736.19814242626,"standard_error":233.6496677293132},"median":{"confidence_interval":{"confidence_level":0.95,"lower_bound":327085.10622710624,"upper_bound":327902.97826086957},"point_estimate":327566.9535233285,"standard_error":212.75863154044043},"median_abs_dev":{"confidence_interval":{"confidence_level":0.95,"lower_bound":1534.021308468347,"upper_bound":2391.7510143170484},"point_estimate":2153.0963001657537,"standard_error":224.81268234603698},"slope":{"confidence_interval":{"confidence_level":0.95,"lower_bound":327204.1133564467,"upper_bound":327988.4596984755},"point_estimate":327599.5319777351,"standard_error":199.63979567709376},"std_dev":{"confidence_interval":{"confidence_level":0.95,"lower_bound":1864.5927469020535,"upper_bound":2809.2127908627317},"point_estimate":2345.295301994504,"standard_error":242.69737659915862}}