{"mean":{"confidence_interval":{"confidence_level":0.95,"lower_bound":329205.76723512524,"upper_bound":337249.3787116626},"point_estimate":332668.7874178437,"standard_error":2064.82834139087},"median":{"confidence_interval":{"confidence_level":0.95,"lower_bound":326906.13333333336,"upper_bound":328638.3338774876},"point_estimate":327899.087024087,"standard_error":384.7588231444357},"median_abs_dev":{"confidence_interval":{"confidence_level":0.95,"lower_bound":3084.9806907116376,"upper_bound":5979.192449037648},"point_estimate":4174.773731578189,"standard_error":725.8847836440244},"slope":{"confidence_interval":{"confidence_level":0.95,"lower_bound":327441.22057253163,"upper_bound":333832.4951694861},"point_estimate":330302.8720003941,"standard_error":1639.4647820188206},"std_dev":{"confidence_interval":{"confidence_level":0.95,"lower_bound":8471.06384113129,"upper_bound":31869.011789268974},"point_estimate":20871.410874880872,"standard_error":6383.630188362556}}