{"mean":{"confidence_interval":{"confidence_level":0.95,"lower_bound":2237563.6780113634,"upper_bound":2287752.6274318187},"point_estimate":2262129.783636364,"standard_error":12796.497992642622},"median":{"confidence_interval":{"confidence_level":0.95,"lower_bound":2222878.3636363638,"upper_bound":2280107.7272727275},"point_estimate":2257294.2954545454,"standard_error":13090.915451820892},"median_abs_dev":{"confidence_interval":{"confidence_level":0.95,"lower_bound":106177.29088690758,"upper_bound":160202.441242202},"point_estimate":131594.4954091852,"standard_error":13270.788296280447},"slope":null,"std_dev":{"confidence_interval":{"confidence_level":0.95,"lower_bound":108083.001670977,"upper_bound":149541.81726808278},"point_estimate":128601.57924398418,"standard_error":10668.225276012008}}