{"mean":{"confidence_interval":{"confidence_level":0.95,"lower_bound":2320901.2624659105,"upper_bound":2349459.963397727},"point_estimate":2335069.6840909095,"standard_error":7285.594189453756},"median":{"confidence_interval":{"confidence_level":0.95,"lower_bound":2311483.409090909,"upper_bound":2336097.5},"point_estimate":2321764.659090909,"standard_error":5999.001729541033},"median_abs_dev":{"confidence_interval":{"confidence_level":0.95,"lower_bound":51578.23787521295,"upper_bound":87551.47081383262},"point_estimate":66876.44570361513,"standard_error":9026.531181376926},"slope":null,"std_dev":{"confidence_interval":{"confidence_level":0.95,"lower_bound":63646.09817130257,"upper_bound":82013.79991894959},"point_estimate":73500.08115887543,"standard_error":4684.304151097677}}