{"mean":{"confidence_interval":{"confidence_level":0.95,"lower_bound":708357.0862834152,"upper_bound":712439.251165097},"point_estimate":710022.4517633123,"standard_error":1063.9896721741625},"median":{"confidence_interval":{"confidence_level":0.95,"lower_bound":707585.7402177926,"upper_bound":709780.2901921133},"point_estimate":708692.0713580247,"standard_error":505.31399124930783},"median_abs_dev":{"confidence_interval":{"confidence_level":0.95,"lower_bound":3187.737039082333,"upper_bound":5128.868586121992},"point_estimate":4316.569190015374,"standard_error":530.645496583554},"slope":{"confidence_interval":{"confidence_level":0.95,"lower_bound":709037.7210459169,"upper_bound":715783.658292048},"point_estimate":711539.4854943106,"standard_error":1844.265704854889},"std_dev":{"confidence_interval":{"confidence_level":0.95,"lower_bound":4091.727890999362,"upper_bound":17244.82948028214},"point_estimate":10703.693197956596,"standard_error":4302.843772882038}}