{"mean":{"confidence_interval":{"confidence_level":0.95,"lower_bound":625577.722118751,"upper_bound":627034.2038145716},"point_estimate":626309.1534587205,"standard_error":371.52821471979036},"median":{"confidence_interval":{"confidence_level":0.95,"lower_bound":625219.7849462365,"upper_bound":626851.5606060605},"point_estimate":625570.4914814815,"standard_error":467.06102731057763},"median_abs_dev":{"confidence_interval":{"confidence_level":0.95,"lower_bound":1999.4455563208824,"upper_bound":3639.986730478299},"point_estimate":2871.9199735688194,"standard_error":416.41792918759916},"slope":{"confidence_interval":{"confidence_level":0.95,"lower_bound":625393.2390643782,"upper_bound":626790.8554975191},"point_estimate":626053.2650967933,"standard_error":356.11408078042086},"std_dev":{"confidence_interval":{"confidence_level":0.95,"lower_bound":2990.681561880342,"upper_bound":4419.461569822539},"point_estimate":3723.9879333087706,"standard_error":367.20875118572}}