{"mean":{"confidence_interval":{"confidence_level":0.95,"lower_bound":389731.45354385197,"upper_bound":391906.1796782408},"point_estimate":390679.64252788556,"standard_error":561.7665673591977},"median":{"confidence_interval":{"confidence_level":0.95,"lower_bound":389093.852958153,"upper_bound":390185.3449612403},"point_estimate":389579.59979101364,"standard_error":247.92312391978854},"median_abs_dev":{"confidence_interval":{"confidence_level":0.95,"lower_bound":1570.5560919086497,"upper_bound":2594.456286967629},"point_estimate":2191.9966499508078,"standard_error":272.2775753206739},"slope":{"confidence_interval":{"confidence_level":0.95,"lower_bound":389710.94522639754,"upper_bound":392887.3566167289},"point_estimate":391008.4798709423,"standard_error":831.7496926412946},"std_dev":{"confidence_interval":{"confidence_level":0.95,"lower_bound":2341.981468391593,"upper_bound":8622.144915965111},"point_estimate":5634.269655195564,"standard_error":1720.711994805768}}