{"mean":{"confidence_interval":{"confidence_level":0.95,"lower_bound":159143.2337661143,"upper_bound":160078.1925759063},"point_estimate":159597.67484245048,"standard_error":237.85428723383473},"median":{"confidence_interval":{"confidence_level":0.95,"lower_bound":159118.55708387657,"upper_bound":159861.35160227615},"point_estimate":159561.92893217894,"standard_error":175.75742846046302},"median_abs_dev":{"confidence_interval":{"confidence_level":0.95,"lower_bound":1354.3004509674172,"upper_bound":2351.2871913958447},"point_estimate":1805.006662906659,"standard_error":255.17824339429245},"slope":{"confidence_interval":{"confidence_level":0.95,"lower_bound":159026.34903262337,"upper_bound":159709.73394690876},"point_estimate":159363.82851731442,"standard_error":173.8841903569215},"std_dev":{"confidence_interval":{"confidence_level":0.95,"lower_bound":1745.249984270943,"upper_bound":3024.295194466266},"point_estimate":2395.10928724193,"standard_error":330.43833329235554}}