{"mean":{"confidence_interval":{"confidence_level":0.95,"lower_bound":494532.1103982172,"upper_bound":497063.0131928492},"point_estimate":495717.61277514254,"standard_error":648.7711447635644},"median":{"confidence_interval":{"confidence_level":0.95,"lower_bound":494053.41549295775,"upper_bound":495737.45},"point_estimate":494640.2625,"standard_error":517.8766485071998},"median_abs_dev":{"confidence_interval":{"confidence_level":0.95,"lower_bound":2580.05494183694,"upper_bound":4438.990673101414},"point_estimate":3385.3433453242974,"standard_error":486.5872093640611},"slope":{"confidence_interval":{"confidence_level":0.95,"lower_bound":493978.00420432683,"upper_bound":495689.75420088036},"point_estimate":494825.1201315206,"standard_error":436.1918877448442},"std_dev":{"confidence_interval":{"confidence_level":0.95,"lower_bound":4174.198689262027,"upper_bound":8537.272373568825},"point_estimate":6496.4359091008,"standard_error":1116.2110930480285}}