{"mean":{"confidence_interval":{"confidence_level":0.95,"lower_bound":255609.55964028373,"upper_bound":257027.13494445934},"point_estimate":256270.00762126417,"standard_error":362.0486651644438},"median":{"confidence_interval":{"confidence_level":0.95,"lower_bound":255298.54411764705,"upper_bound":256314.32069052418},"point_estimate":255954.08958333335,"standard_error":275.82875500383216},"median_abs_dev":{"confidence_interval":{"confidence_level":0.95,"lower_bound":1648.141173989649,"upper_bound":2785.9585243407587},"point_estimate":2179.162506312128,"standard_error":280.31026619430673},"slope":{"confidence_interval":{"confidence_level":0.95,"lower_bound":255103.09080389942,"upper_bound":256087.0991748286},"point_estimate":255578.45949238955,"standard_error":251.30568630329208},"std_dev":{"confidence_interval":{"confidence_level":0.95,"lower_bound":2222.9764885198065,"upper_bound":5201.945538710369},"point_estimate":3638.7290099773973,"standard_error":830.9131954456391}}