{"mean":{"confidence_interval":{"confidence_level":0.95,"lower_bound":2664385.1291136374,"upper_bound":2673596.1135227284},"point_estimate":2668895.9190909094,"standard_error":2348.1121516169196},"median":{"confidence_interval":{"confidence_level":0.95,"lower_bound":2657144.8181818184,"upper_bound":2671156.272727273},"point_estimate":2665915.0454545454,"standard_error":3619.6939602832313},"median_abs_dev":{"confidence_interval":{"confidence_level":0.95,"lower_bound":14445.780234444817,"upper_bound":26909.8903877082},"point_estimate":20749.66054071086,"standard_error":3327.9886123774527},"slope":null,"std_dev":{"confidence_interval":{"confidence_level":0.95,"lower_bound":19186.050961370758,"upper_bound":27883.985252794668},"point_estimate":23579.26692777943,"standard_error":2239.681142814307}}