{"mean":{"confidence_interval":{"confidence_level":0.95,"lower_bound":275607.8965433038,"upper_bound":277624.69768896233},"point_estimate":276560.00921805506,"standard_error":514.9512402284427},"median":{"confidence_interval":{"confidence_level":0.95,"lower_bound":274632.8520833333,"upper_bound":276339.6554054054},"point_estimate":275411.4604885058,"standard_error":391.8579102849881},"median_abs_dev":{"confidence_interval":{"confidence_level":0.95,"lower_bound":2502.928169352453,"upper_bound":4154.805911788533},"point_estimate":3295.158328160336,"standard_error":417.94701184850373},"slope":{"confidence_interval":{"confidence_level":0.95,"lower_bound":275287.4707948771,"upper_bound":277873.27007181454},"point_estimate":276516.3141362494,"standard_error":660.558296234175},"std_dev":{"confidence_interval":{"confidence_level":0.95,"lower_bound":3676.445464829751,"upper_bound":6768.870774960195},"point_estimate":5162.29554013833,"standard_error":821.5363013066044}}