{"mean":{"confidence_interval":{"confidence_level":0.95,"lower_bound":544101.3935865064,"upper_bound":546087.5353857281},"point_estimate":545082.1414563634,"standard_error":506.4797073242169},"median":{"confidence_interval":{"confidence_level":0.95,"lower_bound":543709.1024096386,"upper_bound":545849.8846153846},"point_estimate":544639.6451361317,"standard_error":561.1579300920083},"median_abs_dev":{"confidence_interval":{"confidence_level":0.95,"lower_bound":2470.636532811115,"upper_bound":4749.357467634274},"point_estimate":3499.4157277941345,"standard_error":582.2477439097344},"slope":{"confidence_interval":{"confidence_level":0.95,"lower_bound":544225.5274945291,"upper_bound":546237.5350690549},"point_estimate":545172.5587246934,"standard_error":513.7416605712114},"std_dev":{"confidence_interval":{"confidence_level":0.95,"lower_bound":4165.762443129642,"upper_bound":5934.358234507789},"point_estimate":5095.521049190292,"standard_error":451.3152000480715}}