{"mean":{"confidence_interval":{"confidence_level":0.95,"lower_bound":2191006.799141304,"upper_bound":2227834.363108696},"point_estimate":2209197.1160869566,"standard_error":9422.477554543606},"median":{"confidence_interval":{"confidence_level":0.95,"lower_bound":2173363.4565217393,"upper_bound":2218114.304347826},"point_estimate":2190663.6304347827,"standard_error":13133.760706087813},"median_abs_dev":{"confidence_interval":{"confidence_level":0.95,"lower_bound":66446.45655077462,"upper_bound":109668.46797038699},"point_estimate":88424.61525188839,"standard_error":11798.037516311631},"slope":null,"std_dev":{"confidence_interval":{"confidence_level":0.95,"lower_bound":80673.53720450352,"upper_bound":107233.71644967241},"point_estimate":94795.46806347345,"standard_error":6786.849732690384}}