{"mean":{"confidence_interval":{"confidence_level":0.95,"lower_bound":249529.8919435842,"upper_bound":261362.2071214474},"point_estimate":254686.35499452852,"standard_error":3043.3700336933202},"median":{"confidence_interval":{"confidence_level":0.95,"lower_bound":244923.95,"upper_bound":252711.76623376622},"point_estimate":249918.34728260868,"standard_error":2003.653947764465},"median_abs_dev":{"confidence_interval":{"confidence_level":0.95,"lower_bound":10827.176214662477,"upper_bound":17543.65497347181},"point_estimate":14677.178110444953,"standard_error":1685.3079045106924},"slope":{"confidence_interval":{"confidence_level":0.95,"lower_bound":246631.35815829638,"upper_bound":255150.99917050372},"point_estimate":250706.05761415695,"standard_error":2172.8451763856374},"std_dev":{"confidence_interval":{"confidence_level":0.95,"lower_bound":14404.337777883455,"upper_bound":46372.24019664338},"point_estimate":30567.822511702976,"standard_error":9237.215336931351}}