{"mean":{"confidence_interval":{"confidence_level":0.95,"lower_bound":0.0541212908976645,"upper_bound":0.06156726467166638},"point_estimate":0.058372713887063554,"standard_error":0.0019231576479018125},"median":{"confidence_interval":{"confidence_level":0.95,"lower_bound":0.05945202484866674,"upper_bound":0.06214563598480982},"point_estimate":0.060793583172334076,"standard_error":0.0006950021937614444}}