{"mean":{"confidence_interval":{"confidence_level":0.95,"lower_bound":0.05591477633009138,"upper_bound":0.06163168402756127},"point_estimate":0.05895734619902915,"standard_error":0.001457045937755957},"median":{"confidence_interval":{"confidence_level":0.95,"lower_bound":0.056051403431830904,"upper_bound":0.06210622428369872},"point_estimate":0.05921344834259079,"standard_error":0.0015846971958651695}}