{"mean":{"confidence_interval":{"confidence_level":0.95,"lower_bound":208145.71372864794,"upper_bound":209044.33066371313},"point_estimate":208573.58471362706,"standard_error":229.40108848738382},"median":{"confidence_interval":{"confidence_level":0.95,"lower_bound":207630.8129032258,"upper_bound":208508.7604601391},"point_estimate":208103.5991875,"standard_error":238.00298849764042},"median_abs_dev":{"confidence_interval":{"confidence_level":0.95,"lower_bound":1236.3576955628437,"upper_bound":2154.269802511662},"point_estimate":1792.408964389388,"standard_error":263.59856750775384},"slope":{"confidence_interval":{"confidence_level":0.95,"lower_bound":208101.21429736906,"upper_bound":209114.48974597975},"point_estimate":208590.5512079208,"standard_error":259.51875836940457},"std_dev":{"confidence_interval":{"confidence_level":0.95,"lower_bound":1654.8459551853489,"upper_bound":3005.2945360734316},"point_estimate":2302.3063372149363,"standard_error":360.2237664330448}}