{"mean":{"confidence_interval":{"confidence_level":0.95,"lower_bound":665928.6328033531,"upper_bound":669969.6643531292},"point_estimate":667608.7771374584,"standard_error":1047.4030493957825},"median":{"confidence_interval":{"confidence_level":0.95,"lower_bound":665218.8670212766,"upper_bound":667076.0399186644},"point_estimate":666259.3103213508,"standard_error":422.5765462359291},"median_abs_dev":{"confidence_interval":{"confidence_level":0.95,"lower_bound":2920.8616133617443,"upper_bound":4989.751986414137},"point_estimate":3711.622111188888,"standard_error":518.6092026260498},"slope":{"confidence_interval":{"confidence_level":0.95,"lower_bound":665448.6926606143,"upper_bound":668003.949316481},"point_estimate":666667.5465080538,"standard_error":652.4425039874069},"std_dev":{"confidence_interval":{"confidence_level":0.95,"lower_bound":4487.059357497109,"upper_bound":16649.556541820377},"point_estimate":10502.02025285633,"standard_error":3924.913658766004}}