{"mean":{"confidence_interval":{"confidence_level":0.95,"lower_bound":613888.0900791362,"upper_bound":615636.1061010762},"point_estimate":614741.6755058632,"standard_error":445.7070464049995},"median":{"confidence_interval":{"confidence_level":0.95,"lower_bound":613812.58,"upper_bound":615476.2777777778},"point_estimate":614517.9903409091,"standard_error":406.81032229506945},"median_abs_dev":{"confidence_interval":{"confidence_level":0.95,"lower_bound":2693.3225612748806,"upper_bound":4557.370249961633},"point_estimate":3514.6167132808296,"standard_error":469.2097237669089},"slope":{"confidence_interval":{"confidence_level":0.95,"lower_bound":614287.4452035077,"upper_bound":616045.9513841151},"point_estimate":615099.7637416876,"standard_error":448.37440195319436},"std_dev":{"confidence_interval":{"confidence_level":0.95,"lower_bound":3367.832267124749,"upper_bound":5605.8025282498675},"point_estimate":4480.465506590501,"standard_error":579.2476070299497}}