{"mean":{"confidence_interval":{"confidence_level":0.95,"lower_bound":392903.0444031685,"upper_bound":394231.3030961488},"point_estimate":393529.374632184,"standard_error":339.0015336446853},"median":{"confidence_interval":{"confidence_level":0.95,"lower_bound":392487.94504245,"upper_bound":393459.9895833333},"point_estimate":392959.25258064514,"standard_error":247.82214300981136},"median_abs_dev":{"confidence_interval":{"confidence_level":0.95,"lower_bound":1716.820206176982,"upper_bound":2931.0349920088097},"point_estimate":2423.0494153343284,"standard_error":315.86535379669806},"slope":{"confidence_interval":{"confidence_level":0.95,"lower_bound":392637.15610115195,"upper_bound":393576.26540275494},"point_estimate":393100.1821235407,"standard_error":239.65864210177762},"std_dev":{"confidence_interval":{"confidence_level":0.95,"lower_bound":2362.735651850868,"upper_bound":4512.524536919276},"point_estimate":3406.6065376552833,"standard_error":570.3141384860292}}