{"mean":{"confidence_interval":{"confidence_level":0.95,"lower_bound":482744.2695666912,"upper_bound":485249.3488355238},"point_estimate":483937.7402608006,"standard_error":640.4094689289897},"median":{"confidence_interval":{"confidence_level":0.95,"lower_bound":482164.95454545453,"upper_bound":484261.18604651163},"point_estimate":483313.1288105947,"standard_error":541.4445663561402},"median_abs_dev":{"confidence_interval":{"confidence_level":0.95,"lower_bound":3105.0878216569427,"upper_bound":5556.934805297481},"point_estimate":4855.962164789437,"standard_error":621.341506416418},"slope":{"confidence_interval":{"confidence_level":0.95,"lower_bound":483633.0089213259,"upper_bound":485449.23208315583},"point_estimate":484539.712472292,"standard_error":465.17925579122857},"std_dev":{"confidence_interval":{"confidence_level":0.95,"lower_bound":4380.0531635930665,"upper_bound":8409.910984238493},"point_estimate":6437.945702736905,"standard_error":1044.9595027585642}}