{"mean":{"confidence_interval":{"confidence_level":0.95,"lower_bound":0.027601400993830717,"upper_bound":0.045413655394646125},"point_estimate":0.0371806905705212,"standard_error":0.0045637227060054434},"median":{"confidence_interval":{"confidence_level":0.95,"lower_bound":0.04557913808560943,"upper_bound":0.051295853603350094},"point_estimate":0.048997997712989516,"standard_error":0.0014902897691745258}}