{"mean":{"confidence_interval":{"confidence_level":0.95,"lower_bound":523529.1493369161,"upper_bound":525295.3501595336},"point_estimate":524409.9546879302,"standard_error":450.35893430381384},"median":{"confidence_interval":{"confidence_level":0.95,"lower_bound":523888.75,"upper_bound":525218.2577838828},"point_estimate":524643.5336538461,"standard_error":358.4747867427796},"median_abs_dev":{"confidence_interval":{"confidence_level":0.95,"lower_bound":2613.767790132954,"upper_bound":4367.667605294255},"point_estimate":3206.907399850077,"standard_error":462.32583754045044},"slope":{"confidence_interval":{"confidence_level":0.95,"lower_bound":524075.0050953928,"upper_bound":525728.3280135479},"point_estimate":524892.1576488843,"standard_error":423.97785471265087},"std_dev":{"confidence_interval":{"confidence_level":0.95,"lower_bound":3646.1836681180826,"upper_bound":5364.483838385577},"point_estimate":4540.999529443403,"standard_error":439.0574517959513}}