{"mean":{"confidence_interval":{"confidence_level":0.95,"lower_bound":721577.0560402082,"upper_bound":725295.607913596},"point_estimate":723414.9740636382,"standard_error":944.8471515634195},"median":{"confidence_interval":{"confidence_level":0.95,"lower_bound":720441.0696078432,"upper_bound":724523.4791666666},"point_estimate":722280.1108643934,"standard_error":1022.5733620428374},"median_abs_dev":{"confidence_interval":{"confidence_level":0.95,"lower_bound":5690.411336566857,"upper_bound":10051.80637613994},"point_estimate":7853.1054338354525,"standard_error":1120.8875707625004},"slope":{"confidence_interval":{"confidence_level":0.95,"lower_bound":722603.4390744562,"upper_bound":726878.0232684407},"point_estimate":724625.9460529038,"standard_error":1091.0848804542495},"std_dev":{"confidence_interval":{"confidence_level":0.95,"lower_bound":7913.296180747356,"upper_bound":10931.872268635234},"point_estimate":9503.774887722668,"standard_error":770.6101060233332}}