{"mean":{"confidence_interval":{"confidence_level":0.95,"lower_bound":2763.981899773425,"upper_bound":2780.2575987459854},"point_estimate":2771.2906877566393,"standard_error":4.190317448388211},"median":{"confidence_interval":{"confidence_level":0.95,"lower_bound":2756.677777777778,"upper_bound":2758.999035757714},"point_estimate":2757.6215846994537,"standard_error":0.4949204770018798},"median_abs_dev":{"confidence_interval":{"confidence_level":0.95,"lower_bound":3.437478845405102,"upper_bound":6.5250513212006105},"point_estimate":4.525542337040692,"standard_error":0.7430522803520785},"slope":{"confidence_interval":{"confidence_level":0.95,"lower_bound":2763.290705331159,"upper_bound":2780.29523109342},"point_estimate":2770.8919992118613,"standard_error":4.3742985170930995},"std_dev":{"confidence_interval":{"confidence_level":0.95,"lower_bound":21.795383222107453,"upper_bound":60.20578199876644},"point_estimate":42.31286807477697,"standard_error":9.885490311916293}}