{"mean":{"confidence_interval":{"confidence_level":0.95,"lower_bound":2926.564353883107,"upper_bound":2978.9236254969924},"point_estimate":2949.31880724721,"standard_error":13.40806517212659},"median":{"confidence_interval":{"confidence_level":0.95,"lower_bound":2914.7404051172707,"upper_bound":2920.9796626984125},"point_estimate":2917.63344988345,"standard_error":1.4856846433101794},"median_abs_dev":{"confidence_interval":{"confidence_level":0.95,"lower_bound":7.695008626424386,"upper_bound":14.738275035962097},"point_estimate":10.672954810517268,"standard_error":1.7963374710461788},"slope":{"confidence_interval":{"confidence_level":0.95,"lower_bound":2915.127367310108,"upper_bound":2975.7666826826016},"point_estimate":2939.9040950568938,"standard_error":16.251313878431738},"std_dev":{"confidence_interval":{"confidence_level":0.95,"lower_bound":54.465608226418695,"upper_bound":202.34943267727957},"point_estimate":134.6646510899657,"standard_error":38.84994745009111}}