{"mean":{"confidence_interval":{"confidence_level":0.95,"lower_bound":2404.287501607371,"upper_bound":2411.6261572189537},"point_estimate":2407.2828127683806,"standard_error":1.9119300938912034},"median":{"confidence_interval":{"confidence_level":0.95,"lower_bound":2402.2408980582522,"upper_bound":2403.7632561613145},"point_estimate":2403.252143737754,"standard_error":0.36697685691344156},"median_abs_dev":{"confidence_interval":{"confidence_level":0.95,"lower_bound":2.2054102585264235,"upper_bound":4.230783779895867},"point_estimate":3.224385051978937,"standard_error":0.551582092004746},"slope":{"confidence_interval":{"confidence_level":0.95,"lower_bound":2403.8800922920773,"upper_bound":2408.653290443898},"point_estimate":2405.970146965356,"standard_error":1.221910806472071},"std_dev":{"confidence_interval":{"confidence_level":0.95,"lower_bound":6.290361066159012,"upper_bound":30.911652244853283},"point_estimate":19.240092285695926,"standard_error":7.621088289619729}}