{"mean":{"confidence_interval":{"confidence_level":0.95,"lower_bound":2925.198175399968,"upper_bound":2951.6114441820573},"point_estimate":2938.1321492519473,"standard_error":6.751129828082919},"median":{"confidence_interval":{"confidence_level":0.95,"lower_bound":2970.6143273635985,"upper_bound":2976.290379008746},"point_estimate":2975.024133462909,"standard_error":4.80774923187097},"median_abs_dev":{"confidence_interval":{"confidence_level":0.95,"lower_bound":7.8696060093345706,"upper_bound":27.989520220057802},"point_estimate":16.434449192872446,"standard_error":7.976303602097349},"slope":{"confidence_interval":{"confidence_level":0.95,"lower_bound":2879.0926474657017,"upper_bound":2901.8627353635957},"point_estimate":2889.1639173298995,"standard_error":5.829649263752181},"std_dev":{"confidence_interval":{"confidence_level":0.95,"lower_bound":55.9674562134817,"upper_bound":84.31188273787079},"point_estimate":67.92414473601328,"standard_error":7.989869114203104}}