{"mean":{"confidence_interval":{"confidence_level":0.95,"lower_bound":2682.167183636428,"upper_bound":2701.8160344363705},"point_estimate":2690.771333979143,"standard_error":5.042676947929128},"median":{"confidence_interval":{"confidence_level":0.95,"lower_bound":2678.140161725067,"upper_bound":2680.2262995764345},"point_estimate":2678.9276087793605,"standard_error":0.484589117776551},"median_abs_dev":{"confidence_interval":{"confidence_level":0.95,"lower_bound":3.1078175164869983,"upper_bound":5.517428514363867},"point_estimate":4.6606836558002955,"standard_error":0.6417215138070923},"slope":{"confidence_interval":{"confidence_level":0.95,"lower_bound":2684.290431216887,"upper_bound":2716.035283300026},"point_estimate":2698.367144279138,"standard_error":8.286990556869966},"std_dev":{"confidence_interval":{"confidence_level":0.95,"lower_bound":19.13155828941914,"upper_bound":72.8157307686091},"point_estimate":50.60007943895005,"standard_error":13.371885212630566}}