{"mean":{"confidence_interval":{"confidence_level":0.95,"lower_bound":298517.75214834296,"upper_bound":299451.06935264706},"point_estimate":298982.657200926,"standard_error":237.23616445676552},"median":{"confidence_interval":{"confidence_level":0.95,"lower_bound":298473.03819444444,"upper_bound":299540.79630965594},"point_estimate":298798.341765873,"standard_error":279.1324527699562},"median_abs_dev":{"confidence_interval":{"confidence_level":0.95,"lower_bound":1695.9844171874563,"upper_bound":2630.097077418413},"point_estimate":2216.782350513884,"standard_error":232.39147005610454},"slope":{"confidence_interval":{"confidence_level":0.95,"lower_bound":298587.2109172597,"upper_bound":299512.4259074529},"point_estimate":299044.6865908083,"standard_error":235.84101521219168},"std_dev":{"confidence_interval":{"confidence_level":0.95,"lower_bound":2004.2280552465022,"upper_bound":2748.734206470073},"point_estimate":2390.164028964493,"standard_error":189.99113506616436}}