{"mean":{"confidence_interval":{"confidence_level":0.95,"lower_bound":-0.01460505258027994,"upper_bound":-0.003986859107647869},"point_estimate":-0.009543502484069877,"standard_error":0.00269071762260663},"median":{"confidence_interval":{"confidence_level":0.95,"lower_bound":-0.017260118055670737,"upper_bound":-0.009553853239054888},"point_estimate":-0.014178004078276851,"standard_error":0.0020088827663387312}}