{"mean":{"confidence_interval":{"confidence_level":0.95,"lower_bound":0.20262372061810344,"upper_bound":0.28361850059750665},"point_estimate":0.24528348996234617,"standard_error":0.02026307493304358},"median":{"confidence_interval":{"confidence_level":0.95,"lower_bound":0.14464439309089275,"upper_bound":0.2211016875377796},"point_estimate":0.1797186062345042,"standard_error":0.0183513096610307}}