{"mean":{"confidence_interval":{"confidence_level":0.95,"lower_bound":237318.96361362422,"upper_bound":238678.5714475111},"point_estimate":237940.69196788713,"standard_error":347.6119668767048},"median":{"confidence_interval":{"confidence_level":0.95,"lower_bound":237174.41875,"upper_bound":237883.58383175766},"point_estimate":237478.67606177606,"standard_error":211.67924358923509},"median_abs_dev":{"confidence_interval":{"confidence_level":0.95,"lower_bound":1253.068478878603,"upper_bound":2621.5445530714387},"point_estimate":1836.641394375379,"standard_error":372.19310002843565},"slope":{"confidence_interval":{"confidence_level":0.95,"lower_bound":237131.51016877985,"upper_bound":237725.3938709547},"point_estimate":237428.43564533768,"standard_error":151.83690231390295},"std_dev":{"confidence_interval":{"confidence_level":0.95,"lower_bound":2082.026478902684,"upper_bound":5024.974355657194},"point_estimate":3491.5601728882657,"standard_error":846.5442518372329}}