{"mean":{"confidence_interval":{"confidence_level":0.95,"lower_bound":1458510.1378260872,"upper_bound":1461468.1539891302},"point_estimate":1459957.914347826,"standard_error":754.9842366405506},"median":{"confidence_interval":{"confidence_level":0.95,"lower_bound":1456585.6739130435,"upper_bound":1459976.6086956523},"point_estimate":1458600.1956521738,"standard_error":997.4783075818876},"median_abs_dev":{"confidence_interval":{"confidence_level":0.95,"lower_bound":4872.758196100095,"upper_bound":8098.831277956118},"point_estimate":6231.077615463163,"standard_error":779.9319904851802},"slope":null,"std_dev":{"confidence_interval":{"confidence_level":0.95,"lower_bound":6319.970037075412,"upper_bound":8722.356552363226},"point_estimate":7598.446310339804,"standard_error":614.1879416580097}}