{"mean":{"confidence_interval":{"confidence_level":0.95,"lower_bound":-0.014950914013755057,"upper_bound":-0.009985759943111168},"point_estimate":-0.012385390795656814,"standard_error":0.0012662641689287863},"median":{"confidence_interval":{"confidence_level":0.95,"lower_bound":-0.012786380228609673,"upper_bound":-0.009225833728144006},"point_estimate":-0.010956157355657692,"standard_error":0.0009041975018913142}}