{"mean":{"confidence_interval":{"confidence_level":0.95,"lower_bound":0.09551609802700954,"upper_bound":0.10393450369991007},"point_estimate":0.09981134756822918,"standard_error":0.0021526968581535334},"median":{"confidence_interval":{"confidence_level":0.95,"lower_bound":0.0952482291792962,"upper_bound":0.10341112426234811},"point_estimate":0.099354594719965,"standard_error":0.002063859472357109}}