{"mean":{"confidence_interval":{"confidence_level":0.95,"lower_bound":224602.16953318863,"upper_bound":225669.63897948046},"point_estimate":225125.26685691517,"standard_error":272.6346158108377},"median":{"confidence_interval":{"confidence_level":0.95,"lower_bound":224496.16251276812,"upper_bound":225631.68421052632},"point_estimate":224989.71407386145,"standard_error":274.94778076333625},"median_abs_dev":{"confidence_interval":{"confidence_level":0.95,"lower_bound":1610.8102220936476,"upper_bound":2820.6531378151362},"point_estimate":2134.8385680398733,"standard_error":300.90158120332813},"slope":{"confidence_interval":{"confidence_level":0.95,"lower_bound":224186.98945480998,"upper_bound":225075.7553824447},"point_estimate":224623.80896606078,"standard_error":226.93242345681477},"std_dev":{"confidence_interval":{"confidence_level":0.95,"lower_bound":2200.083198739903,"upper_bound":3253.8721540683905},"point_estimate":2746.6971599737963,"standard_error":269.7665050286766}}