{"mean":{"confidence_interval":{"confidence_level":0.95,"lower_bound":347670.91556285496,"upper_bound":349166.35622124985},"point_estimate":348440.00651722006,"standard_error":380.6895362400419},"median":{"confidence_interval":{"confidence_level":0.95,"lower_bound":347957.25757575757,"upper_bound":349667.175},"point_estimate":348707.56130268204,"standard_error":376.4361277191},"median_abs_dev":{"confidence_interval":{"confidence_level":0.95,"lower_bound":2222.041192661648,"upper_bound":3405.895345377542},"point_estimate":2780.317339349197,"standard_error":296.3548482461782},"slope":{"confidence_interval":{"confidence_level":0.95,"lower_bound":349243.3237279492,"upper_bound":350459.3646813538},"point_estimate":349855.0073218068,"standard_error":309.03730470848507},"std_dev":{"confidence_interval":{"confidence_level":0.95,"lower_bound":2904.17731252979,"upper_bound":4683.851757153352},"point_estimate":3828.0152266213345,"standard_error":455.9750697727528}}