{"mean":{"confidence_interval":{"confidence_level":0.95,"lower_bound":2039683.1218125003,"upper_bound":2042910.4462375005},"point_estimate":2041242.3664999988,"standard_error":824.3911392242342},"median":{"confidence_interval":{"confidence_level":0.95,"lower_bound":2038147.75,"upper_bound":2042631.475},"point_estimate":2040921.0,"standard_error":1169.1078603175854},"median_abs_dev":{"confidence_interval":{"confidence_level":0.95,"lower_bound":5642.960824817419,"upper_bound":9150.903557539263},"point_estimate":7249.17257130146,"standard_error":903.2278611351261},"slope":null,"std_dev":{"confidence_interval":{"confidence_level":0.95,"lower_bound":6298.657570766082,"upper_bound":10491.020401037082},"point_estimate":8318.782132942084,"standard_error":1105.5770001694536}}