{"mean":{"confidence_interval":{"confidence_level":0.95,"lower_bound":1794125.2313695657,"upper_bound":1796193.291902174},"point_estimate":1795088.173043478,"standard_error":528.7283475632418},"median":{"confidence_interval":{"confidence_level":0.95,"lower_bound":1793888.1086956523,"upper_bound":1795339.9130434783},"point_estimate":1794579.3043478262,"standard_error":362.72188713459957},"median_abs_dev":{"confidence_interval":{"confidence_level":0.95,"lower_bound":2528.8320985824867,"upper_bound":4338.345366457549},"point_estimate":3415.42688284211,"standard_error":468.24264339140876},"slope":null,"std_dev":{"confidence_interval":{"confidence_level":0.95,"lower_bound":3474.9125966354513,"upper_bound":7453.91798312278},"point_estimate":5320.786221337439,"standard_error":1142.2162689608488}}