{"mean":{"confidence_interval":{"confidence_level":0.95,"lower_bound":324918.51969032176,"upper_bound":326326.87684420455},"point_estimate":325545.39564219164,"standard_error":362.24417417851197},"median":{"confidence_interval":{"confidence_level":0.95,"lower_bound":324710.52349056606,"upper_bound":325488.96428571426},"point_estimate":325117.25,"standard_error":194.65252970910626},"median_abs_dev":{"confidence_interval":{"confidence_level":0.95,"lower_bound":1359.3354512457813,"upper_bound":2314.3807105215583},"point_estimate":1872.8029916921603,"standard_error":265.54303072016324},"slope":{"confidence_interval":{"confidence_level":0.95,"lower_bound":325162.94486108754,"upper_bound":327455.2358174796},"point_estimate":326081.0827700606,"standard_error":607.2193175210242},"std_dev":{"confidence_interval":{"confidence_level":0.95,"lower_bound":1926.7754096067983,"upper_bound":5411.500121964353},"point_estimate":3632.423311691566,"standard_error":1034.0416517823016}}