{"mean":{"confidence_interval":{"confidence_level":0.95,"lower_bound":1774484.9643020842,"upper_bound":1779168.3590833344},"point_estimate":1776554.1754166665,"standard_error":1203.6096288093647},"median":{"confidence_interval":{"confidence_level":0.95,"lower_bound":1772832.4791666665,"upper_bound":1775663.7083333333},"point_estimate":1774129.0,"standard_error":759.6762628921167},"median_abs_dev":{"confidence_interval":{"confidence_level":0.95,"lower_bound":4643.068376006448,"upper_bound":7929.037321731448},"point_estimate":5713.693198561726,"standard_error":834.1457743467377},"slope":null,"std_dev":{"confidence_interval":{"confidence_level":0.95,"lower_bound":6355.857792454807,"upper_bound":18130.100610053036},"point_estimate":12114.141836986615,"standard_error":3524.013404033455}}