{"mean":{"confidence_interval":{"confidence_level":0.95,"lower_bound":282023.61221670767,"upper_bound":283424.1064295823},"point_estimate":282721.5098312772,"standard_error":356.80913175192075},"median":{"confidence_interval":{"confidence_level":0.95,"lower_bound":281173.895,"upper_bound":283069.36941964284},"point_estimate":282051.6623168498,"standard_error":478.8577931831767},"median_abs_dev":{"confidence_interval":{"confidence_level":0.95,"lower_bound":2658.426911165385,"upper_bound":4599.650244459317},"point_estimate":3729.95971292892,"standard_error":504.1747184208724},"slope":{"confidence_interval":{"confidence_level":0.95,"lower_bound":282095.3590685907,"upper_bound":283754.3928112824},"point_estimate":282909.91104773164,"standard_error":424.3916324761487},"std_dev":{"confidence_interval":{"confidence_level":0.95,"lower_bound":3138.2493860143354,"upper_bound":4001.902069374659},"point_estimate":3592.0232331308302,"standard_error":219.97414378292612}}