{"mean":{"confidence_interval":{"confidence_level":0.95,"lower_bound":243868.50818802018,"upper_bound":245210.7068935782},"point_estimate":244471.25245916698,"standard_error":343.06300524850974},"median":{"confidence_interval":{"confidence_level":0.95,"lower_bound":243483.2319587629,"upper_bound":244301.437675644},"point_estimate":243866.26088551857,"standard_error":212.16271765115815},"median_abs_dev":{"confidence_interval":{"confidence_level":0.95,"lower_bound":1200.9396741336159,"upper_bound":2092.4627705752337},"point_estimate":1656.90225141743,"standard_error":230.38589991840678},"slope":{"confidence_interval":{"confidence_level":0.95,"lower_bound":243709.66537281548,"upper_bound":244678.26361758317},"point_estimate":244159.3069698537,"standard_error":247.737016800596},"std_dev":{"confidence_interval":{"confidence_level":0.95,"lower_bound":1962.0565271212593,"upper_bound":5022.829489199897},"point_estimate":3439.6969156601176,"standard_error":890.5560427314296}}