{"mean":{"confidence_interval":{"confidence_level":0.95,"lower_bound":239767.2936643723,"upper_bound":240674.9584459004},"point_estimate":240207.91505102013,"standard_error":230.89828988557517},"median":{"confidence_interval":{"confidence_level":0.95,"lower_bound":239546.4605263158,"upper_bound":240561.68882978722},"point_estimate":240019.23018899205,"standard_error":230.21546883390926},"median_abs_dev":{"confidence_interval":{"confidence_level":0.95,"lower_bound":1574.2176736891472,"upper_bound":2652.2604997509206},"point_estimate":2112.2482767728256,"standard_error":271.8212734204394},"slope":{"confidence_interval":{"confidence_level":0.95,"lower_bound":239703.66025553073,"upper_bound":240615.55478876157},"point_estimate":240145.09266735628,"standard_error":232.83941622049372},"std_dev":{"confidence_interval":{"confidence_level":0.95,"lower_bound":1807.0343137789341,"upper_bound":2898.157760517691},"point_estimate":2322.914065157241,"standard_error":288.4093542155152}}