{"mean":{"confidence_interval":{"confidence_level":0.95,"lower_bound":219187.5371310169,"upper_bound":220071.21027332402},"point_estimate":219611.39272732273,"standard_error":225.61196544402011},"median":{"confidence_interval":{"confidence_level":0.95,"lower_bound":218981.82692307694,"upper_bound":219686.21904761906},"point_estimate":219409.75781490697,"standard_error":175.0470207949475},"median_abs_dev":{"confidence_interval":{"confidence_level":0.95,"lower_bound":1210.1252063132408,"upper_bound":2062.2668139547864},"point_estimate":1578.545255245282,"standard_error":222.31617794002432},"slope":{"confidence_interval":{"confidence_level":0.95,"lower_bound":219140.11469814993,"upper_bound":219737.3369937549},"point_estimate":219436.26272912664,"standard_error":152.44857420271694},"std_dev":{"confidence_interval":{"confidence_level":0.95,"lower_bound":1642.8024038929152,"upper_bound":2911.253826313069},"point_estimate":2273.5000787206477,"standard_error":330.2539926057526}}