{"mean":{"confidence_interval":{"confidence_level":0.95,"lower_bound":351985.4991410747,"upper_bound":355450.492836208},"point_estimate":353616.826403138,"standard_error":884.0830877555358},"median":{"confidence_interval":{"confidence_level":0.95,"lower_bound":351053.12083333335,"upper_bound":353148.45238095237},"point_estimate":352264.0615862573,"standard_error":624.3132937546914},"median_abs_dev":{"confidence_interval":{"confidence_level":0.95,"lower_bound":3576.9030286424077,"upper_bound":6319.1475760960475},"point_estimate":4733.927723243707,"standard_error":713.8324377891806},"slope":{"confidence_interval":{"confidence_level":0.95,"lower_bound":353503.16997754027,"upper_bound":357680.51918629085},"point_estimate":355470.6739549776,"standard_error":1065.4725514231993},"std_dev":{"confidence_interval":{"confidence_level":0.95,"lower_bound":6027.340668855824,"upper_bound":11544.252073677628},"point_estimate":8906.802981644238,"standard_error":1419.0245378250163}}