{"mean":{"confidence_interval":{"confidence_level":0.95,"lower_bound":282496.801123158,"upper_bound":283288.1794847518},"point_estimate":282868.9860131446,"standard_error":202.38360778945543},"median":{"confidence_interval":{"confidence_level":0.95,"lower_bound":282404.69226694916,"upper_bound":283100.4135802469},"point_estimate":282732.7452651515,"standard_error":202.76159680436066},"median_abs_dev":{"confidence_interval":{"confidence_level":0.95,"lower_bound":1081.2439312397423,"upper_bound":1694.5626905294885},"point_estimate":1376.0893644098578,"standard_error":152.68915352642384},"slope":{"confidence_interval":{"confidence_level":0.95,"lower_bound":282419.89256615256,"upper_bound":283000.1612839461},"point_estimate":282714.6615590365,"standard_error":147.89546713121794},"std_dev":{"confidence_interval":{"confidence_level":0.95,"lower_bound":1363.4788283065354,"upper_bound":2790.0925685212223},"point_estimate":2036.805448574997,"standard_error":390.89903592963645}}