{"mean":{"confidence_interval":{"confidence_level":0.95,"lower_bound":261112.04843930362,"upper_bound":264204.8860741277},"point_estimate":262519.77290358575,"standard_error":791.8250534861834},"median":{"confidence_interval":{"confidence_level":0.95,"lower_bound":260432.9099205181,"upper_bound":261732.5400735294},"point_estimate":260788.788003663,"standard_error":386.1692094442653},"median_abs_dev":{"confidence_interval":{"confidence_level":0.95,"lower_bound":2203.479245032601,"upper_bound":3422.209551122029},"point_estimate":2875.3458777301926,"standard_error":307.0468396188607},"slope":{"confidence_interval":{"confidence_level":0.95,"lower_bound":261410.79319876502,"upper_bound":264459.16470048495},"point_estimate":262790.525129304,"standard_error":782.5643757401283},"std_dev":{"confidence_interval":{"confidence_level":0.95,"lower_bound":4340.440703556818,"upper_bound":11088.8749170309},"point_estimate":7962.762653971383,"standard_error":1733.4958724267576}}