{"mean":{"confidence_interval":{"confidence_level":0.95,"lower_bound":293947.3673741873,"upper_bound":295245.0184908938},"point_estimate":294527.33764279686,"standard_error":332.5527927821162},"median":{"confidence_interval":{"confidence_level":0.95,"lower_bound":293724.853988604,"upper_bound":294572.3576566496},"point_estimate":294243.48297764227,"standard_error":215.21700938644892},"median_abs_dev":{"confidence_interval":{"confidence_level":0.95,"lower_bound":1380.6001884815937,"upper_bound":2371.4302407111973},"point_estimate":1933.7125868456155,"standard_error":246.666248551925},"slope":{"confidence_interval":{"confidence_level":0.95,"lower_bound":293704.94664359157,"upper_bound":295492.3024058933},"point_estimate":294446.63166321855,"standard_error":462.491303040924},"std_dev":{"confidence_interval":{"confidence_level":0.95,"lower_bound":1790.3784983378105,"upper_bound":4944.406711594123},"point_estimate":3344.4124365127773,"standard_error":898.0309539921745}}