{"mean":{"confidence_interval":{"confidence_level":0.95,"lower_bound":300338.7096026979,"upper_bound":301688.71567809646},"point_estimate":300993.54755788384,"standard_error":345.18602535028157},"median":{"confidence_interval":{"confidence_level":0.95,"lower_bound":299931.57744565216,"upper_bound":301208.9384057971},"point_estimate":300451.61471742543,"standard_error":375.4963467292395},"median_abs_dev":{"confidence_interval":{"confidence_level":0.95,"lower_bound":2136.9480308842403,"upper_bound":3524.9042941703888},"point_estimate":2788.86742491952,"standard_error":335.02351478267},"slope":{"confidence_interval":{"confidence_level":0.95,"lower_bound":300715.03737904,"upper_bound":301972.88587174565},"point_estimate":301335.2904145116,"standard_error":320.6667450878593},"std_dev":{"confidence_interval":{"confidence_level":0.95,"lower_bound":2689.218269638448,"upper_bound":4275.54661858572},"point_estimate":3476.409417160275,"standard_error":408.47150151405356}}