{"mean":{"confidence_interval":{"confidence_level":0.95,"lower_bound":244590.3895415409,"upper_bound":246768.63203510878},"point_estimate":245539.5854461512,"standard_error":558.4426073184071},"median":{"confidence_interval":{"confidence_level":0.95,"lower_bound":244202.78067708336,"upper_bound":245507.57767857143},"point_estimate":244760.06477591034,"standard_error":377.0469613019808},"median_abs_dev":{"confidence_interval":{"confidence_level":0.95,"lower_bound":1809.8235759263873,"upper_bound":2977.2827479700086},"point_estimate":2479.384973438212,"standard_error":299.5071863149638},"slope":{"confidence_interval":{"confidence_level":0.95,"lower_bound":245577.51089144882,"upper_bound":249137.5936792465},"point_estimate":247031.70594946062,"standard_error":935.6816993443396},"std_dev":{"confidence_interval":{"confidence_level":0.95,"lower_bound":2784.7010032278363,"upper_bound":8546.561375280695},"point_estimate":5597.972789141895,"standard_error":1733.942843784318}}