{"mean":{"confidence_interval":{"confidence_level":0.95,"lower_bound":280122.9652567092,"upper_bound":281407.1966915884},"point_estimate":280731.21614253655,"standard_error":328.61067876530973},"median":{"confidence_interval":{"confidence_level":0.95,"lower_bound":279593.6356382979,"upper_bound":280512.4618371212},"point_estimate":280005.91088935576,"standard_error":212.6427790425768},"median_abs_dev":{"confidence_interval":{"confidence_level":0.95,"lower_bound":1387.8309478610697,"upper_bound":2392.623134658916},"point_estimate":1685.6597459785753,"standard_error":274.3133693063293},"slope":{"confidence_interval":{"confidence_level":0.95,"lower_bound":279517.7526560564,"upper_bound":280167.4765103138},"point_estimate":279826.69150509825,"standard_error":165.66222423443804},"std_dev":{"confidence_interval":{"confidence_level":0.95,"lower_bound":2270.4388156026466,"upper_bound":4334.568856170093},"point_estimate":3308.877902073655,"standard_error":537.1969526209003}}