{"mean":{"confidence_interval":{"confidence_level":0.95,"lower_bound":284427.6689668605,"upper_bound":285402.8605392828},"point_estimate":284925.896186755,"standard_error":248.33954123202292},"median":{"confidence_interval":{"confidence_level":0.95,"lower_bound":284548.291436865,"upper_bound":285079.36226804124},"point_estimate":284812.4598677032,"standard_error":127.01524508241611},"median_abs_dev":{"confidence_interval":{"confidence_level":0.95,"lower_bound":851.8765328875254,"upper_bound":1731.0213077856095},"point_estimate":1219.8318576535853,"standard_error":227.61117910847952},"slope":{"confidence_interval":{"confidence_level":0.95,"lower_bound":284524.4215728438,"upper_bound":285188.47670879844},"point_estimate":284835.92946948425,"standard_error":169.25995591929131},"std_dev":{"confidence_interval":{"confidence_level":0.95,"lower_bound":1730.4232515469184,"upper_bound":3201.4253273732934},"point_estimate":2493.9129194722946,"standard_error":378.40496017823745}}