{"mean":{"confidence_interval":{"confidence_level":0.95,"lower_bound":277093.8927429564,"upper_bound":278205.3512432466},"point_estimate":277654.90298995725,"standard_error":282.9016625562589},"median":{"confidence_interval":{"confidence_level":0.95,"lower_bound":277283.49253731343,"upper_bound":278003.51271186443},"point_estimate":277710.50755494507,"standard_error":181.79262291583592},"median_abs_dev":{"confidence_interval":{"confidence_level":0.95,"lower_bound":1414.9389321166482,"upper_bound":2576.8732709684955},"point_estimate":2080.49959306941,"standard_error":301.92283984449506},"slope":{"confidence_interval":{"confidence_level":0.95,"lower_bound":277435.8344412606,"upper_bound":278233.1306922273},"point_estimate":277827.48110979755,"standard_error":203.49698373985177},"std_dev":{"confidence_interval":{"confidence_level":0.95,"lower_bound":2155.711353217879,"upper_bound":3464.7251675604393},"point_estimate":2837.2596138334893,"standard_error":334.7403572727754}}