{"mean":{"confidence_interval":{"confidence_level":0.95,"lower_bound":1112048.4559346878,"upper_bound":1115772.2419132474},"point_estimate":1113778.120097509,"standard_error":950.7771639578921},"median":{"confidence_interval":{"confidence_level":0.95,"lower_bound":1110983.490327381,"upper_bound":1113895.9050739247},"point_estimate":1112522.2306170887,"standard_error":787.9770557693196},"median_abs_dev":{"confidence_interval":{"confidence_level":0.95,"lower_bound":4267.664024233818,"upper_bound":8255.185292330047},"point_estimate":6053.742869968219,"standard_error":1016.8343699811185},"slope":{"confidence_interval":{"confidence_level":0.95,"lower_bound":1113556.7737207378,"upper_bound":1120806.4341289247},"point_estimate":1116722.217023792,"standard_error":1887.9725203391565},"std_dev":{"confidence_interval":{"confidence_level":0.95,"lower_bound":6372.06858107073,"upper_bound":13158.7183273778},"point_estimate":9584.377632985643,"standard_error":1877.9946056216052}}