{"mean":{"confidence_interval":{"confidence_level":0.95,"lower_bound":718306.4030543324,"upper_bound":723979.5007239842},"point_estimate":720946.3935520068,"standard_error":1447.3257985882444},"median":{"confidence_interval":{"confidence_level":0.95,"lower_bound":717152.8134057971,"upper_bound":721853.2717391304},"point_estimate":719503.6991803278,"standard_error":1209.8133823690987},"median_abs_dev":{"confidence_interval":{"confidence_level":0.95,"lower_bound":6647.61758895508,"upper_bound":11402.8074476139},"point_estimate":8610.617516361766,"standard_error":1216.3108739497036},"slope":{"confidence_interval":{"confidence_level":0.95,"lower_bound":717349.1528917948,"upper_bound":723720.0095373522},"point_estimate":720272.2451071376,"standard_error":1628.7703361805789},"std_dev":{"confidence_interval":{"confidence_level":0.95,"lower_bound":9016.543979761358,"upper_bound":19500.44432704938},"point_estimate":14476.36182383635,"standard_error":2702.3347269625465}}