{"mean":{"confidence_interval":{"confidence_level":0.95,"lower_bound":175125.11822873936,"upper_bound":176621.1218753707},"point_estimate":175859.08622986474,"standard_error":382.4598016354543},"median":{"confidence_interval":{"confidence_level":0.95,"lower_bound":174949.8742627233,"upper_bound":176657.3333333333},"point_estimate":175608.32235464067,"standard_error":402.3449786052261},"median_abs_dev":{"confidence_interval":{"confidence_level":0.95,"lower_bound":2690.736277031051,"upper_bound":4520.154717715969},"point_estimate":3352.412896806351,"standard_error":459.99275227789394},"slope":{"confidence_interval":{"confidence_level":0.95,"lower_bound":174560.62007802166,"upper_bound":176006.56999955417},"point_estimate":175249.01658440472,"standard_error":368.3580270607643},"std_dev":{"confidence_interval":{"confidence_level":0.95,"lower_bound":3095.447235257059,"upper_bound":4662.448013655534},"point_estimate":3855.3774114970784,"standard_error":405.77676524465045}}