{"mean":{"confidence_interval":{"confidence_level":0.95,"lower_bound":228316.1892893986,"upper_bound":229125.09140635625},"point_estimate":228703.7098777092,"standard_error":207.1217829933223},"median":{"confidence_interval":{"confidence_level":0.95,"lower_bound":228138.2297218763,"upper_bound":228831.35555555555},"point_estimate":228393.53792390408,"standard_error":173.9519562094567},"median_abs_dev":{"confidence_interval":{"confidence_level":0.95,"lower_bound":1065.8380865161955,"upper_bound":1713.6287756539145},"point_estimate":1471.3449238099925,"standard_error":165.41117501079026},"slope":{"confidence_interval":{"confidence_level":0.95,"lower_bound":228311.53769934337,"upper_bound":228946.6452613847},"point_estimate":228625.11921619624,"standard_error":161.8313508395235},"std_dev":{"confidence_interval":{"confidence_level":0.95,"lower_bound":1458.006509162281,"upper_bound":2669.332958120508},"point_estimate":2080.547572855278,"standard_error":311.9147955530104}}