{"mean":{"confidence_interval":{"confidence_level":0.95,"lower_bound":-0.024619829821704617,"upper_bound":-0.01910065875831849},"point_estimate":-0.021819088889664662,"standard_error":0.001409021028938073},"median":{"confidence_interval":{"confidence_level":0.95,"lower_bound":-0.027314475004054484,"upper_bound":-0.02004979208200941},"point_estimate":-0.023722839236922866,"standard_error":0.0017385992832836877}}