{"mean":{"confidence_interval":{"confidence_level":0.95,"lower_bound":0.04778769891940065,"upper_bound":0.05558218034861607},"point_estimate":0.05157465497321678,"standard_error":0.0019950341884922987},"median":{"confidence_interval":{"confidence_level":0.95,"lower_bound":0.04762988874851948,"upper_bound":0.05475429983527935},"point_estimate":0.05096085060970945,"standard_error":0.0018219506721340029}}