{"mean":{"confidence_interval":{"confidence_level":0.95,"lower_bound":218020.761731751,"upper_bound":218797.586588015},"point_estimate":218407.15259766977,"standard_error":198.11690885404857},"median":{"confidence_interval":{"confidence_level":0.95,"lower_bound":217838.35555555555,"upper_bound":218660.2297368421},"point_estimate":218431.43204166665,"standard_error":234.90052962107038},"median_abs_dev":{"confidence_interval":{"confidence_level":0.95,"lower_bound":1237.0985465598476,"upper_bound":2040.2893154524304},"point_estimate":1566.47262216453,"standard_error":199.79191335674395},"slope":{"confidence_interval":{"confidence_level":0.95,"lower_bound":218152.2578296077,"upper_bound":219032.8906921742},"point_estimate":218579.54031505837,"standard_error":224.81659961874715},"std_dev":{"confidence_interval":{"confidence_level":0.95,"lower_bound":1628.1004196708177,"upper_bound":2349.9945085932322},"point_estimate":1994.685390608977,"standard_error":185.4065910614185}}