{"mean":{"confidence_interval":{"confidence_level":0.95,"lower_bound":219995.99227297885,"upper_bound":221218.16534045403},"point_estimate":220568.3567760193,"standard_error":311.6229679732765},"median":{"confidence_interval":{"confidence_level":0.95,"lower_bound":219702.95700521878,"upper_bound":220735.84719101124},"point_estimate":220299.60863095237,"standard_error":299.563720525371},"median_abs_dev":{"confidence_interval":{"confidence_level":0.95,"lower_bound":1238.3373610821347,"upper_bound":2001.6270473013326},"point_estimate":1671.3665849358274,"standard_error":195.22740312690476},"slope":{"confidence_interval":{"confidence_level":0.95,"lower_bound":220133.58755084613,"upper_bound":220892.61937350492},"point_estimate":220503.03056243534,"standard_error":193.89380634172844},"std_dev":{"confidence_interval":{"confidence_level":0.95,"lower_bound":1949.8575466018328,"upper_bound":4358.765330478712},"point_estimate":3131.4806108700236,"standard_error":643.8447385083393}}