{"mean":{"confidence_interval":{"confidence_level":0.95,"lower_bound":238507.11067343786,"upper_bound":240493.1931636625},"point_estimate":239378.94005271708,"standard_error":509.1497317768915},"median":{"confidence_interval":{"confidence_level":0.95,"lower_bound":238038.1741263629,"upper_bound":239707.51428571428},"point_estimate":238618.55088652484,"standard_error":436.86689682620573},"median_abs_dev":{"confidence_interval":{"confidence_level":0.95,"lower_bound":2396.449308959527,"upper_bound":3812.052721291448},"point_estimate":3081.093085955397,"standard_error":365.9627647663368},"slope":{"confidence_interval":{"confidence_level":0.95,"lower_bound":238968.45372458865,"upper_bound":240315.25862022254},"point_estimate":239635.48345854884,"standard_error":343.8785386818163},"std_dev":{"confidence_interval":{"confidence_level":0.95,"lower_bound":2745.7715038944734,"upper_bound":7772.653473758877},"point_estimate":5135.751307309204,"standard_error":1577.2393655455712}}