{"mean":{"confidence_interval":{"confidence_level":0.95,"lower_bound":565407.4593826421,"upper_bound":567256.145685782},"point_estimate":566291.7427735429,"standard_error":472.1968544803246},"median":{"confidence_interval":{"confidence_level":0.95,"lower_bound":565075.2681704261,"upper_bound":566268.1288882488},"point_estimate":565788.208906634,"standard_error":337.76992545698664},"median_abs_dev":{"confidence_interval":{"confidence_level":0.95,"lower_bound":2542.065338222812,"upper_bound":4242.354443800781},"point_estimate":3468.840862553706,"standard_error":419.2141590118562},"slope":{"confidence_interval":{"confidence_level":0.95,"lower_bound":564217.2315141368,"upper_bound":565881.1548262428},"point_estimate":564990.6565730752,"standard_error":424.3326507560236},"std_dev":{"confidence_interval":{"confidence_level":0.95,"lower_bound":3333.872391771531,"upper_bound":6237.666732405661},"point_estimate":4759.411581063515,"standard_error":762.5806838863293}}