{"mean":{"confidence_interval":{"confidence_level":0.95,"lower_bound":284685.7605762786,"upper_bound":285672.0682096301},"point_estimate":285168.7265580226,"standard_error":251.50045741628915},"median":{"confidence_interval":{"confidence_level":0.95,"lower_bound":284424.9567901235,"upper_bound":285759.05790679913},"point_estimate":285274.8596153846,"standard_error":381.5238362292658},"median_abs_dev":{"confidence_interval":{"confidence_level":0.95,"lower_bound":1781.514229584014,"upper_bound":2858.436985142935},"point_estimate":2416.928276432563,"standard_error":271.2728044730353},"slope":{"confidence_interval":{"confidence_level":0.95,"lower_bound":284591.6028397947,"upper_bound":285667.05865019525},"point_estimate":285135.79676296737,"standard_error":273.49170376218996},"std_dev":{"confidence_interval":{"confidence_level":0.95,"lower_bound":2085.7390456634816,"upper_bound":2945.4943870483526},"point_estimate":2534.94007462979,"standard_error":219.58174373519046}}