{"mean":{"confidence_interval":{"confidence_level":0.95,"lower_bound":241511.46910106053,"upper_bound":244457.65435710177},"point_estimate":242988.13152133216,"standard_error":753.4554023289269},"median":{"confidence_interval":{"confidence_level":0.95,"lower_bound":240850.73701298703,"upper_bound":247521.67272727273},"point_estimate":245102.6882399818,"standard_error":1876.91812245223},"median_abs_dev":{"confidence_interval":{"confidence_level":0.95,"lower_bound":4143.597626045812,"upper_bound":11028.205447370821},"point_estimate":7181.080584346261,"standard_error":1843.230246176374},"slope":{"confidence_interval":{"confidence_level":0.95,"lower_bound":243701.64989484288,"upper_bound":246444.4588432728},"point_estimate":245122.72548913848,"standard_error":698.684326896139},"std_dev":{"confidence_interval":{"confidence_level":0.95,"lower_bound":6635.371212022363,"upper_bound":8493.22223457455},"point_estimate":7555.18277883698,"standard_error":475.58047899882126}}