{"mean":{"confidence_interval":{"confidence_level":0.95,"lower_bound":386794.90387765167,"upper_bound":388264.5133433628},"point_estimate":387473.81784583913,"standard_error":376.15498386529816},"median":{"confidence_interval":{"confidence_level":0.95,"lower_bound":386457.2948717949,"upper_bound":387563.13680272107},"point_estimate":387065.4568965517,"standard_error":304.5977651412123},"median_abs_dev":{"confidence_interval":{"confidence_level":0.95,"lower_bound":1641.5065202431852,"upper_bound":2617.8104180449945},"point_estimate":2250.5981080533134,"standard_error":258.90202944520263},"slope":{"confidence_interval":{"confidence_level":0.95,"lower_bound":386834.5236592303,"upper_bound":388636.60650795593},"point_estimate":387634.0693650559,"standard_error":463.6795653137664},"std_dev":{"confidence_interval":{"confidence_level":0.95,"lower_bound":2225.050506312892,"upper_bound":5087.5381601726385},"point_estimate":3783.3075084234274,"standard_error":723.9583828293257}}