{"mean":{"confidence_interval":{"confidence_level":0.95,"lower_bound":298959.8989302813,"upper_bound":300553.5840794331},"point_estimate":299720.41174186254,"standard_error":406.3145718549804},"median":{"confidence_interval":{"confidence_level":0.95,"lower_bound":298678.17346938775,"upper_bound":299737.7996461646},"point_estimate":299292.07125000004,"standard_error":308.4265219969203},"median_abs_dev":{"confidence_interval":{"confidence_level":0.95,"lower_bound":1887.444033536623,"upper_bound":3469.4285230253713},"point_estimate":2573.518561745651,"standard_error":395.4482348230898},"slope":{"confidence_interval":{"confidence_level":0.95,"lower_bound":298888.2293498698,"upper_bound":300042.79066694394},"point_estimate":299464.5907854293,"standard_error":294.909190159454},"std_dev":{"confidence_interval":{"confidence_level":0.95,"lower_bound":2888.9879391670966,"upper_bound":5356.470320596821},"point_estimate":4078.638883096548,"standard_error":654.2439964606037}}