{"mean":{"confidence_interval":{"confidence_level":0.95,"lower_bound":206036.92439342762,"upper_bound":206832.1327260165},"point_estimate":206431.04026400202,"standard_error":202.07756247778826},"median":{"confidence_interval":{"confidence_level":0.95,"lower_bound":206048.9423076923,"upper_bound":206387.3027027027},"point_estimate":206192.24636015325,"standard_error":86.90866443327863},"median_abs_dev":{"confidence_interval":{"confidence_level":0.95,"lower_bound":1014.5638850044155,"upper_bound":1925.2104315860347},"point_estimate":1384.1694229663299,"standard_error":214.75355748388722},"slope":{"confidence_interval":{"confidence_level":0.95,"lower_bound":206289.24231709988,"upper_bound":206882.05762343793},"point_estimate":206580.40467740505,"standard_error":150.4045021245898},"std_dev":{"confidence_interval":{"confidence_level":0.95,"lower_bound":1578.0516107590938,"upper_bound":2435.779408068017},"point_estimate":2024.704436007008,"standard_error":218.96347386313468}}