{"mean":{"confidence_interval":{"confidence_level":0.95,"lower_bound":239671.91951083345,"upper_bound":240491.03137256275},"point_estimate":240063.29713983368,"standard_error":208.63923896422648},"median":{"confidence_interval":{"confidence_level":0.95,"lower_bound":239532.93846153846,"upper_bound":240446.84287585982},"point_estimate":239922.59325657896,"standard_error":205.78986566507788},"median_abs_dev":{"confidence_interval":{"confidence_level":0.95,"lower_bound":1247.2779266799103,"upper_bound":1829.5878740120882},"point_estimate":1567.1281086551817,"standard_error":142.50118109802978},"slope":{"confidence_interval":{"confidence_level":0.95,"lower_bound":239954.39576684491,"upper_bound":241155.9729177254},"point_estimate":240447.93194975617,"standard_error":314.6386608861933},"std_dev":{"confidence_interval":{"confidence_level":0.95,"lower_bound":1469.3479245940555,"upper_bound":2789.666890200525},"point_estimate":2102.04212544054,"standard_error":351.78346748198413}}