{"mean":{"confidence_interval":{"confidence_level":0.95,"lower_bound":278257.9982806008,"upper_bound":279279.9646493313},"point_estimate":278773.6629050404,"standard_error":259.96658593824884},"median":{"confidence_interval":{"confidence_level":0.95,"lower_bound":278404.9656862745,"upper_bound":279448.83219178085},"point_estimate":279051.4575892857,"standard_error":244.26573132808312},"median_abs_dev":{"confidence_interval":{"confidence_level":0.95,"lower_bound":1706.7130619394445,"upper_bound":2937.256100963336},"point_estimate":2179.4876771766,"standard_error":315.7134745605068},"slope":{"confidence_interval":{"confidence_level":0.95,"lower_bound":278557.43755565345,"upper_bound":279682.0251893698},"point_estimate":279126.0303953007,"standard_error":287.4466634964417},"std_dev":{"confidence_interval":{"confidence_level":0.95,"lower_bound":2223.9590580908653,"upper_bound":2956.8078867939716},"point_estimate":2610.114687001726,"standard_error":187.46332332901804}}