{"mean":{"confidence_interval":{"confidence_level":0.95,"lower_bound":602495.5046938674,"upper_bound":604789.3594300422},"point_estimate":603578.4789714654,"standard_error":584.1164812945852},"median":{"confidence_interval":{"confidence_level":0.95,"lower_bound":601951.6649443561,"upper_bound":603312.7744565217},"point_estimate":602743.5172125668,"standard_error":353.38223886754133},"median_abs_dev":{"confidence_interval":{"confidence_level":0.95,"lower_bound":3348.5680701162196,"upper_bound":5173.1929677424505},"point_estimate":4323.7638993408755,"standard_error":463.7426156947442},"slope":{"confidence_interval":{"confidence_level":0.95,"lower_bound":602489.6508256805,"upper_bound":604890.5799450945},"point_estimate":603622.4709827102,"standard_error":613.0857224125715},"std_dev":{"confidence_interval":{"confidence_level":0.95,"lower_bound":4152.807032128555,"upper_bound":7393.300015335816},"point_estimate":5864.605597740569,"standard_error":828.1434924279733}}