{"mean":{"confidence_interval":{"confidence_level":0.95,"lower_bound":669588.4599532884,"upper_bound":672853.6688605803},"point_estimate":671026.6843255984,"standard_error":838.4074519821118},"median":{"confidence_interval":{"confidence_level":0.95,"lower_bound":668768.920129108,"upper_bound":669733.0},"point_estimate":669251.9212962963,"standard_error":230.2378629776231},"median_abs_dev":{"confidence_interval":{"confidence_level":0.95,"lower_bound":1857.9106531693353,"upper_bound":3619.1508300888445},"point_estimate":2651.393429390395,"standard_error":437.6316312408832},"slope":{"confidence_interval":{"confidence_level":0.95,"lower_bound":669472.5544719992,"upper_bound":676540.8264197512},"point_estimate":672427.697263189,"standard_error":1860.299001458038},"std_dev":{"confidence_interval":{"confidence_level":0.95,"lower_bound":3486.74962560107,"upper_bound":12531.580480576664},"point_estimate":8438.233228038876,"standard_error":2330.2134597238487}}