{"mean":{"confidence_interval":{"confidence_level":0.95,"lower_bound":446714.2435135462,"upper_bound":449218.14119212877},"point_estimate":447806.98705899215,"standard_error":646.5585586806501},"median":{"confidence_interval":{"confidence_level":0.95,"lower_bound":445661.30821917806,"upper_bound":447363.387765252},"point_estimate":446450.034679089,"standard_error":402.53520122373294},"median_abs_dev":{"confidence_interval":{"confidence_level":0.95,"lower_bound":2446.443379191977,"upper_bound":4182.2360707296775},"point_estimate":3206.783066008799,"standard_error":425.82199480927494},"slope":{"confidence_interval":{"confidence_level":0.95,"lower_bound":446830.8017380715,"upper_bound":448369.6717672634},"point_estimate":447604.05546771095,"standard_error":392.7706633993236},"std_dev":{"confidence_interval":{"confidence_level":0.95,"lower_bound":3265.0913926948847,"upper_bound":9846.034817531608},"point_estimate":6506.582740777408,"standard_error":1983.3652390894415}}