{"mean":{"confidence_interval":{"confidence_level":0.95,"lower_bound":255580.65420027907,"upper_bound":257060.815811172},"point_estimate":256312.8057918804,"standard_error":376.14510573808445},"median":{"confidence_interval":{"confidence_level":0.95,"lower_bound":255498.8891036655,"upper_bound":257002.608472173},"point_estimate":256296.7942708333,"standard_error":291.2926087461975},"median_abs_dev":{"confidence_interval":{"confidence_level":0.95,"lower_bound":2127.223958568748,"upper_bound":3721.765297080178},"point_estimate":2821.45616850425,"standard_error":406.9833669854966},"slope":{"confidence_interval":{"confidence_level":0.95,"lower_bound":256803.45459652916,"upper_bound":258008.02400777675},"point_estimate":257386.1300435939,"standard_error":307.31438417712303},"std_dev":{"confidence_interval":{"confidence_level":0.95,"lower_bound":3056.2535279896524,"upper_bound":4501.665539023836},"point_estimate":3788.6561368361245,"standard_error":369.77895377547213}}