{"mean":{"confidence_interval":{"confidence_level":0.95,"lower_bound":261568.98409143265,"upper_bound":262351.4324442507},"point_estimate":261970.84698845516,"standard_error":199.65732512825505},"median":{"confidence_interval":{"confidence_level":0.95,"lower_bound":261671.26205962058,"upper_bound":262591.0934065934},"point_estimate":262316.2551120448,"standard_error":261.9116474524398},"median_abs_dev":{"confidence_interval":{"confidence_level":0.95,"lower_bound":1446.476605392792,"upper_bound":2197.559488279862},"point_estimate":1886.0962956060216,"standard_error":196.70578626462114},"slope":{"confidence_interval":{"confidence_level":0.95,"lower_bound":261667.44511100894,"upper_bound":262312.74517092685},"point_estimate":261984.9916469632,"standard_error":164.58720893638187},"std_dev":{"confidence_interval":{"confidence_level":0.95,"lower_bound":1587.734516981349,"upper_bound":2410.1181741690816},"point_estimate":2012.4015209761872,"standard_error":210.66458131787292}}