{"mean":{"confidence_interval":{"confidence_level":0.95,"lower_bound":269917.917415661,"upper_bound":270925.8018867833},"point_estimate":270412.9658164887,"standard_error":257.5255195011373},"median":{"confidence_interval":{"confidence_level":0.95,"lower_bound":269459.5816326531,"upper_bound":270637.18333333335},"point_estimate":269895.5313059034,"standard_error":272.6570408153596},"median_abs_dev":{"confidence_interval":{"confidence_level":0.95,"lower_bound":1392.3199950639735,"upper_bound":2390.430019001001},"point_estimate":1687.1352300473523,"standard_error":255.70459369084332},"slope":{"confidence_interval":{"confidence_level":0.95,"lower_bound":269505.2335719001,"upper_bound":270099.3598184616},"point_estimate":269786.0950650214,"standard_error":151.20092088865104},"std_dev":{"confidence_interval":{"confidence_level":0.95,"lower_bound":2087.1795900948537,"upper_bound":3085.445681763634},"point_estimate":2591.894390837886,"standard_error":256.2315623535695}}