{"mean":{"confidence_interval":{"confidence_level":0.95,"lower_bound":1868776.357920455,"upper_bound":1871327.9903977271},"point_estimate":1870007.5459090916,"standard_error":652.0592070227932},"median":{"confidence_interval":{"confidence_level":0.95,"lower_bound":1868233.4318181816,"upper_bound":1870975.2727272727},"point_estimate":1869073.9545454546,"standard_error":605.8733010713376},"median_abs_dev":{"confidence_interval":{"confidence_level":0.95,"lower_bound":3812.7080050383315,"upper_bound":6281.4088080279835},"point_estimate":4886.885381422213,"standard_error":591.504059013251},"slope":null,"std_dev":{"confidence_interval":{"confidence_level":0.95,"lower_bound":4862.235895855722,"upper_bound":8277.757977863208},"point_estimate":6542.94598809163,"standard_error":889.3271497597174}}