{"mean":{"confidence_interval":{"confidence_level":0.95,"lower_bound":1965261.5964999993,"upper_bound":1969352.0975952381},"point_estimate":1967067.3976190481,"standard_error":1052.6061924401313},"median":{"confidence_interval":{"confidence_level":0.95,"lower_bound":1964534.119047619,"upper_bound":1967042.5714285714},"point_estimate":1965511.2857142857,"standard_error":669.0507681870228},"median_abs_dev":{"confidence_interval":{"confidence_level":0.95,"lower_bound":4394.21452198695,"upper_bound":7232.01677160579},"point_estimate":5566.5628011736235,"standard_error":732.6328885906435},"slope":null,"std_dev":{"confidence_interval":{"confidence_level":0.95,"lower_bound":5504.831996078435,"upper_bound":15916.796900183694},"point_estimate":10560.69483543557,"standard_error":3152.4301785347375}}