{"mean":{"confidence_interval":{"confidence_level":0.95,"lower_bound":433536.75196960196,"upper_bound":435352.20640117954},"point_estimate":434370.23241413094,"standard_error":464.3485547055871},"median":{"confidence_interval":{"confidence_level":0.95,"lower_bound":432968.8888888889,"upper_bound":434449.786163522},"point_estimate":433357.91840158624,"standard_error":352.96192679447023},"median_abs_dev":{"confidence_interval":{"confidence_level":0.95,"lower_bound":2247.8619208226937,"upper_bound":3877.2310554077694},"point_estimate":2895.6290785808033,"standard_error":434.46078939010584},"slope":{"confidence_interval":{"confidence_level":0.95,"lower_bound":432654.68951516895,"upper_bound":433898.5362280976},"point_estimate":433246.6275424856,"standard_error":316.95273982615475},"std_dev":{"confidence_interval":{"confidence_level":0.95,"lower_bound":2810.620324232332,"upper_bound":6445.682199562431},"point_estimate":4657.036704408672,"standard_error":964.6057706175744}}