{"mean":{"confidence_interval":{"confidence_level":0.95,"lower_bound":258461.5377492221,"upper_bound":261215.1016482193},"point_estimate":259784.92391292154,"standard_error":704.3311906316395},"median":{"confidence_interval":{"confidence_level":0.95,"lower_bound":257498.993697479,"upper_bound":260512.29787234042},"point_estimate":259486.6224894292,"standard_error":802.4982867449738},"median_abs_dev":{"confidence_interval":{"confidence_level":0.95,"lower_bound":4429.17645945857,"upper_bound":7074.678411496114},"point_estimate":5545.638858261654,"standard_error":656.4256020573102},"slope":{"confidence_interval":{"confidence_level":0.95,"lower_bound":260838.71440266204,"upper_bound":264228.1977502649},"point_estimate":262481.87518841436,"standard_error":866.8544230337369},"std_dev":{"confidence_interval":{"confidence_level":0.95,"lower_bound":5126.815539265292,"upper_bound":8916.545527071483},"point_estimate":7062.7767915473405,"standard_error":976.3658546708264}}