{"mean":{"confidence_interval":{"confidence_level":0.95,"lower_bound":227182.845814276,"upper_bound":229713.72454572504},"point_estimate":228341.33845469606,"standard_error":648.8503118893309},"median":{"confidence_interval":{"confidence_level":0.95,"lower_bound":225725.74583333335,"upper_bound":226608.55808080808},"point_estimate":226003.4706043956,"standard_error":239.74405626200013},"median_abs_dev":{"confidence_interval":{"confidence_level":0.95,"lower_bound":1470.7627744602005,"upper_bound":2938.551757205263},"point_estimate":1941.934794873432,"standard_error":370.12398860937935},"slope":{"confidence_interval":{"confidence_level":0.95,"lower_bound":227638.23793136305,"upper_bound":231715.6557816977},"point_estimate":229372.69086212502,"standard_error":1051.9413297827382},"std_dev":{"confidence_interval":{"confidence_level":0.95,"lower_bound":4003.8363967111777,"upper_bound":9046.758746255544},"point_estimate":6514.7112429006065,"standard_error":1342.7839297415235}}