{"mean":{"confidence_interval":{"confidence_level":0.95,"lower_bound":315714.95303008973,"upper_bound":317907.0023210666},"point_estimate":316764.5789583007,"standard_error":560.7057809947261},"median":{"confidence_interval":{"confidence_level":0.95,"lower_bound":315026.5933333333,"upper_bound":316994.11460554367},"point_estimate":316222.3446741315,"standard_error":484.2555996062739},"median_abs_dev":{"confidence_interval":{"confidence_level":0.95,"lower_bound":2732.297647883754,"upper_bound":5009.857016142353},"point_estimate":3644.0895353044803,"standard_error":563.249385572669},"slope":{"confidence_interval":{"confidence_level":0.95,"lower_bound":315574.91989100626,"upper_bound":318044.1797046984},"point_estimate":316700.3826708044,"standard_error":632.1648230144118},"std_dev":{"confidence_interval":{"confidence_level":0.95,"lower_bound":4035.883024565535,"upper_bound":7101.525551863456},"point_estimate":5616.352796452567,"standard_error":786.2434423436245}}