{"mean":{"confidence_interval":{"confidence_level":0.95,"lower_bound":883119.5776624737,"upper_bound":885854.2479390639},"point_estimate":884301.2770393731,"standard_error":702.58823970117},"median":{"confidence_interval":{"confidence_level":0.95,"lower_bound":882296.6412601626,"upper_bound":884069.7448979592},"point_estimate":883266.2358974359,"standard_error":471.4778402362764},"median_abs_dev":{"confidence_interval":{"confidence_level":0.95,"lower_bound":2550.826358501646,"upper_bound":4207.622288886795},"point_estimate":3562.934508373131,"standard_error":415.5564853992012},"slope":{"confidence_interval":{"confidence_level":0.95,"lower_bound":883287.814526802,"upper_bound":886078.9115838258},"point_estimate":884507.8991650657,"standard_error":718.9663065525209},"std_dev":{"confidence_interval":{"confidence_level":0.95,"lower_bound":3201.6550817711604,"upper_bound":10877.11058583079},"point_estimate":7045.713891837263,"standard_error":2260.7591431857727}}