{"mean":{"confidence_interval":{"confidence_level":0.95,"lower_bound":260699.72786535922,"upper_bound":261710.85481188976},"point_estimate":261174.82546521493,"standard_error":259.0323056194467},"median":{"confidence_interval":{"confidence_level":0.95,"lower_bound":260056.43987341772,"upper_bound":261227.89197530865},"point_estimate":260465.46279491833,"standard_error":320.40415303769777},"median_abs_dev":{"confidence_interval":{"confidence_level":0.95,"lower_bound":1219.2545561058644,"upper_bound":2183.1187910580134},"point_estimate":1578.4010483922593,"standard_error":250.98683873659485},"slope":{"confidence_interval":{"confidence_level":0.95,"lower_bound":260302.80329130474,"upper_bound":261030.42526462927},"point_estimate":260661.20969705927,"standard_error":186.101948559537},"std_dev":{"confidence_interval":{"confidence_level":0.95,"lower_bound":1790.9747313398311,"upper_bound":3516.780451629069},"point_estimate":2605.788208317031,"standard_error":476.1277623206339}}