{"mean":{"confidence_interval":{"confidence_level":0.95,"lower_bound":4753912.166772726,"upper_bound":4775313.741250001},"point_estimate":4764335.0190909095,"standard_error":5431.6492709084705},"median":{"confidence_interval":{"confidence_level":0.95,"lower_bound":4748406.545454545,"upper_bound":4774551.545454546},"point_estimate":4765851.954545455,"standard_error":7710.310629581272},"median_abs_dev":{"confidence_interval":{"confidence_level":0.95,"lower_bound":37496.77288884366,"upper_bound":59196.57783996038},"point_estimate":48395.83703171186,"standard_error":5612.172060261586},"slope":null,"std_dev":{"confidence_interval":{"confidence_level":0.95,"lower_bound":41159.2385441145,"upper_bound":69498.1338742663},"point_estimate":54391.46257582345,"standard_error":7526.415200696157}}