{"mean":{"confidence_interval":{"confidence_level":0.95,"lower_bound":5180572.353275002,"upper_bound":5213410.071075003},"point_estimate":5196744.707000001,"standard_error":8380.978253169742},"median":{"confidence_interval":{"confidence_level":0.95,"lower_bound":5174661.2,"upper_bound":5199476.5},"point_estimate":5183866.449999999,"standard_error":6006.564145560468},"median_abs_dev":{"confidence_interval":{"confidence_level":0.95,"lower_bound":55365.472117065656,"upper_bound":102768.34455549758},"point_estimate":80399.17267262936,"standard_error":12053.568467091241},"slope":null,"std_dev":{"confidence_interval":{"confidence_level":0.95,"lower_bound":70510.90809606372,"upper_bound":97205.01658712764},"point_estimate":84479.6856124503,"standard_error":6825.27442647932}}