{"mean":{"confidence_interval":{"confidence_level":0.95,"lower_bound":5067880.201425,"upper_bound":5113507.645749999},"point_estimate":5090584.139000002,"standard_error":11688.597649887575},"median":{"confidence_interval":{"confidence_level":0.95,"lower_bound":5055672.2,"upper_bound":5124762.0},"point_estimate":5090196.300000001,"standard_error":17082.912418343145},"median_abs_dev":{"confidence_interval":{"confidence_level":0.95,"lower_bound":101068.0803731829,"upper_bound":146796.96771383312},"point_estimate":132265.18994182473,"standard_error":12427.761431294452},"slope":null,"std_dev":{"confidence_interval":{"confidence_level":0.95,"lower_bound":100124.8313158096,"upper_bound":133974.97558454543},"point_estimate":116982.28110545085,"standard_error":8637.887867170617}}