{"mean":{"confidence_interval":{"confidence_level":0.95,"lower_bound":302364.54212731955,"upper_bound":303651.73879989394},"point_estimate":303006.3532790328,"standard_error":329.3184735337254},"median":{"confidence_interval":{"confidence_level":0.95,"lower_bound":302251.0460273508,"upper_bound":303624.10346283787},"point_estimate":302625.4635284964,"standard_error":378.5061024914532},"median_abs_dev":{"confidence_interval":{"confidence_level":0.95,"lower_bound":2377.040182799043,"upper_bound":3737.897672935164},"point_estimate":2968.5825245406913,"standard_error":339.2965562624764},"slope":{"confidence_interval":{"confidence_level":0.95,"lower_bound":302573.8507245127,"upper_bound":303966.34154731897},"point_estimate":303260.844348308,"standard_error":354.66279040777624},"std_dev":{"confidence_interval":{"confidence_level":0.95,"lower_bound":2766.9046099665466,"upper_bound":3803.819322741466},"point_estimate":3303.318238818362,"standard_error":264.63390263721277}}