{"mean":{"confidence_interval":{"confidence_level":0.95,"lower_bound":226273.97761109966,"upper_bound":227337.41102604245},"point_estimate":226765.93883982624,"standard_error":271.44269595636496},"median":{"confidence_interval":{"confidence_level":0.95,"lower_bound":225912.0452287582,"upper_bound":226757.64437229437},"point_estimate":226547.2336665152,"standard_error":233.4536455012233},"median_abs_dev":{"confidence_interval":{"confidence_level":0.95,"lower_bound":1289.9084364543903,"upper_bound":2210.276581331178},"point_estimate":1731.1926681347509,"standard_error":235.125024875612},"slope":{"confidence_interval":{"confidence_level":0.95,"lower_bound":226044.21845807644,"upper_bound":226643.59351737046},"point_estimate":226345.712717009,"standard_error":152.91222565267637},"std_dev":{"confidence_interval":{"confidence_level":0.95,"lower_bound":1677.7506628835251,"upper_bound":3820.7643359333333},"point_estimate":2725.399534425442,"standard_error":577.7781506173818}}