{"mean":{"confidence_interval":{"confidence_level":0.95,"lower_bound":278113.4913610627,"upper_bound":279449.72581074876},"point_estimate":278783.53441875096,"standard_error":340.80632011818454},"median":{"confidence_interval":{"confidence_level":0.95,"lower_bound":278484.93623188406,"upper_bound":279474.3949556541},"point_estimate":279034.63948384835,"standard_error":251.48849428513893},"median_abs_dev":{"confidence_interval":{"confidence_level":0.95,"lower_bound":1526.9613617026855,"upper_bound":2371.6719930962936},"point_estimate":1960.8582019904634,"standard_error":212.79611977929758},"slope":{"confidence_interval":{"confidence_level":0.95,"lower_bound":278526.75173196086,"upper_bound":279307.66232046246},"point_estimate":278915.1037645929,"standard_error":199.5432817685983},"std_dev":{"confidence_interval":{"confidence_level":0.95,"lower_bound":2310.9681683491244,"upper_bound":4422.177291712072},"point_estimate":3418.302760711128,"standard_error":540.8499088013474}}