{"mean":{"confidence_interval":{"confidence_level":0.95,"lower_bound":608740.4272647627,"upper_bound":612142.3642171983},"point_estimate":610274.7835387776,"standard_error":873.2896573368176},"median":{"confidence_interval":{"confidence_level":0.95,"lower_bound":607797.9155844157,"upper_bound":610040.6363636364},"point_estimate":608788.8655462185,"standard_error":604.090482311632},"median_abs_dev":{"confidence_interval":{"confidence_level":0.95,"lower_bound":3400.922884746757,"upper_bound":5562.778264192709},"point_estimate":4267.229668772779,"standard_error":564.2869847313345},"slope":{"confidence_interval":{"confidence_level":0.95,"lower_bound":607460.1663747047,"upper_bound":611882.0871950986},"point_estimate":609271.532884587,"standard_error":1151.6951448461996},"std_dev":{"confidence_interval":{"confidence_level":0.95,"lower_bound":5068.517389802082,"upper_bound":12689.719002512247},"point_estimate":8764.82132840023,"standard_error":2192.409684819817}}