{"mean":{"confidence_interval":{"confidence_level":0.95,"lower_bound":497307.8064995956,"upper_bound":498969.7278309761},"point_estimate":498198.0493363179,"standard_error":422.43353256250526},"median":{"confidence_interval":{"confidence_level":0.95,"lower_bound":497610.5489457832,"upper_bound":498590.89285714284},"point_estimate":498148.7064905815,"standard_error":244.24015334185012},"median_abs_dev":{"confidence_interval":{"confidence_level":0.95,"lower_bound":1524.9879187593906,"upper_bound":2691.4242791807765},"point_estimate":2110.594898048049,"standard_error":288.2280750332422},"slope":{"confidence_interval":{"confidence_level":0.95,"lower_bound":497598.2904473076,"upper_bound":498495.5016641867},"point_estimate":498041.29787498154,"standard_error":228.388730352535},"std_dev":{"confidence_interval":{"confidence_level":0.95,"lower_bound":2427.7340152242355,"upper_bound":6217.798623731765},"point_estimate":4253.8247882002215,"standard_error":1050.2592578146912}}