{"mean":{"confidence_interval":{"confidence_level":0.95,"lower_bound":342590.41931691003,"upper_bound":343879.06649119256},"point_estimate":343247.5945255216,"standard_error":328.1035080107918},"median":{"confidence_interval":{"confidence_level":0.95,"lower_bound":342735.5401875902,"upper_bound":344207.50151515147},"point_estimate":343610.87909056316,"standard_error":362.2116527037357},"median_abs_dev":{"confidence_interval":{"confidence_level":0.95,"lower_bound":2191.3391033502667,"upper_bound":3471.899347452441},"point_estimate":2627.4812872609637,"standard_error":324.0286300730512},"slope":{"confidence_interval":{"confidence_level":0.95,"lower_bound":341781.6209891448,"upper_bound":343020.9653350271},"point_estimate":342397.6766582927,"standard_error":315.61045406981316},"std_dev":{"confidence_interval":{"confidence_level":0.95,"lower_bound":2714.2863946776265,"upper_bound":3826.577877434629},"point_estimate":3295.0596301248534,"standard_error":284.4203217219095}}