{"mean":{"confidence_interval":{"confidence_level":0.95,"lower_bound":241331.11715747174,"upper_bound":244266.5574583917},"point_estimate":242543.8545020509,"standard_error":764.5761575693863},"median":{"confidence_interval":{"confidence_level":0.95,"lower_bound":240757.91875,"upper_bound":242076.02500000002},"point_estimate":241418.59019277844,"standard_error":308.893674419219},"median_abs_dev":{"confidence_interval":{"confidence_level":0.95,"lower_bound":1683.1359209103405,"upper_bound":2660.219332803841},"point_estimate":2099.045355853182,"standard_error":251.75432047058396},"slope":{"confidence_interval":{"confidence_level":0.95,"lower_bound":241053.3248349955,"upper_bound":241933.14970601018},"point_estimate":241482.00110905868,"standard_error":224.04669739752762},"std_dev":{"confidence_interval":{"confidence_level":0.95,"lower_bound":2499.7205433245877,"upper_bound":12278.383068592133},"point_estimate":7676.689959928615,"standard_error":2864.049092394545}}