{"mean":{"confidence_interval":{"confidence_level":0.95,"lower_bound":226522.27716881558,"upper_bound":227381.53237360326},"point_estimate":226935.71032630524,"standard_error":219.11939746990308},"median":{"confidence_interval":{"confidence_level":0.95,"lower_bound":226343.15384615384,"upper_bound":227237.50476190477},"point_estimate":226715.18717543862,"standard_error":191.82923370625534},"median_abs_dev":{"confidence_interval":{"confidence_level":0.95,"lower_bound":1338.0361963743007,"upper_bound":2237.4489939482273},"point_estimate":1821.4145022088755,"standard_error":224.1197886863655},"slope":{"confidence_interval":{"confidence_level":0.95,"lower_bound":226362.02954502974,"upper_bound":227023.2066983672},"point_estimate":226688.29568789716,"standard_error":168.2158450223403},"std_dev":{"confidence_interval":{"confidence_level":0.95,"lower_bound":1619.7594520543057,"upper_bound":2776.4089108911585},"point_estimate":2211.7688519898256,"standard_error":298.35853999566274}}