{"mean":{"confidence_interval":{"confidence_level":0.95,"lower_bound":609910.2152150441,"upper_bound":618890.2475184678},"point_estimate":613182.3588618181,"standard_error":2592.6041474775207},"median":{"confidence_interval":{"confidence_level":0.95,"lower_bound":608570.1875,"upper_bound":611069.4087566845},"point_estimate":609568.5324835526,"standard_error":568.9012041958172},"median_abs_dev":{"confidence_interval":{"confidence_level":0.95,"lower_bound":3188.6289400572205,"upper_bound":5108.276857464058},"point_estimate":3869.6900585084027,"standard_error":462.5792314613039},"slope":{"confidence_interval":{"confidence_level":0.95,"lower_bound":608766.2432579333,"upper_bound":610590.224434855},"point_estimate":609629.1625550465,"standard_error":464.7818978176444},"std_dev":{"confidence_interval":{"confidence_level":0.95,"lower_bound":4168.162387356075,"upper_bound":44082.24736634956},"point_estimate":25977.46129556496,"standard_error":14029.42871435297}}