{"mean":{"confidence_interval":{"confidence_level":0.95,"lower_bound":241567.453809728,"upper_bound":242615.23337550028},"point_estimate":242074.6823473436,"standard_error":267.5848881020594},"median":{"confidence_interval":{"confidence_level":0.95,"lower_bound":241527.51304347825,"upper_bound":242369.9402777778},"point_estimate":241818.13652968034,"standard_error":208.66702060284547},"median_abs_dev":{"confidence_interval":{"confidence_level":0.95,"lower_bound":1503.9294422039893,"upper_bound":2770.334966272916},"point_estimate":1974.422345061482,"standard_error":331.21913349123656},"slope":{"confidence_interval":{"confidence_level":0.95,"lower_bound":241293.74719700916,"upper_bound":242323.3036594939},"point_estimate":241800.74087778927,"standard_error":263.1223079124336},"std_dev":{"confidence_interval":{"confidence_level":0.95,"lower_bound":2040.4161655676228,"upper_bound":3388.5515400872255},"point_estimate":2689.5624364765517,"standard_error":350.5334518015844}}