{"mean":{"confidence_interval":{"confidence_level":0.95,"lower_bound":152630.49718639714,"upper_bound":153604.36353242895},"point_estimate":153122.9565448808,"standard_error":247.56971087745228},"median":{"confidence_interval":{"confidence_level":0.95,"lower_bound":152889.94600379135,"upper_bound":154219.83484848484},"point_estimate":153476.78424392134,"standard_error":372.6706887039723},"median_abs_dev":{"confidence_interval":{"confidence_level":0.95,"lower_bound":1900.4211733742682,"upper_bound":3127.895318476348},"point_estimate":2585.8429136485274,"standard_error":309.5459494227044},"slope":{"confidence_interval":{"confidence_level":0.95,"lower_bound":151959.6558198991,"upper_bound":153331.50753841308},"point_estimate":152642.87878084823,"standard_error":349.8123500120726},"std_dev":{"confidence_interval":{"confidence_level":0.95,"lower_bound":2175.1282111557543,"upper_bound":2764.7731859551204},"point_estimate":2490.5286771018073,"standard_error":151.02684098710512}}