{"mean":{"confidence_interval":{"confidence_level":0.95,"lower_bound":260245.45895866278,"upper_bound":261980.37416913285},"point_estimate":261106.50121767065,"standard_error":442.0652581509686},"median":{"confidence_interval":{"confidence_level":0.95,"lower_bound":259764.28488372092,"upper_bound":261815.20580296897},"point_estimate":260971.96398305084,"standard_error":554.4216227349169},"median_abs_dev":{"confidence_interval":{"confidence_level":0.95,"lower_bound":3289.8748733030193,"upper_bound":5108.008842209475},"point_estimate":4359.525506769639,"standard_error":469.5435080161435},"slope":{"confidence_interval":{"confidence_level":0.95,"lower_bound":260853.1302594274,"upper_bound":262678.8013309537},"point_estimate":261776.47202748634,"standard_error":464.6874221121081},"std_dev":{"confidence_interval":{"confidence_level":0.95,"lower_bound":3748.6798628422157,"upper_bound":5090.051805119052},"point_estimate":4447.443737855603,"standard_error":343.16188755513076}}