{"mean":{"confidence_interval":{"confidence_level":0.95,"lower_bound":249325.97886080298,"upper_bound":251231.10268158407},"point_estimate":250235.94252900223,"standard_error":486.60462051925066},"median":{"confidence_interval":{"confidence_level":0.95,"lower_bound":248535.07605144958,"upper_bound":249658.0625},"point_estimate":249114.21390804596,"standard_error":309.3031809039749},"median_abs_dev":{"confidence_interval":{"confidence_level":0.95,"lower_bound":2020.8189484730847,"upper_bound":3538.513539584011},"point_estimate":2906.6685663841267,"standard_error":374.4866774193332},"slope":{"confidence_interval":{"confidence_level":0.95,"lower_bound":249388.7673850833,"upper_bound":251192.37724189358},"point_estimate":250238.41789936458,"standard_error":462.2519043292719},"std_dev":{"confidence_interval":{"confidence_level":0.95,"lower_bound":3573.4514920981715,"upper_bound":6090.048071137907},"point_estimate":4899.885112599974,"standard_error":643.3891543660028}}