{"mean":{"confidence_interval":{"confidence_level":0.95,"lower_bound":224003.79099354084,"upper_bound":226565.0352320472},"point_estimate":225223.41659468584,"standard_error":656.6161609931221},"median":{"confidence_interval":{"confidence_level":0.95,"lower_bound":222852.66291208792,"upper_bound":225128.6697219984},"point_estimate":224035.31403061224,"standard_error":630.7364674907045},"median_abs_dev":{"confidence_interval":{"confidence_level":0.95,"lower_bound":3114.1567667126674,"upper_bound":5280.427905703094},"point_estimate":4144.627675869518,"standard_error":549.7390313811136},"slope":{"confidence_interval":{"confidence_level":0.95,"lower_bound":222872.53756916887,"upper_bound":224561.07289835802},"point_estimate":223690.86435126347,"standard_error":431.28109989147003},"std_dev":{"confidence_interval":{"confidence_level":0.95,"lower_bound":4689.883102285921,"upper_bound":8313.238910860862},"point_estimate":6610.726824827654,"standard_error":926.8354900645855}}