{"mean":{"confidence_interval":{"confidence_level":0.95,"lower_bound":231136.96408131835,"upper_bound":231872.59988069593},"point_estimate":231489.21713949606,"standard_error":187.083093190701},"median":{"confidence_interval":{"confidence_level":0.95,"lower_bound":231004.9300232288,"upper_bound":231856.06896551725},"point_estimate":231379.75722943724,"standard_error":222.1552405051029},"median_abs_dev":{"confidence_interval":{"confidence_level":0.95,"lower_bound":1177.571241124285,"upper_bound":1967.9975892667846},"point_estimate":1674.5827288630844,"standard_error":204.80905530857393},"slope":{"confidence_interval":{"confidence_level":0.95,"lower_bound":231012.8730830642,"upper_bound":231652.5903388363},"point_estimate":231335.4822349638,"standard_error":163.011102765545},"std_dev":{"confidence_interval":{"confidence_level":0.95,"lower_bound":1402.6363113863279,"upper_bound":2455.0634434406406},"point_estimate":1885.7464098991036,"standard_error":285.57579274507475}}