{"mean":{"confidence_interval":{"confidence_level":0.95,"lower_bound":277986.49287861167,"upper_bound":278895.36828421993},"point_estimate":278449.66002682614,"standard_error":231.53416393110012},"median":{"confidence_interval":{"confidence_level":0.95,"lower_bound":278160.76214285713,"upper_bound":278999.8214285714},"point_estimate":278365.19693347195,"standard_error":301.11917022447517},"median_abs_dev":{"confidence_interval":{"confidence_level":0.95,"lower_bound":1664.3128177253013,"upper_bound":2579.6218492456783},"point_estimate":2196.9901427753052,"standard_error":222.35135041054275},"slope":{"confidence_interval":{"confidence_level":0.95,"lower_bound":278234.4038232855,"upper_bound":279176.1688503192},"point_estimate":278686.00173636765,"standard_error":240.68604277002615},"std_dev":{"confidence_interval":{"confidence_level":0.95,"lower_bound":1873.8894287235603,"upper_bound":2812.3543436581704},"point_estimate":2329.7884736666724,"standard_error":243.10563990384335}}