{"mean":{"confidence_interval":{"confidence_level":0.95,"lower_bound":640152.1309289424,"upper_bound":642452.360550735},"point_estimate":641289.3636077445,"standard_error":585.4408081906946},"median":{"confidence_interval":{"confidence_level":0.95,"lower_bound":640213.6444852941,"upper_bound":641901.7334656084},"point_estimate":641046.6962535013,"standard_error":456.0026839224683},"median_abs_dev":{"confidence_interval":{"confidence_level":0.95,"lower_bound":3763.6042127621636,"upper_bound":5853.17044168729},"point_estimate":4626.020914934432,"standard_error":540.2250298265091},"slope":{"confidence_interval":{"confidence_level":0.95,"lower_bound":640000.0381140922,"upper_bound":641936.0152565131},"point_estimate":640968.8508851781,"standard_error":494.08950034889386},"std_dev":{"confidence_interval":{"confidence_level":0.95,"lower_bound":4735.800252883875,"upper_bound":6921.112360321048},"point_estimate":5883.505649041892,"standard_error":559.2650694210354}}