{"mean":{"confidence_interval":{"confidence_level":0.95,"lower_bound":-0.0020673543651920667,"upper_bound":0.007567746573159169},"point_estimate":0.0029622573662111407,"standard_error":0.0024541433159979836},"median":{"confidence_interval":{"confidence_level":0.95,"lower_bound":-0.0007634220598000674,"upper_bound":0.007735907076513726},"point_estimate":0.004117702051342542,"standard_error":0.002174166368861668}}