{"mean":{"confidence_interval":{"confidence_level":0.95,"lower_bound":-0.008010022677142315,"upper_bound":0.0021156666284266696},"point_estimate":-0.0029350275421957672,"standard_error":0.002577319530123203},"median":{"confidence_interval":{"confidence_level":0.95,"lower_bound":-0.013259443271119498,"upper_bound":0.0005404145224023882},"point_estimate":-0.007283840853092527,"standard_error":0.003721249704822818}}