{"mean":{"confidence_interval":{"confidence_level":0.95,"lower_bound":290890.0553137778,"upper_bound":292180.4485398131},"point_estimate":291461.13005214086,"standard_error":331.3823386588052},"median":{"confidence_interval":{"confidence_level":0.95,"lower_bound":290835.6509433962,"upper_bound":291702.5133333333},"point_estimate":291193.0574390244,"standard_error":202.1839505660868},"median_abs_dev":{"confidence_interval":{"confidence_level":0.95,"lower_bound":1481.6476373974415,"upper_bound":2644.8965780436706},"point_estimate":1913.4557303586585,"standard_error":284.67188867550783},"slope":{"confidence_interval":{"confidence_level":0.95,"lower_bound":291118.9478574687,"upper_bound":291860.8757576539},"point_estimate":291490.73691369884,"standard_error":189.27555151128888},"std_dev":{"confidence_interval":{"confidence_level":0.95,"lower_bound":1784.9848947012035,"upper_bound":5051.235161948738},"point_estimate":3342.489098835383,"standard_error":1006.2713335400554}}