{"mean":{"confidence_interval":{"confidence_level":0.95,"lower_bound":479025.4814772699,"upper_bound":480801.6283207089},"point_estimate":479843.48243698716,"standard_error":453.0940811052742},"median":{"confidence_interval":{"confidence_level":0.95,"lower_bound":478587.66319444444,"upper_bound":480217.3559338909},"point_estimate":479447.1712150747,"standard_error":434.3286199662133},"median_abs_dev":{"confidence_interval":{"confidence_level":0.95,"lower_bound":2305.982677481728,"upper_bound":4173.999497287618},"point_estimate":3210.5499923534585,"standard_error":494.47694544845575},"slope":{"confidence_interval":{"confidence_level":0.95,"lower_bound":478863.6825557166,"upper_bound":480059.6524792},"point_estimate":479442.8133973696,"standard_error":305.8989079196094},"std_dev":{"confidence_interval":{"confidence_level":0.95,"lower_bound":2886.8451570721036,"upper_bound":6488.7742559438975},"point_estimate":4564.328747560408,"standard_error":1049.582243813207}}