{"mean":{"confidence_interval":{"confidence_level":0.95,"lower_bound":422147.74716793944,"upper_bound":423834.3306338133},"point_estimate":422993.1764649837,"standard_error":430.90813030347687},"median":{"confidence_interval":{"confidence_level":0.95,"lower_bound":421735.7128205128,"upper_bound":424367.5021258503},"point_estimate":423075.9795005342,"standard_error":754.845364478485},"median_abs_dev":{"confidence_interval":{"confidence_level":0.95,"lower_bound":3138.7837210400253,"upper_bound":4820.321153845276},"point_estimate":3911.6086876058557,"standard_error":425.7357043901527},"slope":{"confidence_interval":{"confidence_level":0.95,"lower_bound":423145.0471253491,"upper_bound":424570.0939709007},"point_estimate":423877.6843534801,"standard_error":363.56550596242494},"std_dev":{"confidence_interval":{"confidence_level":0.95,"lower_bound":3460.744571494316,"upper_bound":5191.965887154761},"point_estimate":4333.375109048728,"standard_error":443.7478103423336}}