{"mean":{"confidence_interval":{"confidence_level":0.95,"lower_bound":494232.07047681685,"upper_bound":497692.65503521054},"point_estimate":495952.35576313565,"standard_error":880.5259332268373},"median":{"confidence_interval":{"confidence_level":0.95,"lower_bound":494073.0541070928,"upper_bound":497431.75238095236},"point_estimate":495347.06,"standard_error":951.3172487688103},"median_abs_dev":{"confidence_interval":{"confidence_level":0.95,"lower_bound":6834.410806875466,"upper_bound":11550.756892986386},"point_estimate":9754.19972213698,"standard_error":1223.1344143849847},"slope":{"confidence_interval":{"confidence_level":0.95,"lower_bound":494719.69753556675,"upper_bound":498196.8257920165},"point_estimate":496468.6335737156,"standard_error":883.8251320590564},"std_dev":{"confidence_interval":{"confidence_level":0.95,"lower_bound":7607.600124597987,"upper_bound":9920.060546006893},"point_estimate":8819.377640137078,"standard_error":591.0938446131192}}