{"mean":{"confidence_interval":{"confidence_level":0.95,"lower_bound":220815.41536313453,"upper_bound":222171.60889507725},"point_estimate":221470.0178186721,"standard_error":345.9503180851685},"median":{"confidence_interval":{"confidence_level":0.95,"lower_bound":220433.56666666668,"upper_bound":221556.58758865247},"point_estimate":221150.21923076923,"standard_error":290.76381431784546},"median_abs_dev":{"confidence_interval":{"confidence_level":0.95,"lower_bound":2001.9516307107967,"upper_bound":3334.6390115870577},"point_estimate":2613.6123412691672,"standard_error":345.71816343909796},"slope":{"confidence_interval":{"confidence_level":0.95,"lower_bound":220151.31583809192,"upper_bound":221375.03038923195},"point_estimate":220758.33782355548,"standard_error":312.64391074223164},"std_dev":{"confidence_interval":{"confidence_level":0.95,"lower_bound":2573.375064303051,"upper_bound":4413.513702996544},"point_estimate":3466.758508537382,"standard_error":483.1527204376129}}