{"mean":{"confidence_interval":{"confidence_level":0.95,"lower_bound":256092.23020091493,"upper_bound":257521.32011412544},"point_estimate":256751.45433747993,"standard_error":365.72833106560864},"median":{"confidence_interval":{"confidence_level":0.95,"lower_bound":255726.45,"upper_bound":256546.10496794872},"point_estimate":256076.03941276803,"standard_error":214.4663143454581},"median_abs_dev":{"confidence_interval":{"confidence_level":0.95,"lower_bound":1360.2014960129,"upper_bound":2475.2240055351667},"point_estimate":1769.5803905832097,"standard_error":279.4912373421529},"slope":{"confidence_interval":{"confidence_level":0.95,"lower_bound":255827.56285831943,"upper_bound":256928.6324245048},"point_estimate":256360.81626052904,"standard_error":281.1761422682792},"std_dev":{"confidence_interval":{"confidence_level":0.95,"lower_bound":2168.372382032056,"upper_bound":5163.070903676527},"point_estimate":3667.975501667711,"standard_error":799.5638480600811}}