{"mean":{"confidence_interval":{"confidence_level":0.95,"lower_bound":246304.35182268903,"upper_bound":247709.3027472042},"point_estimate":246962.35646737274,"standard_error":360.2799749469829},"median":{"confidence_interval":{"confidence_level":0.95,"lower_bound":245927.42,"upper_bound":246614.72674418605},"point_estimate":246152.24342105264,"standard_error":146.48012816263403},"median_abs_dev":{"confidence_interval":{"confidence_level":0.95,"lower_bound":1299.317488766656,"upper_bound":2979.3982599849824},"point_estimate":2350.836257847653,"standard_error":459.5455307497071},"slope":{"confidence_interval":{"confidence_level":0.95,"lower_bound":246069.72315541925,"upper_bound":246932.6452758074},"point_estimate":246496.4045862273,"standard_error":220.60864629135503},"std_dev":{"confidence_interval":{"confidence_level":0.95,"lower_bound":2269.6301052143585,"upper_bound":4860.52455475659},"point_estimate":3636.634183057831,"standard_error":668.2563443183351}}