{"mean":{"confidence_interval":{"confidence_level":0.95,"lower_bound":233296.66939615,"upper_bound":235362.39152225186},"point_estimate":234268.77300344224,"standard_error":526.8664175691323},"median":{"confidence_interval":{"confidence_level":0.95,"lower_bound":232641.15633414933,"upper_bound":234097.40215053764},"point_estimate":233513.97619047618,"standard_error":403.8832992641687},"median_abs_dev":{"confidence_interval":{"confidence_level":0.95,"lower_bound":2545.9873917996815,"upper_bound":4380.015290177547},"point_estimate":3663.769575660978,"standard_error":469.489303840435},"slope":{"confidence_interval":{"confidence_level":0.95,"lower_bound":231727.8854276926,"upper_bound":233031.45930281733},"point_estimate":232375.6272853554,"standard_error":331.93753991885126},"std_dev":{"confidence_interval":{"confidence_level":0.95,"lower_bound":3718.9497769006525,"upper_bound":7080.5964223477},"point_estimate":5317.146856523192,"standard_error":916.0812020415111}}