{"mean":{"confidence_interval":{"confidence_level":0.95,"lower_bound":213674.68313388404,"upper_bound":215741.90361593844},"point_estimate":214594.6675447576,"standard_error":531.0491333582362},"median":{"confidence_interval":{"confidence_level":0.95,"lower_bound":213123.21612903225,"upper_bound":213854.4392156863},"point_estimate":213316.76418699187,"standard_error":195.45467578406885},"median_abs_dev":{"confidence_interval":{"confidence_level":0.95,"lower_bound":1403.6019480182783,"upper_bound":2560.8898112367424},"point_estimate":1873.901965886801,"standard_error":300.05557565149513},"slope":{"confidence_interval":{"confidence_level":0.95,"lower_bound":213310.5686239626,"upper_bound":216083.73722163928},"point_estimate":214429.75007359244,"standard_error":728.0556100129278},"std_dev":{"confidence_interval":{"confidence_level":0.95,"lower_bound":2537.1622987247274,"upper_bound":7760.071414773328},"point_estimate":5343.078052009491,"standard_error":1359.82455399998}}