{"mean":{"confidence_interval":{"confidence_level":0.95,"lower_bound":164966.9011183567,"upper_bound":166385.46188118582},"point_estimate":165672.5405037112,"standard_error":360.6800709214867},"median":{"confidence_interval":{"confidence_level":0.95,"lower_bound":164795.6,"upper_bound":166715.97474747474},"point_estimate":165687.98169800706,"standard_error":543.7425179338499},"median_abs_dev":{"confidence_interval":{"confidence_level":0.95,"lower_bound":2699.50209741088,"upper_bound":4780.576147652608},"point_estimate":3817.7376190104087,"standard_error":497.39331713752324},"slope":{"confidence_interval":{"confidence_level":0.95,"lower_bound":166704.84652349798,"upper_bound":168192.24925909625},"point_estimate":167469.52591300922,"standard_error":379.6922331001132},"std_dev":{"confidence_interval":{"confidence_level":0.95,"lower_bound":3146.7409237044894,"upper_bound":4051.024335968513},"point_estimate":3623.978428906518,"standard_error":230.9053809900118}}