{"mean":{"confidence_interval":{"confidence_level":0.95,"lower_bound":224344.24497729566,"upper_bound":226204.2686935402},"point_estimate":225130.01948520698,"standard_error":482.08318795343234},"median":{"confidence_interval":{"confidence_level":0.95,"lower_bound":224112.39344262294,"upper_bound":225526.3537878788},"point_estimate":224708.00945945946,"standard_error":374.36454333509425},"median_abs_dev":{"confidence_interval":{"confidence_level":0.95,"lower_bound":1878.187121216682,"upper_bound":2898.903332129086},"point_estimate":2358.338224552175,"standard_error":269.70095493831644},"slope":{"confidence_interval":{"confidence_level":0.95,"lower_bound":224704.0593999883,"upper_bound":225830.03832385858},"point_estimate":225265.42032806267,"standard_error":287.18608621769687},"std_dev":{"confidence_interval":{"confidence_level":0.95,"lower_bound":2171.0166424028466,"upper_bound":7651.751234932723},"point_estimate":4859.373457793593,"standard_error":1759.358085915731}}