{"mean":{"confidence_interval":{"confidence_level":0.95,"lower_bound":267904.47951448197,"upper_bound":269239.58663385647},"point_estimate":268538.1233624795,"standard_error":341.0799953386568},"median":{"confidence_interval":{"confidence_level":0.95,"lower_bound":267638.9583333333,"upper_bound":268651.45116279065},"point_estimate":268167.9085978836,"standard_error":259.40580033615134},"median_abs_dev":{"confidence_interval":{"confidence_level":0.95,"lower_bound":1903.5663150299981,"upper_bound":3184.5808363234855},"point_estimate":2554.034065590159,"standard_error":332.9212098242176},"slope":{"confidence_interval":{"confidence_level":0.95,"lower_bound":267608.0260924868,"upper_bound":268695.2693841087},"point_estimate":268138.37488399586,"standard_error":277.0761698082809},"std_dev":{"confidence_interval":{"confidence_level":0.95,"lower_bound":2447.943306406972,"upper_bound":4530.704869952137},"point_estimate":3418.1450027901724,"standard_error":570.9765304861277}}