{"mean":{"confidence_interval":{"confidence_level":0.95,"lower_bound":0.002133937031512723,"upper_bound":0.007547795614630859},"point_estimate":0.005029677889887285,"standard_error":0.0013849856049795394},"median":{"confidence_interval":{"confidence_level":0.95,"lower_bound":0.0036490291421563026,"upper_bound":0.00762352286971657},"point_estimate":0.005468577395673746,"standard_error":0.0010172934216872978}}