{"mean":{"confidence_interval":{"confidence_level":0.95,"lower_bound":761966.569475085,"upper_bound":765174.605154522},"point_estimate":763356.5472915438,"standard_error":826.4465385022446},"median":{"confidence_interval":{"confidence_level":0.95,"lower_bound":762016.0604395604,"upper_bound":763071.2083333334},"point_estimate":762530.9642857143,"standard_error":215.51753001524756},"median_abs_dev":{"confidence_interval":{"confidence_level":0.95,"lower_bound":1687.9528381179064,"upper_bound":3204.9235163599515},"point_estimate":2148.12078998815,"standard_error":386.64216325159236},"slope":{"confidence_interval":{"confidence_level":0.95,"lower_bound":761256.099807832,"upper_bound":768178.014818795},"point_estimate":763809.7764740653,"standard_error":1903.7361849726124},"std_dev":{"confidence_interval":{"confidence_level":0.95,"lower_bound":3456.868331306577,"upper_bound":12820.919173442031},"point_estimate":8293.800475574639,"standard_error":2673.9533363440687}}