{"mean":{"confidence_interval":{"confidence_level":0.95,"lower_bound":282676.2413170495,"upper_bound":284512.0804295406},"point_estimate":283548.3025325008,"standard_error":469.36755082755013},"median":{"confidence_interval":{"confidence_level":0.95,"lower_bound":281572.32692307694,"upper_bound":283393.87096774194},"point_estimate":282269.4223015446,"standard_error":415.1909269141535},"median_abs_dev":{"confidence_interval":{"confidence_level":0.95,"lower_bound":2104.5279039400284,"upper_bound":3470.196474356591},"point_estimate":2858.532174250922,"standard_error":344.3162221262381},"slope":{"confidence_interval":{"confidence_level":0.95,"lower_bound":282802.37665773684,"upper_bound":284812.7182680148},"point_estimate":283774.7715368701,"standard_error":511.95556401731136},"std_dev":{"confidence_interval":{"confidence_level":0.95,"lower_bound":3519.0111961107727,"upper_bound":5741.488371995112},"point_estimate":4712.4901829163355,"standard_error":566.2080473383967}}