{"mean":{"confidence_interval":{"confidence_level":0.95,"lower_bound":268365.66312419967,"upper_bound":269597.00245314493},"point_estimate":268962.81595990784,"standard_error":312.8351405961229},"median":{"confidence_interval":{"confidence_level":0.95,"lower_bound":268050.328125,"upper_bound":269367.73529411765},"point_estimate":268854.9609375,"standard_error":364.96232791417765},"median_abs_dev":{"confidence_interval":{"confidence_level":0.95,"lower_bound":1858.1467328878443,"upper_bound":2968.4940578021783},"point_estimate":2503.4676600545545,"standard_error":284.6798444844035},"slope":{"confidence_interval":{"confidence_level":0.95,"lower_bound":268512.5580916514,"upper_bound":269527.4067827378},"point_estimate":269009.97273533326,"standard_error":259.98263234413747},"std_dev":{"confidence_interval":{"confidence_level":0.95,"lower_bound":2352.1817107966663,"upper_bound":3964.959967131375},"point_estimate":3144.064225314481,"standard_error":418.8489022131145}}