{"mean":{"confidence_interval":{"confidence_level":0.95,"lower_bound":0.09833990966399538,"upper_bound":0.10137339999374467},"point_estimate":0.0998730827193599,"standard_error":0.0007650958292115726},"median":{"confidence_interval":{"confidence_level":0.95,"lower_bound":0.09867632142365279,"upper_bound":0.10141283915400923},"point_estimate":0.09959420592298995,"standard_error":0.000690764666550064}}