{"mean":{"confidence_interval":{"confidence_level":0.95,"lower_bound":0.0203957133239329,"upper_bound":0.024435453434464054},"point_estimate":0.02227901555644518,"standard_error":0.00102721488599003},"median":{"confidence_interval":{"confidence_level":0.95,"lower_bound":0.019146039171614948,"upper_bound":0.023433763426186305},"point_estimate":0.020985573806447055,"standard_error":0.001108460566567156}}