{"mean":{"confidence_interval":{"confidence_level":0.95,"lower_bound":-0.16846883589853992,"upper_bound":-0.16311503990370782},"point_estimate":-0.1658844950908268,"standard_error":0.001377492156057914},"median":{"confidence_interval":{"confidence_level":0.95,"lower_bound":-0.16965965685394402,"upper_bound":-0.16275902262435515},"point_estimate":-0.16661028424487279,"standard_error":0.0017220543777558058}}