{"mean":{"confidence_interval":{"confidence_level":0.95,"lower_bound":216983.83782490398,"upper_bound":218436.01680412315},"point_estimate":217670.02990327723,"standard_error":370.4353008394633},"median":{"confidence_interval":{"confidence_level":0.95,"lower_bound":216424.94090909092,"upper_bound":217816.83333333334},"point_estimate":217121.4548180728,"standard_error":331.2136832076617},"median_abs_dev":{"confidence_interval":{"confidence_level":0.95,"lower_bound":1661.3417344446775,"upper_bound":3055.779139527246},"point_estimate":2141.787056265551,"standard_error":361.01393195939403},"slope":{"confidence_interval":{"confidence_level":0.95,"lower_bound":217208.7757987016,"upper_bound":218507.80209781977},"point_estimate":217842.79660509335,"standard_error":331.43713422851533},"std_dev":{"confidence_interval":{"confidence_level":0.95,"lower_bound":2631.5875341385336,"upper_bound":4934.872373804119},"point_estimate":3714.8020478746216,"standard_error":619.0841127912507}}