{"mean":{"confidence_interval":{"confidence_level":0.95,"lower_bound":210970.23019727287,"upper_bound":213676.35901324678},"point_estimate":212182.67157100036,"standard_error":695.1225547076882},"median":{"confidence_interval":{"confidence_level":0.95,"lower_bound":210072.96376811594,"upper_bound":212183.46448863635},"point_estimate":210925.7123015873,"standard_error":543.3436616242278},"median_abs_dev":{"confidence_interval":{"confidence_level":0.95,"lower_bound":3035.883783602262,"upper_bound":4548.673929897722},"point_estimate":3868.904366639912,"standard_error":385.407630753219},"slope":{"confidence_interval":{"confidence_level":0.95,"lower_bound":211391.28785243258,"upper_bound":213130.8744451097},"point_estimate":212268.95536057337,"standard_error":443.6457366387484},"std_dev":{"confidence_interval":{"confidence_level":0.95,"lower_bound":3271.378873124144,"upper_bound":10002.329072266168},"point_estimate":6923.932120289917,"standard_error":1810.7715078259957}}