{"mean":{"confidence_interval":{"confidence_level":0.95,"lower_bound":264082.21778739576,"upper_bound":265280.77442148724},"point_estimate":264666.4695991249,"standard_error":306.02821073698243},"median":{"confidence_interval":{"confidence_level":0.95,"lower_bound":263513.1039335665,"upper_bound":264820.71153846156},"point_estimate":264167.82225274725,"standard_error":334.88802404904874},"median_abs_dev":{"confidence_interval":{"confidence_level":0.95,"lower_bound":1868.1386058199719,"upper_bound":3202.851254226987},"point_estimate":2486.506741569941,"standard_error":359.0995846607703},"slope":{"confidence_interval":{"confidence_level":0.95,"lower_bound":263758.3124346831,"upper_bound":264999.98969006207},"point_estimate":264355.21001256094,"standard_error":316.93714850361226},"std_dev":{"confidence_interval":{"confidence_level":0.95,"lower_bound":2487.7608507124387,"upper_bound":3610.944304679966},"point_estimate":3084.0796765828345,"standard_error":286.22763891749076}}