{"mean":{"confidence_interval":{"confidence_level":0.95,"lower_bound":3832351.030788462,"upper_bound":3864530.3729230757},"point_estimate":3847253.7076923065,"standard_error":8242.859188372811},"median":{"confidence_interval":{"confidence_level":0.95,"lower_bound":3823997.4615384615,"upper_bound":3839584.3846153845},"point_estimate":3830263.307692308,"standard_error":3537.755433760758},"median_abs_dev":{"confidence_interval":{"confidence_level":0.95,"lower_bound":28304.772282105307,"upper_bound":60248.98536113576},"point_estimate":48593.63971421347,"standard_error":8204.8085909365},"slope":null,"std_dev":{"confidence_interval":{"confidence_level":0.95,"lower_bound":51318.76292178695,"upper_bound":108333.15389147289},"point_estimate":82556.35608360221,"standard_error":14288.532016000634}}