{"mean":{"confidence_interval":{"confidence_level":0.95,"lower_bound":321153.3944915858,"upper_bound":322552.94743438513},"point_estimate":321842.908299067,"standard_error":357.6440280070599},"median":{"confidence_interval":{"confidence_level":0.95,"lower_bound":320524.60256410256,"upper_bound":322561.5},"point_estimate":321493.28089421254,"standard_error":522.4511593875435},"median_abs_dev":{"confidence_interval":{"confidence_level":0.95,"lower_bound":2457.444276752079,"upper_bound":3853.519674421933},"point_estimate":3310.077314910129,"standard_error":343.84774498671},"slope":{"confidence_interval":{"confidence_level":0.95,"lower_bound":322432.4158870749,"upper_bound":324051.6908511736},"point_estimate":323240.3201256096,"standard_error":412.39996131539573},"std_dev":{"confidence_interval":{"confidence_level":0.95,"lower_bound":2898.8042322100027,"upper_bound":4272.854534257117},"point_estimate":3602.3111952120967,"standard_error":350.7883165920791}}