{"mean":{"confidence_interval":{"confidence_level":0.95,"lower_bound":3198516.3101875,"upper_bound":3268076.600046875},"point_estimate":3233071.359375,"standard_error":17696.520866458173},"median":{"confidence_interval":{"confidence_level":0.95,"lower_bound":3196725.9375,"upper_bound":3282539.1875},"point_estimate":3223999.40625,"standard_error":20491.03414030701},"median_abs_dev":{"confidence_interval":{"confidence_level":0.95,"lower_bound":138504.58220355213,"upper_bound":212116.31953418255},"point_estimate":175303.87183148414,"standard_error":18658.531490450376},"slope":null,"std_dev":{"confidence_interval":{"confidence_level":0.95,"lower_bound":150546.36286196308,"upper_bound":202185.50958560334},"point_estimate":177089.9656389298,"standard_error":13201.195856790555}}