{"mean":{"confidence_interval":{"confidence_level":0.95,"lower_bound":808239.3493445264,"upper_bound":811731.5160859923},"point_estimate":809705.3262650436,"standard_error":903.7213763161233},"median":{"confidence_interval":{"confidence_level":0.95,"lower_bound":807437.5588235294,"upper_bound":809031.2528089888},"point_estimate":808219.1049054373,"standard_error":379.48268750549175},"median_abs_dev":{"confidence_interval":{"confidence_level":0.95,"lower_bound":2334.6436839429357,"upper_bound":4311.516387285033},"point_estimate":2959.776254392744,"standard_error":526.5215374319922},"slope":{"confidence_interval":{"confidence_level":0.95,"lower_bound":807833.4670121347,"upper_bound":809378.8568629546},"point_estimate":808538.4850406384,"standard_error":395.112449418827},"std_dev":{"confidence_interval":{"confidence_level":0.95,"lower_bound":3624.2047305394585,"upper_bound":14282.253517828492},"point_estimate":9088.673132408967,"standard_error":3210.4961123425915}}