{"mean":{"confidence_interval":{"confidence_level":0.95,"lower_bound":295035.3893823293,"upper_bound":295807.8422662368},"point_estimate":295426.54513902473,"standard_error":196.74566491997473},"median":{"confidence_interval":{"confidence_level":0.95,"lower_bound":295071.09567901236,"upper_bound":296085.7659574468},"point_estimate":295470.85833333334,"standard_error":276.65794900340074},"median_abs_dev":{"confidence_interval":{"confidence_level":0.95,"lower_bound":1382.2558520478324,"upper_bound":2057.5134508658816},"point_estimate":1689.9141673417791,"standard_error":173.9942853154194},"slope":{"confidence_interval":{"confidence_level":0.95,"lower_bound":295639.85880998906,"upper_bound":296428.87081178115},"point_estimate":296039.2746911482,"standard_error":200.6232391858451},"std_dev":{"confidence_interval":{"confidence_level":0.95,"lower_bound":1603.342222125196,"upper_bound":2333.210112338346},"point_estimate":1982.6068347059702,"standard_error":186.94525402773908}}