{"mean":{"confidence_interval":{"confidence_level":0.95,"lower_bound":261098.87429572863,"upper_bound":262320.6385537154},"point_estimate":261671.40994258894,"standard_error":310.5467283322112},"median":{"confidence_interval":{"confidence_level":0.95,"lower_bound":260939.75535714286,"upper_bound":261818.58303085298},"point_estimate":261155.49891774892,"standard_error":237.29267867141533},"median_abs_dev":{"confidence_interval":{"confidence_level":0.95,"lower_bound":1540.8680221507084,"upper_bound":2531.2731740693475},"point_estimate":1947.9847082968913,"standard_error":259.8980664058218},"slope":{"confidence_interval":{"confidence_level":0.95,"lower_bound":260624.59760811107,"upper_bound":261521.61740516336},"point_estimate":261056.79388724692,"standard_error":229.23366022974363},"std_dev":{"confidence_interval":{"confidence_level":0.95,"lower_bound":1977.6990241354924,"upper_bound":4319.718144165747},"point_estimate":3102.0179187149133,"standard_error":628.7415508090776}}