{"mean":{"confidence_interval":{"confidence_level":0.95,"lower_bound":161147.91429723895,"upper_bound":162134.4941786948},"point_estimate":161633.85109106606,"standard_error":252.10050653547194},"median":{"confidence_interval":{"confidence_level":0.95,"lower_bound":160458.1641025641,"upper_bound":161718.5172541744},"point_estimate":160989.39941911353,"standard_error":362.20199463832347},"median_abs_dev":{"confidence_interval":{"confidence_level":0.95,"lower_bound":1645.1301662687827,"upper_bound":2961.7717044397295},"point_estimate":2106.117935527134,"standard_error":349.41581081124303},"slope":{"confidence_interval":{"confidence_level":0.95,"lower_bound":160430.14387221672,"upper_bound":161193.75706701897},"point_estimate":160804.92216590315,"standard_error":194.79347478718265},"std_dev":{"confidence_interval":{"confidence_level":0.95,"lower_bound":2180.2550947160066,"upper_bound":2837.589619738663},"point_estimate":2535.642578553132,"standard_error":167.2080136775588}}