{"mean":{"confidence_interval":{"confidence_level":0.95,"lower_bound":2053437.0311904752,"upper_bound":2056556.2051428563},"point_estimate":2054992.6471428561,"standard_error":794.4018137370763},"median":{"confidence_interval":{"confidence_level":0.95,"lower_bound":2052715.8571428573,"upper_bound":2056249.142857143},"point_estimate":2054910.1666666665,"standard_error":928.699199733318},"median_abs_dev":{"confidence_interval":{"confidence_level":0.95,"lower_bound":5507.435302223527,"upper_bound":10191.251019068914},"point_estimate":7211.013271978907,"standard_error":1167.0437047203318},"slope":null,"std_dev":{"confidence_interval":{"confidence_level":0.95,"lower_bound":6870.136540624183,"upper_bound":8970.106262166415},"point_estimate":7977.810738860322,"standard_error":535.3217847872643}}