{"mean":{"confidence_interval":{"confidence_level":0.95,"lower_bound":1813921.712826086,"upper_bound":1816858.5683586958},"point_estimate":1815357.9356521743,"standard_error":746.547727685308},"median":{"confidence_interval":{"confidence_level":0.95,"lower_bound":1812940.847826087,"upper_bound":1816723.1739130435},"point_estimate":1814763.5217391304,"standard_error":909.8113660115478},"median_abs_dev":{"confidence_interval":{"confidence_level":0.95,"lower_bound":5720.027821818501,"upper_bound":8797.427550988554},"point_estimate":7092.790504512662,"standard_error":771.087376640832},"slope":null,"std_dev":{"confidence_interval":{"confidence_level":0.95,"lower_bound":6122.528218979629,"upper_bound":8825.470211147709},"point_estimate":7493.554266149373,"standard_error":693.0656736625417}}