{"mean":{"confidence_interval":{"confidence_level":0.95,"lower_bound":433830.8663060671,"upper_bound":435303.87970393186},"point_estimate":434458.716079218,"standard_error":382.01486693689304},"median":{"confidence_interval":{"confidence_level":0.95,"lower_bound":433510.5345253437,"upper_bound":434523.4964539007},"point_estimate":433978.29761904763,"standard_error":276.15307895431675},"median_abs_dev":{"confidence_interval":{"confidence_level":0.95,"lower_bound":1502.425540857607,"upper_bound":2342.010580389701},"point_estimate":1895.070268577995,"standard_error":217.4914850131237},"slope":{"confidence_interval":{"confidence_level":0.95,"lower_bound":433945.1505531268,"upper_bound":436616.2917759763},"point_estimate":434952.11232057534,"standard_error":726.000073474097},"std_dev":{"confidence_interval":{"confidence_level":0.95,"lower_bound":1740.8514067527701,"upper_bound":6016.7769193116865},"point_estimate":3852.5178641032076,"standard_error":1343.756193203469}}