{"mean":{"confidence_interval":{"confidence_level":0.95,"lower_bound":218636.65663176592,"upper_bound":220792.23213476886},"point_estimate":219543.0301950509,"standard_error":555.8752721153937},"median":{"confidence_interval":{"confidence_level":0.95,"lower_bound":218665.40455426357,"upper_bound":219896.09375},"point_estimate":219346.67441860464,"standard_error":344.5075535495323},"median_abs_dev":{"confidence_interval":{"confidence_level":0.95,"lower_bound":1869.703464170861,"upper_bound":3129.734438889584},"point_estimate":2404.030247630003,"standard_error":321.72700341849315},"slope":{"confidence_interval":{"confidence_level":0.95,"lower_bound":218831.78491551068,"upper_bound":219764.61134794683},"point_estimate":219309.00275897738,"standard_error":237.20863987682446},"std_dev":{"confidence_interval":{"confidence_level":0.95,"lower_bound":2461.272020337366,"upper_bound":8848.400841649123},"point_estimate":5587.351429365201,"standard_error":2054.7729074665394}}