{"mean":{"confidence_interval":{"confidence_level":0.95,"lower_bound":287095.75763487956,"upper_bound":288802.77823540877},"point_estimate":287916.5949663023,"standard_error":435.0168304895878},"median":{"confidence_interval":{"confidence_level":0.95,"lower_bound":286165.79464285716,"upper_bound":287746.0853658537},"point_estimate":286693.49834830867,"standard_error":415.937909156898},"median_abs_dev":{"confidence_interval":{"confidence_level":0.95,"lower_bound":2234.42766399401,"upper_bound":3997.9780594383515},"point_estimate":2915.570932207356,"standard_error":463.9203403197617},"slope":{"confidence_interval":{"confidence_level":0.95,"lower_bound":285687.5236169672,"upper_bound":286938.2146765372},"point_estimate":286302.0559465051,"standard_error":318.1646952241725},"std_dev":{"confidence_interval":{"confidence_level":0.95,"lower_bound":3340.2301631634614,"upper_bound":5292.028234555406},"point_estimate":4366.268499289801,"standard_error":500.10077303479005}}