{"mean":{"confidence_interval":{"confidence_level":0.95,"lower_bound":277257.2723458515,"upper_bound":278154.9279719351},"point_estimate":277671.30690019904,"standard_error":229.86636452450892},"median":{"confidence_interval":{"confidence_level":0.95,"lower_bound":276896.9668674699,"upper_bound":277476.9975146675},"point_estimate":277074.17841569765,"standard_error":153.00261703636926},"median_abs_dev":{"confidence_interval":{"confidence_level":0.95,"lower_bound":1028.7599977148739,"upper_bound":1701.4962191484733},"point_estimate":1296.3171568600078,"standard_error":183.0535867800841},"slope":{"confidence_interval":{"confidence_level":0.95,"lower_bound":277007.6461086353,"upper_bound":277661.1328724481},"point_estimate":277313.0186205113,"standard_error":166.696755017132},"std_dev":{"confidence_interval":{"confidence_level":0.95,"lower_bound":1517.1777498459196,"upper_bound":3224.1466262128197},"point_estimate":2315.258407559831,"standard_error":493.3946756311628}}