{"mean":{"confidence_interval":{"confidence_level":0.95,"lower_bound":685903.40496366,"upper_bound":687332.9238771711},"point_estimate":686597.3130538634,"standard_error":364.9441913031717},"median":{"confidence_interval":{"confidence_level":0.95,"lower_bound":685805.9230769231,"upper_bound":686979.2150000001},"point_estimate":686591.9580472922,"standard_error":333.8683930144965},"median_abs_dev":{"confidence_interval":{"confidence_level":0.95,"lower_bound":2765.595071806232,"upper_bound":4299.014329824809},"point_estimate":3828.77056005117,"standard_error":392.61357232142984},"slope":{"confidence_interval":{"confidence_level":0.95,"lower_bound":685963.4611090289,"upper_bound":687529.4183708199},"point_estimate":686733.6714482045,"standard_error":399.7360293525365},"std_dev":{"confidence_interval":{"confidence_level":0.95,"lower_bound":2887.3247133725185,"upper_bound":4507.622209691193},"point_estimate":3680.1841673064246,"standard_error":421.5806468425985}}