{"mean":{"confidence_interval":{"confidence_level":0.95,"lower_bound":887170.7279508591,"upper_bound":890211.1048276457},"point_estimate":888665.3332445871,"standard_error":774.7226727054888},"median":{"confidence_interval":{"confidence_level":0.95,"lower_bound":886319.3653846154,"upper_bound":889646.641025641},"point_estimate":887950.4954421768,"standard_error":957.279325807962},"median_abs_dev":{"confidence_interval":{"confidence_level":0.95,"lower_bound":4389.185742909671,"upper_bound":7343.366207129057},"point_estimate":6040.720595377768,"standard_error":735.8083039601297},"slope":{"confidence_interval":{"confidence_level":0.95,"lower_bound":887058.4884854938,"upper_bound":889418.7657164017},"point_estimate":888196.3611955076,"standard_error":601.6825722117975},"std_dev":{"confidence_interval":{"confidence_level":0.95,"lower_bound":5715.777177011806,"upper_bound":9718.940049711737},"point_estimate":7751.155030316467,"standard_error":1025.7411640296789}}