{"mean":{"confidence_interval":{"confidence_level":0.95,"lower_bound":1075912.1216559042,"upper_bound":1091322.481201563},"point_estimate":1082485.1296740721,"standard_error":3972.15895217438},"median":{"confidence_interval":{"confidence_level":0.95,"lower_bound":1073392.824742268,"upper_bound":1082851.7763888887},"point_estimate":1078861.9577131728,"standard_error":2474.894510668034},"median_abs_dev":{"confidence_interval":{"confidence_level":0.95,"lower_bound":14720.07656809984,"upper_bound":23829.37143618332},"point_estimate":19439.333687999493,"standard_error":2368.4501547686386},"slope":{"confidence_interval":{"confidence_level":0.95,"lower_bound":1077957.1387079256,"upper_bound":1087413.9888020246},"point_estimate":1082532.6059731047,"standard_error":2411.379385372905},"std_dev":{"confidence_interval":{"confidence_level":0.95,"lower_bound":17358.976637099466,"upper_bound":62210.4270895777},"point_estimate":39891.298689234565,"standard_error":13492.202947830598}}