{"mean":{"confidence_interval":{"confidence_level":0.95,"lower_bound":769370.2278577283,"upper_bound":773821.4389174167},"point_estimate":771278.8260798823,"standard_error":1147.182117327134},"median":{"confidence_interval":{"confidence_level":0.95,"lower_bound":768138.248453927,"upper_bound":770328.2},"point_estimate":768950.5942647059,"standard_error":580.706190680022},"median_abs_dev":{"confidence_interval":{"confidence_level":0.95,"lower_bound":3458.415700340732,"upper_bound":6277.48326901678},"point_estimate":4917.829313910631,"standard_error":723.09275050226},"slope":{"confidence_interval":{"confidence_level":0.95,"lower_bound":769843.2370489805,"upper_bound":777670.7312495686},"point_estimate":772869.8564223438,"standard_error":2110.869055356404},"std_dev":{"confidence_interval":{"confidence_level":0.95,"lower_bound":4759.843517009396,"upper_bound":17895.324170976008},"point_estimate":11552.79715024261,"standard_error":3768.8326407468085}}