{"mean":{"confidence_interval":{"confidence_level":0.95,"lower_bound":10063774.122500002,"upper_bound":10170302.154649999},"point_estimate":10117533.074000003,"standard_error":27113.44134103559},"median":{"confidence_interval":{"confidence_level":0.95,"lower_bound":10028748.0,"upper_bound":10209611.5},"point_estimate":10144851.2,"standard_error":44829.5775827731},"median_abs_dev":{"confidence_interval":{"confidence_level":0.95,"lower_bound":219696.55667960478,"upper_bound":331311.1749760517},"point_estimate":258037.7780789145,"standard_error":28592.055531794325},"slope":null,"std_dev":{"confidence_interval":{"confidence_level":0.95,"lower_bound":232134.1682981839,"upper_bound":310041.69081397564},"point_estimate":272736.96648962004,"standard_error":19990.078316380295}}