{"mean":{"confidence_interval":{"confidence_level":0.95,"lower_bound":244076.13047058188,"upper_bound":247443.2831474361},"point_estimate":245722.23034216368,"standard_error":862.3649821455522},"median":{"confidence_interval":{"confidence_level":0.95,"lower_bound":240510.81818181818,"upper_bound":244186.8379120879},"point_estimate":242189.17340686274,"standard_error":1002.1896715228213},"median_abs_dev":{"confidence_interval":{"confidence_level":0.95,"lower_bound":3585.3126036500375,"upper_bound":8397.531912426153},"point_estimate":5447.199991423621,"standard_error":1288.627248376224},"slope":{"confidence_interval":{"confidence_level":0.95,"lower_bound":242419.84250826234,"upper_bound":245488.78080292433},"point_estimate":243901.22320156643,"standard_error":785.9471106973858},"std_dev":{"confidence_interval":{"confidence_level":0.95,"lower_bound":7347.668125955358,"upper_bound":9764.793475747723},"point_estimate":8675.10605499259,"standard_error":619.2145719868727}}