{"mean":{"confidence_interval":{"confidence_level":0.95,"lower_bound":656063.7042786927,"upper_bound":657510.8100029177},"point_estimate":656779.8871820818,"standard_error":368.5110692992582},"median":{"confidence_interval":{"confidence_level":0.95,"lower_bound":655363.1842105263,"upper_bound":657301.2941176471},"point_estimate":656422.7407407408,"standard_error":483.165154506485},"median_abs_dev":{"confidence_interval":{"confidence_level":0.95,"lower_bound":2904.1523162069284,"upper_bound":4680.994962218307},"point_estimate":3942.3394786010977,"standard_error":455.1494820750494},"slope":{"confidence_interval":{"confidence_level":0.95,"lower_bound":656523.4647360685,"upper_bound":658160.0969239911},"point_estimate":657340.69127974,"standard_error":416.5513084241553},"std_dev":{"confidence_interval":{"confidence_level":0.95,"lower_bound":3166.140899952064,"upper_bound":4216.157965715255},"point_estimate":3700.2996227806525,"standard_error":268.3535964176474}}