{"mean":{"confidence_interval":{"confidence_level":0.95,"lower_bound":230981.6438417761,"upper_bound":231793.51105960936},"point_estimate":231373.40529045646,"standard_error":206.7954173928624},"median":{"confidence_interval":{"confidence_level":0.95,"lower_bound":230624.6567164179,"upper_bound":231360.13088235294},"point_estimate":230958.23051948054,"standard_error":180.23264205887426},"median_abs_dev":{"confidence_interval":{"confidence_level":0.95,"lower_bound":1102.5442557202332,"upper_bound":1731.1925174470352},"point_estimate":1397.0003631709098,"standard_error":151.57633839890642},"slope":{"confidence_interval":{"confidence_level":0.95,"lower_bound":231340.91817092558,"upper_bound":232260.8841820103},"point_estimate":231781.4864938673,"standard_error":235.23160733110294},"std_dev":{"confidence_interval":{"confidence_level":0.95,"lower_bound":1613.650405525695,"upper_bound":2518.073100119426},"point_estimate":2076.330166499653,"standard_error":232.85091377499995}}