{"mean":{"confidence_interval":{"confidence_level":0.95,"lower_bound":250256.80080374438,"upper_bound":253417.828065429},"point_estimate":251720.06435129527,"standard_error":810.7600872882896},"median":{"confidence_interval":{"confidence_level":0.95,"lower_bound":249450.77777355624,"upper_bound":250520.91666666666},"point_estimate":249794.25969251338,"standard_error":246.3318810442152},"median_abs_dev":{"confidence_interval":{"confidence_level":0.95,"lower_bound":2012.1657041319963,"upper_bound":3310.278992809742},"point_estimate":2621.3963014381948,"standard_error":329.02008483052344},"slope":{"confidence_interval":{"confidence_level":0.95,"lower_bound":249728.43763150534,"upper_bound":250626.76012027418},"point_estimate":250162.62395226836,"standard_error":229.41362006901585},"std_dev":{"confidence_interval":{"confidence_level":0.95,"lower_bound":5032.143866590478,"upper_bound":10856.079589608267},"point_estimate":8166.818996194234,"standard_error":1490.1355471102643}}