{"mean":{"confidence_interval":{"confidence_level":0.95,"lower_bound":3148211.0280714273,"upper_bound":3153238.7603749973},"point_estimate":3150554.489999999,"standard_error":1280.5930253586805},"median":{"confidence_interval":{"confidence_level":0.95,"lower_bound":3148237.8571428573,"upper_bound":3153157.9285714286},"point_estimate":3150883.0357142854,"standard_error":1182.0405309607727},"median_abs_dev":{"confidence_interval":{"confidence_level":0.95,"lower_bound":7525.147966401721,"upper_bound":12091.555885332464},"point_estimate":10122.610170287942,"standard_error":1132.7048469892827},"slope":null,"std_dev":{"confidence_interval":{"confidence_level":0.95,"lower_bound":8487.723624932507,"upper_bound":18171.682302432648},"point_estimate":12908.947923708298,"standard_error":2865.0247801489354}}