{"mean":{"confidence_interval":{"confidence_level":0.95,"lower_bound":243087.53939984855,"upper_bound":244252.87321098376},"point_estimate":243656.70246627022,"standard_error":296.99859279614685},"median":{"confidence_interval":{"confidence_level":0.95,"lower_bound":242396.29360465117,"upper_bound":244150.07477521448},"point_estimate":242978.4593358396,"standard_error":416.6742241913921},"median_abs_dev":{"confidence_interval":{"confidence_level":0.95,"lower_bound":2194.587810171244,"upper_bound":3383.78798717045},"point_estimate":2940.55790749663,"standard_error":317.6545608202174},"slope":{"confidence_interval":{"confidence_level":0.95,"lower_bound":242640.737807756,"upper_bound":243797.84974313038},"point_estimate":243198.51160928034,"standard_error":294.1517133816953},"std_dev":{"confidence_interval":{"confidence_level":0.95,"lower_bound":2403.2444193371034,"upper_bound":3555.51440326042},"point_estimate":2987.747956388168,"standard_error":296.57133477770157}}