{"mean":{"confidence_interval":{"confidence_level":0.95,"lower_bound":16293243.895187499,"upper_bound":16509416.9923125},"point_estimate":16400983.23,"standard_error":55135.13646755952},"median":{"confidence_interval":{"confidence_level":0.95,"lower_bound":16262666.0,"upper_bound":16568347.5},"point_estimate":16355547.75,"standard_error":63912.26486367947},"median_abs_dev":{"confidence_interval":{"confidence_level":0.95,"lower_bound":600725.078866873,"upper_bound":835860.5838105083},"point_estimate":803857.9220786691,"standard_error":52181.950740045686},"slope":null,"std_dev":{"confidence_interval":{"confidence_level":0.95,"lower_bound":498466.6366733822,"upper_bound":601323.8994586025},"point_estimate":552907.7171991243,"standard_error":26310.381945719248}}