{"mean":{"confidence_interval":{"confidence_level":0.95,"lower_bound":93478395.80075,"upper_bound":93707195.496},"point_estimate":93594957.83,"standard_error":58355.51254520705},"median":{"confidence_interval":{"confidence_level":0.95,"lower_bound":93654658.5,"upper_bound":93894878.0},"point_estimate":93755775.0,"standard_error":61364.85396107243},"median_abs_dev":{"confidence_interval":{"confidence_level":0.95,"lower_bound":281371.5295046568,"upper_bound":603215.0730907917},"point_estimate":411565.30489325523,"standard_error":84504.7264696313},"slope":null,"std_dev":{"confidence_interval":{"confidence_level":0.95,"lower_bound":484910.5143054402,"upper_bound":677943.6586606689},"point_estimate":585868.9234029696,"standard_error":49195.80527324193}}