{"mean":{"confidence_interval":{"confidence_level":0.95,"lower_bound":18623201.551583342,"upper_bound":20331803.086166665},"point_estimate":19371133.793333333,"standard_error":440666.3831634843},"median":{"confidence_interval":{"confidence_level":0.95,"lower_bound":18038942.666666668,"upper_bound":19416252.666666668},"point_estimate":18594287.5,"standard_error":497945.2824960463},"median_abs_dev":{"confidence_interval":{"confidence_level":0.95,"lower_bound":1078253.4480571747,"upper_bound":2211328.995341064},"point_estimate":1744362.6359313726,"standard_error":275444.684734932},"slope":null,"std_dev":{"confidence_interval":{"confidence_level":0.95,"lower_bound":1907637.4118746202,"upper_bound":6599904.579191745},"point_estimate":4425258.471825039,"standard_error":1242896.160740422}}