{"mean":{"confidence_interval":{"confidence_level":0.95,"lower_bound":195454.42811269843,"upper_bound":197154.4382844994},"point_estimate":196239.55034996863,"standard_error":431.9022020567528},"median":{"confidence_interval":{"confidence_level":0.95,"lower_bound":194869.88541666666,"upper_bound":196564.6036585366},"point_estimate":195749.79586466163,"standard_error":422.55882094214576},"median_abs_dev":{"confidence_interval":{"confidence_level":0.95,"lower_bound":2193.086871860382,"upper_bound":3808.2086957583165},"point_estimate":2734.6840431111436,"standard_error":407.4381311898082},"slope":{"confidence_interval":{"confidence_level":0.95,"lower_bound":194771.57135017836,"upper_bound":195955.83271267026},"point_estimate":195377.16429092162,"standard_error":301.8843712008466},"std_dev":{"confidence_interval":{"confidence_level":0.95,"lower_bound":2831.846723652797,"upper_bound":6073.682001427193},"point_estimate":4346.837873987401,"standard_error":935.7709145582523}}