{"mean":{"confidence_interval":{"confidence_level":0.95,"lower_bound":228379.44571984018,"upper_bound":229673.16558344229},"point_estimate":228987.2799447901,"standard_error":330.88964139726005},"median":{"confidence_interval":{"confidence_level":0.95,"lower_bound":227654.94674796748,"upper_bound":228882.09268292683},"point_estimate":228231.81903225806,"standard_error":308.7188669140978},"median_abs_dev":{"confidence_interval":{"confidence_level":0.95,"lower_bound":1499.6556635717009,"upper_bound":2599.2294879721376},"point_estimate":2102.972857043242,"standard_error":285.3176820053796},"slope":{"confidence_interval":{"confidence_level":0.95,"lower_bound":227308.6702893187,"upper_bound":228325.86276753183},"point_estimate":227803.48968996602,"standard_error":259.27828669363265},"std_dev":{"confidence_interval":{"confidence_level":0.95,"lower_bound":2292.0871791771356,"upper_bound":4391.035346774537},"point_estimate":3330.146304411661,"standard_error":549.2041757139781}}