{"mean":{"confidence_interval":{"confidence_level":0.95,"lower_bound":499103.87594521383,"upper_bound":502308.97103615873},"point_estimate":500516.7029718432,"standard_error":820.6633933325105},"median":{"confidence_interval":{"confidence_level":0.95,"lower_bound":498606.4,"upper_bound":499670.7034883721},"point_estimate":499083.4593228498,"standard_error":243.4544822883167},"median_abs_dev":{"confidence_interval":{"confidence_level":0.95,"lower_bound":1820.157007984292,"upper_bound":3194.404058231372},"point_estimate":2492.497176115286,"standard_error":331.07135507019177},"slope":{"confidence_interval":{"confidence_level":0.95,"lower_bound":499433.78480938025,"upper_bound":503061.79229254794},"point_estimate":500993.1677434609,"standard_error":931.9432326355076},"std_dev":{"confidence_interval":{"confidence_level":0.95,"lower_bound":3431.9406566287144,"upper_bound":12261.81130370108},"point_estimate":8254.030516964047,"standard_error":2339.8707152470192}}