{"mean":{"confidence_interval":{"confidence_level":0.95,"lower_bound":470479.1941458173,"upper_bound":472981.80598431797},"point_estimate":471668.3484432117,"standard_error":637.6863211808931},"median":{"confidence_interval":{"confidence_level":0.95,"lower_bound":470339.2414908579,"upper_bound":472554.81666666665},"point_estimate":471411.93920210225,"standard_error":601.6441824362676},"median_abs_dev":{"confidence_interval":{"confidence_level":0.95,"lower_bound":3506.2567383060396,"upper_bound":5659.323006992333},"point_estimate":4307.851640130611,"standard_error":540.4928840573857},"slope":{"confidence_interval":{"confidence_level":0.95,"lower_bound":471381.0404278805,"upper_bound":474236.65461384703},"point_estimate":472698.20009309886,"standard_error":727.8081734649217},"std_dev":{"confidence_interval":{"confidence_level":0.95,"lower_bound":4439.8463685186725,"upper_bound":8583.512747309585},"point_estimate":6399.255637616803,"standard_error":1128.3988948581816}}