{"mean":{"confidence_interval":{"confidence_level":0.95,"lower_bound":685684.2974448722,"upper_bound":688406.66373262},"point_estimate":686857.8150564863,"standard_error":703.590298279426},"median":{"confidence_interval":{"confidence_level":0.95,"lower_bound":685000.95,"upper_bound":686707.3917426367},"point_estimate":685995.8874562937,"standard_error":421.84963775383244},"median_abs_dev":{"confidence_interval":{"confidence_level":0.95,"lower_bound":2512.8651263236543,"upper_bound":4602.24787252446},"point_estimate":3357.6466123501154,"standard_error":531.7290650145825},"slope":{"confidence_interval":{"confidence_level":0.95,"lower_bound":686180.1043369761,"upper_bound":688191.9472033638},"point_estimate":687168.8250938377,"standard_error":513.0606261632684},"std_dev":{"confidence_interval":{"confidence_level":0.95,"lower_bound":3381.048312136435,"upper_bound":10908.857554985874},"point_estimate":7049.737962756495,"standard_error":2383.3217281693424}}