{"mean":{"confidence_interval":{"confidence_level":0.95,"lower_bound":5025082.3758,"upper_bound":5053794.131525001},"point_estimate":5039493.336,"standard_error":7309.605911539077},"median":{"confidence_interval":{"confidence_level":0.95,"lower_bound":5027963.25,"upper_bound":5064975.699999999},"point_estimate":5041884.85,"standard_error":9174.245746497414},"median_abs_dev":{"confidence_interval":{"confidence_level":0.95,"lower_bound":47630.69616338621,"upper_bound":79788.8603934647},"point_estimate":60305.12457937002,"standard_error":8272.14132823955},"slope":null,"std_dev":{"confidence_interval":{"confidence_level":0.95,"lower_bound":62624.807781820164,"upper_bound":83047.1657620343},"point_estimate":73395.37612029315,"standard_error":5208.009579523149}}