{"mean":{"confidence_interval":{"confidence_level":0.95,"lower_bound":6158722.015750002,"upper_bound":6227488.103888887},"point_estimate":6191685.732222221,"standard_error":17551.358628906735},"median":{"confidence_interval":{"confidence_level":0.95,"lower_bound":6120458.166666666,"upper_bound":6169662.222222222},"point_estimate":6145209.333333333,"standard_error":11807.507576255086},"median_abs_dev":{"confidence_interval":{"confidence_level":0.95,"lower_bound":78595.4250713191,"upper_bound":137360.74602802657},"point_estimate":106995.45123378374,"standard_error":15687.552177399613},"slope":null,"std_dev":{"confidence_interval":{"confidence_level":0.95,"lower_bound":133937.2401549975,"upper_bound":214274.90067272645},"point_estimate":176710.42805632853,"standard_error":20571.17098430565}}