{"mean":{"confidence_interval":{"confidence_level":0.95,"lower_bound":6324701.922374999,"upper_bound":6350820.918},"point_estimate":6337610.4075,"standard_error":6634.668125242197},"median":{"confidence_interval":{"confidence_level":0.95,"lower_bound":6326854.4375,"upper_bound":6353951.875},"point_estimate":6336450.5625,"standard_error":7691.946483472422},"median_abs_dev":{"confidence_interval":{"confidence_level":0.95,"lower_bound":44929.35823984444,"upper_bound":80012.86271698773},"point_estimate":57072.59332425892,"standard_error":9131.893000014934},"slope":null,"std_dev":{"confidence_interval":{"confidence_level":0.95,"lower_bound":56020.763713542634,"upper_bound":76924.30825864784},"point_estimate":66586.87423985041,"standard_error":5348.543068677068}}