{"mean":{"confidence_interval":{"confidence_level":0.95,"lower_bound":1385133.5666107584,"upper_bound":1387410.3308205074},"point_estimate":1386225.3173073935,"standard_error":581.5687394831544},"median":{"confidence_interval":{"confidence_level":0.95,"lower_bound":1383959.475,"upper_bound":1386065.7391304348},"point_estimate":1384987.4714285713,"standard_error":517.4531086081159},"median_abs_dev":{"confidence_interval":{"confidence_level":0.95,"lower_bound":2964.950131976699,"upper_bound":5250.154619414203},"point_estimate":4085.0394774757806,"standard_error":610.8016772645482},"slope":{"confidence_interval":{"confidence_level":0.95,"lower_bound":1384252.300406501,"upper_bound":1386223.4876480335},"point_estimate":1385170.1892359983,"standard_error":501.80774224812893},"std_dev":{"confidence_interval":{"confidence_level":0.95,"lower_bound":4423.417317283985,"upper_bound":7147.534279453841},"point_estimate":5845.18166415537,"standard_error":698.436218042611}}