{"mean":{"confidence_interval":{"confidence_level":0.95,"lower_bound":9804745.920349998,"upper_bound":9915156.970200002},"point_estimate":9855551.304000001,"standard_error":28315.54141334464},"median":{"confidence_interval":{"confidence_level":0.95,"lower_bound":9732925.2,"upper_bound":9759832.6},"point_estimate":9742057.7,"standard_error":6017.604290275823},"median_abs_dev":{"confidence_interval":{"confidence_level":0.95,"lower_bound":40566.15917980671,"upper_bound":83899.19832149224},"point_estimate":52629.037345647535,"standard_error":11146.133571115048},"slope":null,"std_dev":{"confidence_interval":{"confidence_level":0.95,"lower_bound":173028.80310723657,"upper_bound":385867.31479434535},"point_estimate":284681.31144124275,"standard_error":55290.479065718784}}