{"mean":{"confidence_interval":{"confidence_level":0.95,"lower_bound":2154774.8962999997,"upper_bound":2187618.76754},"point_estimate":2170606.3787999996,"standard_error":8393.09164568304},"median":{"confidence_interval":{"confidence_level":0.95,"lower_bound":2131934.96,"upper_bound":2168752.52},"point_estimate":2152014.58,"standard_error":8444.58602071982},"median_abs_dev":{"confidence_interval":{"confidence_level":0.95,"lower_bound":49558.614312958875,"upper_bound":88583.33209133167},"point_estimate":69662.00575125235,"standard_error":9866.552462616426},"slope":null,"std_dev":{"confidence_interval":{"confidence_level":0.95,"lower_bound":65992.38980650436,"upper_bound":100840.25012144467},"point_estimate":83915.45277809897,"standard_error":8931.337332547735}}