{"mean":{"confidence_interval":{"confidence_level":0.95,"lower_bound":243724.75752298924,"upper_bound":244716.21741935879},"point_estimate":244212.74870465175,"standard_error":253.0871652113296},"median":{"confidence_interval":{"confidence_level":0.95,"lower_bound":243474.36772088354,"upper_bound":244527.14583333334},"point_estimate":243986.3614513166,"standard_error":275.86947459985805},"median_abs_dev":{"confidence_interval":{"confidence_level":0.95,"lower_bound":1603.703634884804,"upper_bound":2597.908858662559},"point_estimate":2110.276219825909,"standard_error":251.22076314742264},"slope":{"confidence_interval":{"confidence_level":0.95,"lower_bound":244151.8684200103,"upper_bound":245098.54135990018},"point_estimate":244621.7147975469,"standard_error":241.10498992117613},"std_dev":{"confidence_interval":{"confidence_level":0.95,"lower_bound":2104.2466984677762,"upper_bound":2939.3219011972287},"point_estimate":2544.4551880758077,"standard_error":214.03852728708793}}