{"mean":{"confidence_interval":{"confidence_level":0.95,"lower_bound":257234.34689683322,"upper_bound":258065.20991686825},"point_estimate":257648.3791521674,"standard_error":211.48693540823086},"median":{"confidence_interval":{"confidence_level":0.95,"lower_bound":257204.61339285714,"upper_bound":257940.30789473685},"point_estimate":257534.1637286325,"standard_error":202.60341277853104},"median_abs_dev":{"confidence_interval":{"confidence_level":0.95,"lower_bound":1202.0334354400663,"upper_bound":2271.562108479696},"point_estimate":1854.2305199862446,"standard_error":262.37474873639746},"slope":{"confidence_interval":{"confidence_level":0.95,"lower_bound":257328.8515237927,"upper_bound":258082.43690316178},"point_estimate":257710.8233227427,"standard_error":191.9014475663175},"std_dev":{"confidence_interval":{"confidence_level":0.95,"lower_bound":1774.1219639852459,"upper_bound":2435.13386706854},"point_estimate":2121.8231636480637,"standard_error":168.6955639307519}}