{"mean":{"confidence_interval":{"confidence_level":0.95,"lower_bound":477614.20487160946,"upper_bound":486674.93653887435},"point_estimate":481258.68090761005,"standard_error":2400.251783030452},"median":{"confidence_interval":{"confidence_level":0.95,"lower_bound":476759.0202020202,"upper_bound":478100.0796846574},"point_estimate":477526.55681818177,"standard_error":337.19054064800025},"median_abs_dev":{"confidence_interval":{"confidence_level":0.95,"lower_bound":1729.1541859314486,"upper_bound":3228.106854716293},"point_estimate":2254.399658329339,"standard_error":394.0925705567479},"slope":{"confidence_interval":{"confidence_level":0.95,"lower_bound":477405.5340226046,"upper_bound":480135.4377009589},"point_estimate":478550.1023777154,"standard_error":701.7291704198401},"std_dev":{"confidence_interval":{"confidence_level":0.95,"lower_bound":3840.878139554585,"upper_bound":39065.389049142716},"point_estimate":24104.712912679668,"standard_error":9919.725518873818}}