{"mean":{"confidence_interval":{"confidence_level":0.95,"lower_bound":479363.88209479663,"upper_bound":482161.97828274366},"point_estimate":480690.8776009309,"standard_error":715.3548799428107},"median":{"confidence_interval":{"confidence_level":0.95,"lower_bound":478228.45652173914,"upper_bound":480074.82065217395},"point_estimate":479396.90721696394,"standard_error":454.9715654618055},"median_abs_dev":{"confidence_interval":{"confidence_level":0.95,"lower_bound":2978.3266485934582,"upper_bound":5157.573022893512},"point_estimate":4146.851410567574,"standard_error":558.3430082261692},"slope":{"confidence_interval":{"confidence_level":0.95,"lower_bound":480596.7323414009,"upper_bound":486066.9280230215},"point_estimate":483230.7308098123,"standard_error":1400.7494079010337},"std_dev":{"confidence_interval":{"confidence_level":0.95,"lower_bound":5050.576699167007,"upper_bound":9062.080370356767},"point_estimate":7184.9822095473455,"standard_error":1028.0283594387022}}