{"mean":{"confidence_interval":{"confidence_level":0.95,"lower_bound":442309.46532318054,"upper_bound":443743.6745658893},"point_estimate":443003.7863001345,"standard_error":366.11885488035045},"median":{"confidence_interval":{"confidence_level":0.95,"lower_bound":441972.3701313406,"upper_bound":443579.95947712415},"point_estimate":442743.64672666823,"standard_error":402.71122295022036},"median_abs_dev":{"confidence_interval":{"confidence_level":0.95,"lower_bound":2259.7896203068517,"upper_bound":3827.2469356974243},"point_estimate":2984.543023972079,"standard_error":399.8447876275822},"slope":{"confidence_interval":{"confidence_level":0.95,"lower_bound":441904.41668091086,"upper_bound":443020.0357041019},"point_estimate":442450.49197280925,"standard_error":284.02852789594084},"std_dev":{"confidence_interval":{"confidence_level":0.95,"lower_bound":2784.5670661156832,"upper_bound":4546.6452981412085},"point_estimate":3676.227329025723,"standard_error":453.9333252868867}}