{"mean":{"confidence_interval":{"confidence_level":0.95,"lower_bound":2543.7999392787924,"upper_bound":2567.7211636948205},"point_estimate":2552.7567365250165,"standard_error":6.466467864503511},"median":{"confidence_interval":{"confidence_level":0.95,"lower_bound":2539.7114600815153,"upper_bound":2544.726067746686},"point_estimate":2542.569370911481,"standard_error":1.1263067982898436},"median_abs_dev":{"confidence_interval":{"confidence_level":0.95,"lower_bound":7.099128514992388,"upper_bound":13.186938249701752},"point_estimate":10.853456433646516,"standard_error":1.573239505905403},"slope":{"confidence_interval":{"confidence_level":0.95,"lower_bound":2542.1054514109105,"upper_bound":2571.791319109401},"point_estimate":2552.1543418713313,"standard_error":8.411793527993055},"std_dev":{"confidence_interval":{"confidence_level":0.95,"lower_bound":11.322530096760268,"upper_bound":109.00063981695556},"point_estimate":65.10537026320341,"standard_error":31.56108034524652}}