{"mean":{"confidence_interval":{"confidence_level":0.95,"lower_bound":191731.3971021196,"upper_bound":192914.621115963},"point_estimate":192320.50995085243,"standard_error":301.50268893830054},"median":{"confidence_interval":{"confidence_level":0.95,"lower_bound":191564.34237288137,"upper_bound":193105.36190476193},"point_estimate":192605.40066433564,"standard_error":422.8533947427148},"median_abs_dev":{"confidence_interval":{"confidence_level":0.95,"lower_bound":2518.349763119146,"upper_bound":4138.504979365205},"point_estimate":3209.0867621984617,"standard_error":419.32489880482154},"slope":{"confidence_interval":{"confidence_level":0.95,"lower_bound":191500.46850545338,"upper_bound":193050.173490125},"point_estimate":192281.67886567165,"standard_error":394.7709944202557},"std_dev":{"confidence_interval":{"confidence_level":0.95,"lower_bound":2662.733908090243,"upper_bound":3356.43272706917},"point_estimate":3030.992358616073,"standard_error":177.3152553440851}}