{"mean":{"confidence_interval":{"confidence_level":0.95,"lower_bound":273535.56465786434,"upper_bound":274830.7567073618},"point_estimate":274171.08927468525,"standard_error":330.9150695576855},"median":{"confidence_interval":{"confidence_level":0.95,"lower_bound":273318.87,"upper_bound":274465.4921875},"point_estimate":273916.39541666664,"standard_error":306.41171230728304},"median_abs_dev":{"confidence_interval":{"confidence_level":0.95,"lower_bound":1691.8749638635113,"upper_bound":3191.6671049354263},"point_estimate":2326.4128853283573,"standard_error":371.1724309094712},"slope":{"confidence_interval":{"confidence_level":0.95,"lower_bound":273476.47435998777,"upper_bound":274472.4309657831},"point_estimate":273962.24764666765,"standard_error":254.13151742008182},"std_dev":{"confidence_interval":{"confidence_level":0.95,"lower_bound":2644.442250346997,"upper_bound":3993.7007408182803},"point_estimate":3325.1756446104746,"standard_error":345.98047857268347}}