{"mean":{"confidence_interval":{"confidence_level":0.95,"lower_bound":234818.3950504373,"upper_bound":235572.16058573994},"point_estimate":235201.90413137776,"standard_error":192.5634091945398},"median":{"confidence_interval":{"confidence_level":0.95,"lower_bound":234806.90303030302,"upper_bound":235771.13630417915},"point_estimate":235191.04153515067,"standard_error":231.86749769343396},"median_abs_dev":{"confidence_interval":{"confidence_level":0.95,"lower_bound":1268.2828210444939,"upper_bound":2015.438282611166},"point_estimate":1588.89221584117,"standard_error":185.6608135414472},"slope":{"confidence_interval":{"confidence_level":0.95,"lower_bound":235062.10614554834,"upper_bound":235708.99238590317},"point_estimate":235379.52563972218,"standard_error":164.8249114823009},"std_dev":{"confidence_interval":{"confidence_level":0.95,"lower_bound":1546.2911737180082,"upper_bound":2301.3857905540576},"point_estimate":1932.6732028064805,"standard_error":193.48564319446945}}