{"mean":{"confidence_interval":{"confidence_level":0.95,"lower_bound":330038.0339380763,"upper_bound":331413.20108219073},"point_estimate":330698.1519110109,"standard_error":350.76448860603887},"median":{"confidence_interval":{"confidence_level":0.95,"lower_bound":329677.5738396624,"upper_bound":330889.9221014493},"point_estimate":330206.7751461988,"standard_error":292.0554098646742},"median_abs_dev":{"confidence_interval":{"confidence_level":0.95,"lower_bound":1779.1460375611468,"upper_bound":3175.966246443749},"point_estimate":2807.6082748140807,"standard_error":356.47049492395166},"slope":{"confidence_interval":{"confidence_level":0.95,"lower_bound":330132.76815481775,"upper_bound":331728.7121632477},"point_estimate":330857.704620462,"standard_error":409.71457681397493},"std_dev":{"confidence_interval":{"confidence_level":0.95,"lower_bound":2467.824518210123,"upper_bound":4535.649305722222},"point_estimate":3522.5817823107514,"standard_error":534.5733695647174}}