{"mean":{"confidence_interval":{"confidence_level":0.95,"lower_bound":491817.85517716466,"upper_bound":493354.89513907745},"point_estimate":492491.37721986405,"standard_error":395.40453727138373},"median":{"confidence_interval":{"confidence_level":0.95,"lower_bound":491270.14285714284,"upper_bound":492229.22192982456},"point_estimate":491790.69444444444,"standard_error":271.5382581746232},"median_abs_dev":{"confidence_interval":{"confidence_level":0.95,"lower_bound":1402.2363160144434,"upper_bound":2790.609452714848},"point_estimate":2100.4412050947917,"standard_error":367.0714732317726},"slope":{"confidence_interval":{"confidence_level":0.95,"lower_bound":491386.9573392347,"upper_bound":494913.89395934297},"point_estimate":492738.97515885916,"standard_error":952.6421177319297},"std_dev":{"confidence_interval":{"confidence_level":0.95,"lower_bound":2057.796734958325,"upper_bound":6000.536902026774},"point_estimate":3973.6896158809604,"standard_error":1202.1199868775498}}