{"mean":{"confidence_interval":{"confidence_level":0.95,"lower_bound":303916.02529838233,"upper_bound":304769.6323130702},"point_estimate":304347.33234498365,"standard_error":217.1332712729207},"median":{"confidence_interval":{"confidence_level":0.95,"lower_bound":303993.75,"upper_bound":304580.1789772727},"point_estimate":304197.52,"standard_error":144.3811005158441},"median_abs_dev":{"confidence_interval":{"confidence_level":0.95,"lower_bound":985.2077176442123,"upper_bound":1794.551532809529},"point_estimate":1429.7319229135157,"standard_error":208.83332429483053},"slope":{"confidence_interval":{"confidence_level":0.95,"lower_bound":304128.104507186,"upper_bound":304711.53580729995},"point_estimate":304424.9500302941,"standard_error":148.59337621213203},"std_dev":{"confidence_interval":{"confidence_level":0.95,"lower_bound":1587.9222945148001,"upper_bound":2778.5519429155634},"point_estimate":2184.6654310550693,"standard_error":307.7594425345705}}