{"mean":{"confidence_interval":{"confidence_level":0.95,"lower_bound":296961.33357484965,"upper_bound":298568.76543875167},"point_estimate":297688.9750120666,"standard_error":409.7829756437487},"median":{"confidence_interval":{"confidence_level":0.95,"lower_bound":296562.8611111111,"upper_bound":297814.5478723404},"point_estimate":297158.78980654763,"standard_error":292.1855868940953},"median_abs_dev":{"confidence_interval":{"confidence_level":0.95,"lower_bound":1694.5523739562295,"upper_bound":2914.6312018418907},"point_estimate":2217.1479781478856,"standard_error":308.0308332321319},"slope":{"confidence_interval":{"confidence_level":0.95,"lower_bound":297143.69161984045,"upper_bound":298490.3280339164},"point_estimate":297785.7474649032,"standard_error":343.6152163749304},"std_dev":{"confidence_interval":{"confidence_level":0.95,"lower_bound":2452.543023116293,"upper_bound":5978.6347471515655},"point_estimate":4121.255200935199,"standard_error":1049.4903625018485}}