{"mean":{"confidence_interval":{"confidence_level":0.95,"lower_bound":2469.7574482823675,"upper_bound":2499.423551963972},"point_estimate":2482.2469308945565,"standard_error":7.689570158923926},"median":{"confidence_interval":{"confidence_level":0.95,"lower_bound":2464.524962265389,"upper_bound":2467.0902013259533},"point_estimate":2465.6784973592953,"standard_error":0.6457127318475839},"median_abs_dev":{"confidence_interval":{"confidence_level":0.95,"lower_bound":3.7626142655941943,"upper_bound":6.666718423522704},"point_estimate":5.3175095576015226,"standard_error":0.7778760864341141},"slope":{"confidence_interval":{"confidence_level":0.95,"lower_bound":2465.86380477348,"upper_bound":2476.3070455552124},"point_estimate":2470.3489921420773,"standard_error":2.677290002615389},"std_dev":{"confidence_interval":{"confidence_level":0.95,"lower_bound":23.135215865014015,"upper_bound":121.14212621653584},"point_estimate":76.96725980019133,"standard_error":26.29396461230224}}