{"mean":{"confidence_interval":{"confidence_level":0.95,"lower_bound":2374.730842849233,"upper_bound":2387.4983613156464},"point_estimate":2380.621412102911,"standard_error":3.279617346940907},"median":{"confidence_interval":{"confidence_level":0.95,"lower_bound":2365.3525991290876,"upper_bound":2371.697673031026},"point_estimate":2367.3451293446356,"standard_error":1.6097155237338079},"median_abs_dev":{"confidence_interval":{"confidence_level":0.95,"lower_bound":8.07703114273483,"upper_bound":17.58286790582081},"point_estimate":11.06017285342555,"standard_error":2.3584954611281352},"slope":{"confidence_interval":{"confidence_level":0.95,"lower_bound":2382.784134531796,"upper_bound":2398.1364256233383},"point_estimate":2390.812931935234,"standard_error":3.915550568337386},"std_dev":{"confidence_interval":{"confidence_level":0.95,"lower_bound":21.473282849608236,"upper_bound":45.78993239452141},"point_estimate":32.974992169762935,"standard_error":7.119216338550543}}