{"mean":{"confidence_interval":{"confidence_level":0.95,"lower_bound":331444.738143996,"upper_bound":332897.8637406459},"point_estimate":332120.99981832836,"standard_error":370.3753368664457},"median":{"confidence_interval":{"confidence_level":0.95,"lower_bound":331398.0,"upper_bound":332415.962962963},"point_estimate":331870.0188172043,"standard_error":250.62791939813462},"median_abs_dev":{"confidence_interval":{"confidence_level":0.95,"lower_bound":1580.8692121937192,"upper_bound":2607.823311604174},"point_estimate":2141.560881284937,"standard_error":256.40300474992165},"slope":{"confidence_interval":{"confidence_level":0.95,"lower_bound":331855.18739880755,"upper_bound":332632.85816060135},"point_estimate":332233.7739736959,"standard_error":198.52383117547734},"std_dev":{"confidence_interval":{"confidence_level":0.95,"lower_bound":2230.936433051726,"upper_bound":5370.676769269535},"point_estimate":3720.345065272458,"standard_error":874.2836311918953}}