{"mean":{"confidence_interval":{"confidence_level":0.95,"lower_bound":217124.7854416825,"upper_bound":218051.36019472007},"point_estimate":217556.89323899496,"standard_error":237.28730679408395},"median":{"confidence_interval":{"confidence_level":0.95,"lower_bound":216814.28386478947,"upper_bound":217631.45609756096},"point_estimate":217065.96282147313,"standard_error":185.85708004538145},"median_abs_dev":{"confidence_interval":{"confidence_level":0.95,"lower_bound":1216.4128761821223,"upper_bound":1967.9560314254293},"point_estimate":1661.758751059225,"standard_error":192.30020380530755},"slope":{"confidence_interval":{"confidence_level":0.95,"lower_bound":216799.94733122532,"upper_bound":217409.13926102643},"point_estimate":217094.22222905274,"standard_error":155.6236834407216},"std_dev":{"confidence_interval":{"confidence_level":0.95,"lower_bound":1518.469891851778,"upper_bound":3208.029967915137},"point_estimate":2384.5453598283,"standard_error":440.4484728812045}}