{"mean":{"confidence_interval":{"confidence_level":0.95,"lower_bound":298314.6855690638,"upper_bound":300103.444659423},"point_estimate":299131.5874418919,"standard_error":456.1843492013092},"median":{"confidence_interval":{"confidence_level":0.95,"lower_bound":297633.00896103896,"upper_bound":298856.4583333333},"point_estimate":298191.12279411766,"standard_error":322.68372266124896},"median_abs_dev":{"confidence_interval":{"confidence_level":0.95,"lower_bound":1818.7513396404963,"upper_bound":2954.483088172432},"point_estimate":2324.4587399581164,"standard_error":293.82581211587006},"slope":{"confidence_interval":{"confidence_level":0.95,"lower_bound":297653.48502591497,"upper_bound":298599.43533753563},"point_estimate":298124.5851913699,"standard_error":240.6890768761016},"std_dev":{"confidence_interval":{"confidence_level":0.95,"lower_bound":2684.139254964077,"upper_bound":6370.688038829016},"point_estimate":4601.576793250235,"standard_error":962.4500095081286}}