{"mean":{"confidence_interval":{"confidence_level":0.95,"lower_bound":218406.6464752896,"upper_bound":219293.52400549102},"point_estimate":218849.9488150779,"standard_error":225.9844082538117},"median":{"confidence_interval":{"confidence_level":0.95,"lower_bound":218192.66814606742,"upper_bound":219068.9257142857},"point_estimate":218625.6827563598,"standard_error":235.33915014630728},"median_abs_dev":{"confidence_interval":{"confidence_level":0.95,"lower_bound":1407.0713890194957,"upper_bound":2452.4903376643942},"point_estimate":1832.6304586899466,"standard_error":280.4691994483584},"slope":{"confidence_interval":{"confidence_level":0.95,"lower_bound":218512.72533592896,"upper_bound":219316.59025205846},"point_estimate":218901.20657603073,"standard_error":205.8867567685216},"std_dev":{"confidence_interval":{"confidence_level":0.95,"lower_bound":1858.0388474373842,"upper_bound":2655.6358754447547},"point_estimate":2267.540526821205,"standard_error":204.38298271527162}}