{"mean":{"confidence_interval":{"confidence_level":0.95,"lower_bound":227314.64956499083,"upper_bound":228251.05420747347},"point_estimate":227745.16229514006,"standard_error":239.01382983537658},"median":{"confidence_interval":{"confidence_level":0.95,"lower_bound":227398.95796595374,"upper_bound":227936.36470588236},"point_estimate":227668.33488175675,"standard_error":151.8447480568356},"median_abs_dev":{"confidence_interval":{"confidence_level":0.95,"lower_bound":1001.1433816627733,"upper_bound":1630.2761267749638},"point_estimate":1421.8263147577832,"standard_error":169.2868583440892},"slope":{"confidence_interval":{"confidence_level":0.95,"lower_bound":227675.47296482258,"upper_bound":228305.18294521092},"point_estimate":227983.3015959805,"standard_error":160.95151955275819},"std_dev":{"confidence_interval":{"confidence_level":0.95,"lower_bound":1289.550784284513,"upper_bound":3574.9903049916916},"point_estimate":2403.630840929054,"standard_error":637.4874552608493}}