{"mean":{"confidence_interval":{"confidence_level":0.95,"lower_bound":367842.97763448505,"upper_bound":369604.6490162631},"point_estimate":368640.42801130476,"standard_error":450.0280594099883},"median":{"confidence_interval":{"confidence_level":0.95,"lower_bound":367709.6179775281,"upper_bound":368673.82},"point_estimate":368346.6232718894,"standard_error":226.77586178667275},"median_abs_dev":{"confidence_interval":{"confidence_level":0.95,"lower_bound":1508.8219092861225,"upper_bound":2398.2819561379974},"point_estimate":2095.183413883594,"standard_error":214.216611551892},"slope":{"confidence_interval":{"confidence_level":0.95,"lower_bound":368094.16823087324,"upper_bound":369006.29924434976},"point_estimate":368517.51953893894,"standard_error":233.64355976559187},"std_dev":{"confidence_interval":{"confidence_level":0.95,"lower_bound":2306.1793778556844,"upper_bound":6753.665603873173},"point_estimate":4524.307560028221,"standard_error":1236.0366205949126}}