{"mean":{"confidence_interval":{"confidence_level":0.95,"lower_bound":207549.49605343115,"upper_bound":208581.73296764438},"point_estimate":208055.56038403453,"standard_error":263.4148230763033},"median":{"confidence_interval":{"confidence_level":0.95,"lower_bound":207324.36,"upper_bound":208321.96764705883},"point_estimate":207708.81276223777,"standard_error":260.45521090449677},"median_abs_dev":{"confidence_interval":{"confidence_level":0.95,"lower_bound":1574.1168587409536,"upper_bound":2423.8407109356444},"point_estimate":1956.6328037243572,"standard_error":212.79194016268545},"slope":{"confidence_interval":{"confidence_level":0.95,"lower_bound":207793.67906053652,"upper_bound":208573.57814499713},"point_estimate":208179.29440342842,"standard_error":199.46457584246954},"std_dev":{"confidence_interval":{"confidence_level":0.95,"lower_bound":2042.20341517647,"upper_bound":3209.037385330293},"point_estimate":2645.5418042289375,"standard_error":299.5723550260408}}