{"mean":{"confidence_interval":{"confidence_level":0.95,"lower_bound":290310.4348006366,"upper_bound":293337.54171168164},"point_estimate":291657.2059628696,"standard_error":779.6819275326286},"median":{"confidence_interval":{"confidence_level":0.95,"lower_bound":289815.6875,"upper_bound":291021.4456630609},"point_estimate":290454.9363312295,"standard_error":322.97996728443877},"median_abs_dev":{"confidence_interval":{"confidence_level":0.95,"lower_bound":1854.2258572442424,"upper_bound":3690.115583051928},"point_estimate":2821.5042837010283,"standard_error":468.2075362553281},"slope":{"confidence_interval":{"confidence_level":0.95,"lower_bound":289863.2692750592,"upper_bound":291289.4563390023},"point_estimate":290541.2270001478,"standard_error":364.1912653497078},"std_dev":{"confidence_interval":{"confidence_level":0.95,"lower_bound":3457.460327931555,"upper_bound":11393.884395280178},"point_estimate":7844.019666328769,"standard_error":2059.1117904742837}}