{"mean":{"confidence_interval":{"confidence_level":0.95,"lower_bound":434681.3410224674,"upper_bound":436905.3194976294},"point_estimate":435723.842321634,"standard_error":568.1157098759952},"median":{"confidence_interval":{"confidence_level":0.95,"lower_bound":433619.1666666667,"upper_bound":435612.8336288416},"point_estimate":434868.0061172161,"standard_error":467.1709972167903},"median_abs_dev":{"confidence_interval":{"confidence_level":0.95,"lower_bound":2913.832826238562,"upper_bound":5406.628329786349},"point_estimate":3810.5470615514523,"standard_error":657.6786401704003},"slope":{"confidence_interval":{"confidence_level":0.95,"lower_bound":434691.5033215792,"upper_bound":436737.070183386},"point_estimate":435688.93718782323,"standard_error":521.8903443104737},"std_dev":{"confidence_interval":{"confidence_level":0.95,"lower_bound":3925.8328302794307,"upper_bound":7707.8249063827825},"point_estimate":5695.926811155858,"standard_error":1056.1377710797758}}