{"mean":{"confidence_interval":{"confidence_level":0.95,"lower_bound":2737434.6903333324,"upper_bound":2766696.958733334},"point_estimate":2748667.2406666665,"standard_error":7815.049196249274},"median":{"confidence_interval":{"confidence_level":0.95,"lower_bound":2733725.8666666667,"upper_bound":2736728.6333333333},"point_estimate":2735223.033333333,"standard_error":951.9269049964719},"median_abs_dev":{"confidence_interval":{"confidence_level":0.95,"lower_bound":4342.436482906364,"upper_bound":7571.687485575492},"point_estimate":6075.744112133796,"standard_error":820.9704078606532},"slope":null,"std_dev":{"confidence_interval":{"confidence_level":0.95,"lower_bound":13863.995356558911,"upper_bound":130161.27979485196},"point_estimate":78566.15318212949,"standard_error":36006.80275929106}}