{"mean":{"confidence_interval":{"confidence_level":0.95,"lower_bound":474268.1426258496,"upper_bound":475593.4894350642},"point_estimate":474911.1731571976,"standard_error":337.73862517269066},"median":{"confidence_interval":{"confidence_level":0.95,"lower_bound":473948.975,"upper_bound":475101.8314428312},"point_estimate":474338.2178571429,"standard_error":340.9697908961609},"median_abs_dev":{"confidence_interval":{"confidence_level":0.95,"lower_bound":1727.9914493220513,"upper_bound":3264.5988105200777},"point_estimate":2482.6630759239943,"standard_error":394.0836268704055},"slope":{"confidence_interval":{"confidence_level":0.95,"lower_bound":473464.36825265636,"upper_bound":474579.3772579139},"point_estimate":474007.2042352593,"standard_error":283.5220337613425},"std_dev":{"confidence_interval":{"confidence_level":0.95,"lower_bound":2619.259701286019,"upper_bound":4137.326654017376},"point_estimate":3390.068358080165,"standard_error":390.64868178571743}}