{"mean":{"confidence_interval":{"confidence_level":0.95,"lower_bound":538442.2560206356,"upper_bound":540639.731631195},"point_estimate":539467.1382116784,"standard_error":560.1226225954093},"median":{"confidence_interval":{"confidence_level":0.95,"lower_bound":538142.1414602988,"upper_bound":539799.5333333333},"point_estimate":538936.4507786429,"standard_error":410.6647636959654},"median_abs_dev":{"confidence_interval":{"confidence_level":0.95,"lower_bound":2902.111412026134,"upper_bound":4383.974573770653},"point_estimate":3664.3967007454485,"standard_error":378.8239942307049},"slope":{"confidence_interval":{"confidence_level":0.95,"lower_bound":537581.808236765,"upper_bound":538808.270993683},"point_estimate":538185.905701197,"standard_error":312.53893388298997},"std_dev":{"confidence_interval":{"confidence_level":0.95,"lower_bound":3682.334024308812,"upper_bound":7796.637502880527},"point_estimate":5620.25350143126,"standard_error":1160.242879491355}}