{"mean":{"confidence_interval":{"confidence_level":0.95,"lower_bound":464368.39881407155,"upper_bound":468191.46061161254},"point_estimate":466061.34198876075,"standard_error":980.3571536029866},"median":{"confidence_interval":{"confidence_level":0.95,"lower_bound":463687.3125,"upper_bound":466822.1724137931},"point_estimate":465308.8477313509,"standard_error":748.3807023420924},"median_abs_dev":{"confidence_interval":{"confidence_level":0.95,"lower_bound":4458.129711890501,"upper_bound":7191.314687400972},"point_estimate":5690.842223817232,"standard_error":695.0766232202706},"slope":{"confidence_interval":{"confidence_level":0.95,"lower_bound":465133.4340100081,"upper_bound":467418.7439291145},"point_estimate":466308.08984335745,"standard_error":582.4484755764526},"std_dev":{"confidence_interval":{"confidence_level":0.95,"lower_bound":5272.856306218225,"upper_bound":14885.398354067116},"point_estimate":9915.852295870136,"standard_error":2884.064996875958}}