{"mean":{"confidence_interval":{"confidence_level":0.95,"lower_bound":657335.0024346752,"upper_bound":660809.2046429856},"point_estimate":658778.2617133127,"standard_error":904.4194396836122},"median":{"confidence_interval":{"confidence_level":0.95,"lower_bound":657208.2222222222,"upper_bound":659037.3571428572},"point_estimate":657975.6840857555,"standard_error":434.1197226651687},"median_abs_dev":{"confidence_interval":{"confidence_level":0.95,"lower_bound":2768.9304909265834,"upper_bound":4850.2805122235795},"point_estimate":3708.7685723510667,"standard_error":522.8750044541116},"slope":{"confidence_interval":{"confidence_level":0.95,"lower_bound":658015.512573347,"upper_bound":662739.7246992216},"point_estimate":659896.8194148071,"standard_error":1239.12713219803},"std_dev":{"confidence_interval":{"confidence_level":0.95,"lower_bound":3759.5878163637285,"upper_bound":14572.910511764581},"point_estimate":9125.234696790229,"standard_error":3531.8973414448633}}