{"mean":{"confidence_interval":{"confidence_level":0.95,"lower_bound":475750.57480456773,"upper_bound":478541.3085975414},"point_estimate":476939.0481591222,"standard_error":720.8917576246174},"median":{"confidence_interval":{"confidence_level":0.95,"lower_bound":475299.025,"upper_bound":476866.26676136366},"point_estimate":476099.3333333334,"standard_error":460.5409541560634},"median_abs_dev":{"confidence_interval":{"confidence_level":0.95,"lower_bound":2276.746264215553,"upper_bound":4086.6000658204443},"point_estimate":2923.5658120335856,"standard_error":446.14766676975717},"slope":{"confidence_interval":{"confidence_level":0.95,"lower_bound":476220.43890832167,"upper_bound":477657.75503250596},"point_estimate":476927.4423762376,"standard_error":367.2043547213877},"std_dev":{"confidence_interval":{"confidence_level":0.95,"lower_bound":3257.7559850006737,"upper_bound":11335.964208683732},"point_estimate":7234.105393245896,"standard_error":2546.296332340503}}