{"mean":{"confidence_interval":{"confidence_level":0.95,"lower_bound":5796884.637250001,"upper_bound":5809069.571625},"point_estimate":5802500.0075,"standard_error":3115.118624572905},"median":{"confidence_interval":{"confidence_level":0.95,"lower_bound":5790852.0,"upper_bound":5800357.75},"point_estimate":5796646.25,"standard_error":2498.7623345001944},"median_abs_dev":{"confidence_interval":{"confidence_level":0.95,"lower_bound":12095.56949526072,"upper_bound":20104.796943068504},"point_estimate":16818.98475140333,"standard_error":2203.866638396969},"slope":null,"std_dev":{"confidence_interval":{"confidence_level":0.95,"lower_bound":19417.767747127175,"upper_bound":42629.93133633883},"point_estimate":31224.938216051258,"standard_error":6087.455646386007}}