{"mean":{"confidence_interval":{"confidence_level":0.95,"lower_bound":5580172.975416667,"upper_bound":5589549.541111114},"point_estimate":5584564.813333335,"standard_error":2389.496280737084},"median":{"confidence_interval":{"confidence_level":0.95,"lower_bound":5577434.944444444,"upper_bound":5588409.5},"point_estimate":5583844.111111112,"standard_error":3100.6538119937377},"median_abs_dev":{"confidence_interval":{"confidence_level":0.95,"lower_bound":14412.354344130943,"upper_bound":24610.830096405447},"point_estimate":17902.394682167578,"standard_error":2513.4002452323457},"slope":null,"std_dev":{"confidence_interval":{"confidence_level":0.95,"lower_bound":16600.399008665703,"upper_bound":32867.45678473774},"point_estimate":23974.49636537823,"standard_error":4728.394643560057}}