{"mean":{"confidence_interval":{"confidence_level":0.95,"lower_bound":529885.8019509269,"upper_bound":536108.6247495582},"point_estimate":532879.80327262,"standard_error":1589.9545375235446},"median":{"confidence_interval":{"confidence_level":0.95,"lower_bound":528475.5093073593,"upper_bound":533514.4444707274},"point_estimate":531203.2542002688,"standard_error":1307.52731531416},"median_abs_dev":{"confidence_interval":{"confidence_level":0.95,"lower_bound":8722.551905201737,"upper_bound":15942.728454459984},"point_estimate":12518.68128874896,"standard_error":1814.3236348023493},"slope":{"confidence_interval":{"confidence_level":0.95,"lower_bound":528171.168847075,"upper_bound":532351.6640564245},"point_estimate":530206.783149106,"standard_error":1067.2009957144069},"std_dev":{"confidence_interval":{"confidence_level":0.95,"lower_bound":11173.73636586167,"upper_bound":21300.289531132243},"point_estimate":15964.433453471027,"standard_error":2720.5557416871825}}