{"mean":{"confidence_interval":{"confidence_level":0.95,"lower_bound":415167.8752415874,"upper_bound":442366.6071831165},"point_estimate":425031.673414774,"standard_error":7628.556840698423},"median":{"confidence_interval":{"confidence_level":0.95,"lower_bound":414253.164021164,"upper_bound":415658.2254901961},"point_estimate":414808.72525252524,"standard_error":405.65344477585876},"median_abs_dev":{"confidence_interval":{"confidence_level":0.95,"lower_bound":1996.2996934421496,"upper_bound":3772.9842337525497},"point_estimate":2859.59736187567,"standard_error":472.28656849032075},"slope":{"confidence_interval":{"confidence_level":0.95,"lower_bound":414898.6048193942,"upper_bound":417265.3323232486},"point_estimate":415944.22630412295,"standard_error":607.0353751819449},"std_dev":{"confidence_interval":{"confidence_level":0.95,"lower_bound":4701.63484750992,"upper_bound":129323.07741019284},"point_estimate":76544.32341768172,"standard_error":39915.66020448194}}