{"mean":{"confidence_interval":{"confidence_level":0.95,"lower_bound":410484.4897955277,"upper_bound":412246.49833878444},"point_estimate":411327.8093065298,"standard_error":449.8733018731748},"median":{"confidence_interval":{"confidence_level":0.95,"lower_bound":410556.46629213484,"upper_bound":411505.4054466231},"point_estimate":411189.08511745464,"standard_error":228.7775592414847},"median_abs_dev":{"confidence_interval":{"confidence_level":0.95,"lower_bound":1785.9814034307517,"upper_bound":3024.0233559514104},"point_estimate":2438.4495824950427,"standard_error":335.2098755066322},"slope":{"confidence_interval":{"confidence_level":0.95,"lower_bound":410931.7930400837,"upper_bound":412083.7477717346},"point_estimate":411484.5184857889,"standard_error":294.40964735423125},"std_dev":{"confidence_interval":{"confidence_level":0.95,"lower_bound":3119.281652948669,"upper_bound":5932.738071242593},"point_estimate":4517.704983078027,"standard_error":732.4397309698536}}