{"mean":{"confidence_interval":{"confidence_level":0.95,"lower_bound":276401.9374086539,"upper_bound":277255.35843681346},"point_estimate":276829.43007193063,"standard_error":218.07898490826886},"median":{"confidence_interval":{"confidence_level":0.95,"lower_bound":276349.1875,"upper_bound":277185.224137931},"point_estimate":276656.5653679654,"standard_error":204.23370215056943},"median_abs_dev":{"confidence_interval":{"confidence_level":0.95,"lower_bound":1339.0585098443687,"upper_bound":2278.4123497225382},"point_estimate":1893.1575172751702,"standard_error":231.8944019881665},"slope":{"confidence_interval":{"confidence_level":0.95,"lower_bound":276737.1715661756,"upper_bound":277534.74750686984},"point_estimate":277127.5760979755,"standard_error":203.3483638115022},"std_dev":{"confidence_interval":{"confidence_level":0.95,"lower_bound":1768.7965659446777,"upper_bound":2586.7837742549264},"point_estimate":2187.8186574630395,"standard_error":209.4610015439825}}