{"mean":{"confidence_interval":{"confidence_level":0.95,"lower_bound":273669.7256646142,"upper_bound":274780.16069097584},"point_estimate":274218.24221474666,"standard_error":282.74453590382836},"median":{"confidence_interval":{"confidence_level":0.95,"lower_bound":273017.46341463417,"upper_bound":274569.12545787543},"point_estimate":273943.733423913,"standard_error":387.5141151481539},"median_abs_dev":{"confidence_interval":{"confidence_level":0.95,"lower_bound":1972.2685950458765,"upper_bound":3126.0255272605555},"point_estimate":2543.2519751955315,"standard_error":300.9509316027525},"slope":{"confidence_interval":{"confidence_level":0.95,"lower_bound":272938.77669830265,"upper_bound":273857.3971322786},"point_estimate":273374.3018191222,"standard_error":234.03267000029038},"std_dev":{"confidence_interval":{"confidence_level":0.95,"lower_bound":2396.164893099088,"upper_bound":3249.5034635046504},"point_estimate":2843.522470691821,"standard_error":218.15152147694218}}