{"mean":{"confidence_interval":{"confidence_level":0.95,"lower_bound":1654143.7947379225,"upper_bound":1672993.4496134224},"point_estimate":1662289.151583559,"standard_error":4878.169471516021},"median":{"confidence_interval":{"confidence_level":0.95,"lower_bound":1650553.3441889044,"upper_bound":1653595.4666666666},"point_estimate":1652585.540775401,"standard_error":828.3154985970897},"median_abs_dev":{"confidence_interval":{"confidence_level":0.95,"lower_bound":4317.525546837559,"upper_bound":7471.615800343568},"point_estimate":5332.708827204337,"standard_error":835.3030248738226},"slope":{"confidence_interval":{"confidence_level":0.95,"lower_bound":1650638.6878918547,"upper_bound":1654113.3103361162},"point_estimate":1652172.1637830648,"standard_error":890.8337572069078},"std_dev":{"confidence_interval":{"confidence_level":0.95,"lower_bound":16906.248152584907,"upper_bound":75609.89576056597},"point_estimate":49388.2864526443,"standard_error":15632.625655199752}}