{"mean":{"confidence_interval":{"confidence_level":0.95,"lower_bound":325393.99259033636,"upper_bound":326379.974879205},"point_estimate":325886.96557383914,"standard_error":251.061623780767},"median":{"confidence_interval":{"confidence_level":0.95,"lower_bound":325191.8475609756,"upper_bound":326498.3145833333},"point_estimate":325820.27576593135,"standard_error":304.25622082218524},"median_abs_dev":{"confidence_interval":{"confidence_level":0.95,"lower_bound":2090.6792102745903,"upper_bound":3169.9488737816832},"point_estimate":2683.669980981707,"standard_error":277.36652949106536},"slope":{"confidence_interval":{"confidence_level":0.95,"lower_bound":326037.2461624213,"upper_bound":326927.4923584531},"point_estimate":326479.8788200089,"standard_error":226.69803837966626},"std_dev":{"confidence_interval":{"confidence_level":0.95,"lower_bound":2181.329974926161,"upper_bound":2828.5348346424835},"point_estimate":2519.471318805864,"standard_error":165.03910890932428}}