{"mean":{"confidence_interval":{"confidence_level":0.95,"lower_bound":240397.5842704064,"upper_bound":241979.0559036058},"point_estimate":241122.53866604093,"standard_error":403.06368132686833},"median":{"confidence_interval":{"confidence_level":0.95,"lower_bound":240011.55353535354,"upper_bound":240932.94156989246},"point_estimate":240636.17106227105,"standard_error":232.82043245428673},"median_abs_dev":{"confidence_interval":{"confidence_level":0.95,"lower_bound":1247.0001876636757,"upper_bound":2359.1140244577796},"point_estimate":1797.9746085320373,"standard_error":290.9434855145146},"slope":{"confidence_interval":{"confidence_level":0.95,"lower_bound":240329.50388798278,"upper_bound":240984.70058894687},"point_estimate":240644.85845662776,"standard_error":167.7775891425746},"std_dev":{"confidence_interval":{"confidence_level":0.95,"lower_bound":2388.496993541209,"upper_bound":5836.004857977842},"point_estimate":4037.3589280538035,"standard_error":970.5302571006463}}