{"mean":{"confidence_interval":{"confidence_level":0.95,"lower_bound":173489.14666284056,"upper_bound":175012.90397855005},"point_estimate":174165.22795832407,"standard_error":391.68235184695317},"median":{"confidence_interval":{"confidence_level":0.95,"lower_bound":173407.20020964363,"upper_bound":174406.18956043955},"point_estimate":173913.80408045975,"standard_error":304.91609094415446},"median_abs_dev":{"confidence_interval":{"confidence_level":0.95,"lower_bound":1743.1433800970829,"upper_bound":2964.0951175109303},"point_estimate":2351.7091405307738,"standard_error":308.2113676418369},"slope":{"confidence_interval":{"confidence_level":0.95,"lower_bound":173951.3658242957,"upper_bound":174986.43738368034},"point_estimate":174480.58550120684,"standard_error":264.51854793741904},"std_dev":{"confidence_interval":{"confidence_level":0.95,"lower_bound":2101.2439836916765,"upper_bound":5919.706600117561},"point_estimate":3924.017596461336,"standard_error":1170.222198785574}}