{"mean":{"confidence_interval":{"confidence_level":0.95,"lower_bound":455359.89555934357,"upper_bound":456994.40968779125},"point_estimate":456087.9785781736,"standard_error":417.7740339072253},"median":{"confidence_interval":{"confidence_level":0.95,"lower_bound":455408.0100529101,"upper_bound":456298.23529411765},"point_estimate":455898.2605555556,"standard_error":227.66196278355918},"median_abs_dev":{"confidence_interval":{"confidence_level":0.95,"lower_bound":1550.9072951853502,"upper_bound":2793.9658661085823},"point_estimate":2213.4599078028527,"standard_error":304.32732658964443},"slope":{"confidence_interval":{"confidence_level":0.95,"lower_bound":455695.7849769763,"upper_bound":458406.792483579},"point_estimate":456764.1869267524,"standard_error":713.9845423692722},"std_dev":{"confidence_interval":{"confidence_level":0.95,"lower_bound":2202.022833312723,"upper_bound":6318.388017323803},"point_estimate":4206.998757389862,"standard_error":1216.1296524897123}}