{"mean":{"confidence_interval":{"confidence_level":0.95,"lower_bound":501800.28205498663,"upper_bound":503803.23512066266},"point_estimate":502743.14801232127,"standard_error":510.6235003422529},"median":{"confidence_interval":{"confidence_level":0.95,"lower_bound":501639.5350877193,"upper_bound":503211.6857142857},"point_estimate":502400.53695652174,"standard_error":383.0932665510349},"median_abs_dev":{"confidence_interval":{"confidence_level":0.95,"lower_bound":2236.667617291251,"upper_bound":3473.5021412496403},"point_estimate":2728.344255802293,"standard_error":327.62821810232543},"slope":{"confidence_interval":{"confidence_level":0.95,"lower_bound":502038.57553789543,"upper_bound":503145.81626346905},"point_estimate":502585.26383921976,"standard_error":282.69991667734126},"std_dev":{"confidence_interval":{"confidence_level":0.95,"lower_bound":3309.711408176545,"upper_bound":7044.693793077601},"point_estimate":5128.671188407706,"standard_error":993.8237865149691}}