{"mean":{"confidence_interval":{"confidence_level":0.95,"lower_bound":447353.6888439512,"upper_bound":450301.28908949683},"point_estimate":448639.9489497602,"standard_error":758.191195609572},"median":{"confidence_interval":{"confidence_level":0.95,"lower_bound":446796.24,"upper_bound":447689.347826087},"point_estimate":447258.45392156864,"standard_error":228.71464557111017},"median_abs_dev":{"confidence_interval":{"confidence_level":0.95,"lower_bound":1482.3828720553902,"upper_bound":2461.1836735314187},"point_estimate":1952.839670092085,"standard_error":249.67451975278604},"slope":{"confidence_interval":{"confidence_level":0.95,"lower_bound":447184.509997109,"upper_bound":448838.9090725915},"point_estimate":447898.14563716075,"standard_error":423.0718967276004},"std_dev":{"confidence_interval":{"confidence_level":0.95,"lower_bound":2905.5964288820737,"upper_bound":11382.586920114034},"point_estimate":7607.314524146052,"standard_error":2218.099116958188}}