{"mean":{"confidence_interval":{"confidence_level":0.95,"lower_bound":250632.06497174446,"upper_bound":251705.64252659067},"point_estimate":251134.15673529153,"standard_error":274.6070262343973},"median":{"confidence_interval":{"confidence_level":0.95,"lower_bound":250522.67875000002,"upper_bound":251152.11538461538},"point_estimate":250753.98346774193,"standard_error":177.26731411004124},"median_abs_dev":{"confidence_interval":{"confidence_level":0.95,"lower_bound":1120.6353161059885,"upper_bound":2038.9967988005403},"point_estimate":1557.351495953528,"standard_error":225.13166466002716},"slope":{"confidence_interval":{"confidence_level":0.95,"lower_bound":250681.74219822607,"upper_bound":252262.7843206602},"point_estimate":251381.82705260825,"standard_error":407.5716319823905},"std_dev":{"confidence_interval":{"confidence_level":0.95,"lower_bound":1761.1941995421741,"upper_bound":3881.0108524423454},"point_estimate":2773.6158943986206,"standard_error":591.2424071217753}}