{"mean":{"confidence_interval":{"confidence_level":0.95,"lower_bound":2570.915690872082,"upper_bound":2578.2186207288228},"point_estimate":2574.025900351927,"standard_error":1.887866435691164},"median":{"confidence_interval":{"confidence_level":0.95,"lower_bound":2568.0807632206597,"upper_bound":2569.7890069974897},"point_estimate":2568.789675686049,"standard_error":0.35712452577510045},"median_abs_dev":{"confidence_interval":{"confidence_level":0.95,"lower_bound":2.860638089262064,"upper_bound":5.55649994437477},"point_estimate":4.072969001381107,"standard_error":0.6415490618138904},"slope":{"confidence_interval":{"confidence_level":0.95,"lower_bound":2569.9878155487822,"upper_bound":2575.925848824712},"point_estimate":2572.6072793448243,"standard_error":1.525532240920281},"std_dev":{"confidence_interval":{"confidence_level":0.95,"lower_bound":8.198723232317882,"upper_bound":29.2587817058188},"point_estimate":18.948223336740202,"standard_error":6.237079022892687}}