{"mean":{"confidence_interval":{"confidence_level":0.95,"lower_bound":2527.69278408059,"upper_bound":2535.489652480013},"point_estimate":2531.200520205776,"standard_error":1.996833657580875},"median":{"confidence_interval":{"confidence_level":0.95,"lower_bound":2525.3523353653814,"upper_bound":2528.4394116205904},"point_estimate":2526.8275083387434,"standard_error":0.7132764503749399},"median_abs_dev":{"confidence_interval":{"confidence_level":0.95,"lower_bound":5.814982413684037,"upper_bound":11.807594042091656},"point_estimate":7.530434558198762,"standard_error":1.592242721727323},"slope":{"confidence_interval":{"confidence_level":0.95,"lower_bound":2529.739636873526,"upper_bound":2537.2830111243065},"point_estimate":2533.091455826453,"standard_error":1.9422807397011406},"std_dev":{"confidence_interval":{"confidence_level":0.95,"lower_bound":10.86366590018304,"upper_bound":28.78637789776301},"point_estimate":20.063340187972344,"standard_error":4.7640096159178}}