{"mean":{"confidence_interval":{"confidence_level":0.95,"lower_bound":1456703.729173913,"upper_bound":1460021.4511086966},"point_estimate":1458222.9360869566,"standard_error":847.0979804892778},"median":{"confidence_interval":{"confidence_level":0.95,"lower_bound":1456124.7608695652,"upper_bound":1458459.3260869565},"point_estimate":1457484.4347826089,"standard_error":728.1733919673397},"median_abs_dev":{"confidence_interval":{"confidence_level":0.95,"lower_bound":4170.199191181856,"upper_bound":6606.1431783695525},"point_estimate":5434.985890466001,"standard_error":604.8353407263195},"slope":null,"std_dev":{"confidence_interval":{"confidence_level":0.95,"lower_bound":4866.343395219495,"upper_bound":12130.620506784944},"point_estimate":8506.192556671427,"standard_error":1955.9446988124032}}