{"mean":{"confidence_interval":{"confidence_level":0.95,"lower_bound":244729.99439639598,"upper_bound":245550.62444911798},"point_estimate":245152.24610795657,"standard_error":209.05015312113974},"median":{"confidence_interval":{"confidence_level":0.95,"lower_bound":244804.4730263158,"upper_bound":245599.35},"point_estimate":245216.71390577508,"standard_error":174.1569098789613},"median_abs_dev":{"confidence_interval":{"confidence_level":0.95,"lower_bound":1168.8829409999869,"upper_bound":1970.5253319569672},"point_estimate":1615.1388221588882,"standard_error":194.8801308824242},"slope":{"confidence_interval":{"confidence_level":0.95,"lower_bound":244930.6230653415,"upper_bound":245519.4861238622},"point_estimate":245221.45891754102,"standard_error":150.05109273347782},"std_dev":{"confidence_interval":{"confidence_level":0.95,"lower_bound":1605.3527986868835,"upper_bound":2553.6584029913306},"point_estimate":2099.432160026054,"standard_error":242.8969600758374}}