{"mean":{"confidence_interval":{"confidence_level":0.95,"lower_bound":251287.32974534313,"upper_bound":253164.14524210047},"point_estimate":252124.8117427831,"standard_error":482.08269808035294},"median":{"confidence_interval":{"confidence_level":0.95,"lower_bound":250858.20951417004,"upper_bound":251884.60208333333},"point_estimate":251281.71046292418,"standard_error":277.52976565337076},"median_abs_dev":{"confidence_interval":{"confidence_level":0.95,"lower_bound":1359.5332732337963,"upper_bound":2269.2881083871657},"point_estimate":1702.6149580812164,"standard_error":233.12916523441032},"slope":{"confidence_interval":{"confidence_level":0.95,"lower_bound":251352.50496359658,"upper_bound":253599.82311442058},"point_estimate":252307.0721856066,"standard_error":583.9838525315561},"std_dev":{"confidence_interval":{"confidence_level":0.95,"lower_bound":2000.1181404574072,"upper_bound":6851.041723942344},"point_estimate":4838.127298259942,"standard_error":1180.5643319235812}}