{"mean":{"confidence_interval":{"confidence_level":0.95,"lower_bound":514640.29348808335,"upper_bound":516239.0385787501},"point_estimate":515434.0191856599,"standard_error":406.72924820452516},"median":{"confidence_interval":{"confidence_level":0.95,"lower_bound":514448.2767857143,"upper_bound":515906.5010822511},"point_estimate":515631.5557491289,"standard_error":363.76982985184554},"median_abs_dev":{"confidence_interval":{"confidence_level":0.95,"lower_bound":2269.0120669758203,"upper_bound":3575.6455943320825},"point_estimate":2996.693081990674,"standard_error":338.0328902970355},"slope":{"confidence_interval":{"confidence_level":0.95,"lower_bound":515417.0285763543,"upper_bound":517095.80349673267},"point_estimate":516188.12704152503,"standard_error":428.7494155868808},"std_dev":{"confidence_interval":{"confidence_level":0.95,"lower_bound":3263.7897650665795,"upper_bound":4834.707981795368},"point_estimate":4091.6888300730106,"standard_error":400.7873467247346}}