{"mean":{"confidence_interval":{"confidence_level":0.95,"lower_bound":568894.5740514257,"upper_bound":576279.3719499562},"point_estimate":571935.4787056097,"standard_error":1920.594628978333},"median":{"confidence_interval":{"confidence_level":0.95,"lower_bound":568281.0743534483,"upper_bound":569099.3413043479},"point_estimate":568549.7144444445,"standard_error":184.17737153439754},"median_abs_dev":{"confidence_interval":{"confidence_level":0.95,"lower_bound":1699.5645595412861,"upper_bound":3192.1541383814},"point_estimate":2308.751857651326,"standard_error":409.3063347126159},"slope":{"confidence_interval":{"confidence_level":0.95,"lower_bound":569212.0793573093,"upper_bound":573345.425536041},"point_estimate":570911.7838052312,"standard_error":1068.2317615971947},"std_dev":{"confidence_interval":{"confidence_level":0.95,"lower_bound":3459.371553493081,"upper_bound":30827.881309219418},"point_estimate":19291.899286569333,"standard_error":7311.386053169559}}