{"mean":{"confidence_interval":{"confidence_level":0.95,"lower_bound":462791.99565472937,"upper_bound":464348.98521681764},"point_estimate":463540.22494758404,"standard_error":395.43126876998207},"median":{"confidence_interval":{"confidence_level":0.95,"lower_bound":463165.9053571429,"upper_bound":464107.2727272727},"point_estimate":463706.27745202556,"standard_error":264.12781461819264},"median_abs_dev":{"confidence_interval":{"confidence_level":0.95,"lower_bound":1769.24234536388,"upper_bound":3294.700378507369},"point_estimate":2518.116206810953,"standard_error":392.2712307519483},"slope":{"confidence_interval":{"confidence_level":0.95,"lower_bound":463351.12250801065,"upper_bound":464359.630902216},"point_estimate":463874.8202556524,"standard_error":258.3422510382124},"std_dev":{"confidence_interval":{"confidence_level":0.95,"lower_bound":2699.231180637581,"upper_bound":5356.2609810913},"point_estimate":3971.6106335427367,"standard_error":710.4926078757513}}