{"mean":{"confidence_interval":{"confidence_level":0.95,"lower_bound":257415.27813349655,"upper_bound":259968.9820133731},"point_estimate":258493.27664529532,"standard_error":663.02954134824},"median":{"confidence_interval":{"confidence_level":0.95,"lower_bound":256848.27710843374,"upper_bound":258050.23913043478},"point_estimate":257623.8435828877,"standard_error":322.5253769225836},"median_abs_dev":{"confidence_interval":{"confidence_level":0.95,"lower_bound":2020.3875424865848,"upper_bound":3256.0868954068287},"point_estimate":2508.9325510130934,"standard_error":306.7781436632722},"slope":{"confidence_interval":{"confidence_level":0.95,"lower_bound":257017.6030288621,"upper_bound":260269.43370668398},"point_estimate":258293.0681439338,"standard_error":854.7085522814665},"std_dev":{"confidence_interval":{"confidence_level":0.95,"lower_bound":2913.2374055487726,"upper_bound":10399.661841592073},"point_estimate":6644.90996941814,"standard_error":2359.562353520094}}