{"mean":{"confidence_interval":{"confidence_level":0.95,"lower_bound":284182.2397944216,"upper_bound":285201.2347698664},"point_estimate":284691.41421535576,"standard_error":260.0179595040811},"median":{"confidence_interval":{"confidence_level":0.95,"lower_bound":284117.2109375,"upper_bound":285207.35080645164},"point_estimate":284807.7206439394,"standard_error":290.6830007847831},"median_abs_dev":{"confidence_interval":{"confidence_level":0.95,"lower_bound":1628.7559074517021,"upper_bound":3270.993008267497},"point_estimate":2354.5410779354147,"standard_error":417.44986319838966},"slope":{"confidence_interval":{"confidence_level":0.95,"lower_bound":284579.7990731062,"upper_bound":285562.6257161564},"point_estimate":285067.94310846756,"standard_error":251.8143108034374},"std_dev":{"confidence_interval":{"confidence_level":0.95,"lower_bound":2235.4086742782165,"upper_bound":2963.833938465774},"point_estimate":2621.855405944648,"standard_error":186.14140849879072}}