{"mean":{"confidence_interval":{"confidence_level":0.95,"lower_bound":243860.83375516668,"upper_bound":244857.88575805296},"point_estimate":244355.70757546584,"standard_error":255.13686892899184},"median":{"confidence_interval":{"confidence_level":0.95,"lower_bound":243510.57862394958,"upper_bound":244937.5112237237},"point_estimate":244544.20390981736,"standard_error":400.0445397699274},"median_abs_dev":{"confidence_interval":{"confidence_level":0.95,"lower_bound":1795.2811402081245,"upper_bound":2967.2963376409575},"point_estimate":2439.468607314541,"standard_error":308.17148517717766},"slope":{"confidence_interval":{"confidence_level":0.95,"lower_bound":243683.1026245747,"upper_bound":244615.5296877107},"point_estimate":244145.4182798877,"standard_error":237.65408918761256},"std_dev":{"confidence_interval":{"confidence_level":0.95,"lower_bound":2176.4408190341164,"upper_bound":2917.568138727525},"point_estimate":2570.45644504068,"standard_error":190.05980651684268}}