{"mean":{"confidence_interval":{"confidence_level":0.95,"lower_bound":305963.72735931276,"upper_bound":308352.01889875304},"point_estimate":307055.9432372325,"standard_error":612.9069300466889},"median":{"confidence_interval":{"confidence_level":0.95,"lower_bound":305136.14177577745,"upper_bound":306139.3214285714},"point_estimate":305668.54649758455,"standard_error":229.46501066290426},"median_abs_dev":{"confidence_interval":{"confidence_level":0.95,"lower_bound":1258.2265625805617,"upper_bound":2552.644645319527},"point_estimate":1847.3578978171745,"standard_error":335.09050938079065},"slope":{"confidence_interval":{"confidence_level":0.95,"lower_bound":305484.0461468787,"upper_bound":306320.2365420908},"point_estimate":305883.27711393527,"standard_error":213.19317951655094},"std_dev":{"confidence_interval":{"confidence_level":0.95,"lower_bound":3419.9265345240105,"upper_bound":8345.916599286635},"point_estimate":6165.4902701232595,"standard_error":1288.3110883007305}}