{"mean":{"confidence_interval":{"confidence_level":0.95,"lower_bound":1827480.3830357129,"upper_bound":1847379.8239047616},"point_estimate":1836890.2657142857,"standard_error":5073.841172345105},"median":{"confidence_interval":{"confidence_level":0.95,"lower_bound":1822728.8333333335,"upper_bound":1840728.9761904762},"point_estimate":1832262.5952380951,"standard_error":4666.560352318887},"median_abs_dev":{"confidence_interval":{"confidence_level":0.95,"lower_bound":29039.79158444054,"upper_bound":52736.71646373588},"point_estimate":40171.54048681265,"standard_error":5967.023924113487},"slope":null,"std_dev":{"confidence_interval":{"confidence_level":0.95,"lower_bound":35762.60636864588,"upper_bound":65808.89295425582},"point_estimate":50770.60327129937,"standard_error":7811.591905323192}}