{"mean":{"confidence_interval":{"confidence_level":0.95,"lower_bound":306128.7122828332,"upper_bound":307367.79360460385},"point_estimate":306728.2578785129,"standard_error":315.3374520345565},"median":{"confidence_interval":{"confidence_level":0.95,"lower_bound":305666.35605442175,"upper_bound":306879.3751370614},"point_estimate":306078.93503039517,"standard_error":339.4363280093977},"median_abs_dev":{"confidence_interval":{"confidence_level":0.95,"lower_bound":1808.8240649030895,"upper_bound":3181.732327019781},"point_estimate":2407.688683769243,"standard_error":354.405905572364},"slope":{"confidence_interval":{"confidence_level":0.95,"lower_bound":306270.2034094167,"upper_bound":307619.2594851764},"point_estimate":306940.0708630117,"standard_error":343.9732434473792},"std_dev":{"confidence_interval":{"confidence_level":0.95,"lower_bound":2479.4705436094714,"upper_bound":3776.808343633691},"point_estimate":3161.4335433453903,"standard_error":332.0363043567271}}