{"mean":{"confidence_interval":{"confidence_level":0.95,"lower_bound":220096.7667711278,"upper_bound":221819.89317541433},"point_estimate":220839.68211498403,"standard_error":444.79327384665453},"median":{"confidence_interval":{"confidence_level":0.95,"lower_bound":219702.92788353862,"upper_bound":220789.34525243833},"point_estimate":220273.69912816043,"standard_error":305.3584332140029},"median_abs_dev":{"confidence_interval":{"confidence_level":0.95,"lower_bound":1651.4330388542846,"upper_bound":2711.25751592031},"point_estimate":2079.5490279912747,"standard_error":281.7474159142649},"slope":{"confidence_interval":{"confidence_level":0.95,"lower_bound":220268.76544300473,"upper_bound":221231.84832111173},"point_estimate":220730.43532082165,"standard_error":246.10493392892636},"std_dev":{"confidence_interval":{"confidence_level":0.95,"lower_bound":2023.5264530190714,"upper_bound":6983.198001474012},"point_estimate":4481.765236603133,"standard_error":1523.236559086667}}