{"mean":{"confidence_interval":{"confidence_level":0.95,"lower_bound":219226.91557621036,"upper_bound":220370.35898122197},"point_estimate":219765.81766556852,"standard_error":292.15842131002927},"median":{"confidence_interval":{"confidence_level":0.95,"lower_bound":219011.97853479855,"upper_bound":219792.70534924846},"point_estimate":219489.90677056275,"standard_error":226.99201314148988},"median_abs_dev":{"confidence_interval":{"confidence_level":0.95,"lower_bound":1235.9881495178222,"upper_bound":2324.8487997938446},"point_estimate":1616.4866870990923,"standard_error":266.4386636687384},"slope":{"confidence_interval":{"confidence_level":0.95,"lower_bound":219211.48211987998,"upper_bound":221013.68455752643},"point_estimate":219922.32235909562,"standard_error":481.93154086742084},"std_dev":{"confidence_interval":{"confidence_level":0.95,"lower_bound":1941.5097743140118,"upper_bound":3875.356817733186},"point_estimate":2934.0076521491683,"standard_error":499.19851253237306}}