{"mean":{"confidence_interval":{"confidence_level":0.95,"lower_bound":243397.16812190958,"upper_bound":244568.46498738747},"point_estimate":243950.5915428773,"standard_error":298.2659759370958},"median":{"confidence_interval":{"confidence_level":0.95,"lower_bound":243051.73943742824,"upper_bound":244167.3},"point_estimate":243789.6607142857,"standard_error":285.18790947236084},"median_abs_dev":{"confidence_interval":{"confidence_level":0.95,"lower_bound":1672.0816149856882,"upper_bound":3057.5889783389},"point_estimate":2528.595294946688,"standard_error":375.533352180439},"slope":{"confidence_interval":{"confidence_level":0.95,"lower_bound":242388.74972958374,"upper_bound":243452.79323839536},"point_estimate":242891.17640254175,"standard_error":271.18061152268405},"std_dev":{"confidence_interval":{"confidence_level":0.95,"lower_bound":2127.5141670892517,"upper_bound":4010.6696959075416},"point_estimate":2996.6846889287717,"standard_error":525.549270749952}}