{"mean":{"confidence_interval":{"confidence_level":0.95,"lower_bound":253421.81965047118,"upper_bound":254829.18672485635},"point_estimate":254109.3293932974,"standard_error":359.2744770285334},"median":{"confidence_interval":{"confidence_level":0.95,"lower_bound":252995.53034156977,"upper_bound":254448.11086309524},"point_estimate":253857.8198924731,"standard_error":363.82582600010664},"median_abs_dev":{"confidence_interval":{"confidence_level":0.95,"lower_bound":2423.794892626944,"upper_bound":3665.5347562125753},"point_estimate":2907.6676236991016,"standard_error":327.94993857114434},"slope":{"confidence_interval":{"confidence_level":0.95,"lower_bound":253540.7474225021,"upper_bound":254533.17898993375},"point_estimate":254032.3832436826,"standard_error":253.02269568012474},"std_dev":{"confidence_interval":{"confidence_level":0.95,"lower_bound":2842.6222771536495,"upper_bound":4410.609153086834},"point_estimate":3601.5871026129353,"standard_error":406.0858794994059}}