{"mean":{"confidence_interval":{"confidence_level":0.95,"lower_bound":276088.08576038684,"upper_bound":277677.196750885},"point_estimate":276853.86725083756,"standard_error":406.57896782972733},"median":{"confidence_interval":{"confidence_level":0.95,"lower_bound":275373.79971590906,"upper_bound":276480.0825595238},"point_estimate":275922.0306089744,"standard_error":270.64003771212197},"median_abs_dev":{"confidence_interval":{"confidence_level":0.95,"lower_bound":2177.4171789894176,"upper_bound":3841.8171055112234},"point_estimate":2879.4803842278666,"standard_error":424.2313628966659},"slope":{"confidence_interval":{"confidence_level":0.95,"lower_bound":275722.24729371496,"upper_bound":277132.63481416786},"point_estimate":276383.00636545,"standard_error":358.497152005807},"std_dev":{"confidence_interval":{"confidence_level":0.95,"lower_bound":3135.80720038162,"upper_bound":4930.041851290804},"point_estimate":4072.29091473497,"standard_error":461.09812414690265}}