{"mean":{"confidence_interval":{"confidence_level":0.95,"lower_bound":605362.5514770517,"upper_bound":607940.4639985295},"point_estimate":606592.7384609509,"standard_error":659.2458067866673},"median":{"confidence_interval":{"confidence_level":0.95,"lower_bound":603902.7728934817,"upper_bound":606557.5525793651},"point_estimate":604939.0931818183,"standard_error":663.6051510385886},"median_abs_dev":{"confidence_interval":{"confidence_level":0.95,"lower_bound":3637.603302898708,"upper_bound":5828.00653259256},"point_estimate":4688.25458479722,"standard_error":559.5185503573795},"slope":{"confidence_interval":{"confidence_level":0.95,"lower_bound":604635.1127063333,"upper_bound":608272.7518839948},"point_estimate":606313.1949800502,"standard_error":928.8192230161006},"std_dev":{"confidence_interval":{"confidence_level":0.95,"lower_bound":4786.603703007327,"upper_bound":8211.583916106125},"point_estimate":6614.125320223301,"standard_error":878.0375059045272}}