{"mean":{"confidence_interval":{"confidence_level":0.95,"lower_bound":229212.3175176635,"upper_bound":230045.37489919126},"point_estimate":229623.51993033092,"standard_error":212.2392692335827},"median":{"confidence_interval":{"confidence_level":0.95,"lower_bound":228997.4175,"upper_bound":230004.50175438597},"point_estimate":229430.34285714285,"standard_error":220.24564671807644},"median_abs_dev":{"confidence_interval":{"confidence_level":0.95,"lower_bound":1382.7893030453608,"upper_bound":2288.9851794358838},"point_estimate":1812.8164913083772,"standard_error":244.8505478855287},"slope":{"confidence_interval":{"confidence_level":0.95,"lower_bound":229405.09434860726,"upper_bound":230249.5040151276},"point_estimate":229829.8118800059,"standard_error":215.16571607169675},"std_dev":{"confidence_interval":{"confidence_level":0.95,"lower_bound":1750.2802240929625,"upper_bound":2503.1256108905695},"point_estimate":2128.505956341527,"standard_error":193.27038332978424}}