{"mean":{"confidence_interval":{"confidence_level":0.95,"lower_bound":262289.13519167056,"upper_bound":263732.6937748654},"point_estimate":262916.52254829014,"standard_error":370.69543380126703},"median":{"confidence_interval":{"confidence_level":0.95,"lower_bound":262617.4835526316,"upper_bound":263066.08357142855},"point_estimate":262862.9921875,"standard_error":119.25578286871789},"median_abs_dev":{"confidence_interval":{"confidence_level":0.95,"lower_bound":956.2584101472165,"upper_bound":1921.3414596393848},"point_estimate":1405.1598646367565,"standard_error":248.54418213006713},"slope":{"confidence_interval":{"confidence_level":0.95,"lower_bound":262559.80841534026,"upper_bound":263130.38373540586},"point_estimate":262848.200971627,"standard_error":145.4635640265404},"std_dev":{"confidence_interval":{"confidence_level":0.95,"lower_bound":1649.0947825541793,"upper_bound":5841.318239939248},"point_estimate":3735.742235167835,"standard_error":1256.2459089024167}}