{"mean":{"confidence_interval":{"confidence_level":0.95,"lower_bound":269000.8464141161,"upper_bound":270414.95624005684},"point_estimate":269669.5518928864,"standard_error":362.16325836588004},"median":{"confidence_interval":{"confidence_level":0.95,"lower_bound":268783.7297979798,"upper_bound":269656.625},"point_estimate":269239.82341269846,"standard_error":256.611326111192},"median_abs_dev":{"confidence_interval":{"confidence_level":0.95,"lower_bound":1634.0929756399444,"upper_bound":2951.1333464377744},"point_estimate":2357.9126149370054,"standard_error":334.48853780116855},"slope":{"confidence_interval":{"confidence_level":0.95,"lower_bound":269202.82484825014,"upper_bound":270450.52802196477},"point_estimate":269822.6075121915,"standard_error":318.5742487084111},"std_dev":{"confidence_interval":{"confidence_level":0.95,"lower_bound":2495.7430119748515,"upper_bound":4845.201100807994},"point_estimate":3635.955132540421,"standard_error":621.56771122587}}