{"mean":{"confidence_interval":{"confidence_level":0.95,"lower_bound":600003.6269305766,"upper_bound":601465.4898885231},"point_estimate":600714.590380048,"standard_error":373.88230185694795},"median":{"confidence_interval":{"confidence_level":0.95,"lower_bound":599825.6977883539,"upper_bound":601466.3372093023},"point_estimate":600381.1439393939,"standard_error":396.7388856081936},"median_abs_dev":{"confidence_interval":{"confidence_level":0.95,"lower_bound":2239.049107076951,"upper_bound":3332.1212652019376},"point_estimate":2681.510282939032,"standard_error":276.67423106838197},"slope":{"confidence_interval":{"confidence_level":0.95,"lower_bound":599972.4928326723,"upper_bound":601342.9068943916},"point_estimate":600621.8145677553,"standard_error":348.57814457218956},"std_dev":{"confidence_interval":{"confidence_level":0.95,"lower_bound":2976.5963861037662,"upper_bound":4489.921069261392},"point_estimate":3770.7755961986904,"standard_error":386.41078049024196}}