{"mean":{"confidence_interval":{"confidence_level":0.95,"lower_bound":614604.3450607798,"upper_bound":616782.9276030222},"point_estimate":615540.1993647082,"standard_error":559.3962230947785},"median":{"confidence_interval":{"confidence_level":0.95,"lower_bound":614394.7884615385,"upper_bound":615720.4682539683},"point_estimate":615100.0916144201,"standard_error":297.1786193564896},"median_abs_dev":{"confidence_interval":{"confidence_level":0.95,"lower_bound":1797.6651191745746,"upper_bound":3282.2247322802127},"point_estimate":2254.241632345986,"standard_error":387.0837055922369},"slope":{"confidence_interval":{"confidence_level":0.95,"lower_bound":615207.2397711732,"upper_bound":616504.486115445},"point_estimate":615846.0006856805,"standard_error":329.8992422334707},"std_dev":{"confidence_interval":{"confidence_level":0.95,"lower_bound":2741.4733771693673,"upper_bound":8709.890271645307},"point_estimate":5621.171411633943,"standard_error":1870.6815766906082}}