{"mean":{"confidence_interval":{"confidence_level":0.95,"lower_bound":6387423.926625,"upper_bound":6435679.840375001},"point_estimate":6411179.28375,"standard_error":12330.996269882042},"median":{"confidence_interval":{"confidence_level":0.95,"lower_bound":6371770.625,"upper_bound":6428504.125},"point_estimate":6399973.625,"standard_error":15223.819552345003},"median_abs_dev":{"confidence_interval":{"confidence_level":0.95,"lower_bound":92686.9612544775,"upper_bound":146486.84949746335},"point_estimate":124604.55881282687,"standard_error":13637.38121284699},"slope":null,"std_dev":{"confidence_interval":{"confidence_level":0.95,"lower_bound":104569.61577448739,"upper_bound":141522.03811018454},"point_estimate":123971.99200882306,"standard_error":9433.143410644945}}