{"mean":{"confidence_interval":{"confidence_level":0.95,"lower_bound":7849537.235607142,"upper_bound":8168358.694357141},"point_estimate":8008685.754285714,"standard_error":81388.78905169068},"median":{"confidence_interval":{"confidence_level":0.95,"lower_bound":7850314.0,"upper_bound":8088516.571428572},"point_estimate":8003166.071428571,"standard_error":58783.40003441954},"median_abs_dev":{"confidence_interval":{"confidence_level":0.95,"lower_bound":566486.0547303623,"upper_bound":882774.7595276146},"point_estimate":755460.6168878927,"standard_error":77706.10041861396},"slope":null,"std_dev":{"confidence_interval":{"confidence_level":0.95,"lower_bound":689440.8060647817,"upper_bound":930036.0515446167},"point_estimate":815602.4790339442,"standard_error":61372.82056992124}}