{"mean":{"confidence_interval":{"confidence_level":0.95,"lower_bound":6706079.6966875,"upper_bound":6737288.9056875},"point_estimate":6721391.14,"standard_error":7962.607718918819},"median":{"confidence_interval":{"confidence_level":0.95,"lower_bound":6702885.125,"upper_bound":6735452.75},"point_estimate":6725479.625,"standard_error":8785.030231669676},"median_abs_dev":{"confidence_interval":{"confidence_level":0.95,"lower_bound":51731.99023157358,"upper_bound":85063.24686482549},"point_estimate":63740.67936837673,"standard_error":8926.77952614926},"slope":null,"std_dev":{"confidence_interval":{"confidence_level":0.95,"lower_bound":63783.93999775162,"upper_bound":96328.9598665641},"point_estimate":80143.33796652962,"standard_error":8392.519417565747}}