{"mean":{"confidence_interval":{"confidence_level":0.95,"lower_bound":509184.5251361187,"upper_bound":511893.47503275005},"point_estimate":510512.29964790604,"standard_error":693.6824630096963},"median":{"confidence_interval":{"confidence_level":0.95,"lower_bound":507267.0675675676,"upper_bound":511833.4043882979},"point_estimate":509322.5592105263,"standard_error":1244.704447511071},"median_abs_dev":{"confidence_interval":{"confidence_level":0.95,"lower_bound":5403.237912827359,"upper_bound":8734.621098502086},"point_estimate":7181.887603146211,"standard_error":826.6318935029399},"slope":{"confidence_interval":{"confidence_level":0.95,"lower_bound":507746.77413346176,"upper_bound":511118.96915973903},"point_estimate":509395.8791251663,"standard_error":860.184082840963},"std_dev":{"confidence_interval":{"confidence_level":0.95,"lower_bound":5938.737077899562,"upper_bound":7951.843440054558},"point_estimate":6981.94845672275,"standard_error":513.8561997852029}}