{"mean":{"confidence_interval":{"confidence_level":0.95,"lower_bound":490376.3317196197,"upper_bound":491816.7972516398},"point_estimate":491077.3678193862,"standard_error":367.46319981611884},"median":{"confidence_interval":{"confidence_level":0.95,"lower_bound":489693.4,"upper_bound":491234.9034090909},"point_estimate":490292.88335158816,"standard_error":398.4188053609541},"median_abs_dev":{"confidence_interval":{"confidence_level":0.95,"lower_bound":2076.8907251866963,"upper_bound":3608.3378241409264},"point_estimate":2640.0571402106075,"standard_error":390.491270942759},"slope":{"confidence_interval":{"confidence_level":0.95,"lower_bound":489943.67278255976,"upper_bound":491506.76959792076},"point_estimate":490658.6215073149,"standard_error":398.2183829709533},"std_dev":{"confidence_interval":{"confidence_level":0.95,"lower_bound":2887.2227567003997,"upper_bound":4423.422267603557},"point_estimate":3688.457551218342,"standard_error":394.18263631591304}}