{"mean":{"confidence_interval":{"confidence_level":0.95,"lower_bound":262860.3457736126,"upper_bound":264182.4024683922},"point_estimate":263504.61471740576,"standard_error":336.4322251738905},"median":{"confidence_interval":{"confidence_level":0.95,"lower_bound":262516.75377747254,"upper_bound":263484.5714285714},"point_estimate":262919.68411764706,"standard_error":286.316613646242},"median_abs_dev":{"confidence_interval":{"confidence_level":0.95,"lower_bound":1787.1061520225335,"upper_bound":3468.673147712395},"point_estimate":2690.727449730062,"standard_error":440.47481572532274},"slope":{"confidence_interval":{"confidence_level":0.95,"lower_bound":262890.1990002226,"upper_bound":264112.85141017666},"point_estimate":263480.6869476873,"standard_error":311.7797144083298},"std_dev":{"confidence_interval":{"confidence_level":0.95,"lower_bound":2607.8789082680537,"upper_bound":4188.753397543729},"point_estimate":3374.865574570791,"standard_error":413.7504945205686}}