{"mean":{"confidence_interval":{"confidence_level":0.95,"lower_bound":1675672.9628199998,"upper_bound":1677816.1071400004},"point_estimate":1676670.4780000001,"standard_error":545.8708764726607},"median":{"confidence_interval":{"confidence_level":0.95,"lower_bound":1675699.38,"upper_bound":1677040.68},"point_estimate":1676253.7200000002,"standard_error":308.66323423295205},"median_abs_dev":{"confidence_interval":{"confidence_level":0.95,"lower_bound":2917.5195322037985,"upper_bound":5353.727808952387},"point_estimate":3977.84538137881,"standard_error":673.2934633691227},"slope":null,"std_dev":{"confidence_interval":{"confidence_level":0.95,"lower_bound":3654.007252386494,"upper_bound":7617.568274293862},"point_estimate":5488.257150188744,"standard_error":1128.3367023633314}}