{"mean":{"confidence_interval":{"confidence_level":0.95,"lower_bound":1670569.1617199995,"upper_bound":1673349.3676599995},"point_estimate":1671926.8003999998,"standard_error":707.8652205806865},"median":{"confidence_interval":{"confidence_level":0.95,"lower_bound":1670025.84,"upper_bound":1673775.56},"point_estimate":1672112.6600000001,"standard_error":1020.3659431937422},"median_abs_dev":{"confidence_interval":{"confidence_level":0.95,"lower_bound":5751.272165894412,"upper_bound":8492.362301230458},"point_estimate":7397.640132666,"standard_error":708.5835076102356},"slope":null,"std_dev":{"confidence_interval":{"confidence_level":0.95,"lower_bound":5741.858199465207,"upper_bound":8699.414172884102},"point_estimate":7131.1359838223225,"standard_error":776.7732880580808}}