{"mean":{"confidence_interval":{"confidence_level":0.95,"lower_bound":1436977.9431927062,"upper_bound":1440538.131524981},"point_estimate":1438644.86343562,"standard_error":909.580384159375},"median":{"confidence_interval":{"confidence_level":0.95,"lower_bound":1435638.705882353,"upper_bound":1437333.718309859},"point_estimate":1436553.0555555555,"standard_error":423.2766506279669},"median_abs_dev":{"confidence_interval":{"confidence_level":0.95,"lower_bound":2862.814711116003,"upper_bound":6554.752714850061},"point_estimate":4402.039355181499,"standard_error":956.4018492849584},"slope":{"confidence_interval":{"confidence_level":0.95,"lower_bound":1436239.317553396,"upper_bound":1439353.4672470768},"point_estimate":1437710.674771686,"standard_error":795.0870901616871},"std_dev":{"confidence_interval":{"confidence_level":0.95,"lower_bound":6186.151309728783,"upper_bound":11965.323896869357},"point_estimate":9153.212579699122,"standard_error":1491.3548109642695}}