{"mean":{"confidence_interval":{"confidence_level":0.95,"lower_bound":211052.9124573214,"upper_bound":212495.75320895723},"point_estimate":211679.40367773917,"standard_error":371.45255172950516},"median":{"confidence_interval":{"confidence_level":0.95,"lower_bound":210732.86486486485,"upper_bound":211343.85185185185},"point_estimate":210904.15315789473,"standard_error":170.54668515127497},"median_abs_dev":{"confidence_interval":{"confidence_level":0.95,"lower_bound":1052.017390176716,"upper_bound":2097.532000278568},"point_estimate":1517.9311244158837,"standard_error":261.35721951472885},"slope":{"confidence_interval":{"confidence_level":0.95,"lower_bound":211112.72308060463,"upper_bound":211867.08186708065},"point_estimate":211485.37549519728,"standard_error":192.36536757805953},"std_dev":{"confidence_interval":{"confidence_level":0.95,"lower_bound":1842.9828461036661,"upper_bound":5700.253274167417},"point_estimate":3730.9454335316354,"standard_error":1186.655163720359}}