{"mean":{"confidence_interval":{"confidence_level":0.95,"lower_bound":3046552.485044119,"upper_bound":3074760.536691177},"point_estimate":3060369.308235294,"standard_error":7177.545487938042},"median":{"confidence_interval":{"confidence_level":0.95,"lower_bound":3049048.411764706,"upper_bound":3068277.411764706},"point_estimate":3056257.823529412,"standard_error":4420.607436626244},"median_abs_dev":{"confidence_interval":{"confidence_level":0.95,"lower_bound":41505.28378931084,"upper_bound":64457.99612034776},"point_estimate":54567.70251358277,"standard_error":6007.217441498561},"slope":null,"std_dev":{"confidence_interval":{"confidence_level":0.95,"lower_bound":56463.03317555506,"upper_bound":86573.29767109184},"point_estimate":71944.67268849004,"standard_error":7730.40569784795}}