{"mean":{"confidence_interval":{"confidence_level":0.95,"lower_bound":599048.9376760792,"upper_bound":600193.2778853328},"point_estimate":599610.3347707182,"standard_error":292.3519097232948},"median":{"confidence_interval":{"confidence_level":0.95,"lower_bound":598989.148888889,"upper_bound":600106.4565217391},"point_estimate":599398.478525641,"standard_error":274.15709317775764},"median_abs_dev":{"confidence_interval":{"confidence_level":0.95,"lower_bound":1769.379500206139,"upper_bound":3054.2307339121007},"point_estimate":2216.554351557408,"standard_error":322.4631514034136},"slope":{"confidence_interval":{"confidence_level":0.95,"lower_bound":599056.1143024835,"upper_bound":600019.5996401699},"point_estimate":599543.9127397665,"standard_error":246.80659284454723},"std_dev":{"confidence_interval":{"confidence_level":0.95,"lower_bound":2327.5915398146153,"upper_bound":3544.100752142488},"point_estimate":2942.491514584768,"standard_error":312.55699682678494}}