{"mean":{"confidence_interval":{"confidence_level":0.95,"lower_bound":360824.7764443639,"upper_bound":361983.91102121264},"point_estimate":361404.98237921944,"standard_error":295.9168495094047},"median":{"confidence_interval":{"confidence_level":0.95,"lower_bound":360761.7708233795,"upper_bound":362457.15520467836},"point_estimate":361486.73745519714,"standard_error":466.98420233224255},"median_abs_dev":{"confidence_interval":{"confidence_level":0.95,"lower_bound":2373.286302087195,"upper_bound":3724.825998923421},"point_estimate":3111.8687775804206,"standard_error":342.56084853111184},"slope":{"confidence_interval":{"confidence_level":0.95,"lower_bound":361579.9267248376,"upper_bound":362460.3132329103},"point_estimate":362017.9116004138,"standard_error":224.5389922213948},"std_dev":{"confidence_interval":{"confidence_level":0.95,"lower_bound":2554.677837556635,"upper_bound":3352.3279611527114},"point_estimate":2968.177253550987,"standard_error":203.32522420876592}}