{"mean":{"confidence_interval":{"confidence_level":0.95,"lower_bound":374643.32685621345,"upper_bound":380188.2659571245},"point_estimate":377146.88611228176,"standard_error":1422.8779581820143},"median":{"confidence_interval":{"confidence_level":0.95,"lower_bound":372484.8715909091,"upper_bound":374445.7828780415},"point_estimate":373056.9428341385,"standard_error":532.3472019185893},"median_abs_dev":{"confidence_interval":{"confidence_level":0.95,"lower_bound":3282.5626395258655,"upper_bound":5651.981649577538},"point_estimate":4497.148916677464,"standard_error":579.0602112290728},"slope":{"confidence_interval":{"confidence_level":0.95,"lower_bound":372952.1838463278,"upper_bound":375603.46247632016},"point_estimate":374169.05072755035,"standard_error":678.6122625645357},"std_dev":{"confidence_interval":{"confidence_level":0.95,"lower_bound":7521.886450926758,"upper_bound":20043.29175406381},"point_estimate":14236.465477839512,"standard_error":3227.061366620293}}