{"mean":{"confidence_interval":{"confidence_level":0.95,"lower_bound":259375.40627448837,"upper_bound":261291.09668181586},"point_estimate":260298.3451460427,"standard_error":487.2631688932387},"median":{"confidence_interval":{"confidence_level":0.95,"lower_bound":259028.91585365855,"upper_bound":260714.33012820513},"point_estimate":259748.67077175697,"standard_error":438.3523172115451},"median_abs_dev":{"confidence_interval":{"confidence_level":0.95,"lower_bound":2568.084071921671,"upper_bound":3845.0293994359467},"point_estimate":3097.050419828979,"standard_error":326.9238156358438},"slope":{"confidence_interval":{"confidence_level":0.95,"lower_bound":259962.4151995308,"upper_bound":261941.74586749502},"point_estimate":260876.8731431949,"standard_error":506.3428566707262},"std_dev":{"confidence_interval":{"confidence_level":0.95,"lower_bound":3495.8442483331355,"upper_bound":6312.681558638859},"point_estimate":4894.310511333627,"standard_error":733.2605307702935}}