{"mean":{"confidence_interval":{"confidence_level":0.95,"lower_bound":269591.4359128952,"upper_bound":271329.8354029818},"point_estimate":270459.839776733,"standard_error":444.3066540935704},"median":{"confidence_interval":{"confidence_level":0.95,"lower_bound":269164.3611111111,"upper_bound":271199.0},"point_estimate":269654.5847585513,"standard_error":633.6863562577398},"median_abs_dev":{"confidence_interval":{"confidence_level":0.95,"lower_bound":2786.736829275501,"upper_bound":4784.59024393639},"point_estimate":3600.3516938028124,"standard_error":504.4317665688459},"slope":{"confidence_interval":{"confidence_level":0.95,"lower_bound":270320.3381377806,"upper_bound":272726.47406414256},"point_estimate":271472.5756952859,"standard_error":611.7320354621418},"std_dev":{"confidence_interval":{"confidence_level":0.95,"lower_bound":3687.886208915106,"upper_bound":5154.209567682195},"point_estimate":4451.155874143715,"standard_error":374.4580081735168}}