{"mean":{"confidence_interval":{"confidence_level":0.95,"lower_bound":270972.40588984604,"upper_bound":272936.9299557158},"point_estimate":271899.2266158528,"standard_error":500.35481437119995},"median":{"confidence_interval":{"confidence_level":0.95,"lower_bound":270172.2229577176,"upper_bound":272580.6629213483},"point_estimate":271753.41985544213,"standard_error":731.1015779541913},"median_abs_dev":{"confidence_interval":{"confidence_level":0.95,"lower_bound":3222.0712358530195,"upper_bound":4734.404944590049},"point_estimate":4025.4511568704966,"standard_error":389.19033042142644},"slope":{"confidence_interval":{"confidence_level":0.95,"lower_bound":272027.3314956441,"upper_bound":273437.50567206985},"point_estimate":272751.8868641939,"standard_error":359.6489550457123},"std_dev":{"confidence_interval":{"confidence_level":0.95,"lower_bound":3361.812103189407,"upper_bound":6726.150260151794},"point_estimate":5034.827898614389,"standard_error":880.7102038534523}}