{"mean":{"confidence_interval":{"confidence_level":0.95,"lower_bound":506625.16480640066,"upper_bound":509760.45628648717},"point_estimate":508224.2286980762,"standard_error":796.707673305376},"median":{"confidence_interval":{"confidence_level":0.95,"lower_bound":506894.45429292927,"upper_bound":509508.74984520127},"point_estimate":507932.84279849473,"standard_error":702.695605895005},"median_abs_dev":{"confidence_interval":{"confidence_level":0.95,"lower_bound":4076.827879071097,"upper_bound":6982.766349286967},"point_estimate":5237.389922350045,"standard_error":722.5014925447572},"slope":{"confidence_interval":{"confidence_level":0.95,"lower_bound":508273.7764677433,"upper_bound":510434.51873738336},"point_estimate":509363.0026540565,"standard_error":551.7729502626572},"std_dev":{"confidence_interval":{"confidence_level":0.95,"lower_bound":5296.396211114606,"upper_bound":10705.824335597443},"point_estimate":8002.978033574985,"standard_error":1403.1932841718376}}