{"mean":{"confidence_interval":{"confidence_level":0.95,"lower_bound":463484.9331219791,"upper_bound":465469.0517363518},"point_estimate":464484.91131943447,"standard_error":504.39007723249483},"median":{"confidence_interval":{"confidence_level":0.95,"lower_bound":463428.2547380156,"upper_bound":465873.8686868687},"point_estimate":464641.93596681097,"standard_error":562.4434322745694},"median_abs_dev":{"confidence_interval":{"confidence_level":0.95,"lower_bound":3488.319780247538,"upper_bound":5619.957589792176},"point_estimate":4552.110257903291,"standard_error":573.4891116577702},"slope":{"confidence_interval":{"confidence_level":0.95,"lower_bound":464034.8033742135,"upper_bound":465788.61604120734},"point_estimate":464909.1251741294,"standard_error":448.6874138150415},"std_dev":{"confidence_interval":{"confidence_level":0.95,"lower_bound":4126.905631730129,"upper_bound":6003.030816705345},"point_estimate":5065.583028751903,"standard_error":480.5721386768321}}