{"mean":{"confidence_interval":{"confidence_level":0.95,"lower_bound":1373286.906597103,"upper_bound":1380655.0978689552},"point_estimate":1376574.763482874,"standard_error":1900.6431288907313},"median":{"confidence_interval":{"confidence_level":0.95,"lower_bound":1369282.3882915173,"upper_bound":1375252.4615384615},"point_estimate":1371875.1497493736,"standard_error":1273.6008311761657},"median_abs_dev":{"confidence_interval":{"confidence_level":0.95,"lower_bound":5968.749644859325,"upper_bound":11179.125810565074},"point_estimate":9537.93523313147,"standard_error":1364.8960638453032},"slope":{"confidence_interval":{"confidence_level":0.95,"lower_bound":1371459.9943240823,"upper_bound":1386606.1294137775},"point_estimate":1377878.1936426777,"standard_error":3966.2511398260217},"std_dev":{"confidence_interval":{"confidence_level":0.95,"lower_bound":8708.691267768918,"upper_bound":27947.690032482413},"point_estimate":19135.520507642028,"standard_error":5093.741485559032}}