{"mean":{"confidence_interval":{"confidence_level":0.95,"lower_bound":662253.3468647251,"upper_bound":663689.3338443883},"point_estimate":662974.4668617384,"standard_error":367.3317218387698},"median":{"confidence_interval":{"confidence_level":0.95,"lower_bound":662311.9732142857,"upper_bound":663213.0448717949},"point_estimate":662614.199074074,"standard_error":239.69105036766473},"median_abs_dev":{"confidence_interval":{"confidence_level":0.95,"lower_bound":1942.0349703953882,"upper_bound":3374.820235378505},"point_estimate":2789.7072694271037,"standard_error":408.19460084623495},"slope":{"confidence_interval":{"confidence_level":0.95,"lower_bound":662417.5351527497,"upper_bound":663649.7228824763},"point_estimate":663017.9179429584,"standard_error":314.9460622508825},"std_dev":{"confidence_interval":{"confidence_level":0.95,"lower_bound":2961.4238835956016,"upper_bound":4367.220880280877},"point_estimate":3691.172509527425,"standard_error":359.9055741493184}}