{"mean":{"confidence_interval":{"confidence_level":0.95,"lower_bound":241901.38834431532,"upper_bound":243269.88994294178},"point_estimate":242566.5892631945,"standard_error":347.7578067315141},"median":{"confidence_interval":{"confidence_level":0.95,"lower_bound":241330.375,"upper_bound":243088.52914979757},"point_estimate":242213.879418148,"standard_error":454.7074224931053},"median_abs_dev":{"confidence_interval":{"confidence_level":0.95,"lower_bound":2309.1651105865735,"upper_bound":3706.668376584795},"point_estimate":3060.4737327346947,"standard_error":356.2539758738279},"slope":{"confidence_interval":{"confidence_level":0.95,"lower_bound":241800.86899581703,"upper_bound":242909.42159955233},"point_estimate":242343.39666839072,"standard_error":283.27291001815223},"std_dev":{"confidence_interval":{"confidence_level":0.95,"lower_bound":2788.5320993830346,"upper_bound":4145.2573520506885},"point_estimate":3488.5634787474996,"standard_error":347.8335850991617}}