{"mean":{"confidence_interval":{"confidence_level":0.95,"lower_bound":266660.6042058205,"upper_bound":267343.86846540414},"point_estimate":266992.73258597014,"standard_error":174.76195758083543},"median":{"confidence_interval":{"confidence_level":0.95,"lower_bound":266380.80887172284,"upper_bound":267061.90625},"point_estimate":266774.9284090909,"standard_error":155.57562132080838},"median_abs_dev":{"confidence_interval":{"confidence_level":0.95,"lower_bound":1023.9100775344021,"upper_bound":1581.488199773849},"point_estimate":1350.5734632384424,"standard_error":151.60802006536858},"slope":{"confidence_interval":{"confidence_level":0.95,"lower_bound":266502.89224641636,"upper_bound":267108.44423302356},"point_estimate":266800.4578402542,"standard_error":154.8884409175007},"std_dev":{"confidence_interval":{"confidence_level":0.95,"lower_bound":1296.1476307604592,"upper_bound":2189.01898780289},"point_estimate":1760.3871067736632,"standard_error":229.04792290189127}}