{"mean":{"confidence_interval":{"confidence_level":0.95,"lower_bound":249667.7227510326,"upper_bound":251123.28429439059},"point_estimate":250352.53278663105,"standard_error":370.62924086373584},"median":{"confidence_interval":{"confidence_level":0.95,"lower_bound":249157.625,"upper_bound":250440.35507246378},"point_estimate":249518.53264150943,"standard_error":324.0968143921948},"median_abs_dev":{"confidence_interval":{"confidence_level":0.95,"lower_bound":1682.4779249612072,"upper_bound":2800.837518645674},"point_estimate":2230.1050385327244,"standard_error":291.56823365618385},"slope":{"confidence_interval":{"confidence_level":0.95,"lower_bound":249807.9787868025,"upper_bound":251094.82378895758},"point_estimate":250432.6994199793,"standard_error":329.1436103253838},"std_dev":{"confidence_interval":{"confidence_level":0.95,"lower_bound":2581.9095939002145,"upper_bound":4802.893205257478},"point_estimate":3734.8229684825274,"standard_error":570.8304876151349}}