{"mean":{"confidence_interval":{"confidence_level":0.95,"lower_bound":280908.0699651939,"upper_bound":282373.25084859156},"point_estimate":281607.44029688905,"standard_error":374.2608441642492},"median":{"confidence_interval":{"confidence_level":0.95,"lower_bound":280314.0625,"upper_bound":281329.5},"point_estimate":280847.11319444445,"standard_error":275.8064118443007},"median_abs_dev":{"confidence_interval":{"confidence_level":0.95,"lower_bound":1625.6046836397231,"upper_bound":2892.5215111212724},"point_estimate":2296.935664235436,"standard_error":339.98240567182205},"slope":{"confidence_interval":{"confidence_level":0.95,"lower_bound":280119.2098012106,"upper_bound":281141.7974453887},"point_estimate":280603.90552164917,"standard_error":261.2122911458984},"std_dev":{"confidence_interval":{"confidence_level":0.95,"lower_bound":2744.437377643704,"upper_bound":4629.899202474467},"point_estimate":3758.4296999103626,"standard_error":481.3436252503613}}