{"mean":{"confidence_interval":{"confidence_level":0.95,"lower_bound":258717.2464733236,"upper_bound":261352.03734911475},"point_estimate":259948.89281260793,"standard_error":674.3318738951805},"median":{"confidence_interval":{"confidence_level":0.95,"lower_bound":257226.77430555556,"upper_bound":258522.84523809524},"point_estimate":257798.53345070424,"standard_error":360.5857698224026},"median_abs_dev":{"confidence_interval":{"confidence_level":0.95,"lower_bound":1758.3099569087606,"upper_bound":3625.7740225177736},"point_estimate":2607.941438024108,"standard_error":495.91904602927025},"slope":{"confidence_interval":{"confidence_level":0.95,"lower_bound":258607.77121264648,"upper_bound":261852.65908741203},"point_estimate":260079.40315427812,"standard_error":833.4892550335564},"std_dev":{"confidence_interval":{"confidence_level":0.95,"lower_bound":4543.873707811909,"upper_bound":8923.65193775817},"point_estimate":6746.03139422822,"standard_error":1141.7362192650207}}