{"mean":{"confidence_interval":{"confidence_level":0.95,"lower_bound":234105.04645069843,"upper_bound":235307.16570943603},"point_estimate":234716.79073934123,"standard_error":306.67277539919917},"median":{"confidence_interval":{"confidence_level":0.95,"lower_bound":234338.92785904254,"upper_bound":235580.95058139536},"point_estimate":234798.21595956053,"standard_error":376.476349583992},"median_abs_dev":{"confidence_interval":{"confidence_level":0.95,"lower_bound":2258.8148445411784,"upper_bound":3477.074090901136},"point_estimate":2934.888669429733,"standard_error":305.29919230598927},"slope":{"confidence_interval":{"confidence_level":0.95,"lower_bound":234274.68372523243,"upper_bound":235353.1799107215},"point_estimate":234806.24816388355,"standard_error":275.0452341685646},"std_dev":{"confidence_interval":{"confidence_level":0.95,"lower_bound":2456.5910271294456,"upper_bound":3694.8001676688746},"point_estimate":3075.128216722779,"standard_error":319.7504186293239}}