{"mean":{"confidence_interval":{"confidence_level":0.95,"lower_bound":293638.0833722835,"upper_bound":294610.9714553833},"point_estimate":294092.0917936004,"standard_error":249.15779901748806},"median":{"confidence_interval":{"confidence_level":0.95,"lower_bound":293125.3173076923,"upper_bound":294061.0887706044},"point_estimate":293583.88180272107,"standard_error":259.0571419406175},"median_abs_dev":{"confidence_interval":{"confidence_level":0.95,"lower_bound":1173.921432743257,"upper_bound":1902.0555596558147},"point_estimate":1532.642192595328,"standard_error":175.93257318800113},"slope":{"confidence_interval":{"confidence_level":0.95,"lower_bound":293352.53247321746,"upper_bound":293964.1620790421},"point_estimate":293654.9923452047,"standard_error":156.37614674241817},"std_dev":{"confidence_interval":{"confidence_level":0.95,"lower_bound":1647.736248499408,"upper_bound":3374.138759838287},"point_estimate":2506.9032525649523,"standard_error":451.9791687359174}}