{"mean":{"confidence_interval":{"confidence_level":0.95,"lower_bound":874367.248240915,"upper_bound":884768.1498010408},"point_estimate":879153.5606361596,"standard_error":2663.309666111193},"median":{"confidence_interval":{"confidence_level":0.95,"lower_bound":870283.8943349754,"upper_bound":873905.4583333334},"point_estimate":871469.2154263565,"standard_error":901.7613761010687},"median_abs_dev":{"confidence_interval":{"confidence_level":0.95,"lower_bound":5595.558808992268,"upper_bound":9805.716654923286},"point_estimate":7530.136945169025,"standard_error":1041.7363352382392},"slope":{"confidence_interval":{"confidence_level":0.95,"lower_bound":873923.518004387,"upper_bound":882320.758735806},"point_estimate":877834.0758415841,"standard_error":2141.205316364399},"std_dev":{"confidence_interval":{"confidence_level":0.95,"lower_bound":15459.80765015518,"upper_bound":36350.34345055747},"point_estimate":26765.109101730042,"standard_error":5330.68062425573}}