{"mean":{"confidence_interval":{"confidence_level":0.95,"lower_bound":1372719.545736044,"upper_bound":1376811.7385890635},"point_estimate":1374457.1700269661,"standard_error":1058.5848664955254},"median":{"confidence_interval":{"confidence_level":0.95,"lower_bound":1372977.6923076923,"upper_bound":1374333.6888888888},"point_estimate":1373480.4665124477,"standard_error":321.46657583675125},"median_abs_dev":{"confidence_interval":{"confidence_level":0.95,"lower_bound":2968.294069041534,"upper_bound":5297.9000015116335},"point_estimate":4019.2142230330655,"standard_error":606.24528859852},"slope":{"confidence_interval":{"confidence_level":0.95,"lower_bound":1373571.1703294243,"upper_bound":1375499.5033132178},"point_estimate":1374496.9041613713,"standard_error":491.65606846137274},"std_dev":{"confidence_interval":{"confidence_level":0.95,"lower_bound":4582.852273991859,"upper_bound":16724.28316721561},"point_estimate":10599.902372526922,"standard_error":3771.700966355451}}