{"mean":{"confidence_interval":{"confidence_level":0.95,"lower_bound":908921.7259439945,"upper_bound":913801.4434830019},"point_estimate":911153.1373924359,"standard_error":1247.8064246497254},"median":{"confidence_interval":{"confidence_level":0.95,"lower_bound":908019.5551724138,"upper_bound":910729.2924528302},"point_estimate":909274.6790697675,"standard_error":672.9756638529292},"median_abs_dev":{"confidence_interval":{"confidence_level":0.95,"lower_bound":4665.238209675468,"upper_bound":7580.117301159613},"point_estimate":6054.70253647004,"standard_error":723.7725614120021},"slope":{"confidence_interval":{"confidence_level":0.95,"lower_bound":908245.528670203,"upper_bound":910785.4093884034},"point_estimate":909486.8476252401,"standard_error":646.9327939335456},"std_dev":{"confidence_interval":{"confidence_level":0.95,"lower_bound":6822.806766719622,"upper_bound":17234.677157146005},"point_estimate":12572.655713341754,"standard_error":2639.6139481964983}}