{"mean":{"confidence_interval":{"confidence_level":0.95,"lower_bound":250439.5703089426,"upper_bound":251925.43558714743},"point_estimate":251130.13794703648,"standard_error":378.23110299510586},"median":{"confidence_interval":{"confidence_level":0.95,"lower_bound":249831.22250589158,"upper_bound":251126.13257575757},"point_estimate":250320.23894310632,"standard_error":299.07810905586894},"median_abs_dev":{"confidence_interval":{"confidence_level":0.95,"lower_bound":1774.929591416343,"upper_bound":3401.752297054987},"point_estimate":2584.977726966733,"standard_error":422.4100663407587},"slope":{"confidence_interval":{"confidence_level":0.95,"lower_bound":250017.87525319317,"upper_bound":251322.46063685406},"point_estimate":250656.92481749668,"standard_error":333.569713094919},"std_dev":{"confidence_interval":{"confidence_level":0.95,"lower_bound":2571.2002951663876,"upper_bound":5169.022709777098},"point_estimate":3796.3043654049093,"standard_error":705.6380386995465}}