{"mean":{"confidence_interval":{"confidence_level":0.95,"lower_bound":226745.8601288965,"upper_bound":229411.2438871227},"point_estimate":228050.33355665748,"standard_error":678.7439574441464},"median":{"confidence_interval":{"confidence_level":0.95,"lower_bound":226391.81836734695,"upper_bound":228726.5606557377},"point_estimate":227368.22427162708,"standard_error":680.2066539541024},"median_abs_dev":{"confidence_interval":{"confidence_level":0.95,"lower_bound":5149.428284635401,"upper_bound":7723.175912492204},"point_estimate":7001.212581310877,"standard_error":663.2701599637996},"slope":{"confidence_interval":{"confidence_level":0.95,"lower_bound":229840.01926897842,"upper_bound":232884.38889602703},"point_estimate":231311.50459701492,"standard_error":777.0607805188561},"std_dev":{"confidence_interval":{"confidence_level":0.95,"lower_bound":5628.964809868316,"upper_bound":7917.108495268604},"point_estimate":6830.432787324871,"standard_error":583.3612311108085}}