{"mean":{"confidence_interval":{"confidence_level":0.95,"lower_bound":714251.7478759123,"upper_bound":717159.6971226956},"point_estimate":715747.3250892268,"standard_error":741.6290393578026},"median":{"confidence_interval":{"confidence_level":0.95,"lower_bound":715495.6459103841,"upper_bound":716865.6176470588},"point_estimate":716035.879680851,"standard_error":392.8515524795331},"median_abs_dev":{"confidence_interval":{"confidence_level":0.95,"lower_bound":2362.1112495399916,"upper_bound":4315.574347002182},"point_estimate":3353.0943977783345,"standard_error":502.1810497752517},"slope":{"confidence_interval":{"confidence_level":0.95,"lower_bound":710688.5293675396,"upper_bound":716141.9993578444},"point_estimate":713552.3231535392,"standard_error":1400.2309798926894},"std_dev":{"confidence_interval":{"confidence_level":0.95,"lower_bound":5235.752027771525,"upper_bound":9282.515485260546},"point_estimate":7427.835518793514,"standard_error":1034.1655751085539}}