{"mean":{"confidence_interval":{"confidence_level":0.95,"lower_bound":677351.1094044115,"upper_bound":679253.185265292},"point_estimate":678245.5228328714,"standard_error":486.38644364927177},"median":{"confidence_interval":{"confidence_level":0.95,"lower_bound":677201.5,"upper_bound":678889.8545454545},"point_estimate":678070.26384535,"standard_error":423.2854958260027},"median_abs_dev":{"confidence_interval":{"confidence_level":0.95,"lower_bound":2713.982648067211,"upper_bound":4351.5938237204155},"point_estimate":3628.606970393208,"standard_error":400.83719377177914},"slope":{"confidence_interval":{"confidence_level":0.95,"lower_bound":677276.4355876093,"upper_bound":678913.429757083},"point_estimate":678081.0618398108,"standard_error":418.32567169243555},"std_dev":{"confidence_interval":{"confidence_level":0.95,"lower_bound":3325.753730814911,"upper_bound":6515.410552225858},"point_estimate":4891.587602021665,"standard_error":841.4159841327698}}