{"mean":{"confidence_interval":{"confidence_level":0.95,"lower_bound":242588.37878544565,"upper_bound":245628.3191730396},"point_estimate":244019.61149331724,"standard_error":777.3970174017853},"median":{"confidence_interval":{"confidence_level":0.95,"lower_bound":241263.3230769231,"upper_bound":242855.03373493976},"point_estimate":242046.72351916376,"standard_error":334.71884068134125},"median_abs_dev":{"confidence_interval":{"confidence_level":0.95,"lower_bound":2582.815369549112,"upper_bound":4441.184635983987},"point_estimate":3447.768334802074,"standard_error":483.6592145559309},"slope":{"confidence_interval":{"confidence_level":0.95,"lower_bound":241329.00724823642,"upper_bound":243081.3664315554},"point_estimate":242141.75730279298,"standard_error":447.7288383420061},"std_dev":{"confidence_interval":{"confidence_level":0.95,"lower_bound":5058.360331615963,"upper_bound":10003.283633088446},"point_estimate":7808.9834733882035,"standard_error":1259.686469571039}}