{"mean":{"confidence_interval":{"confidence_level":0.95,"lower_bound":0.011653937564465896,"upper_bound":0.01783923757592351},"point_estimate":0.014937402020351431,"standard_error":0.001574196920275128},"median":{"confidence_interval":{"confidence_level":0.95,"lower_bound":0.013087713185467155,"upper_bound":0.02040399141387875},"point_estimate":0.01754616724012492,"standard_error":0.0018876688403968744}}