{"mean":{"confidence_interval":{"confidence_level":0.95,"lower_bound":0.06615172636325468,"upper_bound":0.07360267852361421},"point_estimate":0.06992980902299739,"standard_error":0.001896706170984568},"median":{"confidence_interval":{"confidence_level":0.95,"lower_bound":0.06611582631411128,"upper_bound":0.07411546656141277},"point_estimate":0.06984659217082512,"standard_error":0.0020690651179917073}}