{"mean":{"confidence_interval":{"confidence_level":0.95,"lower_bound":2560850.210461539,"upper_bound":2566804.4058846156},"point_estimate":2563765.3776923073,"standard_error":1519.2028094868606},"median":{"confidence_interval":{"confidence_level":0.95,"lower_bound":2559420.3076923075,"upper_bound":2565001.6923076925},"point_estimate":2561863.1153846155,"standard_error":1395.9001104220686},"median_abs_dev":{"confidence_interval":{"confidence_level":0.95,"lower_bound":9156.138275907218,"upper_bound":17217.604563556997},"point_estimate":11898.606088757515,"standard_error":2089.255307473732},"slope":null,"std_dev":{"confidence_interval":{"confidence_level":0.95,"lower_bound":12365.62353880835,"upper_bound":18123.601335000447},"point_estimate":15288.728572926462,"standard_error":1478.9946574138162}}