{"mean":{"confidence_interval":{"confidence_level":0.95,"lower_bound":2494900.6306,"upper_bound":2509488.1328500006},"point_estimate":2501384.660000001,"standard_error":3730.6723717217596},"median":{"confidence_interval":{"confidence_level":0.95,"lower_bound":2488634.1,"upper_bound":2496894.6666666665},"point_estimate":2493299.833333333,"standard_error":2027.9477529457247},"median_abs_dev":{"confidence_interval":{"confidence_level":0.95,"lower_bound":11041.959823966303,"upper_bound":20664.527853131454},"point_estimate":15430.258066057791,"standard_error":2504.9740061335037},"slope":null,"std_dev":{"confidence_interval":{"confidence_level":0.95,"lower_bound":20268.24163080005,"upper_bound":55332.800247709805},"point_estimate":37466.07312597967,"standard_error":10187.380541505592}}