{"mean":{"confidence_interval":{"confidence_level":0.95,"lower_bound":3182184.9596000006,"upper_bound":3195329.5782750016},"point_estimate":3188721.107999999,"standard_error":3351.1741306141944},"median":{"confidence_interval":{"confidence_level":0.95,"lower_bound":3177553.5,"upper_bound":3195862.2},"point_estimate":3183882.3,"standard_error":4293.457694571344},"median_abs_dev":{"confidence_interval":{"confidence_level":0.95,"lower_bound":26137.347975969176,"upper_bound":43623.20619553355},"point_estimate":34137.90221393136,"standard_error":4566.430188302745},"slope":null,"std_dev":{"confidence_interval":{"confidence_level":0.95,"lower_bound":28912.308316388986,"upper_bound":38085.923564126504},"point_estimate":33689.752888503324,"standard_error":2339.680909532865}}