{"mean":{"confidence_interval":{"confidence_level":0.95,"lower_bound":250763.7513910275,"upper_bound":252479.65478715734},"point_estimate":251537.39412189942,"standard_error":438.4839510159981},"median":{"confidence_interval":{"confidence_level":0.95,"lower_bound":250142.59831982438,"upper_bound":251125.22749999998},"point_estimate":250526.0625,"standard_error":271.3311061505266},"median_abs_dev":{"confidence_interval":{"confidence_level":0.95,"lower_bound":1564.7545447200407,"upper_bound":2755.4683523464723},"point_estimate":2078.052199638446,"standard_error":313.0652328654155},"slope":{"confidence_interval":{"confidence_level":0.95,"lower_bound":250337.03291406084,"upper_bound":251883.09170682277},"point_estimate":251025.43070932466,"standard_error":395.4933278919948},"std_dev":{"confidence_interval":{"confidence_level":0.95,"lower_bound":2539.606823703498,"upper_bound":6387.589332101655},"point_estimate":4411.594486779937,"standard_error":1100.3801986430226}}