{"mean":{"confidence_interval":{"confidence_level":0.95,"lower_bound":463647.3089088423,"upper_bound":473695.51174860663},"point_estimate":467822.09480159596,"standard_error":2627.90270810124},"median":{"confidence_interval":{"confidence_level":0.95,"lower_bound":461928.6168831169,"upper_bound":464412.0627104377},"point_estimate":463383.0540069686,"standard_error":679.0060024445963},"median_abs_dev":{"confidence_interval":{"confidence_level":0.95,"lower_bound":3230.493190853279,"upper_bound":5486.6383075927515},"point_estimate":4468.173100150935,"standard_error":555.3218550365793},"slope":{"confidence_interval":{"confidence_level":0.95,"lower_bound":463171.73324680846,"upper_bound":466025.36082496797},"point_estimate":464492.8401492537,"standard_error":729.803543943965},"std_dev":{"confidence_interval":{"confidence_level":0.95,"lower_bound":5173.2227658817865,"upper_bound":41013.923143729015},"point_estimate":26427.31796557521,"standard_error":9720.551731513666}}