{"mean":{"confidence_interval":{"confidence_level":0.95,"lower_bound":500094.41768814134,"upper_bound":503048.0979606644},"point_estimate":501490.0634624381,"standard_error":751.0178876664402},"median":{"confidence_interval":{"confidence_level":0.95,"lower_bound":498199.2894736842,"upper_bound":501527.625},"point_estimate":500183.0799768518,"standard_error":1000.6437674769436},"median_abs_dev":{"confidence_interval":{"confidence_level":0.95,"lower_bound":3663.3842884378564,"upper_bound":6169.819614091294},"point_estimate":5031.05954786029,"standard_error":666.9038851880123},"slope":{"confidence_interval":{"confidence_level":0.95,"lower_bound":500404.49543762713,"upper_bound":504936.3880236569},"point_estimate":502433.42189892125,"standard_error":1162.1063709502714},"std_dev":{"confidence_interval":{"confidence_level":0.95,"lower_bound":4893.408068104846,"upper_bound":9999.018792348075},"point_estimate":7585.795201202143,"standard_error":1310.6349928439713}}