{"mean":{"confidence_interval":{"confidence_level":0.95,"lower_bound":597020.8718229413,"upper_bound":609169.3435468797},"point_estimate":602767.9220403315,"standard_error":3101.1365397310215},"median":{"confidence_interval":{"confidence_level":0.95,"lower_bound":589478.2416666667,"upper_bound":596336.78},"point_estimate":591077.9170653907,"standard_error":1814.9197662972217},"median_abs_dev":{"confidence_interval":{"confidence_level":0.95,"lower_bound":11804.007581297286,"upper_bound":21477.39788269993},"point_estimate":15693.94204782424,"standard_error":2472.5386429927585},"slope":{"confidence_interval":{"confidence_level":0.95,"lower_bound":597308.0250919731,"upper_bound":611876.4715369215},"point_estimate":604081.096082459,"standard_error":3729.05526890671},"std_dev":{"confidence_interval":{"confidence_level":0.95,"lower_bound":21640.853046120334,"upper_bound":39872.39523839814},"point_estimate":31163.757851040926,"standard_error":4700.489277025698}}