{"mean":{"confidence_interval":{"confidence_level":0.95,"lower_bound":971441.9724170173,"upper_bound":972963.8610522248},"point_estimate":972205.8950328588,"standard_error":388.682878641817},"median":{"confidence_interval":{"confidence_level":0.95,"lower_bound":971511.2692307692,"upper_bound":973081.9071428571},"point_estimate":972238.33125,"standard_error":445.90020109786934},"median_abs_dev":{"confidence_interval":{"confidence_level":0.95,"lower_bound":2385.142413607689,"upper_bound":4404.433871805668},"point_estimate":3270.2094245715334,"standard_error":513.211812957902},"slope":{"confidence_interval":{"confidence_level":0.95,"lower_bound":972281.4876279834,"upper_bound":973377.0352097178},"point_estimate":972828.1346711984,"standard_error":280.5824925809014},"std_dev":{"confidence_interval":{"confidence_level":0.95,"lower_bound":3223.201728110999,"upper_bound":4533.805365249762},"point_estimate":3904.010808469272,"standard_error":334.33801084097024}}