{"mean":{"confidence_interval":{"confidence_level":0.95,"lower_bound":282873.587009332,"upper_bound":283797.5660213587},"point_estimate":283330.40452734765,"standard_error":235.14077480699765},"median":{"confidence_interval":{"confidence_level":0.95,"lower_bound":282474.7173913043,"upper_bound":283774.76704545453},"point_estimate":283102.2297781472,"standard_error":340.56917971320587},"median_abs_dev":{"confidence_interval":{"confidence_level":0.95,"lower_bound":1585.1835368573436,"upper_bound":2667.693870530558},"point_estimate":2076.9362142392797,"standard_error":280.6428688031394},"slope":{"confidence_interval":{"confidence_level":0.95,"lower_bound":282619.76856200764,"upper_bound":283437.3332703026},"point_estimate":283020.82568715827,"standard_error":208.67393467520887},"std_dev":{"confidence_interval":{"confidence_level":0.95,"lower_bound":1948.485548416176,"upper_bound":2754.880001762846},"point_estimate":2363.234224915834,"standard_error":205.82840650838807}}