{"mean":{"confidence_interval":{"confidence_level":0.95,"lower_bound":267764.6795062106,"upper_bound":270447.5566999088},"point_estimate":268991.60367945017,"standard_error":689.5957826873496},"median":{"confidence_interval":{"confidence_level":0.95,"lower_bound":266995.46428571426,"upper_bound":268215.2224450386},"point_estimate":267692.9438225539,"standard_error":315.86094869939564},"median_abs_dev":{"confidence_interval":{"confidence_level":0.95,"lower_bound":2552.75421728729,"upper_bound":4190.905876087135},"point_estimate":3347.664719621961,"standard_error":391.9173762208158},"slope":{"confidence_interval":{"confidence_level":0.95,"lower_bound":267665.9166943569,"upper_bound":269119.5060520539},"point_estimate":268380.9715043594,"standard_error":371.33877604178446},"std_dev":{"confidence_interval":{"confidence_level":0.95,"lower_bound":3918.9472936514053,"upper_bound":9414.500921616696},"point_estimate":6934.956863031474,"standard_error":1410.097028152764}}