{"mean":{"confidence_interval":{"confidence_level":0.95,"lower_bound":228888.74002376536,"upper_bound":229954.16821746633},"point_estimate":229410.59063772392,"standard_error":270.0851238818859},"median":{"confidence_interval":{"confidence_level":0.95,"lower_bound":228522.98191666667,"upper_bound":229730.30263157896},"point_estimate":229088.69147098516,"standard_error":361.6092399791781},"median_abs_dev":{"confidence_interval":{"confidence_level":0.95,"lower_bound":2116.5690073930778,"upper_bound":3381.420627631863},"point_estimate":2751.6574525526494,"standard_error":314.00234109966425},"slope":{"confidence_interval":{"confidence_level":0.95,"lower_bound":228524.94388922563,"upper_bound":229758.53130088813},"point_estimate":229109.241980198,"standard_error":315.39769145484286},"std_dev":{"confidence_interval":{"confidence_level":0.95,"lower_bound":2265.5462018450985,"upper_bound":3124.4839200540823},"point_estimate":2710.090335204101,"standard_error":220.26416829508403}}