{"mean":{"confidence_interval":{"confidence_level":0.95,"lower_bound":210733.7449704913,"upper_bound":211909.4791840909},"point_estimate":211285.3775132624,"standard_error":300.35222998451513},"median":{"confidence_interval":{"confidence_level":0.95,"lower_bound":210457.84518213867,"upper_bound":211249.0316091954},"point_estimate":210782.9062222222,"standard_error":243.89699722090282},"median_abs_dev":{"confidence_interval":{"confidence_level":0.95,"lower_bound":1244.6225766553362,"upper_bound":2226.312641276099},"point_estimate":1664.9029340801314,"standard_error":253.5526711030266},"slope":{"confidence_interval":{"confidence_level":0.95,"lower_bound":210743.77098579716,"upper_bound":211589.45687677988},"point_estimate":211149.47009073445,"standard_error":215.99922929651487},"std_dev":{"confidence_interval":{"confidence_level":0.95,"lower_bound":1938.7374394428768,"upper_bound":4067.3118893480573},"point_estimate":3021.842351536779,"standard_error":553.2437666039124}}