{"mean":{"confidence_interval":{"confidence_level":0.95,"lower_bound":222969.64587937106,"upper_bound":223735.6524340784},"point_estimate":223350.69903697295,"standard_error":194.73795141372796},"median":{"confidence_interval":{"confidence_level":0.95,"lower_bound":223172.82647058825,"upper_bound":223671.21547636084},"point_estimate":223324.53734177217,"standard_error":144.81549858128918},"median_abs_dev":{"confidence_interval":{"confidence_level":0.95,"lower_bound":928.8256343439369,"upper_bound":1461.5692236104458},"point_estimate":1164.832973501909,"standard_error":133.4174033320173},"slope":{"confidence_interval":{"confidence_level":0.95,"lower_bound":223326.60626250005,"upper_bound":223886.5839899629},"point_estimate":223600.86604581054,"standard_error":142.6148990036234},"std_dev":{"confidence_interval":{"confidence_level":0.95,"lower_bound":1493.1092689183918,"upper_bound":2385.7976843953456},"point_estimate":1956.2344950386087,"standard_error":228.20061728537638}}