{"mean":{"confidence_interval":{"confidence_level":0.95,"lower_bound":233550.73760968418,"upper_bound":234461.95715992255},"point_estimate":233987.66829531442,"standard_error":232.17437156342143},"median":{"confidence_interval":{"confidence_level":0.95,"lower_bound":233278.32948453608,"upper_bound":234031.1857142857},"point_estimate":233628.88632183906,"standard_error":172.5363818939141},"median_abs_dev":{"confidence_interval":{"confidence_level":0.95,"lower_bound":1134.4387226404224,"upper_bound":2035.7153433160545},"point_estimate":1649.8294173138368,"standard_error":237.65843192696374},"slope":{"confidence_interval":{"confidence_level":0.95,"lower_bound":233158.86182497468,"upper_bound":233841.7472258724},"point_estimate":233491.9073308704,"standard_error":174.1176836445793},"std_dev":{"confidence_interval":{"confidence_level":0.95,"lower_bound":1718.1683594256385,"upper_bound":2875.4305599144736},"point_estimate":2326.3953171022913,"standard_error":295.1745173906394}}