{"mean":{"confidence_interval":{"confidence_level":0.95,"lower_bound":258180.3265112539,"upper_bound":259345.4487257961},"point_estimate":258742.0467547087,"standard_error":296.6880227317478},"median":{"confidence_interval":{"confidence_level":0.95,"lower_bound":257685.12,"upper_bound":258967.31363636363},"point_estimate":258335.61231884058,"standard_error":319.7342606981328},"median_abs_dev":{"confidence_interval":{"confidence_level":0.95,"lower_bound":1877.4745296089218,"upper_bound":3031.7202165608114},"point_estimate":2526.8585419317315,"standard_error":290.4403385303906},"slope":{"confidence_interval":{"confidence_level":0.95,"lower_bound":258110.58059855303,"upper_bound":259127.76462705378},"point_estimate":258590.74435939116,"standard_error":259.62862603134926},"std_dev":{"confidence_interval":{"confidence_level":0.95,"lower_bound":2322.3392440378375,"upper_bound":3666.1806386460157},"point_estimate":2979.4765447449545,"standard_error":347.97004605286764}}