{"mean":{"confidence_interval":{"confidence_level":0.95,"lower_bound":285361.10626660835,"upper_bound":286671.76650142245},"point_estimate":285999.18411522126,"standard_error":334.855307132007},"median":{"confidence_interval":{"confidence_level":0.95,"lower_bound":284837.9166666667,"upper_bound":286710.1990591398},"point_estimate":285653.18951612903,"standard_error":566.6965479571896},"median_abs_dev":{"confidence_interval":{"confidence_level":0.95,"lower_bound":2558.0915326482714,"upper_bound":4058.921988981922},"point_estimate":3272.860778654961,"standard_error":364.59606290651124},"slope":{"confidence_interval":{"confidence_level":0.95,"lower_bound":285939.28792070085,"upper_bound":287774.32831875194},"point_estimate":286830.85418427666,"standard_error":467.013383059042},"std_dev":{"confidence_interval":{"confidence_level":0.95,"lower_bound":2648.614000755484,"upper_bound":4123.814835050604},"point_estimate":3361.90302826613,"standard_error":383.70140105696754}}