{"mean":{"confidence_interval":{"confidence_level":0.95,"lower_bound":116321.62269064262,"upper_bound":168938.68674039078},"point_estimate":134635.23805669154,"standard_error":16145.695096063027},"median":{"confidence_interval":{"confidence_level":0.95,"lower_bound":113861.15909090909,"upper_bound":116332.60722891566},"point_estimate":114654.81187214612,"standard_error":456.81026487717827},"median_abs_dev":{"confidence_interval":{"confidence_level":0.95,"lower_bound":2814.5400234097533,"upper_bound":5271.106532668784},"point_estimate":4020.2493547862778,"standard_error":643.2113849090968},"slope":{"confidence_interval":{"confidence_level":0.95,"lower_bound":114901.69561551146,"upper_bound":117181.36094573239},"point_estimate":115977.22059051278,"standard_error":580.8293534586863},"std_dev":{"confidence_interval":{"confidence_level":0.95,"lower_bound":5667.2157545296295,"upper_bound":278734.59353395057},"point_estimate":162991.38957370623,"standard_error":95607.7164984357}}