{"mean":{"confidence_interval":{"confidence_level":0.95,"lower_bound":471938.70015499677,"upper_bound":473742.53184653656},"point_estimate":472875.5503805926,"standard_error":460.28828681969566},"median":{"confidence_interval":{"confidence_level":0.95,"lower_bound":472234.73076923075,"upper_bound":474142.70454545453},"point_estimate":473062.25612745096,"standard_error":422.9215430319105},"median_abs_dev":{"confidence_interval":{"confidence_level":0.95,"lower_bound":3365.361968468452,"upper_bound":5129.228229201127},"point_estimate":4275.551788081873,"standard_error":463.9902397965162},"slope":{"confidence_interval":{"confidence_level":0.95,"lower_bound":472413.00323440327,"upper_bound":474455.84445836255},"point_estimate":473440.62462834344,"standard_error":522.0681309775372},"std_dev":{"confidence_interval":{"confidence_level":0.95,"lower_bound":3448.377647132847,"upper_bound":5978.9522314447995},"point_estimate":4626.586221192936,"standard_error":680.9960272924419}}