{"mean":{"confidence_interval":{"confidence_level":0.95,"lower_bound":646358.169314133,"upper_bound":651152.7721455597},"point_estimate":648515.6875497936,"standard_error":1230.4931227538407},"median":{"confidence_interval":{"confidence_level":0.95,"lower_bound":644700.8035714285,"upper_bound":647944.4672459892},"point_estimate":646896.8041294643,"standard_error":878.3414474662347},"median_abs_dev":{"confidence_interval":{"confidence_level":0.95,"lower_bound":4093.5055939924573,"upper_bound":6818.600828945608},"point_estimate":5590.086535230452,"standard_error":712.0103445060106},"slope":{"confidence_interval":{"confidence_level":0.95,"lower_bound":646827.1824760209,"upper_bound":654273.1733898786},"point_estimate":650012.7986197724,"standard_error":1936.7208695279073},"std_dev":{"confidence_interval":{"confidence_level":0.95,"lower_bound":6039.117950655535,"upper_bound":17589.98257227432},"point_estimate":12375.656213515795,"standard_error":3026.6177027731887}}