{"mean":{"confidence_interval":{"confidence_level":0.95,"lower_bound":263568.36388369626,"upper_bound":264800.892616675},"point_estimate":264169.0136809449,"standard_error":315.1297451788451},"median":{"confidence_interval":{"confidence_level":0.95,"lower_bound":263022.2184210526,"upper_bound":264214.2666105599},"point_estimate":263686.6388888889,"standard_error":308.40300136881564},"median_abs_dev":{"confidence_interval":{"confidence_level":0.95,"lower_bound":2250.3867267143296,"upper_bound":3554.799841577187},"point_estimate":3026.9527223279138,"standard_error":327.43045691475214},"slope":{"confidence_interval":{"confidence_level":0.95,"lower_bound":262855.12876948394,"upper_bound":263866.1616330597},"point_estimate":263361.0458615339,"standard_error":258.2864050998275},"std_dev":{"confidence_interval":{"confidence_level":0.95,"lower_bound":2618.0623422319695,"upper_bound":3692.523990733901},"point_estimate":3178.3601656556157,"standard_error":275.20384421102756}}