{"mean":{"confidence_interval":{"confidence_level":0.95,"lower_bound":530168.3911018975,"upper_bound":534150.9779165164},"point_estimate":531944.5421702544,"standard_error":1020.4932697464152},"median":{"confidence_interval":{"confidence_level":0.95,"lower_bound":528096.7180851063,"upper_bound":530239.1272727273},"point_estimate":529405.4637978142,"standard_error":506.7298975065575},"median_abs_dev":{"confidence_interval":{"confidence_level":0.95,"lower_bound":2500.950919408882,"upper_bound":5569.635146003128},"point_estimate":3793.4249923044154,"standard_error":758.7696197439294},"slope":{"confidence_interval":{"confidence_level":0.95,"lower_bound":529379.1156440857,"upper_bound":531342.4792139172},"point_estimate":530320.10672824,"standard_error":501.1741017747096},"std_dev":{"confidence_interval":{"confidence_level":0.95,"lower_bound":5248.941843404721,"upper_bound":15173.697122468417},"point_estimate":10269.726435168674,"standard_error":2709.6145886676736}}