{"mean":{"confidence_interval":{"confidence_level":0.95,"lower_bound":748720.1611298077,"upper_bound":749865.18592197},"point_estimate":749282.0960335066,"standard_error":292.01810383491505},"median":{"confidence_interval":{"confidence_level":0.95,"lower_bound":748847.2635135135,"upper_bound":749641.0777667},"point_estimate":749314.7098039216,"standard_error":189.5445241960193},"median_abs_dev":{"confidence_interval":{"confidence_level":0.95,"lower_bound":1793.5361437682031,"upper_bound":2937.414594838437},"point_estimate":2447.7411735224496,"standard_error":278.86352494287246},"slope":{"confidence_interval":{"confidence_level":0.95,"lower_bound":748556.2223563546,"upper_bound":749531.6619291387},"point_estimate":749056.9225727797,"standard_error":248.0275564628523},"std_dev":{"confidence_interval":{"confidence_level":0.95,"lower_bound":2318.4471011633036,"upper_bound":3522.5555954277515},"point_estimate":2935.903857246204,"standard_error":308.86783781098336}}