{"mean":{"confidence_interval":{"confidence_level":0.95,"lower_bound":462319.94528115744,"upper_bound":465012.60280906514},"point_estimate":463671.4852441756,"standard_error":690.895264007539},"median":{"confidence_interval":{"confidence_level":0.95,"lower_bound":461219.8611111111,"upper_bound":467608.9090909091},"point_estimate":463672.75,"standard_error":1937.078700829129},"median_abs_dev":{"confidence_interval":{"confidence_level":0.95,"lower_bound":6381.450197288958,"upper_bound":10501.352983261148},"point_estimate":9269.69935142993,"standard_error":1087.8842371723879},"slope":{"confidence_interval":{"confidence_level":0.95,"lower_bound":460178.08244850574,"upper_bound":464271.8581935721},"point_estimate":462170.67675927293,"standard_error":1044.5056214732606},"std_dev":{"confidence_interval":{"confidence_level":0.95,"lower_bound":6318.131739331523,"upper_bound":7478.66980192189},"point_estimate":6943.719278763751,"standard_error":296.2385794289518}}