{"mean":{"confidence_interval":{"confidence_level":0.95,"lower_bound":1348751.8943825893,"upper_bound":1354957.6518881735},"point_estimate":1351740.5045316669,"standard_error":1584.1011717317176},"median":{"confidence_interval":{"confidence_level":0.95,"lower_bound":1344778.705882353,"upper_bound":1352012.7333333334},"point_estimate":1347752.4845938375,"standard_error":1844.147661017416},"median_abs_dev":{"confidence_interval":{"confidence_level":0.95,"lower_bound":9184.818031936815,"upper_bound":14716.255568734232},"point_estimate":11967.756419847063,"standard_error":1403.230030010296},"slope":{"confidence_interval":{"confidence_level":0.95,"lower_bound":1354787.1663625145,"upper_bound":1363939.0352487257},"point_estimate":1359223.7289168022,"standard_error":2337.221344140528},"std_dev":{"confidence_interval":{"confidence_level":0.95,"lower_bound":12240.276030158282,"upper_bound":19210.323969994988},"point_estimate":15935.919373096396,"standard_error":1786.8623526633826}}