{"mean":{"confidence_interval":{"confidence_level":0.95,"lower_bound":1348498.2258458552,"upper_bound":1357534.82250846},"point_estimate":1352155.8385180766,"standard_error":2371.9822178055533},"median":{"confidence_interval":{"confidence_level":0.95,"lower_bound":1348297.407002801,"upper_bound":1349574.451754386},"point_estimate":1348828.181547619,"standard_error":348.4541348887711},"median_abs_dev":{"confidence_interval":{"confidence_level":0.95,"lower_bound":2415.7027786513286,"upper_bound":3882.4330409781955},"point_estimate":2980.4324200497995,"standard_error":386.54619077360513},"slope":{"confidence_interval":{"confidence_level":0.95,"lower_bound":1347912.2629740941,"upper_bound":1359014.48965013},"point_estimate":1352496.023389981,"standard_error":2878.688410432776},"std_dev":{"confidence_interval":{"confidence_level":0.95,"lower_bound":3598.278755610164,"upper_bound":38164.96604785735},"point_estimate":23780.319226166313,"standard_error":9364.708554310517}}