{"mean":{"confidence_interval":{"confidence_level":0.95,"lower_bound":180515.97440047932,"upper_bound":181851.25428282504},"point_estimate":181168.35229904618,"standard_error":340.57103655173535},"median":{"confidence_interval":{"confidence_level":0.95,"lower_bound":180004.6117948718,"upper_bound":181520.1124497992},"point_estimate":180624.88780399156,"standard_error":381.6689979930706},"median_abs_dev":{"confidence_interval":{"confidence_level":0.95,"lower_bound":2137.444203510435,"upper_bound":3776.4283909513556},"point_estimate":3007.9638678623405,"standard_error":410.6462962627475},"slope":{"confidence_interval":{"confidence_level":0.95,"lower_bound":180220.26249388757,"upper_bound":181442.3864185955},"point_estimate":180820.24054578593,"standard_error":310.5103853853216},"std_dev":{"confidence_interval":{"confidence_level":0.95,"lower_bound":2830.470371305068,"upper_bound":4001.958603426758},"point_estimate":3429.4117571733527,"standard_error":299.07502119277314}}