{"mean":{"confidence_interval":{"confidence_level":0.95,"lower_bound":11993445.986850003,"upper_bound":12183068.734900007},"point_estimate":12086485.506,"standard_error":48327.39656974666},"median":{"confidence_interval":{"confidence_level":0.95,"lower_bound":11900492.9,"upper_bound":12180822.2},"point_estimate":11990052.600000001,"standard_error":76016.13010527588},"median_abs_dev":{"confidence_interval":{"confidence_level":0.95,"lower_bound":353822.6319783921,"upper_bound":569367.4750712056},"point_estimate":437072.3996204163,"standard_error":55919.355703799454},"slope":null,"std_dev":{"confidence_interval":{"confidence_level":0.95,"lower_bound":404878.46451970056,"upper_bound":564490.3328042062},"point_estimate":488053.30248342635,"standard_error":40751.05532902643}}