{"mean":{"confidence_interval":{"confidence_level":0.95,"lower_bound":9344170.706625002,"upper_bound":9477263.955416664},"point_estimate":9412057.985,"standard_error":33941.12223400166},"median":{"confidence_interval":{"confidence_level":0.95,"lower_bound":9368023.666666666,"upper_bound":9535477.5},"point_estimate":9444426.666666666,"standard_error":42010.180002318404},"median_abs_dev":{"confidence_interval":{"confidence_level":0.95,"lower_bound":221484.7174191103,"upper_bound":383260.3710457692},"point_estimate":300380.6850671768,"standard_error":44309.87102692475},"slope":null,"std_dev":{"confidence_interval":{"confidence_level":0.95,"lower_bound":278639.2834581975,"upper_bound":402402.9837586282},"point_estimate":340734.32012072386,"standard_error":31848.032310782677}}