{"mean":{"confidence_interval":{"confidence_level":0.95,"lower_bound":223710.19999323168,"upper_bound":225106.56845932757},"point_estimate":224395.72466255858,"standard_error":357.35163832106235},"median":{"confidence_interval":{"confidence_level":0.95,"lower_bound":222853.29589041095,"upper_bound":224568.86179467087},"point_estimate":223737.21250000002,"standard_error":390.2966249815429},"median_abs_dev":{"confidence_interval":{"confidence_level":0.95,"lower_bound":2367.0277993446257,"upper_bound":4090.4119958031433},"point_estimate":3401.5477421286932,"standard_error":447.9301864653105},"slope":{"confidence_interval":{"confidence_level":0.95,"lower_bound":223717.37412122262,"upper_bound":225163.54430853672},"point_estimate":224414.3074065317,"standard_error":369.80763906361204},"std_dev":{"confidence_interval":{"confidence_level":0.95,"lower_bound":2945.605136380609,"upper_bound":4201.560552897365},"point_estimate":3590.291113568646,"standard_error":321.5523780368745}}