{"mean":{"confidence_interval":{"confidence_level":0.95,"lower_bound":257932.5974404075,"upper_bound":258868.62959102078},"point_estimate":258390.79754614513,"standard_error":239.1147704104886},"median":{"confidence_interval":{"confidence_level":0.95,"lower_bound":257538.72972972973,"upper_bound":258480.62820512822},"point_estimate":258150.62843406593,"standard_error":253.16178744802872},"median_abs_dev":{"confidence_interval":{"confidence_level":0.95,"lower_bound":1602.7053350209724,"upper_bound":2954.3021663864283},"point_estimate":2191.120575084065,"standard_error":345.7329227979171},"slope":{"confidence_interval":{"confidence_level":0.95,"lower_bound":257416.42789028006,"upper_bound":258359.08353181634},"point_estimate":257865.11943623467,"standard_error":240.37402121671172},"std_dev":{"confidence_interval":{"confidence_level":0.95,"lower_bound":1993.6470071002298,"upper_bound":2752.6105924333474},"point_estimate":2390.1061504722347,"standard_error":193.82461936513957}}