{"mean":{"confidence_interval":{"confidence_level":0.95,"lower_bound":258212.5632082833,"upper_bound":260193.486248485},"point_estimate":259079.42646721672,"standard_error":510.47718898337416},"median":{"confidence_interval":{"confidence_level":0.95,"lower_bound":257917.35381543922,"upper_bound":258857.65472379734},"point_estimate":258501.84667249632,"standard_error":284.18971355108204},"median_abs_dev":{"confidence_interval":{"confidence_level":0.95,"lower_bound":1360.387697945293,"upper_bound":2341.0692028577714},"point_estimate":1976.5199717279324,"standard_error":249.15567936683277},"slope":{"confidence_interval":{"confidence_level":0.95,"lower_bound":258495.17372077898,"upper_bound":261939.6470418139},"point_estimate":259744.08494606178,"standard_error":953.6652340958868},"std_dev":{"confidence_interval":{"confidence_level":0.95,"lower_bound":2296.8276651216156,"upper_bound":7812.731666361816},"point_estimate":5116.687459392489,"standard_error":1589.1486556821424}}