{"mean":{"confidence_interval":{"confidence_level":0.95,"lower_bound":656982.8546078512,"upper_bound":658995.1198341596},"point_estimate":657946.5009623737,"standard_error":509.7708207646512},"median":{"confidence_interval":{"confidence_level":0.95,"lower_bound":656878.9545454546,"upper_bound":657867.4354838709},"point_estimate":657417.5221734892,"standard_error":251.77631172504988},"median_abs_dev":{"confidence_interval":{"confidence_level":0.95,"lower_bound":1857.0279839141638,"upper_bound":3359.401659108727},"point_estimate":2483.0481395580973,"standard_error":377.1586623142144},"slope":{"confidence_interval":{"confidence_level":0.95,"lower_bound":657304.401368818,"upper_bound":659542.8050015488},"point_estimate":658242.6848825181,"standard_error":579.2362510539087},"std_dev":{"confidence_interval":{"confidence_level":0.95,"lower_bound":3153.3026111134027,"upper_bound":6999.420888193604},"point_estimate":5123.583778577411,"standard_error":993.18416141499}}