{"mean":{"confidence_interval":{"confidence_level":0.95,"lower_bound":627033.9008804188,"upper_bound":628695.0419723429},"point_estimate":627858.9375080689,"standard_error":423.32553343287026},"median":{"confidence_interval":{"confidence_level":0.95,"lower_bound":626995.3170731707,"upper_bound":628552.8244680851},"point_estimate":627428.486716792,"standard_error":380.3914395223085},"median_abs_dev":{"confidence_interval":{"confidence_level":0.95,"lower_bound":2410.5488624828567,"upper_bound":3639.87762027514},"point_estimate":3193.3035251702536,"standard_error":319.8944318155648},"slope":{"confidence_interval":{"confidence_level":0.95,"lower_bound":627459.2795331142,"upper_bound":628547.0215320559},"point_estimate":628009.0220127087,"standard_error":276.76474175728504},"std_dev":{"confidence_interval":{"confidence_level":0.95,"lower_bound":2939.3638717551885,"upper_bound":5547.299403314015},"point_estimate":4263.044104452349,"standard_error":676.231985985598}}