{"mean":{"confidence_interval":{"confidence_level":0.95,"lower_bound":332638.02417781844,"upper_bound":336021.37809464737},"point_estimate":334177.17129894334,"standard_error":866.193019175602},"median":{"confidence_interval":{"confidence_level":0.95,"lower_bound":331666.16875653085,"upper_bound":333210.0173160173},"point_estimate":332615.63970588235,"standard_error":392.0595342146122},"median_abs_dev":{"confidence_interval":{"confidence_level":0.95,"lower_bound":2206.9969422820104,"upper_bound":3331.676696406531},"point_estimate":2768.4855007420315,"standard_error":278.55644963280594},"slope":{"confidence_interval":{"confidence_level":0.95,"lower_bound":332364.79285504075,"upper_bound":334167.5156458308},"point_estimate":333176.43733116594,"standard_error":461.32801458765533},"std_dev":{"confidence_interval":{"confidence_level":0.95,"lower_bound":4979.444912118865,"upper_bound":11701.032022235991},"point_estimate":8666.771528645326,"standard_error":1715.0775598569546}}