{"mean":{"confidence_interval":{"confidence_level":0.95,"lower_bound":231524.4205684911,"upper_bound":232472.64483212633},"point_estimate":231981.92644279663,"standard_error":242.37937377415213},"median":{"confidence_interval":{"confidence_level":0.95,"lower_bound":231270.4976744186,"upper_bound":231946.5798627451},"point_estimate":231532.16273637375,"standard_error":170.50231064867302},"median_abs_dev":{"confidence_interval":{"confidence_level":0.95,"lower_bound":1456.9814337528392,"upper_bound":2264.3480314618773},"point_estimate":2004.4421095545474,"standard_error":196.17315593122646},"slope":{"confidence_interval":{"confidence_level":0.95,"lower_bound":231257.04449177417,"upper_bound":232040.70621049014},"point_estimate":231636.18411349194,"standard_error":199.87375321618052},"std_dev":{"confidence_interval":{"confidence_level":0.95,"lower_bound":1852.1493033123668,"upper_bound":2959.770989127555},"point_estimate":2432.158315766132,"standard_error":283.83088608103776}}