{"mean":{"confidence_interval":{"confidence_level":0.95,"lower_bound":235257.80402292171,"upper_bound":236517.2860229519},"point_estimate":235880.9546407788,"standard_error":319.9538999229841},"median":{"confidence_interval":{"confidence_level":0.95,"lower_bound":235080.88888888888,"upper_bound":235847.78095238097},"point_estimate":235421.82465753425,"standard_error":214.04053714993222},"median_abs_dev":{"confidence_interval":{"confidence_level":0.95,"lower_bound":1183.892761043049,"upper_bound":2614.6059355733473},"point_estimate":2015.4180140063959,"standard_error":389.1205410259037},"slope":{"confidence_interval":{"confidence_level":0.95,"lower_bound":235153.45557217134,"upper_bound":236131.31660043087},"point_estimate":235619.58604049063,"standard_error":249.65799927177642},"std_dev":{"confidence_interval":{"confidence_level":0.95,"lower_bound":2460.9531541478204,"upper_bound":3881.6029676414255},"point_estimate":3201.699146346652,"standard_error":362.4368249021885}}