{"mean":{"confidence_interval":{"confidence_level":0.95,"lower_bound":820817.4994489587,"upper_bound":822275.7523385884},"point_estimate":821544.9018563603,"standard_error":372.16468190689625},"median":{"confidence_interval":{"confidence_level":0.95,"lower_bound":820524.1511627907,"upper_bound":822477.8421052631},"point_estimate":821540.768622449,"standard_error":510.7550761251736},"median_abs_dev":{"confidence_interval":{"confidence_level":0.95,"lower_bound":2538.6072178221348,"upper_bound":4202.473331928767},"point_estimate":3257.763343415912,"standard_error":427.68883260333223},"slope":{"confidence_interval":{"confidence_level":0.95,"lower_bound":821292.6503618052,"upper_bound":822454.4910106532},"point_estimate":821872.4022772277,"standard_error":296.28964493623556},"std_dev":{"confidence_interval":{"confidence_level":0.95,"lower_bound":3145.5738919465302,"upper_bound":4285.827278009924},"point_estimate":3737.488851459009,"standard_error":291.35379390967836}}