{"mean":{"confidence_interval":{"confidence_level":0.95,"lower_bound":227890.9697203303,"upper_bound":228849.26276485092},"point_estimate":228366.87145931233,"standard_error":244.64584042684197},"median":{"confidence_interval":{"confidence_level":0.95,"lower_bound":227690.33731343283,"upper_bound":228812.3370892019},"point_estimate":228392.14743589744,"standard_error":259.7117100646884},"median_abs_dev":{"confidence_interval":{"confidence_level":0.95,"lower_bound":1722.2623361597307,"upper_bound":3002.5101145897884},"point_estimate":2324.606213993144,"standard_error":329.3072135953318},"slope":{"confidence_interval":{"confidence_level":0.95,"lower_bound":228384.84590580378,"upper_bound":229577.48777361438},"point_estimate":228976.9465246047,"standard_error":305.13042567103025},"std_dev":{"confidence_interval":{"confidence_level":0.95,"lower_bound":2085.1900365081847,"upper_bound":2790.6439904925965},"point_estimate":2458.1211365954764,"standard_error":180.71864881600143}}