{"mean":{"confidence_interval":{"confidence_level":0.95,"lower_bound":25454782.322875,"upper_bound":25492081.7455},"point_estimate":25472650.02,"standard_error":9531.320565833335},"median":{"confidence_interval":{"confidence_level":0.95,"lower_bound":25442270.25,"upper_bound":25481243.5},"point_estimate":25457038.25,"standard_error":9631.931384136467},"median_abs_dev":{"confidence_interval":{"confidence_level":0.95,"lower_bound":56880.31864017248,"upper_bound":91518.30182522535},"point_estimate":73177.05755084753,"standard_error":8712.192566080355},"slope":null,"std_dev":{"confidence_interval":{"confidence_level":0.95,"lower_bound":68728.26642856162,"upper_bound":121670.574861623},"point_estimate":95867.78281810418,"standard_error":13625.095550864064}}