{"mean":{"confidence_interval":{"confidence_level":0.95,"lower_bound":11509124.3159,"upper_bound":11517912.245900003},"point_estimate":11513491.242,"standard_error":2237.7382356587073},"median":{"confidence_interval":{"confidence_level":0.95,"lower_bound":11509532.899999999,"upper_bound":11520705.0},"point_estimate":11513884.2,"standard_error":2426.9091740420654},"median_abs_dev":{"confidence_interval":{"confidence_level":0.95,"lower_bound":15487.765648036346,"upper_bound":25194.043742718433},"point_estimate":20025.181324481688,"standard_error":2543.11356060378},"slope":null,"std_dev":{"confidence_interval":{"confidence_level":0.95,"lower_bound":18641.896293070167,"upper_bound":26438.39737672048},"point_estimate":22536.099265769186,"standard_error":1993.8625118834823}}