{"mean":{"confidence_interval":{"confidence_level":0.95,"lower_bound":120146.81353313247,"upper_bound":121038.68616040399},"point_estimate":120587.01559141465,"standard_error":227.0069270507724},"median":{"confidence_interval":{"confidence_level":0.95,"lower_bound":120129.86111111111,"upper_bound":120856.11029411765},"point_estimate":120592.53926161918,"standard_error":177.56962104310483},"median_abs_dev":{"confidence_interval":{"confidence_level":0.95,"lower_bound":1122.5837595015923,"upper_bound":1820.6699734743659},"point_estimate":1393.0318049461616,"standard_error":176.079804575115},"slope":{"confidence_interval":{"confidence_level":0.95,"lower_bound":120184.25929659941,"upper_bound":120833.58197249022},"point_estimate":120501.35604773164,"standard_error":164.79715729668388},"std_dev":{"confidence_interval":{"confidence_level":0.95,"lower_bound":1606.2797458094385,"upper_bound":2923.5048218387697},"point_estimate":2283.8081249239794,"standard_error":337.24023817999654}}