{"mean":{"confidence_interval":{"confidence_level":0.95,"lower_bound":150436.81083372363,"upper_bound":151214.14575281754},"point_estimate":150824.8562784118,"standard_error":198.68534494593945},"median":{"confidence_interval":{"confidence_level":0.95,"lower_bound":150364.32583333334,"upper_bound":150972.24305555556},"point_estimate":150607.45740946045,"standard_error":149.86589780473417},"median_abs_dev":{"confidence_interval":{"confidence_level":0.95,"lower_bound":1065.8256194262383,"upper_bound":1817.9722307927411},"point_estimate":1360.7576628348043,"standard_error":199.36096716838873},"slope":{"confidence_interval":{"confidence_level":0.95,"lower_bound":150488.27686006972,"upper_bound":151156.1131900141},"point_estimate":150818.4903081129,"standard_error":170.38073657862637},"std_dev":{"confidence_interval":{"confidence_level":0.95,"lower_bound":1608.146529899644,"upper_bound":2342.744602807455},"point_estimate":1995.1407194146534,"standard_error":187.5957003220793}}