{"mean":{"confidence_interval":{"confidence_level":0.95,"lower_bound":465963.12787218456,"upper_bound":470947.8675443337},"point_estimate":468050.7275374785,"standard_error":1290.8033611033106},"median":{"confidence_interval":{"confidence_level":0.95,"lower_bound":465826.513480035,"upper_bound":467196.2170485341},"point_estimate":466364.8382961125,"standard_error":391.9249051024692},"median_abs_dev":{"confidence_interval":{"confidence_level":0.95,"lower_bound":3061.6018489633034,"upper_bound":5579.666483947643},"point_estimate":4624.543190081555,"standard_error":620.9214872983671},"slope":{"confidence_interval":{"confidence_level":0.95,"lower_bound":466372.78406824643,"upper_bound":468101.89001184894},"point_estimate":467223.17811733414,"standard_error":441.50289654947295},"std_dev":{"confidence_interval":{"confidence_level":0.95,"lower_bound":5054.448958471176,"upper_bound":20576.955378672814},"point_estimate":12958.95310129757,"standard_error":4745.7184555258755}}