{"mean":{"confidence_interval":{"confidence_level":0.95,"lower_bound":510079.75284082664,"upper_bound":516990.20234792476},"point_estimate":513394.11081394315,"standard_error":1765.3230623704237},"median":{"confidence_interval":{"confidence_level":0.95,"lower_bound":506185.8551474759,"upper_bound":508597.05555555556},"point_estimate":507381.2753968254,"standard_error":677.800636135439},"median_abs_dev":{"confidence_interval":{"confidence_level":0.95,"lower_bound":5124.8483607682265,"upper_bound":9795.105601102172},"point_estimate":8006.550261134008,"standard_error":1208.9452980721437},"slope":{"confidence_interval":{"confidence_level":0.95,"lower_bound":516762.9764521245,"upper_bound":529398.3798329082},"point_estimate":523132.3851765923,"standard_error":3226.6157905484974},"std_dev":{"confidence_interval":{"confidence_level":0.95,"lower_bound":12964.566284773828,"upper_bound":21668.284530176596},"point_estimate":17748.178686334537,"standard_error":2215.607798718968}}