{"mean":{"confidence_interval":{"confidence_level":0.95,"lower_bound":475214.0668947274,"upper_bound":476515.54762654303},"point_estimate":475842.3990726675,"standard_error":332.1613977537224},"median":{"confidence_interval":{"confidence_level":0.95,"lower_bound":475171.10714285716,"upper_bound":476228.925},"point_estimate":475544.0026209114,"standard_error":286.52263887006666},"median_abs_dev":{"confidence_interval":{"confidence_level":0.95,"lower_bound":1544.8850123164034,"upper_bound":2811.9275009330654},"point_estimate":2150.720946580309,"standard_error":334.398122096717},"slope":{"confidence_interval":{"confidence_level":0.95,"lower_bound":475186.2385844294,"upper_bound":476129.3211171226},"point_estimate":475641.88150583714,"standard_error":240.86742715961617},"std_dev":{"confidence_interval":{"confidence_level":0.95,"lower_bound":2385.6635319207826,"upper_bound":4383.206321057725},"point_estimate":3336.3514164029743,"standard_error":528.1446643750762}}