{"mean":{"confidence_interval":{"confidence_level":0.95,"lower_bound":695879.2575232001,"upper_bound":697311.3998004866},"point_estimate":696611.4056735182,"standard_error":363.69226712204744},"median":{"confidence_interval":{"confidence_level":0.95,"lower_bound":695869.0763888889,"upper_bound":696822.779535865},"point_estimate":696208.8147355716,"standard_error":249.7124804807011},"median_abs_dev":{"confidence_interval":{"confidence_level":0.95,"lower_bound":1820.078204874233,"upper_bound":3438.367956900204},"point_estimate":2558.8364014946137,"standard_error":449.53567625961995},"slope":{"confidence_interval":{"confidence_level":0.95,"lower_bound":695703.9385630373,"upper_bound":696878.5551687459},"point_estimate":696283.6876370622,"standard_error":298.64445339836163},"std_dev":{"confidence_interval":{"confidence_level":0.95,"lower_bound":2699.804143670164,"upper_bound":4727.326341823032},"point_estimate":3663.600361015941,"standard_error":537.2188922013836}}