{"mean":{"confidence_interval":{"confidence_level":0.95,"lower_bound":514795.3534998472,"upper_bound":521141.4798213214},"point_estimate":517589.1089890032,"standard_error":1625.6792317545537},"median":{"confidence_interval":{"confidence_level":0.95,"lower_bound":514323.4875,"upper_bound":517496.1950665859},"point_estimate":516053.86735330836,"standard_error":748.9812311268943},"median_abs_dev":{"confidence_interval":{"confidence_level":0.95,"lower_bound":5640.507121860939,"upper_bound":10917.49964067934},"point_estimate":7924.646823713258,"standard_error":1236.9525874586793},"slope":{"confidence_interval":{"confidence_level":0.95,"lower_bound":515942.37392047816,"upper_bound":519171.9166896646},"point_estimate":517586.5881794,"standard_error":823.9606590453143},"std_dev":{"confidence_interval":{"confidence_level":0.95,"lower_bound":8402.807901630487,"upper_bound":24921.606200201157},"point_estimate":16351.917955973639,"standard_error":5071.773494874077}}