{"mean":{"confidence_interval":{"confidence_level":0.95,"lower_bound":268285.04052139184,"upper_bound":269245.75249445054},"point_estimate":268741.52329173224,"standard_error":243.89876604200379},"median":{"confidence_interval":{"confidence_level":0.95,"lower_bound":268287.5904255319,"upper_bound":268971.1992753623},"point_estimate":268596.8769957641,"standard_error":172.2792675167183},"median_abs_dev":{"confidence_interval":{"confidence_level":0.95,"lower_bound":1230.5862933180545,"upper_bound":1907.8967171359623},"point_estimate":1594.9086292863633,"standard_error":174.202853990878},"slope":{"confidence_interval":{"confidence_level":0.95,"lower_bound":268802.2458664953,"upper_bound":269436.2426883878},"point_estimate":269112.69017659227,"standard_error":162.11589695433642},"std_dev":{"confidence_interval":{"confidence_level":0.95,"lower_bound":1653.617015445606,"upper_bound":3301.3241144972726},"point_estimate":2456.5258766101306,"standard_error":436.7654588629934}}