{"mean":{"confidence_interval":{"confidence_level":0.95,"lower_bound":475943.14661636855,"upper_bound":477474.4101608213},"point_estimate":476654.0237497195,"standard_error":393.46135809480097},"median":{"confidence_interval":{"confidence_level":0.95,"lower_bound":475214.3823529412,"upper_bound":476265.1875},"point_estimate":475780.34059350507,"standard_error":304.9981134922713},"median_abs_dev":{"confidence_interval":{"confidence_level":0.95,"lower_bound":2069.8239453222905,"upper_bound":3693.4665225562076},"point_estimate":2939.054756542288,"standard_error":418.35234314228126},"slope":{"confidence_interval":{"confidence_level":0.95,"lower_bound":475286.7537923732,"upper_bound":476570.6456354983},"point_estimate":475905.310412295,"standard_error":328.5534678685062},"std_dev":{"confidence_interval":{"confidence_level":0.95,"lower_bound":2653.7443171417867,"upper_bound":5504.384084185914},"point_estimate":3969.6810432088023,"standard_error":837.7956663239647}}