{"mean":{"confidence_interval":{"confidence_level":0.95,"lower_bound":468473.4392932952,"upper_bound":470439.38057307753},"point_estimate":469394.8362594119,"standard_error":500.99675505168227},"median":{"confidence_interval":{"confidence_level":0.95,"lower_bound":467890.1724957555,"upper_bound":469456.86805555556},"point_estimate":468335.0809294871,"standard_error":416.6548699951338},"median_abs_dev":{"confidence_interval":{"confidence_level":0.95,"lower_bound":2735.9936072442224,"upper_bound":4868.32272431997},"point_estimate":3932.2419259273934,"standard_error":515.4461330275952},"slope":{"confidence_interval":{"confidence_level":0.95,"lower_bound":468199.4295896064,"upper_bound":470657.42623737897},"point_estimate":469361.74275306636,"standard_error":627.7670671795305},"std_dev":{"confidence_interval":{"confidence_level":0.95,"lower_bound":3431.521893204957,"upper_bound":6887.372773439154},"point_estimate":5035.520013393037,"standard_error":989.3631100932845}}