{"mean":{"confidence_interval":{"confidence_level":0.95,"lower_bound":3133623.3541250005,"upper_bound":3139884.2815714288},"point_estimate":3136596.312857143,"standard_error":1594.4832350573286},"median":{"confidence_interval":{"confidence_level":0.95,"lower_bound":3133932.5,"upper_bound":3137523.3928571427},"point_estimate":3135470.9642857146,"standard_error":945.8837076366331},"median_abs_dev":{"confidence_interval":{"confidence_level":0.95,"lower_bound":8777.256594171955,"upper_bound":14094.548449771548},"point_estimate":11425.338997159635,"standard_error":1365.177745762145},"slope":null,"std_dev":{"confidence_interval":{"confidence_level":0.95,"lower_bound":11402.930439026337,"upper_bound":21373.33680083544},"point_estimate":16057.165621943745,"standard_error":2684.3887897030913}}