{"mean":{"confidence_interval":{"confidence_level":0.95,"lower_bound":3225149.1810192303,"upper_bound":3233384.542884615},"point_estimate":3229252.22923077,"standard_error":2104.956967814769},"median":{"confidence_interval":{"confidence_level":0.95,"lower_bound":3221502.923076923,"upper_bound":3231516.923076923},"point_estimate":3227586.423076923,"standard_error":2340.1309985580288},"median_abs_dev":{"confidence_interval":{"confidence_level":0.95,"lower_bound":17227.982763373093,"upper_bound":28617.429807323595},"point_estimate":23735.34214015193,"standard_error":3045.5485338261924},"slope":null,"std_dev":{"confidence_interval":{"confidence_level":0.95,"lower_bound":18407.734874400456,"upper_bound":23681.148527889454},"point_estimate":21194.424624011506,"standard_error":1342.1596926459965}}