{"mean":{"confidence_interval":{"confidence_level":0.95,"lower_bound":2618433.9998235297,"upper_bound":2644973.8922352945},"point_estimate":2630131.9699999993,"standard_error":6826.703987942873},"median":{"confidence_interval":{"confidence_level":0.95,"lower_bound":2606912.9411764704,"upper_bound":2624992.882352941},"point_estimate":2619274.9411764704,"standard_error":4575.942346077727},"median_abs_dev":{"confidence_interval":{"confidence_level":0.95,"lower_bound":22038.630579324552,"upper_bound":34680.673343118746},"point_estimate":30310.70992070041,"standard_error":3166.8971331599173},"slope":null,"std_dev":{"confidence_interval":{"confidence_level":0.95,"lower_bound":24675.038152013964,"upper_bound":100564.41873498626},"point_estimate":68750.76366332023,"standard_error":19100.916376182293}}