{"mean":{"confidence_interval":{"confidence_level":0.95,"lower_bound":0.012671504591417545,"upper_bound":0.018005154955563624},"point_estimate":0.015159351287294065,"standard_error":0.0013426637216279282},"median":{"confidence_interval":{"confidence_level":0.95,"lower_bound":0.013014925825996837,"upper_bound":0.01729857940739321},"point_estimate":0.015331143201700037,"standard_error":0.001095964122963338}}