{"mean":{"confidence_interval":{"confidence_level":0.95,"lower_bound":-0.03519268561713045,"upper_bound":-0.01058581031736448},"point_estimate":-0.02303559841937053,"standard_error":0.006298193411649213},"median":{"confidence_interval":{"confidence_level":0.95,"lower_bound":-0.05501478813295635,"upper_bound":-0.04573982713133481},"point_estimate":-0.05037803719602996,"standard_error":0.0023102448781501536}}