{"mean":{"confidence_interval":{"confidence_level":0.95,"lower_bound":0.023743870769445802,"upper_bound":0.028651335288745083},"point_estimate":0.0263331928062438,"standard_error":0.0012526700991755035},"median":{"confidence_interval":{"confidence_level":0.95,"lower_bound":0.026807382694363557,"upper_bound":0.03107155646579409},"point_estimate":0.028923692838852988,"standard_error":0.0010942210181699662}}