{"mean":{"confidence_interval":{"confidence_level":0.95,"lower_bound":0.08027142349637692,"upper_bound":0.08661186507510275},"point_estimate":0.08372439899430995,"standard_error":0.0016217502237724057},"median":{"confidence_interval":{"confidence_level":0.95,"lower_bound":0.08301061905617169,"upper_bound":0.08934173162966452},"point_estimate":0.08603963709205265,"standard_error":0.0016595920444730779}}