{"mean":{"confidence_interval":{"confidence_level":0.95,"lower_bound":0.038223337721425145,"upper_bound":0.04310440983363278},"point_estimate":0.04064555092069,"standard_error":0.0012541935889236033},"median":{"confidence_interval":{"confidence_level":0.95,"lower_bound":0.036397849134744774,"upper_bound":0.04301021790529615},"point_estimate":0.04012915995349986,"standard_error":0.001753707066114087}}