{"mean":{"confidence_interval":{"confidence_level":0.95,"lower_bound":0.09292923598710148,"upper_bound":0.11452262442922974},"point_estimate":0.10333702750726359,"standard_error":0.005530327833644811},"median":{"confidence_interval":{"confidence_level":0.95,"lower_bound":0.06682639552404201,"upper_bound":0.12495894818656206},"point_estimate":0.09295571788767587,"standard_error":0.014265007445806823}}