{"mean":{"confidence_interval":{"confidence_level":0.95,"lower_bound":0.020093464131930742,"upper_bound":0.027243519021907445},"point_estimate":0.023528316926222814,"standard_error":0.001830042844903243},"median":{"confidence_interval":{"confidence_level":0.95,"lower_bound":0.021409539991586124,"upper_bound":0.024844738623990174},"point_estimate":0.02339165624884032,"standard_error":0.0008933157260017175}}