{"mean":{"confidence_interval":{"confidence_level":0.95,"lower_bound":0.02591875118277179,"upper_bound":0.037392116853629614},"point_estimate":0.031875397027425256,"standard_error":0.002933128586072574},"median":{"confidence_interval":{"confidence_level":0.95,"lower_bound":0.037757422466211166,"upper_bound":0.0438253489790853},"point_estimate":0.040562562405824565,"standard_error":0.0015469672425190183}}