{"mean":{"confidence_interval":{"confidence_level":0.95,"lower_bound":239472.07098510876,"upper_bound":241176.21226959134},"point_estimate":240237.85990833235,"standard_error":436.3661886433607},"median":{"confidence_interval":{"confidence_level":0.95,"lower_bound":239099.7844827586,"upper_bound":239775.7564484127},"point_estimate":239423.78163530177,"standard_error":164.93421506168056},"median_abs_dev":{"confidence_interval":{"confidence_level":0.95,"lower_bound":1335.6257744406432,"upper_bound":2527.8837650585924},"point_estimate":2005.5822169163314,"standard_error":304.6775951182355},"slope":{"confidence_interval":{"confidence_level":0.95,"lower_bound":239326.27914024616,"upper_bound":240460.86504190622},"point_estimate":239856.6831254618,"standard_error":290.1515466750774},"std_dev":{"confidence_interval":{"confidence_level":0.95,"lower_bound":2426.891619611909,"upper_bound":6401.136986793771},"point_estimate":4375.955084003326,"standard_error":1135.8871561248982}}