{"mean":{"confidence_interval":{"confidence_level":0.95,"lower_bound":269657.2080085048,"upper_bound":271578.006944912},"point_estimate":270528.88864269876,"standard_error":491.92196587372297},"median":{"confidence_interval":{"confidence_level":0.95,"lower_bound":268791.8947368421,"upper_bound":270383.4366197183},"point_estimate":269597.98606612685,"standard_error":450.2334177662463},"median_abs_dev":{"confidence_interval":{"confidence_level":0.95,"lower_bound":2090.636820049124,"upper_bound":3552.2132708939403},"point_estimate":3078.400825317362,"standard_error":369.49292975151315},"slope":{"confidence_interval":{"confidence_level":0.95,"lower_bound":269064.6494748296,"upper_bound":271032.1595618318},"point_estimate":269943.94511600415,"standard_error":506.00286717851657},"std_dev":{"confidence_interval":{"confidence_level":0.95,"lower_bound":2733.289947786019,"upper_bound":7060.8975589077345},"point_estimate":4924.553127846121,"standard_error":1153.645595845178}}