{"mean":{"confidence_interval":{"confidence_level":0.95,"lower_bound":397719.1313170999,"upper_bound":398722.4125283763},"point_estimate":398191.4566338158,"standard_error":255.55085914819475},"median":{"confidence_interval":{"confidence_level":0.95,"lower_bound":397591.83157894737,"upper_bound":398405.2},"point_estimate":397958.8296453233,"standard_error":217.8919235448828},"median_abs_dev":{"confidence_interval":{"confidence_level":0.95,"lower_bound":1295.2401459442813,"upper_bound":2069.2591543576573},"point_estimate":1724.4460209211027,"standard_error":199.34273061087197},"slope":{"confidence_interval":{"confidence_level":0.95,"lower_bound":397821.8301881838,"upper_bound":398606.7123079844},"point_estimate":398212.25891630957,"standard_error":199.4398685524865},"std_dev":{"confidence_interval":{"confidence_level":0.95,"lower_bound":1606.5788342741832,"upper_bound":3622.9682763780093},"point_estimate":2561.426895136635,"standard_error":556.4372879228758}}