{"mean":{"confidence_interval":{"confidence_level":0.95,"lower_bound":151626.5390365319,"upper_bound":152445.69421135492},"point_estimate":152016.2747923025,"standard_error":208.39752532682033},"median":{"confidence_interval":{"confidence_level":0.95,"lower_bound":151501.51199372057,"upper_bound":152164.67452284557},"point_estimate":151849.69674096588,"standard_error":169.69677253504227},"median_abs_dev":{"confidence_interval":{"confidence_level":0.95,"lower_bound":1061.90427428638,"upper_bound":1687.5176589031419},"point_estimate":1358.6665077228276,"standard_error":161.65182400030233},"slope":{"confidence_interval":{"confidence_level":0.95,"lower_bound":151626.8737499728,"upper_bound":152185.4173782372},"point_estimate":151899.76847769637,"standard_error":142.75542942551684},"std_dev":{"confidence_interval":{"confidence_level":0.95,"lower_bound":1488.071790979805,"upper_bound":2736.2495538007774},"point_estimate":2100.215072125466,"standard_error":326.7301028839438}}