{"mean":{"confidence_interval":{"confidence_level":0.95,"lower_bound":282489.38237888407,"upper_bound":283858.69133982284},"point_estimate":283174.7707452022,"standard_error":348.6145090992568},"median":{"confidence_interval":{"confidence_level":0.95,"lower_bound":282215.9220006184,"upper_bound":283746.26123595505},"point_estimate":282940.7529980658,"standard_error":406.3345006022622},"median_abs_dev":{"confidence_interval":{"confidence_level":0.95,"lower_bound":2317.7231785890053,"upper_bound":3846.9129623286194},"point_estimate":3144.5870096478234,"standard_error":377.67604245795815},"slope":{"confidence_interval":{"confidence_level":0.95,"lower_bound":282655.3597229174,"upper_bound":283996.99033717276},"point_estimate":283331.70396261266,"standard_error":341.45080773050967},"std_dev":{"confidence_interval":{"confidence_level":0.95,"lower_bound":2908.5408352815753,"upper_bound":4091.0334349899217},"point_estimate":3518.078903722542,"standard_error":301.27472984539446}}