{"mean":{"confidence_interval":{"confidence_level":0.95,"lower_bound":235324.11337168215,"upper_bound":236892.60793581445},"point_estimate":236059.53343721424,"standard_error":400.83439122888944},"median":{"confidence_interval":{"confidence_level":0.95,"lower_bound":234754.68723404256,"upper_bound":235789.6639344262},"point_estimate":235402.9795031056,"standard_error":279.8619484832795},"median_abs_dev":{"confidence_interval":{"confidence_level":0.95,"lower_bound":1853.8250248724694,"upper_bound":3354.5209488203427},"point_estimate":2782.2965108665794,"standard_error":382.19034251687555},"slope":{"confidence_interval":{"confidence_level":0.95,"lower_bound":234802.44478852113,"upper_bound":235865.63219090964},"point_estimate":235325.01591665435,"standard_error":271.4571157302931},"std_dev":{"confidence_interval":{"confidence_level":0.95,"lower_bound":2624.6084626322317,"upper_bound":5248.1430125206625},"point_estimate":4023.3630824580246,"standard_error":664.7252481258821}}