{"mean":{"confidence_interval":{"confidence_level":0.95,"lower_bound":269087.5884527666,"upper_bound":270874.3100119963},"point_estimate":269950.7513477705,"standard_error":457.8067851246763},"median":{"confidence_interval":{"confidence_level":0.95,"lower_bound":268374.75793650793,"upper_bound":269798.13298872183},"point_estimate":268912.5148305085,"standard_error":336.0763345056264},"median_abs_dev":{"confidence_interval":{"confidence_level":0.95,"lower_bound":2200.2474548981654,"upper_bound":3706.490867146972},"point_estimate":3214.998451307326,"standard_error":403.394267889525},"slope":{"confidence_interval":{"confidence_level":0.95,"lower_bound":267408.7467954992,"upper_bound":268616.1515777406},"point_estimate":267999.6367171568,"standard_error":307.1664035824372},"std_dev":{"confidence_interval":{"confidence_level":0.95,"lower_bound":3585.0524674766684,"upper_bound":5469.611689770929},"point_estimate":4600.857668600213,"standard_error":482.466562847799}}