{"mean":{"confidence_interval":{"confidence_level":0.95,"lower_bound":192254.74900841442,"upper_bound":193337.12793631668},"point_estimate":192794.66163518556,"standard_error":276.8084271476158},"median":{"confidence_interval":{"confidence_level":0.95,"lower_bound":192384.93166666667,"upper_bound":193652.70120056497},"point_estimate":193097.28393954918,"standard_error":282.6836751006851},"median_abs_dev":{"confidence_interval":{"confidence_level":0.95,"lower_bound":2065.5077511777286,"upper_bound":3733.841460537717},"point_estimate":2612.235258008488,"standard_error":414.00885158386603},"slope":{"confidence_interval":{"confidence_level":0.95,"lower_bound":190755.00744988557,"upper_bound":191886.87473002187},"point_estimate":191290.88338357717,"standard_error":288.3552193843312},"std_dev":{"confidence_interval":{"confidence_level":0.95,"lower_bound":2435.9513348681585,"upper_bound":3087.1712716751845},"point_estimate":2779.8841731186385,"standard_error":165.68874041216125}}