{"mean":{"confidence_interval":{"confidence_level":0.95,"lower_bound":401683.9765755866,"upper_bound":402928.273175718},"point_estimate":402317.925611344,"standard_error":316.7930231493468},"median":{"confidence_interval":{"confidence_level":0.95,"lower_bound":401846.43112260057,"upper_bound":402806.4516161616},"point_estimate":402256.5762132604,"standard_error":231.80526295679994},"median_abs_dev":{"confidence_interval":{"confidence_level":0.95,"lower_bound":1678.0690754715447,"upper_bound":2832.5542781752997},"point_estimate":2107.6624425997175,"standard_error":281.0621794139343},"slope":{"confidence_interval":{"confidence_level":0.95,"lower_bound":402138.43561539246,"upper_bound":403275.3065288699},"point_estimate":402687.1615890843,"standard_error":291.13936152477794},"std_dev":{"confidence_interval":{"confidence_level":0.95,"lower_bound":2326.1821285126334,"upper_bound":4059.723138874715},"point_estimate":3181.4838578149515,"standard_error":450.79251641242564}}