{"mean":{"confidence_interval":{"confidence_level":0.95,"lower_bound":241488.98637634405,"upper_bound":242741.80198677015},"point_estimate":242098.80602619975,"standard_error":320.29260739290777},"median":{"confidence_interval":{"confidence_level":0.95,"lower_bound":240867.22372881355,"upper_bound":242213.12307692308},"point_estimate":241696.3326923077,"standard_error":298.111393879078},"median_abs_dev":{"confidence_interval":{"confidence_level":0.95,"lower_bound":1956.0882449867324,"upper_bound":3421.6262937734323},"point_estimate":2478.481690266155,"standard_error":383.73719564500243},"slope":{"confidence_interval":{"confidence_level":0.95,"lower_bound":241887.1234550715,"upper_bound":242991.71569088483},"point_estimate":242438.12703768286,"standard_error":281.7568937156561},"std_dev":{"confidence_interval":{"confidence_level":0.95,"lower_bound":2549.2201467259206,"upper_bound":3980.039590581638},"point_estimate":3229.390713863486,"standard_error":374.87835959896074}}