{"mean":{"confidence_interval":{"confidence_level":0.95,"lower_bound":948718.9362696426,"upper_bound":952694.1589421313},"point_estimate":950706.7838762776,"standard_error":1013.3576201897695},"median":{"confidence_interval":{"confidence_level":0.95,"lower_bound":948923.3370377655,"upper_bound":952436.7666666667},"point_estimate":950583.2959782153,"standard_error":890.9632834001611},"median_abs_dev":{"confidence_interval":{"confidence_level":0.95,"lower_bound":5822.342184132775,"upper_bound":10320.491848077503},"point_estimate":8136.784680500017,"standard_error":1149.3030734895133},"slope":{"confidence_interval":{"confidence_level":0.95,"lower_bound":948233.5449278016,"upper_bound":951188.7608174497},"point_estimate":949691.9834875129,"standard_error":751.5274270888065},"std_dev":{"confidence_interval":{"confidence_level":0.95,"lower_bound":8228.699988282284,"upper_bound":11972.602537006287},"point_estimate":10189.332594663816,"standard_error":953.475104955765}}