{"mean":{"confidence_interval":{"confidence_level":0.95,"lower_bound":474681.18322036817,"upper_bound":479712.88872782653},"point_estimate":476996.69295927504,"standard_error":1288.943277600538},"median":{"confidence_interval":{"confidence_level":0.95,"lower_bound":472760.22454353934,"upper_bound":474404.9303482587},"point_estimate":473374.3330554784,"standard_error":469.06074525564316},"median_abs_dev":{"confidence_interval":{"confidence_level":0.95,"lower_bound":2027.3898588678676,"upper_bound":3781.931993868747},"point_estimate":2595.2633946111596,"standard_error":461.22824052376467},"slope":{"confidence_interval":{"confidence_level":0.95,"lower_bound":472848.1113674872,"upper_bound":474001.38986856304},"point_estimate":473393.66540564504,"standard_error":293.2820472872467},"std_dev":{"confidence_interval":{"confidence_level":0.95,"lower_bound":7451.867284856085,"upper_bound":17266.03778167899},"point_estimate":13004.897484802039,"standard_error":2505.881513727704}}