{"mean":{"confidence_interval":{"confidence_level":0.95,"lower_bound":476472.9939369041,"upper_bound":479067.83461376664},"point_estimate":477792.33547010267,"standard_error":659.331071535421},"median":{"confidence_interval":{"confidence_level":0.95,"lower_bound":476489.77872872876,"upper_bound":479550.49789029534},"point_estimate":477072.8767660911,"standard_error":804.7264091825579},"median_abs_dev":{"confidence_interval":{"confidence_level":0.95,"lower_bound":4479.72307584962,"upper_bound":7442.766936695646},"point_estimate":5842.222148961654,"standard_error":748.9796104733875},"slope":{"confidence_interval":{"confidence_level":0.95,"lower_bound":476941.2054011604,"upper_bound":479488.17459308245},"point_estimate":478194.7275887887,"standard_error":652.2895087627468},"std_dev":{"confidence_interval":{"confidence_level":0.95,"lower_bound":5489.8255143493925,"upper_bound":7664.296972176749},"point_estimate":6622.276026741096,"standard_error":557.3845097005778}}