{"mean":{"confidence_interval":{"confidence_level":0.95,"lower_bound":458594.88638010615,"upper_bound":460949.8137630557},"point_estimate":459712.3541404346,"standard_error":601.953171901808},"median":{"confidence_interval":{"confidence_level":0.95,"lower_bound":458418.75,"upper_bound":460211.71852941177},"point_estimate":459706.4747715248,"standard_error":483.63990944246694},"median_abs_dev":{"confidence_interval":{"confidence_level":0.95,"lower_bound":2791.9326306290195,"upper_bound":4644.6690777185995},"point_estimate":3829.2263111611246,"standard_error":472.99164227619},"slope":{"confidence_interval":{"confidence_level":0.95,"lower_bound":459721.3134696316,"upper_bound":462802.9539245205},"point_estimate":461035.0626530713,"standard_error":798.8560447954388},"std_dev":{"confidence_interval":{"confidence_level":0.95,"lower_bound":3913.6498346821845,"upper_bound":8364.481781012506},"point_estimate":6034.223807681746,"standard_error":1214.281449405938}}