{"mean":{"confidence_interval":{"confidence_level":0.95,"lower_bound":0.08339020619051775,"upper_bound":0.0956904458099368},"point_estimate":0.08956459043647103,"standard_error":0.003131675893018843},"median":{"confidence_interval":{"confidence_level":0.95,"lower_bound":0.08746057917756733,"upper_bound":0.09721885839059108},"point_estimate":0.09323612131079817,"standard_error":0.0025947711341401973}}