{"mean":{"confidence_interval":{"confidence_level":0.95,"lower_bound":0.03637223796785119,"upper_bound":0.04811472896695205},"point_estimate":0.04229889824605437,"standard_error":0.0029919740155363076},"median":{"confidence_interval":{"confidence_level":0.95,"lower_bound":0.03596713996410299,"upper_bound":0.04500489237675964},"point_estimate":0.040957573349001075,"standard_error":0.002262024699103119}}