{"mean":{"confidence_interval":{"confidence_level":0.95,"lower_bound":110837.63846957871,"upper_bound":112097.86140848274},"point_estimate":111418.80541317219,"standard_error":322.8024007999857},"median":{"confidence_interval":{"confidence_level":0.95,"lower_bound":110654.52083333333,"upper_bound":111432.77830675422},"point_estimate":110990.2747456964,"standard_error":199.7705057790531},"median_abs_dev":{"confidence_interval":{"confidence_level":0.95,"lower_bound":1201.8546607112416,"upper_bound":2113.9941514731686},"point_estimate":1723.9059798640283,"standard_error":228.1614937219327},"slope":{"confidence_interval":{"confidence_level":0.95,"lower_bound":110853.64352170692,"upper_bound":111407.0863030921},"point_estimate":111123.66312841732,"standard_error":141.0643332428599},"std_dev":{"confidence_interval":{"confidence_level":0.95,"lower_bound":1816.4114477319813,"upper_bound":4505.404263677414},"point_estimate":3235.072813934268,"standard_error":703.9400060569998}}