{"mean":{"confidence_interval":{"confidence_level":0.95,"lower_bound":248404.07055659223,"upper_bound":249592.8914403665},"point_estimate":248970.41746262743,"standard_error":302.89947122857455},"median":{"confidence_interval":{"confidence_level":0.95,"lower_bound":248168.3188405797,"upper_bound":249065.89285714287},"point_estimate":248687.77058756805,"standard_error":242.30271292480177},"median_abs_dev":{"confidence_interval":{"confidence_level":0.95,"lower_bound":1597.7788320942918,"upper_bound":2930.999997585567},"point_estimate":2464.5663306770207,"standard_error":341.4887594908394},"slope":{"confidence_interval":{"confidence_level":0.95,"lower_bound":247386.2435868668,"upper_bound":248378.82183386263},"point_estimate":247853.75169720704,"standard_error":254.18476715434807},"std_dev":{"confidence_interval":{"confidence_level":0.95,"lower_bound":2176.1912106585723,"upper_bound":3929.925538608479},"point_estimate":3047.2366133145747,"standard_error":457.8436156447859}}