{"mean":{"confidence_interval":{"confidence_level":0.95,"lower_bound":270085.53200243495,"upper_bound":271039.18430285837},"point_estimate":270573.2974186106,"standard_error":242.9251982449946},"median":{"confidence_interval":{"confidence_level":0.95,"lower_bound":270096.7549019608,"upper_bound":271184.0},"point_estimate":270638.15344594594,"standard_error":272.86031446327104},"median_abs_dev":{"confidence_interval":{"confidence_level":0.95,"lower_bound":1518.75200503087,"upper_bound":2526.1611692141887},"point_estimate":1904.9876324468491,"standard_error":252.38784683620472},"slope":{"confidence_interval":{"confidence_level":0.95,"lower_bound":270357.60503358184,"upper_bound":271246.5631707129},"point_estimate":270805.2275757352,"standard_error":226.18544169814695},"std_dev":{"confidence_interval":{"confidence_level":0.95,"lower_bound":1825.4311678946895,"upper_bound":3111.5932675432696},"point_estimate":2447.8343272221914,"standard_error":337.7266760098146}}