{"mean":{"confidence_interval":{"confidence_level":0.95,"lower_bound":282279.51647243596,"upper_bound":283246.14838524524},"point_estimate":282753.8915023743,"standard_error":246.80166646694235},"median":{"confidence_interval":{"confidence_level":0.95,"lower_bound":282207.9809286899,"upper_bound":283162.52451743465},"point_estimate":282533.6707839262,"standard_error":237.74811148157877},"median_abs_dev":{"confidence_interval":{"confidence_level":0.95,"lower_bound":1721.3710628792596,"upper_bound":2714.5405664349287},"point_estimate":2107.3918770668183,"standard_error":258.31971761534095},"slope":{"confidence_interval":{"confidence_level":0.95,"lower_bound":282261.7760466692,"upper_bound":283115.49765665643},"point_estimate":282697.61636323336,"standard_error":217.78119985232536},"std_dev":{"confidence_interval":{"confidence_level":0.95,"lower_bound":1918.5717073429241,"upper_bound":3040.679702247216},"point_estimate":2488.010868014893,"standard_error":288.5551795654632}}