{"mean":{"confidence_interval":{"confidence_level":0.95,"lower_bound":486133.4427898969,"upper_bound":488006.6635574794},"point_estimate":487046.2121510085,"standard_error":477.1512341352082},"median":{"confidence_interval":{"confidence_level":0.95,"lower_bound":485661.9428571428,"upper_bound":487310.45604395604},"point_estimate":486665.046042618,"standard_error":462.9075050802624},"median_abs_dev":{"confidence_interval":{"confidence_level":0.95,"lower_bound":2846.0052970923202,"upper_bound":5248.944754573849},"point_estimate":4077.42107250198,"standard_error":620.3517562981333},"slope":{"confidence_interval":{"confidence_level":0.95,"lower_bound":485660.9995880231,"upper_bound":487671.386647131},"point_estimate":486634.7275395301,"standard_error":512.4369161563535},"std_dev":{"confidence_interval":{"confidence_level":0.95,"lower_bound":3847.7603738355347,"upper_bound":5676.539088669198},"point_estimate":4787.651662447144,"standard_error":469.62583178018883}}