{"mean":{"confidence_interval":{"confidence_level":0.95,"lower_bound":238401.94108394545,"upper_bound":240062.95125268243},"point_estimate":239127.169791069,"standard_error":428.4774723514977},"median":{"confidence_interval":{"confidence_level":0.95,"lower_bound":237852.26493506494,"upper_bound":238697.18181818182},"point_estimate":238313.69035087718,"standard_error":233.664042075576},"median_abs_dev":{"confidence_interval":{"confidence_level":0.95,"lower_bound":1097.224676462434,"upper_bound":1851.4933148445048},"point_estimate":1470.1392411103154,"standard_error":211.66927070123236},"slope":{"confidence_interval":{"confidence_level":0.95,"lower_bound":238277.04041734213,"upper_bound":241073.11613704666},"point_estimate":239287.43518427663,"standard_error":779.427340533179},"std_dev":{"confidence_interval":{"confidence_level":0.95,"lower_bound":1749.030332936422,"upper_bound":6427.372603433525},"point_estimate":4304.49216545635,"standard_error":1243.2991755771102}}