{"mean":{"confidence_interval":{"confidence_level":0.95,"lower_bound":244596.4514378054,"upper_bound":245979.99342272105},"point_estimate":245248.3085244657,"standard_error":353.19725155621205},"median":{"confidence_interval":{"confidence_level":0.95,"lower_bound":244253.5,"upper_bound":245381.08333333334},"point_estimate":244746.89555854094,"standard_error":271.33704806884754},"median_abs_dev":{"confidence_interval":{"confidence_level":0.95,"lower_bound":1525.8100094492843,"upper_bound":2856.7669037044107},"point_estimate":2145.9356099839565,"standard_error":334.7696229263255},"slope":{"confidence_interval":{"confidence_level":0.95,"lower_bound":244593.80636403145,"upper_bound":245690.10969818494},"point_estimate":245122.47286833162,"standard_error":279.5273281897722},"std_dev":{"confidence_interval":{"confidence_level":0.95,"lower_bound":2310.7661312856358,"upper_bound":4932.232658731009},"point_estimate":3556.1468621305103,"standard_error":716.7379910808135}}