{"mean":{"confidence_interval":{"confidence_level":0.95,"lower_bound":233409.20158745942,"upper_bound":234137.80692324365},"point_estimate":233772.70594278563,"standard_error":186.05209591265827},"median":{"confidence_interval":{"confidence_level":0.95,"lower_bound":233397.9,"upper_bound":234180.09123076923},"point_estimate":233861.37982456142,"standard_error":221.54105565359365},"median_abs_dev":{"confidence_interval":{"confidence_level":0.95,"lower_bound":1049.2871236491922,"upper_bound":1628.1129043472054},"point_estimate":1347.6166072358624,"standard_error":144.40427953204133},"slope":{"confidence_interval":{"confidence_level":0.95,"lower_bound":233868.51266925273,"upper_bound":234441.9942501257},"point_estimate":234158.40148130633,"standard_error":146.0169680776322},"std_dev":{"confidence_interval":{"confidence_level":0.95,"lower_bound":1459.6342030767385,"upper_bound":2245.797815644731},"point_estimate":1873.1532785546176,"standard_error":200.46893375220333}}