{"mean":{"confidence_interval":{"confidence_level":0.95,"lower_bound":222483.06525351928,"upper_bound":223970.93027199028},"point_estimate":223198.75989813227,"standard_error":380.6136113055578},"median":{"confidence_interval":{"confidence_level":0.95,"lower_bound":222011.764,"upper_bound":222947.57078162773},"point_estimate":222479.29555359896,"standard_error":252.82169084980129},"median_abs_dev":{"confidence_interval":{"confidence_level":0.95,"lower_bound":2231.0766620539102,"upper_bound":3706.377209618999},"point_estimate":2904.0725265037113,"standard_error":367.85839325169263},"slope":{"confidence_interval":{"confidence_level":0.95,"lower_bound":221967.23868182595,"upper_bound":223212.30742216113},"point_estimate":222560.5510701936,"standard_error":318.7362541298963},"std_dev":{"confidence_interval":{"confidence_level":0.95,"lower_bound":2887.159616724831,"upper_bound":4730.245524211425},"point_estimate":3834.6055453545573,"standard_error":472.0789421314467}}