{"mean":{"confidence_interval":{"confidence_level":0.95,"lower_bound":259768.80402831343,"upper_bound":261040.6115796323},"point_estimate":260390.15909606288,"standard_error":323.98031163825084},"median":{"confidence_interval":{"confidence_level":0.95,"lower_bound":259390.625,"upper_bound":260572.73214285713},"point_estimate":260140.61064593302,"standard_error":292.90938863269304},"median_abs_dev":{"confidence_interval":{"confidence_level":0.95,"lower_bound":1526.6955516269443,"upper_bound":2656.7532850594225},"point_estimate":2101.549337493053,"standard_error":296.8109383286025},"slope":{"confidence_interval":{"confidence_level":0.95,"lower_bound":259624.53207292376,"upper_bound":260661.1001494839},"point_estimate":260102.54878823704,"standard_error":266.0050614777571},"std_dev":{"confidence_interval":{"confidence_level":0.95,"lower_bound":2425.226783446008,"upper_bound":4009.3628370097513},"point_estimate":3253.6985018295536,"standard_error":405.16178924096465}}