{"mean":{"confidence_interval":{"confidence_level":0.95,"lower_bound":2859756.6567678573,"upper_bound":2862724.4121785713},"point_estimate":2861207.867857143,"standard_error":758.4866668567996},"median":{"confidence_interval":{"confidence_level":0.95,"lower_bound":2859016.3571428573,"upper_bound":2862892.4285714286},"point_estimate":2861112.8928571427,"standard_error":921.5091795970571},"median_abs_dev":{"confidence_interval":{"confidence_level":0.95,"lower_bound":5092.942709581305,"upper_bound":8435.358450241662},"point_estimate":7008.197125579679,"standard_error":850.1361670414833},"slope":null,"std_dev":{"confidence_interval":{"confidence_level":0.95,"lower_bound":5980.9905247520255,"upper_bound":9332.20123301473},"point_estimate":7632.819508638394,"standard_error":869.0413523726717}}