{"mean":{"confidence_interval":{"confidence_level":0.95,"lower_bound":891028.310243,"upper_bound":894979.9860093052},"point_estimate":892929.9811794326,"standard_error":1009.443620281996},"median":{"confidence_interval":{"confidence_level":0.95,"lower_bound":890715.7055373704,"upper_bound":894636.3488372093},"point_estimate":892372.0454545454,"standard_error":1042.8782908697328},"median_abs_dev":{"confidence_interval":{"confidence_level":0.95,"lower_bound":6223.643644035328,"upper_bound":9766.300440107527},"point_estimate":8087.46567865935,"standard_error":878.7654372754046},"slope":{"confidence_interval":{"confidence_level":0.95,"lower_bound":890072.1347973817,"upper_bound":894955.5752885814},"point_estimate":892189.0463455003,"standard_error":1251.859902779859},"std_dev":{"confidence_interval":{"confidence_level":0.95,"lower_bound":7687.068485934183,"upper_bound":12685.34175381196},"point_estimate":10188.593453848947,"standard_error":1289.3592633066294}}