{"mean":{"confidence_interval":{"confidence_level":0.95,"lower_bound":207246.9476127105,"upper_bound":209473.91780603395},"point_estimate":208270.01755092866,"standard_error":567.3517559361073},"median":{"confidence_interval":{"confidence_level":0.95,"lower_bound":206880.92765957446,"upper_bound":208503.68403968815},"point_estimate":207770.5245710364,"standard_error":404.1988615617122},"median_abs_dev":{"confidence_interval":{"confidence_level":0.95,"lower_bound":2644.1368643552537,"upper_bound":4923.1698505783415},"point_estimate":3832.789996582686,"standard_error":614.5561428948114},"slope":{"confidence_interval":{"confidence_level":0.95,"lower_bound":206454.09732707686,"upper_bound":207992.26361836863},"point_estimate":207222.85784838186,"standard_error":391.96809873258513},"std_dev":{"confidence_interval":{"confidence_level":0.95,"lower_bound":3431.2747155368556,"upper_bound":8117.003277793969},"point_estimate":5705.024156822525,"standard_error":1285.3787314534306}}