{"mean":{"confidence_interval":{"confidence_level":0.95,"lower_bound":1773585.3540217383,"upper_bound":1777710.6790108695},"point_estimate":1775544.5113043473,"standard_error":1052.4979186100188},"median":{"confidence_interval":{"confidence_level":0.95,"lower_bound":1772172.652173913,"upper_bound":1776622.1304347827},"point_estimate":1774130.456521739,"standard_error":1010.4055957287941},"median_abs_dev":{"confidence_interval":{"confidence_level":0.95,"lower_bound":6532.1372668578215,"upper_bound":10251.373057132361},"point_estimate":8386.874668494538,"standard_error":971.1005066932711},"slope":null,"std_dev":{"confidence_interval":{"confidence_level":0.95,"lower_bound":7470.620400988957,"upper_bound":13905.367518103623},"point_estimate":10566.602509205288,"standard_error":1714.6030545276064}}