{"mean":{"confidence_interval":{"confidence_level":0.95,"lower_bound":262668.2235142463,"upper_bound":263956.62530836655},"point_estimate":263330.9394233552,"standard_error":328.6784736967825},"median":{"confidence_interval":{"confidence_level":0.95,"lower_bound":262804.6150793651,"upper_bound":264088.4296558704},"point_estimate":263172.45053768554,"standard_error":318.6072067986988},"median_abs_dev":{"confidence_interval":{"confidence_level":0.95,"lower_bound":1750.9567464142808,"upper_bound":3089.9839465569103},"point_estimate":2380.5684106052536,"standard_error":336.95646826071436},"slope":{"confidence_interval":{"confidence_level":0.95,"lower_bound":263636.320412994,"upper_bound":264619.61626227666},"point_estimate":264128.14427885326,"standard_error":251.44652872651307},"std_dev":{"confidence_interval":{"confidence_level":0.95,"lower_bound":2375.2110889700657,"upper_bound":4245.885626095549},"point_estimate":3298.721201452092,"standard_error":484.88460764412207}}