{"mean":{"confidence_interval":{"confidence_level":0.95,"lower_bound":246814.28651048467,"upper_bound":248842.87648397638},"point_estimate":247781.65558537818,"standard_error":517.1325076330397},"median":{"confidence_interval":{"confidence_level":0.95,"lower_bound":246608.3119946092,"upper_bound":248031.80032894737},"point_estimate":247454.6377131783,"standard_error":346.76931596172557},"median_abs_dev":{"confidence_interval":{"confidence_level":0.95,"lower_bound":2710.0706058639075,"upper_bound":4663.176940326194},"point_estimate":3489.565589989695,"standard_error":501.2467359624202},"slope":{"confidence_interval":{"confidence_level":0.95,"lower_bound":247142.08788904914,"upper_bound":250176.33275225767},"point_estimate":248380.37117186346,"standard_error":796.8262858629325},"std_dev":{"confidence_interval":{"confidence_level":0.95,"lower_bound":3713.9928891004665,"upper_bound":6707.617442932326},"point_estimate":5191.416007632383,"standard_error":781.2460807208396}}