{"mean":{"confidence_interval":{"confidence_level":0.95,"lower_bound":666024.5499211012,"upper_bound":684335.9764306785},"point_estimate":673937.904707467,"standard_error":4709.7789568275475},"median":{"confidence_interval":{"confidence_level":0.95,"lower_bound":663030.8674242424,"upper_bound":665072.5573521282},"point_estimate":664121.7582848838,"standard_error":537.0513099573055},"median_abs_dev":{"confidence_interval":{"confidence_level":0.95,"lower_bound":3475.2218327932924,"upper_bound":6038.795185831282},"point_estimate":4892.40098454151,"standard_error":644.3341951984552},"slope":{"confidence_interval":{"confidence_level":0.95,"lower_bound":663803.7491839462,"upper_bound":671999.9183186835},"point_estimate":667079.3316491798,"standard_error":2149.0200314760705},"std_dev":{"confidence_interval":{"confidence_level":0.95,"lower_bound":13185.835126507587,"upper_bound":71072.13000382057},"point_estimate":47238.01494246264,"standard_error":14507.340049588374}}