{"mean":{"confidence_interval":{"confidence_level":0.95,"lower_bound":315898.0448261992,"upper_bound":316733.31863014714},"point_estimate":316307.46333418426,"standard_error":213.16783762313736},"median":{"confidence_interval":{"confidence_level":0.95,"lower_bound":315678.01020408166,"upper_bound":316359.34375},"point_estimate":316102.0793187965,"standard_error":175.03831432578033},"median_abs_dev":{"confidence_interval":{"confidence_level":0.95,"lower_bound":1185.2782091315107,"upper_bound":2310.303611062832},"point_estimate":1825.1753719926548,"standard_error":284.90595833068875},"slope":{"confidence_interval":{"confidence_level":0.95,"lower_bound":315635.4577326416,"upper_bound":316490.57207642327},"point_estimate":316060.3712989508,"standard_error":218.01334163880102},"std_dev":{"confidence_interval":{"confidence_level":0.95,"lower_bound":1684.6469714464074,"upper_bound":2596.6533461869412},"point_estimate":2145.222559277036,"standard_error":234.35266705279287}}