{"mean":{"confidence_interval":{"confidence_level":0.95,"lower_bound":352929.53349068004,"upper_bound":354106.61631286005},"point_estimate":353509.96797097765,"standard_error":301.23726737235},"median":{"confidence_interval":{"confidence_level":0.95,"lower_bound":352695.6339869281,"upper_bound":353717.1614035088},"point_estimate":353350.18692365836,"standard_error":234.6772185412671},"median_abs_dev":{"confidence_interval":{"confidence_level":0.95,"lower_bound":1722.5788416355176,"upper_bound":2701.560230385304},"point_estimate":2169.5539179002417,"standard_error":243.43679622763187},"slope":{"confidence_interval":{"confidence_level":0.95,"lower_bound":353066.3268633852,"upper_bound":354221.3353321145},"point_estimate":353638.8556957785,"standard_error":294.593920724822},"std_dev":{"confidence_interval":{"confidence_level":0.95,"lower_bound":2314.184422801323,"upper_bound":3679.753142856165},"point_estimate":3022.063832731269,"standard_error":349.9076029588007}}