{"mean":{"confidence_interval":{"confidence_level":0.95,"lower_bound":379879.7775767683,"upper_bound":380971.0576240416},"point_estimate":380376.28393374756,"standard_error":279.23143021883453},"median":{"confidence_interval":{"confidence_level":0.95,"lower_bound":379675.0619047619,"upper_bound":380553.8},"point_estimate":380179.90967741935,"standard_error":197.00444749926348},"median_abs_dev":{"confidence_interval":{"confidence_level":0.95,"lower_bound":1362.5592293185362,"upper_bound":2527.635853599846},"point_estimate":1774.4721351634594,"standard_error":299.6062626589193},"slope":{"confidence_interval":{"confidence_level":0.95,"lower_bound":379935.169486822,"upper_bound":380673.3019088853},"point_estimate":380302.61269789666,"standard_error":187.13137210369464},"std_dev":{"confidence_interval":{"confidence_level":0.95,"lower_bound":1731.563962314069,"upper_bound":4024.3833197215595},"point_estimate":2798.398301053104,"standard_error":683.1214064117369}}