{"mean":{"confidence_interval":{"confidence_level":0.95,"lower_bound":123535.02185109384,"upper_bound":124584.62412311157},"point_estimate":124035.47091755187,"standard_error":267.50906208011617},"median":{"confidence_interval":{"confidence_level":0.95,"lower_bound":123325.92786458333,"upper_bound":124430.57575757576},"point_estimate":123817.86011904762,"standard_error":254.1103280483745},"median_abs_dev":{"confidence_interval":{"confidence_level":0.95,"lower_bound":1419.5280174953177,"upper_bound":2398.726502080759},"point_estimate":1858.2404649947036,"standard_error":241.1839531480783},"slope":{"confidence_interval":{"confidence_level":0.95,"lower_bound":123322.64271160202,"upper_bound":124041.72015016979},"point_estimate":123673.19168464608,"standard_error":183.4361175957308},"std_dev":{"confidence_interval":{"confidence_level":0.95,"lower_bound":1919.3758882657387,"upper_bound":3567.43072102909},"point_estimate":2697.345082914186,"standard_error":443.0805897217908}}