{"mean":{"confidence_interval":{"confidence_level":0.95,"lower_bound":641691.1489094379,"upper_bound":643192.841578972},"point_estimate":642436.5180123548,"standard_error":384.68388087676783},"median":{"confidence_interval":{"confidence_level":0.95,"lower_bound":641562.9305555555,"upper_bound":643183.231707317},"point_estimate":642363.2411433172,"standard_error":370.6859415522517},"median_abs_dev":{"confidence_interval":{"confidence_level":0.95,"lower_bound":2345.324236487159,"upper_bound":3986.197361230832},"point_estimate":3139.9815919832076,"standard_error":414.95569056705364},"slope":{"confidence_interval":{"confidence_level":0.95,"lower_bound":642654.882391024,"upper_bound":644322.531811117},"point_estimate":643494.2336840549,"standard_error":423.43553492021726},"std_dev":{"confidence_interval":{"confidence_level":0.95,"lower_bound":3170.859534113358,"upper_bound":4518.5257279522375},"point_estimate":3863.3329333747783,"standard_error":343.6659314468305}}