{"mean":{"confidence_interval":{"confidence_level":0.95,"lower_bound":0.02824741665160093,"upper_bound":0.0328121010917557},"point_estimate":0.03063730655898289,"standard_error":0.0011637771551395975},"median":{"confidence_interval":{"confidence_level":0.95,"lower_bound":0.029700225007047207,"upper_bound":0.03287584815425582},"point_estimate":0.03129138348935512,"standard_error":0.0008153760385525367}}