{"mean":{"confidence_interval":{"confidence_level":0.95,"lower_bound":-0.009812769769006524,"upper_bound":0.007134325356071059},"point_estimate":-0.0017031192691192576,"standard_error":0.0042805548847457435},"median":{"confidence_interval":{"confidence_level":0.95,"lower_bound":-0.008579862967269758,"upper_bound":0.0022369390981167303},"point_estimate":-0.004340264856236176,"standard_error":0.002679299990149489}}