{"mean":{"confidence_interval":{"confidence_level":0.95,"lower_bound":-0.037219315508313915,"upper_bound":-0.0009022991860236928},"point_estimate":-0.016734189634920016,"standard_error":0.00940501369145186},"median":{"confidence_interval":{"confidence_level":0.95,"lower_bound":-0.0021090840169404323,"upper_bound":0.0021754817328971665},"point_estimate":0.00010527834663243141,"standard_error":0.0010921988356509212}}