{"mean":{"confidence_interval":{"confidence_level":0.95,"lower_bound":647260.6672771994,"upper_bound":649302.8784233636},"point_estimate":648215.0963608115,"standard_error":519.5407174645042},"median":{"confidence_interval":{"confidence_level":0.95,"lower_bound":646728.2142857143,"upper_bound":648270.0567277758},"point_estimate":647608.6287833533,"standard_error":354.7883277073946},"median_abs_dev":{"confidence_interval":{"confidence_level":0.95,"lower_bound":2569.6840061335124,"upper_bound":3978.1926579319684},"point_estimate":3111.112762190978,"standard_error":349.82974536342647},"slope":{"confidence_interval":{"confidence_level":0.95,"lower_bound":647336.4982610343,"upper_bound":651033.9769724204},"point_estimate":648836.120264519,"standard_error":972.4975181096554},"std_dev":{"confidence_interval":{"confidence_level":0.95,"lower_bound":3490.826649452457,"upper_bound":7173.8692041140375},"point_estimate":5204.815129573039,"standard_error":1024.1853566100447}}