{"mean":{"confidence_interval":{"confidence_level":0.95,"lower_bound":299992.85250875,"upper_bound":320984.6858725083},"point_estimate":308231.6273032253,"standard_error":5571.5357325131945},"median":{"confidence_interval":{"confidence_level":0.95,"lower_bound":297813.38823529414,"upper_bound":299066.0288461539},"point_estimate":298529.27309782605,"standard_error":280.23526539577153},"median_abs_dev":{"confidence_interval":{"confidence_level":0.95,"lower_bound":2308.5623579409603,"upper_bound":4391.794027186914},"point_estimate":3326.969414219651,"standard_error":496.3752352704713},"slope":{"confidence_interval":{"confidence_level":0.95,"lower_bound":301303.62178876944,"upper_bound":358963.73128789396},"point_estimate":324113.866937343,"standard_error":15490.875789654043},"std_dev":{"confidence_interval":{"confidence_level":0.95,"lower_bound":8071.179999551642,"upper_bound":92062.93195154586},"point_estimate":56116.065562477816,"standard_error":24418.271958455905}}