{"mean":{"confidence_interval":{"confidence_level":0.95,"lower_bound":337904.48324431374,"upper_bound":341623.69266170735},"point_estimate":339673.6899920742,"standard_error":951.6509402412964},"median":{"confidence_interval":{"confidence_level":0.95,"lower_bound":336106.9948717949,"upper_bound":338306.09384384385},"point_estimate":336985.0181818182,"standard_error":569.2131521970538},"median_abs_dev":{"confidence_interval":{"confidence_level":0.95,"lower_bound":4041.837014302691,"upper_bound":6940.789084284037},"point_estimate":5303.233807902063,"standard_error":720.7608154254666},"slope":{"confidence_interval":{"confidence_level":0.95,"lower_bound":338143.20525581815,"upper_bound":346084.5428026469},"point_estimate":341780.96078715334,"standard_error":2045.3560194988675},"std_dev":{"confidence_interval":{"confidence_level":0.95,"lower_bound":6685.41585192758,"upper_bound":12238.693931267358},"point_estimate":9580.647272944801,"standard_error":1429.6322526146776}}