{"mean":{"confidence_interval":{"confidence_level":0.95,"lower_bound":805733.2185054036,"upper_bound":809211.6716391713},"point_estimate":807420.5580725139,"standard_error":887.7030152883311},"median":{"confidence_interval":{"confidence_level":0.95,"lower_bound":804270.925,"upper_bound":806622.9066964285},"point_estimate":805528.776984127,"standard_error":692.032302977258},"median_abs_dev":{"confidence_interval":{"confidence_level":0.95,"lower_bound":5381.662413027828,"upper_bound":8938.063530550973},"point_estimate":7475.6401158292965,"standard_error":921.6440933414708},"slope":{"confidence_interval":{"confidence_level":0.95,"lower_bound":804704.7186389688,"upper_bound":807640.0707012428},"point_estimate":806103.7498271021,"standard_error":747.0372301246471},"std_dev":{"confidence_interval":{"confidence_level":0.95,"lower_bound":7249.932635604467,"upper_bound":10447.686763060756},"point_estimate":8918.893497993864,"standard_error":819.7940986570682}}