{"mean":{"confidence_interval":{"confidence_level":0.95,"lower_bound":324687.4569879857,"upper_bound":326272.23653346323},"point_estimate":325403.1544329575,"standard_error":404.4563796072928},"median":{"confidence_interval":{"confidence_level":0.95,"lower_bound":324362.8979166667,"upper_bound":325484.6165162941},"point_estimate":324847.54647034255,"standard_error":323.5642346035849},"median_abs_dev":{"confidence_interval":{"confidence_level":0.95,"lower_bound":1862.8052837652008,"upper_bound":3495.890245395251},"point_estimate":2556.880366758408,"standard_error":417.08959708783004},"slope":{"confidence_interval":{"confidence_level":0.95,"lower_bound":324252.64658257045,"upper_bound":327102.9538687763},"point_estimate":325426.00612531404,"standard_error":745.2307074160619},"std_dev":{"confidence_interval":{"confidence_level":0.95,"lower_bound":2408.053792611076,"upper_bound":5929.312547814207},"point_estimate":4060.2669349680077,"standard_error":1066.8387084849114}}