{"mean":{"confidence_interval":{"confidence_level":0.95,"lower_bound":251451.561415111,"upper_bound":252501.99045218274},"point_estimate":251960.9118052858,"standard_error":267.66084975133026},"median":{"confidence_interval":{"confidence_level":0.95,"lower_bound":250924.78703703705,"upper_bound":251965.61643835617},"point_estimate":251398.73306623934,"standard_error":283.3025889520194},"median_abs_dev":{"confidence_interval":{"confidence_level":0.95,"lower_bound":1449.047572633604,"upper_bound":2615.468920113779},"point_estimate":1894.8703525433598,"standard_error":297.57789575686274},"slope":{"confidence_interval":{"confidence_level":0.95,"lower_bound":251515.86275116153,"upper_bound":252641.7952575924},"point_estimate":252060.64398551796,"standard_error":288.3393194336127},"std_dev":{"confidence_interval":{"confidence_level":0.95,"lower_bound":2090.21110851115,"upper_bound":3257.3386792991096},"point_estimate":2690.0117779303764,"standard_error":299.0635570009141}}