{"mean":{"confidence_interval":{"confidence_level":0.95,"lower_bound":194952.23413457023,"upper_bound":196380.50910627603},"point_estimate":195663.06177916448,"standard_error":363.85192467240836},"median":{"confidence_interval":{"confidence_level":0.95,"lower_bound":194722.05538461538,"upper_bound":196267.0037037037},"point_estimate":195321.2140921409,"standard_error":405.97178713737793},"median_abs_dev":{"confidence_interval":{"confidence_level":0.95,"lower_bound":2379.3100060606985,"upper_bound":4077.8699468261675},"point_estimate":3151.5054563046656,"standard_error":433.46992934428425},"slope":{"confidence_interval":{"confidence_level":0.95,"lower_bound":194649.08479989882,"upper_bound":196285.70022686973},"point_estimate":195445.12872232895,"standard_error":416.62493455077947},"std_dev":{"confidence_interval":{"confidence_level":0.95,"lower_bound":3042.6963259460404,"upper_bound":4233.622465254422},"point_estimate":3658.749609879583,"standard_error":303.7748576840895}}