{"mean":{"confidence_interval":{"confidence_level":0.95,"lower_bound":426792.8398484569,"upper_bound":429253.8319916558},"point_estimate":427860.5046494347,"standard_error":634.1463397240439},"median":{"confidence_interval":{"confidence_level":0.95,"lower_bound":426207.5521442495,"upper_bound":427193.8677884615},"point_estimate":426771.65162037034,"standard_error":266.65998758744865},"median_abs_dev":{"confidence_interval":{"confidence_level":0.95,"lower_bound":1610.8371846231878,"upper_bound":3122.2942484441924},"point_estimate":2295.7861312547693,"standard_error":384.28552536809843},"slope":{"confidence_interval":{"confidence_level":0.95,"lower_bound":427147.53956171335,"upper_bound":429884.00952102453},"point_estimate":428252.91246046993,"standard_error":715.6201257533778},"std_dev":{"confidence_interval":{"confidence_level":0.95,"lower_bound":2602.769073583048,"upper_bound":9776.866099065968},"point_estimate":6380.001994537665,"standard_error":1956.0619417981227}}