{"mean":{"confidence_interval":{"confidence_level":0.95,"lower_bound":5403308.725833334,"upper_bound":5423255.9308888875},"point_estimate":5413060.1277777795,"standard_error":5087.48403198413},"median":{"confidence_interval":{"confidence_level":0.95,"lower_bound":5395477.722222222,"upper_bound":5422426.777777778},"point_estimate":5410940.555555556,"standard_error":6493.781124397994},"median_abs_dev":{"confidence_interval":{"confidence_level":0.95,"lower_bound":39308.25546880486,"upper_bound":61316.957878072746},"point_estimate":49055.03242909885,"standard_error":5836.638081590412},"slope":null,"std_dev":{"confidence_interval":{"confidence_level":0.95,"lower_bound":41480.07332295476,"upper_bound":60624.68015997395},"point_estimate":51309.79842433386,"standard_error":4913.383798869439}}