{"mean":{"confidence_interval":{"confidence_level":0.95,"lower_bound":6098539.599812499,"upper_bound":6109450.69971875},"point_estimate":6104026.12625,"standard_error":2787.9295806320474},"median":{"confidence_interval":{"confidence_level":0.95,"lower_bound":6104328.375,"upper_bound":6111462.1875},"point_estimate":6107507.0,"standard_error":1974.9667106670772},"median_abs_dev":{"confidence_interval":{"confidence_level":0.95,"lower_bound":17632.376161962748,"upper_bound":31559.086352214217},"point_estimate":24622.37172536552,"standard_error":3831.6388747176957},"slope":null,"std_dev":{"confidence_interval":{"confidence_level":0.95,"lower_bound":23396.088521490532,"upper_bound":32272.29073980983},"point_estimate":28013.600632872694,"standard_error":2265.982211592185}}