{"mean":{"confidence_interval":{"confidence_level":0.95,"lower_bound":1917971.2723977263,"upper_bound":1921859.1754204547},"point_estimate":1919765.7640909096,"standard_error":991.03089912957},"median":{"confidence_interval":{"confidence_level":0.95,"lower_bound":1916786.9090909092,"upper_bound":1919153.2727272727},"point_estimate":1917954.1136363638,"standard_error":588.940142157413},"median_abs_dev":{"confidence_interval":{"confidence_level":0.95,"lower_bound":3974.7494430703764,"upper_bound":7475.673412734781},"point_estimate":5906.442426957742,"standard_error":829.7150225323503},"slope":null,"std_dev":{"confidence_interval":{"confidence_level":0.95,"lower_bound":6263.041496515348,"upper_bound":13703.055730055485},"point_estimate":9923.502779349106,"standard_error":2003.5970743562416}}