{"mean":{"confidence_interval":{"confidence_level":0.95,"lower_bound":2651100.082296875,"upper_bound":2659942.0765156248},"point_estimate":2655317.451875,"standard_error":2260.01495027615},"median":{"confidence_interval":{"confidence_level":0.95,"lower_bound":2646261.5,"upper_bound":2652942.625},"point_estimate":2648815.15625,"standard_error":1546.415864149378},"median_abs_dev":{"confidence_interval":{"confidence_level":0.95,"lower_bound":9665.81052839756,"upper_bound":16578.896218165755},"point_estimate":12425.855704396963,"standard_error":1724.969003897026},"slope":null,"std_dev":{"confidence_interval":{"confidence_level":0.95,"lower_bound":17203.224440408714,"upper_bound":27592.180677196146},"point_estimate":22737.845899802887,"standard_error":2654.495227079585}}