{"mean":{"confidence_interval":{"confidence_level":0.95,"lower_bound":2146114.1448875,"upper_bound":2164700.657987499},"point_estimate":2153895.319999999,"standard_error":4806.757086253012},"median":{"confidence_interval":{"confidence_level":0.95,"lower_bound":2139222.35,"upper_bound":2148972.225},"point_estimate":2143191.1,"standard_error":2494.246877776029},"median_abs_dev":{"confidence_interval":{"confidence_level":0.95,"lower_bound":14070.355595201185,"upper_bound":27274.131505787234},"point_estimate":19405.639860480747,"standard_error":3327.372001817491},"slope":null,"std_dev":{"confidence_interval":{"confidence_level":0.95,"lower_bound":20581.353175049193,"upper_bound":75575.51201651414},"point_estimate":48176.36586709504,"standard_error":17299.53137402923}}