{"mean":{"confidence_interval":{"confidence_level":0.95,"lower_bound":1902909.189045455,"upper_bound":1907842.11},"point_estimate":1905202.6886363644,"standard_error":1259.5510695461917},"median":{"confidence_interval":{"confidence_level":0.95,"lower_bound":1901771.8863636362,"upper_bound":1904411.7272727273},"point_estimate":1902856.0227272727,"standard_error":680.5126796626259},"median_abs_dev":{"confidence_interval":{"confidence_level":0.95,"lower_bound":6004.02446158903,"upper_bound":10037.671873386545},"point_estimate":8164.341100508485,"standard_error":1023.3268696346566},"slope":null,"std_dev":{"confidence_interval":{"confidence_level":0.95,"lower_bound":8300.015430622912,"upper_bound":17162.666029979922},"point_estimate":12600.120380659844,"standard_error":2358.79897044058}}