{"mean":{"confidence_interval":{"confidence_level":0.95,"lower_bound":302504.098773512,"upper_bound":303965.8405333657},"point_estimate":303189.12719896575,"standard_error":374.11668109722905},"median":{"confidence_interval":{"confidence_level":0.95,"lower_bound":301686.87,"upper_bound":302663.75},"point_estimate":302115.5968619559,"standard_error":221.90981283336927},"median_abs_dev":{"confidence_interval":{"confidence_level":0.95,"lower_bound":1280.3683694187603,"upper_bound":2222.890567732764},"point_estimate":1724.1957403511465,"standard_error":231.46158118475725},"slope":{"confidence_interval":{"confidence_level":0.95,"lower_bound":301987.19725174987,"upper_bound":302871.34276620724},"point_estimate":302407.68885104184,"standard_error":225.9264357292599},"std_dev":{"confidence_interval":{"confidence_level":0.95,"lower_bound":2531.3960966994505,"upper_bound":4933.930592924609},"point_estimate":3760.157233367165,"standard_error":623.2264117831772}}