{"mean":{"confidence_interval":{"confidence_level":0.95,"lower_bound":280000.2277339217,"upper_bound":280808.43800996785},"point_estimate":280398.5693865886,"standard_error":205.4731178186348},"median":{"confidence_interval":{"confidence_level":0.95,"lower_bound":279828.25392017106,"upper_bound":280419.71486250544},"point_estimate":280125.91493055556,"standard_error":139.30783937421734},"median_abs_dev":{"confidence_interval":{"confidence_level":0.95,"lower_bound":1075.1885759970553,"upper_bound":2030.82426061235},"point_estimate":1580.858250028044,"standard_error":225.37653851425358},"slope":{"confidence_interval":{"confidence_level":0.95,"lower_bound":279865.43403920426,"upper_bound":280724.6782122587},"point_estimate":280269.7790682725,"standard_error":220.2486714446807},"std_dev":{"confidence_interval":{"confidence_level":0.95,"lower_bound":1667.8100269443714,"upper_bound":2421.4400013656177},"point_estimate":2065.0361278872997,"standard_error":192.8541709792311}}