{"mean":{"confidence_interval":{"confidence_level":0.95,"lower_bound":254519.349765869,"upper_bound":258317.6398128293},"point_estimate":256189.61694197595,"standard_error":979.5893442748735},"median":{"confidence_interval":{"confidence_level":0.95,"lower_bound":253609.046875,"upper_bound":255607.265625},"point_estimate":254344.33756385697,"standard_error":455.124329676275},"median_abs_dev":{"confidence_interval":{"confidence_level":0.95,"lower_bound":2891.2809340541417,"upper_bound":5082.999299015995},"point_estimate":3902.4550519411255,"standard_error":604.8088734842156},"slope":{"confidence_interval":{"confidence_level":0.95,"lower_bound":254798.55324359526,"upper_bound":257066.50579843577},"point_estimate":255874.5800110832,"standard_error":577.8879840346673},"std_dev":{"confidence_interval":{"confidence_level":0.95,"lower_bound":4813.313021078378,"upper_bound":14886.389595920718},"point_estimate":9863.843681906594,"standard_error":2943.3620726009003}}