{"mean":{"confidence_interval":{"confidence_level":0.95,"lower_bound":239167.3316631132,"upper_bound":240395.32469916204},"point_estimate":239725.89352089647,"standard_error":315.59412778111755},"median":{"confidence_interval":{"confidence_level":0.95,"lower_bound":238713.070754717,"upper_bound":239600.35350998162},"point_estimate":239309.64680880713,"standard_error":199.90753523190682},"median_abs_dev":{"confidence_interval":{"confidence_level":0.95,"lower_bound":1337.0354139685014,"upper_bound":2000.9494620776832},"point_estimate":1700.9296675297405,"standard_error":172.19885757081175},"slope":{"confidence_interval":{"confidence_level":0.95,"lower_bound":239043.19472776895,"upper_bound":240116.92469896548},"point_estimate":239537.48471627015,"standard_error":273.73151338668697},"std_dev":{"confidence_interval":{"confidence_level":0.95,"lower_bound":1681.3259230559954,"upper_bound":4424.973472255124},"point_estimate":3171.486194759662,"standard_error":712.0172428879142}}