{"mean":{"confidence_interval":{"confidence_level":0.95,"lower_bound":261791.87300862613,"upper_bound":263004.0266437591},"point_estimate":262392.929398387,"standard_error":308.6644501323181},"median":{"confidence_interval":{"confidence_level":0.95,"lower_bound":261511.43154761905,"upper_bound":263165.57045454544},"point_estimate":262196.1955737705,"standard_error":435.38254973046435},"median_abs_dev":{"confidence_interval":{"confidence_level":0.95,"lower_bound":2524.581825179712,"upper_bound":4012.357330328927},"point_estimate":3477.770021486415,"standard_error":398.13437684954056},"slope":{"confidence_interval":{"confidence_level":0.95,"lower_bound":261192.2073533996,"upper_bound":262776.84491881944},"point_estimate":261971.44184646077,"standard_error":404.187551375183},"std_dev":{"confidence_interval":{"confidence_level":0.95,"lower_bound":2662.2723003580877,"upper_bound":3491.8447600876393},"point_estimate":3093.669370472576,"standard_error":211.8719432410368}}