{"mean":{"confidence_interval":{"confidence_level":0.95,"lower_bound":266073.7859184661,"upper_bound":268490.33516810415},"point_estimate":267111.284788701,"standard_error":623.8497143220562},"median":{"confidence_interval":{"confidence_level":0.95,"lower_bound":265973.9154211957,"upper_bound":266981.496835443},"point_estimate":266408.62394957984,"standard_error":260.6046205590559},"median_abs_dev":{"confidence_interval":{"confidence_level":0.95,"lower_bound":1572.5990870807457,"upper_bound":2750.055948874883},"point_estimate":2116.7500137614065,"standard_error":306.66875351577005},"slope":{"confidence_interval":{"confidence_level":0.95,"lower_bound":266313.7248530851,"upper_bound":267146.7394769662},"point_estimate":266733.2267755283,"standard_error":212.50757416204738},"std_dev":{"confidence_interval":{"confidence_level":0.95,"lower_bound":2555.1316245834882,"upper_bound":9790.656631935472},"point_estimate":6276.3631207147155,"standard_error":2117.5631726482247}}