{"mean":{"confidence_interval":{"confidence_level":0.95,"lower_bound":228657.79457320314,"upper_bound":229876.9279880623},"point_estimate":229218.6504571253,"standard_error":311.48734859578076},"median":{"confidence_interval":{"confidence_level":0.95,"lower_bound":228415.18964705884,"upper_bound":229480.3777777778},"point_estimate":229021.6204868154,"standard_error":287.0091069521307},"median_abs_dev":{"confidence_interval":{"confidence_level":0.95,"lower_bound":1377.4679717121332,"upper_bound":2247.803002093518},"point_estimate":1732.6021908310508,"standard_error":203.7346256012223},"slope":{"confidence_interval":{"confidence_level":0.95,"lower_bound":228779.21745404633,"upper_bound":229630.46492952455},"point_estimate":229193.58213033841,"standard_error":217.71945636961047},"std_dev":{"confidence_interval":{"confidence_level":0.95,"lower_bound":1818.5008506758236,"upper_bound":4545.375246421104},"point_estimate":3139.064327544421,"standard_error":759.522060422873}}