{"mean":{"confidence_interval":{"confidence_level":0.95,"lower_bound":825028.3094517025,"upper_bound":828280.192663596},"point_estimate":826394.4987031907,"standard_error":841.6813520998581},"median":{"confidence_interval":{"confidence_level":0.95,"lower_bound":824359.1521739131,"upper_bound":825884.083363472},"point_estimate":825107.8045905707,"standard_error":390.57493281064126},"median_abs_dev":{"confidence_interval":{"confidence_level":0.95,"lower_bound":2045.091425405332,"upper_bound":3313.9750885336402},"point_estimate":2676.413330415214,"standard_error":335.68147822097},"slope":{"confidence_interval":{"confidence_level":0.95,"lower_bound":824869.1308663678,"upper_bound":826646.6718302101},"point_estimate":825607.7532466381,"standard_error":460.4553861060859},"std_dev":{"confidence_interval":{"confidence_level":0.95,"lower_bound":2871.655150395636,"upper_bound":13373.611446218485},"point_estimate":8461.650658717119,"standard_error":2946.889610686049}}