{"mean":{"confidence_interval":{"confidence_level":0.95,"lower_bound":282379.1184795013,"upper_bound":283521.17677922995},"point_estimate":282939.45152779476,"standard_error":290.100225377629},"median":{"confidence_interval":{"confidence_level":0.95,"lower_bound":282207.26102941175,"upper_bound":283643.4137931034},"point_estimate":282613.8392857143,"standard_error":349.2155198067907},"median_abs_dev":{"confidence_interval":{"confidence_level":0.95,"lower_bound":1621.430199155031,"upper_bound":2581.5437874104546},"point_estimate":2005.5999327284942,"standard_error":256.29533966127946},"slope":{"confidence_interval":{"confidence_level":0.95,"lower_bound":282551.5758386466,"upper_bound":283417.5293138839},"point_estimate":282977.9141665435,"standard_error":221.18837924457821},"std_dev":{"confidence_interval":{"confidence_level":0.95,"lower_bound":2165.611843272545,"upper_bound":3719.8409272149734},"point_estimate":2930.531028888325,"standard_error":404.5085740182102}}