{"mean":{"confidence_interval":{"confidence_level":0.95,"lower_bound":245827.03049685087,"upper_bound":252612.57180529082},"point_estimate":248990.4207571535,"standard_error":1736.650192724001},"median":{"confidence_interval":{"confidence_level":0.95,"lower_bound":241135.04415584417,"upper_bound":245347.8375},"point_estimate":243550.08018237082,"standard_error":955.3617335481554},"median_abs_dev":{"confidence_interval":{"confidence_level":0.95,"lower_bound":5750.998765182893,"upper_bound":10546.767781111745},"point_estimate":8210.704173338478,"standard_error":1103.3294125850312},"slope":{"confidence_interval":{"confidence_level":0.95,"lower_bound":241485.61749471453,"upper_bound":245812.2685224974},"point_estimate":243446.2337614896,"standard_error":1103.8006916997815},"std_dev":{"confidence_interval":{"confidence_level":0.95,"lower_bound":11764.382455744408,"upper_bound":22724.224230192587},"point_estimate":17418.021999864803,"standard_error":2829.8626959158946}}