{"mean":{"confidence_interval":{"confidence_level":0.95,"lower_bound":220025.84574197367,"upper_bound":221075.7427001982},"point_estimate":220536.87680438824,"standard_error":268.35871769131603},"median":{"confidence_interval":{"confidence_level":0.95,"lower_bound":219627.76176470588,"upper_bound":220622.18048780487},"point_estimate":220226.0405344203,"standard_error":258.4853324662229},"median_abs_dev":{"confidence_interval":{"confidence_level":0.95,"lower_bound":1484.8984371465538,"upper_bound":2282.475085420041},"point_estimate":1947.6096794818068,"standard_error":209.83046857478246},"slope":{"confidence_interval":{"confidence_level":0.95,"lower_bound":220134.58202109538,"upper_bound":220861.97898518978},"point_estimate":220491.74414186494,"standard_error":185.27263952537584},"std_dev":{"confidence_interval":{"confidence_level":0.95,"lower_bound":1963.577484095663,"upper_bound":3420.2804373641725},"point_estimate":2692.687925964966,"standard_error":376.22192363986187}}