{"mean":{"confidence_interval":{"confidence_level":0.95,"lower_bound":709951.3103126518,"upper_bound":711889.4232631058},"point_estimate":710913.4168516413,"standard_error":494.43277798093885},"median":{"confidence_interval":{"confidence_level":0.95,"lower_bound":709557.9673645319,"upper_bound":711720.0777777778},"point_estimate":710744.1168788411,"standard_error":546.9899130695426},"median_abs_dev":{"confidence_interval":{"confidence_level":0.95,"lower_bound":3679.722079220075,"upper_bound":5701.640457319034},"point_estimate":5034.268247693611,"standard_error":532.6377303633116},"slope":{"confidence_interval":{"confidence_level":0.95,"lower_bound":710485.8962591072,"upper_bound":712220.1168005469},"point_estimate":711345.1695921383,"standard_error":442.9627454692056},"std_dev":{"confidence_interval":{"confidence_level":0.95,"lower_bound":4123.526075274889,"upper_bound":5748.808988812709},"point_estimate":4966.395454036641,"standard_error":416.25866670230783}}