{"mean":{"confidence_interval":{"confidence_level":0.95,"lower_bound":486194.3292758704,"upper_bound":487538.1537526409},"point_estimate":486853.17126136355,"standard_error":343.32045844326444},"median":{"confidence_interval":{"confidence_level":0.95,"lower_bound":486010.125,"upper_bound":487447.37341772154},"point_estimate":486638.9588405797,"standard_error":405.4310918119557},"median_abs_dev":{"confidence_interval":{"confidence_level":0.95,"lower_bound":2457.0298701598176,"upper_bound":3701.6389638282226},"point_estimate":3169.9581232220125,"standard_error":310.4078498955674},"slope":{"confidence_interval":{"confidence_level":0.95,"lower_bound":486284.4118605845,"upper_bound":487457.35245878214},"point_estimate":486868.3165701197,"standard_error":299.4855150560184},"std_dev":{"confidence_interval":{"confidence_level":0.95,"lower_bound":2693.601350892149,"upper_bound":4279.206738100054},"point_estimate":3458.569655565317,"standard_error":411.0468459535414}}