{"mean":{"confidence_interval":{"confidence_level":0.95,"lower_bound":4609524.261045456,"upper_bound":4662581.710977272},"point_estimate":4634144.269090911,"standard_error":13518.860262742748},"median":{"confidence_interval":{"confidence_level":0.95,"lower_bound":4598226.727272727,"upper_bound":4640175.909090909},"point_estimate":4612948.5,"standard_error":11656.913737676325},"median_abs_dev":{"confidence_interval":{"confidence_level":0.95,"lower_bound":61389.747546478,"upper_bound":112041.39750314046},"point_estimate":81684.45206799303,"standard_error":12747.826218313347},"slope":null,"std_dev":{"confidence_interval":{"confidence_level":0.95,"lower_bound":84911.92366657298,"upper_bound":182946.3475611123},"point_estimate":136163.8374788874,"standard_error":25248.3779224124}}