{"mean":{"confidence_interval":{"confidence_level":0.95,"lower_bound":4788517.18734091,"upper_bound":4812910.639431818},"point_estimate":4800584.301818182,"standard_error":6240.008122985329},"median":{"confidence_interval":{"confidence_level":0.95,"lower_bound":4781199.363636363,"upper_bound":4805976.545454546},"point_estimate":4791154.2272727275,"standard_error":6065.364304783924},"median_abs_dev":{"confidence_interval":{"confidence_level":0.95,"lower_bound":44786.64956851552,"upper_bound":72446.84336835725},"point_estimate":58493.286325172696,"standard_error":6823.856059844358},"slope":null,"std_dev":{"confidence_interval":{"confidence_level":0.95,"lower_bound":53438.51267637568,"upper_bound":71543.07129565015},"point_estimate":62748.78506035079,"standard_error":4611.358738800625}}