{"mean":{"confidence_interval":{"confidence_level":0.95,"lower_bound":232266.27967156185,"upper_bound":233467.06567969694},"point_estimate":232868.5821544594,"standard_error":306.2859816277888},"median":{"confidence_interval":{"confidence_level":0.95,"lower_bound":232269.7608108108,"upper_bound":233064.75494565215},"point_estimate":232567.28508064518,"standard_error":188.0630492429132},"median_abs_dev":{"confidence_interval":{"confidence_level":0.95,"lower_bound":1598.6709401697353,"upper_bound":3404.212549810963},"point_estimate":2380.5624086457183,"standard_error":455.46813846166907},"slope":{"confidence_interval":{"confidence_level":0.95,"lower_bound":232789.7184821634,"upper_bound":233844.74821611049},"point_estimate":233322.6143118073,"standard_error":268.83348680246706},"std_dev":{"confidence_interval":{"confidence_level":0.95,"lower_bound":2468.448383040411,"upper_bound":3685.1298554049913},"point_estimate":3082.3374098792974,"standard_error":312.15800010864166}}