{"mean":{"confidence_interval":{"confidence_level":0.95,"lower_bound":7326834.684600005,"upper_bound":7348844.099849999},"point_estimate":7337658.9920000015,"standard_error":5617.012370077197},"median":{"confidence_interval":{"confidence_level":0.95,"lower_bound":7313644.4,"upper_bound":7345894.4},"point_estimate":7329847.6,"standard_error":7665.303581891423},"median_abs_dev":{"confidence_interval":{"confidence_level":0.95,"lower_bound":42428.15648674951,"upper_bound":69105.3191131352},"point_estimate":56339.0955197807,"standard_error":7091.6951981055845},"slope":null,"std_dev":{"confidence_interval":{"confidence_level":0.95,"lower_bound":46833.1078477023,"upper_bound":65780.18730054604},"point_estimate":56412.66889310917,"standard_error":4846.653842962709}}