{"mean":{"confidence_interval":{"confidence_level":0.95,"lower_bound":5041962.933,"upper_bound":5054664.234791664},"point_estimate":5048240.471666667,"standard_error":3242.6112679118787},"median":{"confidence_interval":{"confidence_level":0.95,"lower_bound":5035394.333333333,"upper_bound":5050342.5},"point_estimate":5045245.333333333,"standard_error":4430.112625255977},"median_abs_dev":{"confidence_interval":{"confidence_level":0.95,"lower_bound":21447.044119239774,"upper_bound":40437.91428208213},"point_estimate":29319.773529469738,"standard_error":4715.580652972321},"slope":null,"std_dev":{"confidence_interval":{"confidence_level":0.95,"lower_bound":28046.729004019056,"upper_bound":36747.457242545315},"point_estimate":32692.979171606083,"standard_error":2219.3405330414075}}