{"mean":{"confidence_interval":{"confidence_level":0.95,"lower_bound":309914.81929050246,"upper_bound":311034.5060582952},"point_estimate":310448.25833711686,"standard_error":284.0885080772528},"median":{"confidence_interval":{"confidence_level":0.95,"lower_bound":309865.10761065944,"upper_bound":310923.32351336605},"point_estimate":310407.94234143046,"standard_error":294.3898340989419},"median_abs_dev":{"confidence_interval":{"confidence_level":0.95,"lower_bound":1712.8380887943167,"upper_bound":2812.310966194232},"point_estimate":2327.325967156265,"standard_error":280.6618690478383},"slope":{"confidence_interval":{"confidence_level":0.95,"lower_bound":310189.19955556834,"upper_bound":311150.0649906092},"point_estimate":310658.39586227277,"standard_error":244.63578652263712},"std_dev":{"confidence_interval":{"confidence_level":0.95,"lower_bound":2042.9839663794285,"upper_bound":3769.9094211523366},"point_estimate":2859.195307770404,"standard_error":460.3012404666677}}