{"mean":{"confidence_interval":{"confidence_level":0.95,"lower_bound":244613.926754844,"upper_bound":245554.18006962212},"point_estimate":245066.75886819002,"standard_error":239.69065824981732},"median":{"confidence_interval":{"confidence_level":0.95,"lower_bound":244291.92117749772,"upper_bound":245203.25},"point_estimate":244720.36083333334,"standard_error":230.43652569459883},"median_abs_dev":{"confidence_interval":{"confidence_level":0.95,"lower_bound":1338.4724964714642,"upper_bound":2297.628421708927},"point_estimate":1843.8202342789766,"standard_error":248.104659866945},"slope":{"confidence_interval":{"confidence_level":0.95,"lower_bound":244322.97228389952,"upper_bound":245905.51333791725},"point_estimate":244989.57125683464,"standard_error":409.11393279508644},"std_dev":{"confidence_interval":{"confidence_level":0.95,"lower_bound":1742.5152111435377,"upper_bound":3073.942957815456},"point_estimate":2411.5537688775094,"standard_error":343.23618042321056}}