{"mean":{"confidence_interval":{"confidence_level":0.95,"lower_bound":2367294.9245357146,"upper_bound":2372374.8307738104},"point_estimate":2369754.799047619,"standard_error":1299.3208105053538},"median":{"confidence_interval":{"confidence_level":0.95,"lower_bound":2364530.904761905,"upper_bound":2370469.8571428573},"point_estimate":2366995.166666667,"standard_error":1688.340014147973},"median_abs_dev":{"confidence_interval":{"confidence_level":0.95,"lower_bound":8147.663455350025,"upper_bound":14472.787943056635},"point_estimate":10757.921909008197,"standard_error":1538.8934572318385},"slope":null,"std_dev":{"confidence_interval":{"confidence_level":0.95,"lower_bound":10229.077495536769,"upper_bound":16058.295876855254},"point_estimate":13040.52740296069,"standard_error":1513.7010778187653}}