{"mean":{"confidence_interval":{"confidence_level":0.95,"lower_bound":287333.23819742043,"upper_bound":289416.5820148958},"point_estimate":288341.3237828052,"standard_error":533.011930305648},"median":{"confidence_interval":{"confidence_level":0.95,"lower_bound":285652.3786764706,"upper_bound":288311.9725340818},"point_estimate":287230.4426406927,"standard_error":663.465645498189},"median_abs_dev":{"confidence_interval":{"confidence_level":0.95,"lower_bound":3215.9380968945243,"upper_bound":5329.367343566648},"point_estimate":4424.927318532832,"standard_error":538.7607026576228},"slope":{"confidence_interval":{"confidence_level":0.95,"lower_bound":288065.31674940104,"upper_bound":291529.83920824475},"point_estimate":289799.44604255946,"standard_error":885.6683690997545},"std_dev":{"confidence_interval":{"confidence_level":0.95,"lower_bound":4352.457522729541,"upper_bound":6231.365942475002},"point_estimate":5371.300740008159,"standard_error":480.8757435954265}}