{"mean":{"confidence_interval":{"confidence_level":0.95,"lower_bound":668529.3576779466,"upper_bound":670117.0237030567},"point_estimate":669284.1673805934,"standard_error":404.34301970630366},"median":{"confidence_interval":{"confidence_level":0.95,"lower_bound":668245.3333333334,"upper_bound":669621.9186046511},"point_estimate":669026.022051282,"standard_error":349.2752341026846},"median_abs_dev":{"confidence_interval":{"confidence_level":0.95,"lower_bound":2133.6053122371945,"upper_bound":3412.5723344728776},"point_estimate":2793.4477732524683,"standard_error":314.1680773618964},"slope":{"confidence_interval":{"confidence_level":0.95,"lower_bound":668419.1906560382,"upper_bound":669555.2037368044},"point_estimate":668986.79081129,"standard_error":290.14601835631095},"std_dev":{"confidence_interval":{"confidence_level":0.95,"lower_bound":2708.4650092041993,"upper_bound":5258.076168945571},"point_estimate":4054.2680916063296,"standard_error":652.5121813020821}}