{"mean":{"confidence_interval":{"confidence_level":0.95,"lower_bound":221960.2282283209,"upper_bound":224180.6180758107},"point_estimate":222982.99213484846,"standard_error":566.0452907555795},"median":{"confidence_interval":{"confidence_level":0.95,"lower_bound":221641.8449706458,"upper_bound":223011.15757575756},"point_estimate":222479.9086898096,"standard_error":390.33726073865654},"median_abs_dev":{"confidence_interval":{"confidence_level":0.95,"lower_bound":2033.8744235239703,"upper_bound":3400.065909010081},"point_estimate":2702.953892575929,"standard_error":340.75299678328673},"slope":{"confidence_interval":{"confidence_level":0.95,"lower_bound":222007.83783447757,"upper_bound":224092.6134561861},"point_estimate":222955.62049416284,"standard_error":532.7587015261457},"std_dev":{"confidence_interval":{"confidence_level":0.95,"lower_bound":3293.2311006655805,"upper_bound":7978.867955709804},"point_estimate":5694.426770899134,"standard_error":1226.5214620353902}}