{"mean":{"confidence_interval":{"confidence_level":0.95,"lower_bound":216103.98987122506,"upper_bound":221574.98486186872},"point_estimate":218148.49436669584,"standard_error":1485.6866775368615},"median":{"confidence_interval":{"confidence_level":0.95,"lower_bound":215205.34166666667,"upper_bound":216072.8539686552},"point_estimate":215603.20295122708,"standard_error":247.88595477038476},"median_abs_dev":{"confidence_interval":{"confidence_level":0.95,"lower_bound":1598.5310519979948,"upper_bound":3139.8640605497367},"point_estimate":2360.0365390156244,"standard_error":398.95631840538687},"slope":{"confidence_interval":{"confidence_level":0.95,"lower_bound":215646.68169009226,"upper_bound":217008.61455991803},"point_estimate":216291.79846667653,"standard_error":346.71297814426293},"std_dev":{"confidence_interval":{"confidence_level":0.95,"lower_bound":2848.5958592607526,"upper_bound":24956.833952273242},"point_estimate":14901.581261422445,"standard_error":7284.58656543281}}