{"mean":{"confidence_interval":{"confidence_level":0.95,"lower_bound":243979.7881794634,"upper_bound":244971.88142969797},"point_estimate":244490.81219470018,"standard_error":252.42243242644244},"median":{"confidence_interval":{"confidence_level":0.95,"lower_bound":243944.0923611111,"upper_bound":244757.96078431373},"point_estimate":244250.2674107143,"standard_error":214.58518903417163},"median_abs_dev":{"confidence_interval":{"confidence_level":0.95,"lower_bound":1411.9697314190212,"upper_bound":2449.219286934989},"point_estimate":1924.2077270683344,"standard_error":267.2564077274363},"slope":{"confidence_interval":{"confidence_level":0.95,"lower_bound":244167.56268078313,"upper_bound":245033.00707535094},"point_estimate":244584.3086389833,"standard_error":221.55119851933358},"std_dev":{"confidence_interval":{"confidence_level":0.95,"lower_bound":1865.8686414835104,"upper_bound":3254.7327406403138},"point_estimate":2539.3568600482567,"standard_error":364.23946935621814}}