{"mean":{"confidence_interval":{"confidence_level":0.95,"lower_bound":267971.6826045083,"upper_bound":269266.5792855517},"point_estimate":268619.07060074044,"standard_error":331.1408461800528},"median":{"confidence_interval":{"confidence_level":0.95,"lower_bound":267543.1394736842,"upper_bound":269351.9871794872},"point_estimate":268391.8611607143,"standard_error":442.9014707853288},"median_abs_dev":{"confidence_interval":{"confidence_level":0.95,"lower_bound":2200.9188551649604,"upper_bound":3760.0600917945785},"point_estimate":3164.1231657005847,"standard_error":389.1347275661467},"slope":{"confidence_interval":{"confidence_level":0.95,"lower_bound":267257.6330085565,"upper_bound":268586.8939667491},"point_estimate":267919.9378735038,"standard_error":340.1121147041802},"std_dev":{"confidence_interval":{"confidence_level":0.95,"lower_bound":2748.907216621512,"upper_bound":3868.8180971537286},"point_estimate":3323.471087578547,"standard_error":286.2571170831199}}