{"mean":{"confidence_interval":{"confidence_level":0.95,"lower_bound":231716.53983371536,"upper_bound":232746.8496866555},"point_estimate":232185.93951942466,"standard_error":262.25547019078016},"median":{"confidence_interval":{"confidence_level":0.95,"lower_bound":231513.4153409091,"upper_bound":232319.24177033495},"point_estimate":231854.3885186672,"standard_error":206.45199385656412},"median_abs_dev":{"confidence_interval":{"confidence_level":0.95,"lower_bound":1275.997701778341,"upper_bound":2039.5527737907128},"point_estimate":1624.819109555528,"standard_error":195.82684553372317},"slope":{"confidence_interval":{"confidence_level":0.95,"lower_bound":231724.13846344844,"upper_bound":232505.0741882378},"point_estimate":232108.0955897739,"standard_error":199.33930493031963},"std_dev":{"confidence_interval":{"confidence_level":0.95,"lower_bound":1620.654208183244,"upper_bound":3795.312856038791},"point_estimate":2630.1571228240227,"standard_error":650.5662416159755}}