{"mean":{"confidence_interval":{"confidence_level":0.95,"lower_bound":242764.96459765467,"upper_bound":243655.61915608644},"point_estimate":243198.57993277363,"standard_error":226.95889561519868},"median":{"confidence_interval":{"confidence_level":0.95,"lower_bound":242316.9140151515,"upper_bound":243464.48434502602},"point_estimate":242804.61259191175,"standard_error":351.9766019487874},"median_abs_dev":{"confidence_interval":{"confidence_level":0.95,"lower_bound":1560.1495640470837,"upper_bound":2516.2362434528854},"point_estimate":2035.612716342286,"standard_error":230.80423687709066},"slope":{"confidence_interval":{"confidence_level":0.95,"lower_bound":242741.25143317346,"upper_bound":243682.6328729556},"point_estimate":243211.67425373135,"standard_error":239.8532805306051},"std_dev":{"confidence_interval":{"confidence_level":0.95,"lower_bound":1806.7011436896182,"upper_bound":2776.344544791107},"point_estimate":2281.963368184401,"standard_error":251.97315756070094}}