{"mean":{"confidence_interval":{"confidence_level":0.95,"lower_bound":399848.10483899043,"upper_bound":400975.03934685775},"point_estimate":400382.3303100815,"standard_error":287.13069542025926},"median":{"confidence_interval":{"confidence_level":0.95,"lower_bound":399585.3275862069,"upper_bound":400451.00677807356},"point_estimate":400266.67150406505,"standard_error":244.27614822484614},"median_abs_dev":{"confidence_interval":{"confidence_level":0.95,"lower_bound":1331.0522763990377,"upper_bound":2291.5299197558247},"point_estimate":1931.4642876364614,"standard_error":255.66022477934547},"slope":{"confidence_interval":{"confidence_level":0.95,"lower_bound":399715.393699783,"upper_bound":400512.12799234164},"point_estimate":400099.6841869859,"standard_error":203.10575203326755},"std_dev":{"confidence_interval":{"confidence_level":0.95,"lower_bound":1992.728589418633,"upper_bound":3771.175493035323},"point_estimate":2886.3850601528006,"standard_error":463.68596927308516}}