{"mean":{"confidence_interval":{"confidence_level":0.95,"lower_bound":148780.29545185427,"upper_bound":149809.29743398228},"point_estimate":149257.54204717447,"standard_error":261.98257229738965},"median":{"confidence_interval":{"confidence_level":0.95,"lower_bound":148586.65966386555,"upper_bound":149268.84124320443},"point_estimate":148944.97672117042,"standard_error":189.74346911101222},"median_abs_dev":{"confidence_interval":{"confidence_level":0.95,"lower_bound":1169.9363540429283,"upper_bound":2250.945874752709},"point_estimate":1598.2564994030472,"standard_error":277.4956438327072},"slope":{"confidence_interval":{"confidence_level":0.95,"lower_bound":148576.246778214,"upper_bound":149385.3938992836},"point_estimate":148963.1293563301,"standard_error":206.40726834394872},"std_dev":{"confidence_interval":{"confidence_level":0.95,"lower_bound":1695.823944085326,"upper_bound":3620.4118790967555},"point_estimate":2632.457133233642,"standard_error":519.1320803927512}}