{"mean":{"confidence_interval":{"confidence_level":0.95,"lower_bound":2677406.290296875,"upper_bound":2679419.403828125},"point_estimate":2678408.92,"standard_error":513.7840880467833},"median":{"confidence_interval":{"confidence_level":0.95,"lower_bound":2677148.5,"upper_bound":2679020.0},"point_estimate":2678096.28125,"standard_error":532.6319503405358},"median_abs_dev":{"confidence_interval":{"confidence_level":0.95,"lower_bound":3808.70666988194,"upper_bound":6777.313122334885},"point_estimate":5495.905439928174,"standard_error":769.3850489832121},"slope":null,"std_dev":{"confidence_interval":{"confidence_level":0.95,"lower_bound":4451.79557026448,"upper_bound":5846.502297768978},"point_estimate":5177.908377684841,"standard_error":357.4167450459598}}