{"mean":{"confidence_interval":{"confidence_level":0.95,"lower_bound":2703051.7961875,"upper_bound":2714954.471015625},"point_estimate":2708424.321875,"standard_error":3054.0750834189816},"median":{"confidence_interval":{"confidence_level":0.95,"lower_bound":2697755.1875,"upper_bound":2702234.5625},"point_estimate":2700314.46875,"standard_error":1240.1234991992906},"median_abs_dev":{"confidence_interval":{"confidence_level":0.95,"lower_bound":7773.437296212656,"upper_bound":13971.049195714295},"point_estimate":11489.964471012354,"standard_error":1582.4352333210882},"slope":null,"std_dev":{"confidence_interval":{"confidence_level":0.95,"lower_bound":17622.6225693583,"upper_bound":44249.841539137866},"point_estimate":30643.17472375791,"standard_error":7650.071518731966}}