{"mean":{"confidence_interval":{"confidence_level":0.95,"lower_bound":296063.5139649682,"upper_bound":297045.86878735217},"point_estimate":296536.4617963466,"standard_error":250.29028043963098},"median":{"confidence_interval":{"confidence_level":0.95,"lower_bound":295907.6654411765,"upper_bound":296751.98979591834},"point_estimate":296319.20220588235,"standard_error":238.10353957431803},"median_abs_dev":{"confidence_interval":{"confidence_level":0.95,"lower_bound":1288.6333843259697,"upper_bound":2081.9363009615513},"point_estimate":1723.1479312168399,"standard_error":206.06975234974252},"slope":{"confidence_interval":{"confidence_level":0.95,"lower_bound":296268.59300776036,"upper_bound":297091.65309013653},"point_estimate":296667.18576178513,"standard_error":209.78837073637183},"std_dev":{"confidence_interval":{"confidence_level":0.95,"lower_bound":1759.1901528057792,"upper_bound":3198.5544658460913},"point_estimate":2511.577919583132,"standard_error":368.9116768848213}}