{"mean":{"confidence_interval":{"confidence_level":0.95,"lower_bound":253751.32439697464,"upper_bound":255211.94488670438},"point_estimate":254455.1709523808,"standard_error":371.8552271983173},"median":{"confidence_interval":{"confidence_level":0.95,"lower_bound":253333.42105263157,"upper_bound":254637.45},"point_estimate":253915.28573673626,"standard_error":355.08644131182774},"median_abs_dev":{"confidence_interval":{"confidence_level":0.95,"lower_bound":2498.824831822765,"upper_bound":3846.717873138486},"point_estimate":3380.5012419094714,"standard_error":347.974575727834},"slope":{"confidence_interval":{"confidence_level":0.95,"lower_bound":253294.67250030494,"upper_bound":254649.3882943233},"point_estimate":253982.1632422048,"standard_error":345.61870945719545},"std_dev":{"confidence_interval":{"confidence_level":0.95,"lower_bound":2844.303682356695,"upper_bound":4632.861837254581},"point_estimate":3740.315399816022,"standard_error":463.1159474946895}}