{"mean":{"confidence_interval":{"confidence_level":0.95,"lower_bound":3475.578023404179,"upper_bound":3482.0397524452987},"point_estimate":3478.30541370371,"standard_error":1.6724294960442985},"median":{"confidence_interval":{"confidence_level":0.95,"lower_bound":3474.069628134662,"upper_bound":3475.2854538806123},"point_estimate":3474.703939260563,"standard_error":0.3087531658304879},"median_abs_dev":{"confidence_interval":{"confidence_level":0.95,"lower_bound":3.122011060404809,"upper_bound":5.095596686725479},"point_estimate":4.164394683989086,"standard_error":0.494585967994764},"slope":{"confidence_interval":{"confidence_level":0.95,"lower_bound":3474.8663386129438,"upper_bound":3478.0724037463538},"point_estimate":3476.318982614469,"standard_error":0.8186660281245286},"std_dev":{"confidence_interval":{"confidence_level":0.95,"lower_bound":5.37410506455754,"upper_bound":26.214930674347436},"point_estimate":16.763439603935375,"standard_error":5.6974664100491825}}