{"mean":{"confidence_interval":{"confidence_level":0.95,"lower_bound":2076.0477173996555,"upper_bound":2081.446266597004},"point_estimate":2078.2200443078405,"standard_error":1.4209687365947048},"median":{"confidence_interval":{"confidence_level":0.95,"lower_bound":2075.5491798389503,"upper_bound":2077.4478079331943},"point_estimate":2076.4273968903235,"standard_error":0.47418538379217173},"median_abs_dev":{"confidence_interval":{"confidence_level":0.95,"lower_bound":3.2998595337685543,"upper_bound":5.632273085148355},"point_estimate":4.805390852598225,"standard_error":0.5862895572009261},"slope":{"confidence_interval":{"confidence_level":0.95,"lower_bound":2076.534467205053,"upper_bound":2079.2776793654807},"point_estimate":2077.82786861081,"standard_error":0.7024801759113127},"std_dev":{"confidence_interval":{"confidence_level":0.95,"lower_bound":4.904099006935223,"upper_bound":23.07283548179343},"point_estimate":14.239711394039523,"standard_error":5.910264635676345}}