{"mean":{"confidence_interval":{"confidence_level":0.95,"lower_bound":2090.4412379670553,"upper_bound":2100.231169393511},"point_estimate":2094.5079486299696,"standard_error":2.5491974426879795},"median":{"confidence_interval":{"confidence_level":0.95,"lower_bound":2088.9707179167963,"upper_bound":2090.782300420168},"point_estimate":2089.74843687475,"standard_error":0.4398115675834233},"median_abs_dev":{"confidence_interval":{"confidence_level":0.95,"lower_bound":2.658649697045183,"upper_bound":4.425313851529079},"point_estimate":3.6219989887206148,"standard_error":0.4415347939306239},"slope":{"confidence_interval":{"confidence_level":0.95,"lower_bound":2089.6349506401443,"upper_bound":2092.232886062319},"point_estimate":2090.7995512763996,"standard_error":0.666443696361833},"std_dev":{"confidence_interval":{"confidence_level":0.95,"lower_bound":5.65512340723956,"upper_bound":40.23932971779499},"point_estimate":25.554144841534676,"standard_error":9.250953544628302}}