{"mean":{"confidence_interval":{"confidence_level":0.95,"lower_bound":117436.57040611972,"upper_bound":118664.99328127655},"point_estimate":118019.73948578822,"standard_error":314.0832749839718},"median":{"confidence_interval":{"confidence_level":0.95,"lower_bound":117099.62306201551,"upper_bound":118711.22839506173},"point_estimate":117671.90460526316,"standard_error":417.1093257671887},"median_abs_dev":{"confidence_interval":{"confidence_level":0.95,"lower_bound":1971.3002350308357,"upper_bound":2992.517272534235},"point_estimate":2472.5766372195444,"standard_error":261.94327427072386},"slope":{"confidence_interval":{"confidence_level":0.95,"lower_bound":117520.18931457831,"upper_bound":118557.24872351202},"point_estimate":118039.69476799172,"standard_error":265.01703395069956},"std_dev":{"confidence_interval":{"confidence_level":0.95,"lower_bound":2197.3688358625514,"upper_bound":4252.6906384672775},"point_estimate":3153.7615153775464,"standard_error":563.2343544393468}}