{"mean":{"confidence_interval":{"confidence_level":0.95,"lower_bound":340579.2543871817,"upper_bound":342867.2830958511},"point_estimate":341622.93847515347,"standard_error":584.7205857558249},"median":{"confidence_interval":{"confidence_level":0.95,"lower_bound":339678.009009009,"upper_bound":341349.0400383142},"point_estimate":340486.20075757575,"standard_error":400.58318165471206},"median_abs_dev":{"confidence_interval":{"confidence_level":0.95,"lower_bound":2086.827861756928,"upper_bound":3588.6860602166716},"point_estimate":2694.058688169452,"standard_error":380.40387772967495},"slope":{"confidence_interval":{"confidence_level":0.95,"lower_bound":340644.5662984423,"upper_bound":344092.0480599904},"point_estimate":342075.93675976555,"standard_error":899.8113634262626},"std_dev":{"confidence_interval":{"confidence_level":0.95,"lower_bound":3304.4810557745373,"upper_bound":8347.933999444258},"point_estimate":5877.712071911904,"standard_error":1337.9022411337478}}