{"mean":{"confidence_interval":{"confidence_level":0.95,"lower_bound":173146.58975997634,"upper_bound":174023.54118312077},"point_estimate":173582.0239721286,"standard_error":223.28761948144938},"median":{"confidence_interval":{"confidence_level":0.95,"lower_bound":173363.89393939395,"upper_bound":174001.9303030303},"point_estimate":173758.25937500002,"standard_error":187.76739001971615},"median_abs_dev":{"confidence_interval":{"confidence_level":0.95,"lower_bound":1074.4255018029214,"upper_bound":1834.2289301442968},"point_estimate":1365.812282955879,"standard_error":199.45487637157973},"slope":{"confidence_interval":{"confidence_level":0.95,"lower_bound":173471.63580009402,"upper_bound":173932.87943329517},"point_estimate":173700.7111556081,"standard_error":117.5684441266589},"std_dev":{"confidence_interval":{"confidence_level":0.95,"lower_bound":1650.5887854529242,"upper_bound":2778.3432314714055},"point_estimate":2236.4352205521227,"standard_error":288.2492391401136}}