{"mean":{"confidence_interval":{"confidence_level":0.95,"lower_bound":243938.6418639731,"upper_bound":244969.96806686497},"point_estimate":244440.18592505236,"standard_error":263.2140799848967},"median":{"confidence_interval":{"confidence_level":0.95,"lower_bound":243416.82692307694,"upper_bound":244542.47634597006},"point_estimate":243914.87949346405,"standard_error":314.2304201768454},"median_abs_dev":{"confidence_interval":{"confidence_level":0.95,"lower_bound":1846.5369026268634,"upper_bound":3191.977485532331},"point_estimate":2621.949044245028,"standard_error":344.66554793737413},"slope":{"confidence_interval":{"confidence_level":0.95,"lower_bound":243792.631872828,"upper_bound":244884.05813531266},"point_estimate":244324.1017570563,"standard_error":278.2060532743323},"std_dev":{"confidence_interval":{"confidence_level":0.95,"lower_bound":2138.974568510203,"upper_bound":3100.8743977741533},"point_estimate":2637.6156737976476,"standard_error":246.08868992230936}}