{"mean":{"confidence_interval":{"confidence_level":0.95,"lower_bound":267483.02328816184,"upper_bound":268271.65042498615},"point_estimate":267870.4709871292,"standard_error":200.67497671988522},"median":{"confidence_interval":{"confidence_level":0.95,"lower_bound":267263.03623188403,"upper_bound":267910.01470588235},"point_estimate":267611.19671658985,"standard_error":173.43422225873235},"median_abs_dev":{"confidence_interval":{"confidence_level":0.95,"lower_bound":1151.4797680751533,"upper_bound":2066.359943217709},"point_estimate":1664.2386433904737,"standard_error":221.63577177023416},"slope":{"confidence_interval":{"confidence_level":0.95,"lower_bound":267379.598702594,"upper_bound":268171.62912000046},"point_estimate":267756.5618375942,"standard_error":202.33691911435733},"std_dev":{"confidence_interval":{"confidence_level":0.95,"lower_bound":1629.0857431610548,"upper_bound":2385.034147619097},"point_estimate":2018.185598462424,"standard_error":193.18315463270386}}