{"mean":{"confidence_interval":{"confidence_level":0.95,"lower_bound":232762.06580797813,"upper_bound":234218.5712615703},"point_estimate":233390.85121023684,"standard_error":375.76352341985233},"median":{"confidence_interval":{"confidence_level":0.95,"lower_bound":232606.15540540538,"upper_bound":233372.89404761905},"point_estimate":232898.85555555555,"standard_error":187.03666539808245},"median_abs_dev":{"confidence_interval":{"confidence_level":0.95,"lower_bound":1260.815842229597,"upper_bound":2208.8065632858393},"point_estimate":1604.509954622044,"standard_error":247.57326996405746},"slope":{"confidence_interval":{"confidence_level":0.95,"lower_bound":232646.59192917275,"upper_bound":233673.36367024542},"point_estimate":233122.09698300576,"standard_error":262.6229559030361},"std_dev":{"confidence_interval":{"confidence_level":0.95,"lower_bound":1730.828983787798,"upper_bound":5842.219785431307},"point_estimate":3782.484329196024,"standard_error":1242.9391931008622}}