{"mean":{"confidence_interval":{"confidence_level":0.95,"lower_bound":194882.82391795333,"upper_bound":196675.24788183058},"point_estimate":195754.19410455253,"standard_error":458.510393874501},"median":{"confidence_interval":{"confidence_level":0.95,"lower_bound":194145.06835032435,"upper_bound":196194.6641025641},"point_estimate":195122.1279245283,"standard_error":583.9935608145762},"median_abs_dev":{"confidence_interval":{"confidence_level":0.95,"lower_bound":2784.3306128409877,"upper_bound":4539.237701041011},"point_estimate":3725.610260179823,"standard_error":457.3398977555797},"slope":{"confidence_interval":{"confidence_level":0.95,"lower_bound":194987.3712739669,"upper_bound":196741.57641614706},"point_estimate":195857.89126584897,"standard_error":445.42261578673265},"std_dev":{"confidence_interval":{"confidence_level":0.95,"lower_bound":3544.354892192421,"upper_bound":5762.363216038793},"point_estimate":4602.2523898746085,"standard_error":582.2786659777262}}