{"mean":{"confidence_interval":{"confidence_level":0.95,"lower_bound":257433.89220861788,"upper_bound":258431.78184834524},"point_estimate":257917.7481624722,"standard_error":254.0812044068591},"median":{"confidence_interval":{"confidence_level":0.95,"lower_bound":256919.7844827586,"upper_bound":258223.64912280702},"point_estimate":257684.3271830986,"standard_error":317.6966624909262},"median_abs_dev":{"confidence_interval":{"confidence_level":0.95,"lower_bound":1560.696829940477,"upper_bound":2785.69367940454},"point_estimate":2201.7917866326147,"standard_error":297.87352574052306},"slope":{"confidence_interval":{"confidence_level":0.95,"lower_bound":256834.27003372484,"upper_bound":257769.70321755973},"point_estimate":257287.71036943994,"standard_error":238.33984192848862},"std_dev":{"confidence_interval":{"confidence_level":0.95,"lower_bound":2072.980340950144,"upper_bound":2986.9570559940526},"point_estimate":2553.0297712018128,"standard_error":233.0703879576982}}