{"mean":{"confidence_interval":{"confidence_level":0.95,"lower_bound":224967.40958650218,"upper_bound":225991.93271113932},"point_estimate":225451.17318188772,"standard_error":261.28348720078174},"median":{"confidence_interval":{"confidence_level":0.95,"lower_bound":224274.41284522705,"upper_bound":225409.6047951177},"point_estimate":224900.58748353098,"standard_error":285.8191787143535},"median_abs_dev":{"confidence_interval":{"confidence_level":0.95,"lower_bound":1401.1948994042614,"upper_bound":2474.003787832062},"point_estimate":1877.4597248917114,"standard_error":272.67448687566235},"slope":{"confidence_interval":{"confidence_level":0.95,"lower_bound":224779.39118054154,"upper_bound":225684.2604817867},"point_estimate":225236.18144052016,"standard_error":231.62797217892714},"std_dev":{"confidence_interval":{"confidence_level":0.95,"lower_bound":1874.839115694297,"upper_bound":3397.7322760986744},"point_estimate":2622.0285629848954,"standard_error":398.78926793280266}}