{"mean":{"confidence_interval":{"confidence_level":0.95,"lower_bound":265256.86110086564,"upper_bound":266827.73402144486},"point_estimate":265989.91173514194,"standard_error":401.0431315952187},"median":{"confidence_interval":{"confidence_level":0.95,"lower_bound":264592.2833333333,"upper_bound":265717.8064516129},"point_estimate":265430.9727011494,"standard_error":316.7743940337593},"median_abs_dev":{"confidence_interval":{"confidence_level":0.95,"lower_bound":1721.5059426374055,"upper_bound":3051.7586018333764},"point_estimate":2647.7996834662404,"standard_error":358.25836098803563},"slope":{"confidence_interval":{"confidence_level":0.95,"lower_bound":264637.91058382136,"upper_bound":265947.93843791645},"point_estimate":265276.0102164918,"standard_error":334.01002208211605},"std_dev":{"confidence_interval":{"confidence_level":0.95,"lower_bound":2531.61014960486,"upper_bound":5534.524583767816},"point_estimate":4029.8347868596275,"standard_error":793.4374745038987}}