{"mean":{"confidence_interval":{"confidence_level":0.95,"lower_bound":307485.25397071324,"upper_bound":309186.13440402516},"point_estimate":308267.00940682617,"standard_error":435.62910045088614},"median":{"confidence_interval":{"confidence_level":0.95,"lower_bound":306957.0844155844,"upper_bound":308057.7682109557},"point_estimate":307746.69529320986,"standard_error":263.1528906898211},"median_abs_dev":{"confidence_interval":{"confidence_level":0.95,"lower_bound":1694.3276009011108,"upper_bound":3201.727870581157},"point_estimate":2420.097716571726,"standard_error":426.8787803750185},"slope":{"confidence_interval":{"confidence_level":0.95,"lower_bound":307264.9641541358,"upper_bound":308430.23455741286},"point_estimate":307809.76885399735,"standard_error":297.80996897220183},"std_dev":{"confidence_interval":{"confidence_level":0.95,"lower_bound":2553.520298820606,"upper_bound":6037.385479793349},"point_estimate":4357.575515063037,"standard_error":905.7533565968549}}