{"mean":{"confidence_interval":{"confidence_level":0.95,"lower_bound":288767.88053147076,"upper_bound":290277.82131951716},"point_estimate":289476.6389390567,"standard_error":385.6916730953264},"median":{"confidence_interval":{"confidence_level":0.95,"lower_bound":287976.7,"upper_bound":289070.3977272727},"point_estimate":288542.9223983254,"standard_error":222.31616296335974},"median_abs_dev":{"confidence_interval":{"confidence_level":0.95,"lower_bound":1284.226483415289,"upper_bound":2487.7173671812557},"point_estimate":1935.7558341145705,"standard_error":325.2841726883638},"slope":{"confidence_interval":{"confidence_level":0.95,"lower_bound":287709.7615958176,"upper_bound":288390.42315218505},"point_estimate":288041.9215738141,"standard_error":173.75091776410807},"std_dev":{"confidence_interval":{"confidence_level":0.95,"lower_bound":2664.9048513138587,"upper_bound":4950.532236763109},"point_estimate":3879.6640101805065,"standard_error":583.8650351333566}}