{"mean":{"confidence_interval":{"confidence_level":0.95,"lower_bound":362990.7463913627,"upper_bound":364882.4430966264},"point_estimate":363869.92694431386,"standard_error":481.7986194452264},"median":{"confidence_interval":{"confidence_level":0.95,"lower_bound":362558.46391718916,"upper_bound":364108.32258064515},"point_estimate":363389.40909090906,"standard_error":398.26062799187565},"median_abs_dev":{"confidence_interval":{"confidence_level":0.95,"lower_bound":2043.5134337203933,"upper_bound":3300.835623599995},"point_estimate":2490.8210376594693,"standard_error":320.47737190225274},"slope":{"confidence_interval":{"confidence_level":0.95,"lower_bound":362808.54961044446,"upper_bound":364200.40579700505},"point_estimate":363482.8544362347,"standard_error":355.31279094687517},"std_dev":{"confidence_interval":{"confidence_level":0.95,"lower_bound":3035.5462351931096,"upper_bound":6804.668899948681},"point_estimate":4859.295797380071,"standard_error":1031.939410763259}}