{"mean":{"confidence_interval":{"confidence_level":0.95,"lower_bound":255046.38233420046,"upper_bound":256467.08373614118},"point_estimate":255741.22892586474,"standard_error":360.9572784160088},"median":{"confidence_interval":{"confidence_level":0.95,"lower_bound":255217.1536458333,"upper_bound":256213.8465909091},"point_estimate":255778.7324324324,"standard_error":268.33057089600436},"median_abs_dev":{"confidence_interval":{"confidence_level":0.95,"lower_bound":1755.3021274653977,"upper_bound":3202.2831347358547},"point_estimate":2561.3962290665763,"standard_error":386.773120531577},"slope":{"confidence_interval":{"confidence_level":0.95,"lower_bound":254860.10828739143,"upper_bound":255868.01296946814},"point_estimate":255355.70021501405,"standard_error":257.13149453132377},"std_dev":{"confidence_interval":{"confidence_level":0.95,"lower_bound":2699.7078227627453,"upper_bound":4624.379153413472},"point_estimate":3637.680220648087,"standard_error":502.1338800369016}}