{"mean":{"confidence_interval":{"confidence_level":0.95,"lower_bound":234163.64571199578,"upper_bound":235518.57364409094},"point_estimate":234748.2189271642,"standard_error":349.2773387889938},"median":{"confidence_interval":{"confidence_level":0.95,"lower_bound":233951.84666666668,"upper_bound":234738.09800362977},"point_estimate":234251.83996913582,"standard_error":212.6258607447411},"median_abs_dev":{"confidence_interval":{"confidence_level":0.95,"lower_bound":1150.517494209368,"upper_bound":2257.1095536336247},"point_estimate":1668.4116825009835,"standard_error":284.0478565343309},"slope":{"confidence_interval":{"confidence_level":0.95,"lower_bound":234221.6301491237,"upper_bound":235123.24250923065},"point_estimate":234665.45177656272,"standard_error":229.40082977799665},"std_dev":{"confidence_interval":{"confidence_level":0.95,"lower_bound":1779.206967374768,"upper_bound":5388.061740585902},"point_estimate":3509.133065288071,"standard_error":1139.4447073060917}}