{"mean":{"confidence_interval":{"confidence_level":0.95,"lower_bound":194750.54956224395,"upper_bound":195751.70020216267},"point_estimate":195243.48790199708,"standard_error":254.42769329362076},"median":{"confidence_interval":{"confidence_level":0.95,"lower_bound":194945.2,"upper_bound":195719.51002067493},"point_estimate":195276.909767316,"standard_error":197.19197451770054},"median_abs_dev":{"confidence_interval":{"confidence_level":0.95,"lower_bound":1609.2370061486447,"upper_bound":3033.3126035553432},"point_estimate":2547.7425444741043,"standard_error":349.669810386571},"slope":{"confidence_interval":{"confidence_level":0.95,"lower_bound":194554.43130001568,"upper_bound":195353.41265083555},"point_estimate":194960.87259100538,"standard_error":204.03953988330056},"std_dev":{"confidence_interval":{"confidence_level":0.95,"lower_bound":2086.0295422479517,"upper_bound":3020.2479069800766},"point_estimate":2548.7914249320625,"standard_error":240.71494111851126}}