{"mean":{"confidence_interval":{"confidence_level":0.95,"lower_bound":269474.34188878885,"upper_bound":270499.24394238164},"point_estimate":269963.80364775495,"standard_error":261.67192939645105},"median":{"confidence_interval":{"confidence_level":0.95,"lower_bound":269244.53968253965,"upper_bound":269963.93161231885},"point_estimate":269614.8737717309,"standard_error":177.88151994093496},"median_abs_dev":{"confidence_interval":{"confidence_level":0.95,"lower_bound":1403.586632643242,"upper_bound":2606.407460816579},"point_estimate":1929.7887014478604,"standard_error":317.4049453075368},"slope":{"confidence_interval":{"confidence_level":0.95,"lower_bound":269686.29968482594,"upper_bound":270775.72430187016},"point_estimate":270216.89334712573,"standard_error":278.11197275086124},"std_dev":{"confidence_interval":{"confidence_level":0.95,"lower_bound":1930.1017950174692,"upper_bound":3391.070748597898},"point_estimate":2615.908707657268,"standard_error":391.25565818039513}}