{"mean":{"confidence_interval":{"confidence_level":0.95,"lower_bound":227623.20872832215,"upper_bound":229165.04868879032},"point_estimate":228305.66954900726,"standard_error":395.2887958031089},"median":{"confidence_interval":{"confidence_level":0.95,"lower_bound":227313.35882352942,"upper_bound":228191.01666666666},"point_estimate":227714.90057302383,"standard_error":218.05158145874074},"median_abs_dev":{"confidence_interval":{"confidence_level":0.95,"lower_bound":1379.3822886145233,"upper_bound":2467.7555273469584},"point_estimate":1851.9150899480335,"standard_error":284.30058513129205},"slope":{"confidence_interval":{"confidence_level":0.95,"lower_bound":227948.3459265912,"upper_bound":228949.4970326616},"point_estimate":228422.2267657751,"standard_error":253.96062478644697},"std_dev":{"confidence_interval":{"confidence_level":0.95,"lower_bound":1992.7104883892657,"upper_bound":5955.5003004554765},"point_estimate":3972.741118583104,"standard_error":1087.195915874667}}