{"mean":{"confidence_interval":{"confidence_level":0.95,"lower_bound":212301.1675782644,"upper_bound":213224.44448686982},"point_estimate":212746.59952254093,"standard_error":235.2074065651417},"median":{"confidence_interval":{"confidence_level":0.95,"lower_bound":211822.8,"upper_bound":212924.18426966292},"point_estimate":212159.7131422925,"standard_error":289.46673407027316},"median_abs_dev":{"confidence_interval":{"confidence_level":0.95,"lower_bound":1562.1680664123212,"upper_bound":2524.6442643408527},"point_estimate":2041.2784130590007,"standard_error":250.741058288304},"slope":{"confidence_interval":{"confidence_level":0.95,"lower_bound":212626.46893742264,"upper_bound":213535.3835526459},"point_estimate":213064.03134742132,"standard_error":232.20179770746117},"std_dev":{"confidence_interval":{"confidence_level":0.95,"lower_bound":1824.138312748525,"upper_bound":2878.9619937770026},"point_estimate":2365.089697509135,"standard_error":270.9276383944175}}