{"mean":{"confidence_interval":{"confidence_level":0.95,"lower_bound":499008.3240771233,"upper_bound":500798.0067573483},"point_estimate":499811.85565789865,"standard_error":458.5303328729702},"median":{"confidence_interval":{"confidence_level":0.95,"lower_bound":498741.64642857143,"upper_bound":500048.1060606061},"point_estimate":499446.85331423895,"standard_error":282.595296106195},"median_abs_dev":{"confidence_interval":{"confidence_level":0.95,"lower_bound":1938.6730111170104,"upper_bound":3287.6322592986016},"point_estimate":2516.5758655491186,"standard_error":367.73846986902174},"slope":{"confidence_interval":{"confidence_level":0.95,"lower_bound":498753.5098309225,"upper_bound":499771.3444424564},"point_estimate":499261.07899660117,"standard_error":259.0803070553419},"std_dev":{"confidence_interval":{"confidence_level":0.95,"lower_bound":2565.0655452400806,"upper_bound":6797.732867699506},"point_estimate":4601.828467244649,"standard_error":1226.5253831032046}}