{"mean":{"confidence_interval":{"confidence_level":0.95,"lower_bound":225128.3530459097,"upper_bound":226019.31852195688},"point_estimate":225571.54345709458,"standard_error":226.86083296401395},"median":{"confidence_interval":{"confidence_level":0.95,"lower_bound":225007.87181609194,"upper_bound":225774.34746031745},"point_estimate":225511.83962962963,"standard_error":175.64513617188285},"median_abs_dev":{"confidence_interval":{"confidence_level":0.95,"lower_bound":1275.1800731776746,"upper_bound":2173.5816263466545},"point_estimate":1676.9386291172807,"standard_error":229.63850751200533},"slope":{"confidence_interval":{"confidence_level":0.95,"lower_bound":225284.4264419019,"upper_bound":226023.76829611804},"point_estimate":225642.18164563322,"standard_error":188.8087215534042},"std_dev":{"confidence_interval":{"confidence_level":0.95,"lower_bound":1864.3154281930563,"upper_bound":2666.735948127762},"point_estimate":2284.797240982164,"standard_error":204.9281822901409}}