{"mean":{"confidence_interval":{"confidence_level":0.95,"lower_bound":1436286.3708020833,"upper_bound":1439493.4668958334},"point_estimate":1437832.3849999998,"standard_error":820.915654943267},"median":{"confidence_interval":{"confidence_level":0.95,"lower_bound":1434700.0,"upper_bound":1438081.5416666665},"point_estimate":1436601.6666666665,"standard_error":948.4025014118582},"median_abs_dev":{"confidence_interval":{"confidence_level":0.95,"lower_bound":5235.307607054653,"upper_bound":8450.696299970092},"point_estimate":6685.166831314621,"standard_error":793.0450623029762},"slope":null,"std_dev":{"confidence_interval":{"confidence_level":0.95,"lower_bound":6598.505117093452,"upper_bound":9684.570251621633},"point_estimate":8254.763289408103,"standard_error":786.5165200903756}}