{"mean":{"confidence_interval":{"confidence_level":0.95,"lower_bound":1447768.0068854159,"upper_bound":1453959.7258229167},"point_estimate":1450636.8945833337,"standard_error":1580.890029761973},"median":{"confidence_interval":{"confidence_level":0.95,"lower_bound":1446835.6875,"upper_bound":1452272.5416666665},"point_estimate":1449283.0625,"standard_error":1615.9401474773326},"median_abs_dev":{"confidence_interval":{"confidence_level":0.95,"lower_bound":9273.10686036979,"upper_bound":14156.642141481852},"point_estimate":11371.881560608686,"standard_error":1248.9208519181657},"slope":null,"std_dev":{"confidence_interval":{"confidence_level":0.95,"lower_bound":10358.277191713327,"upper_bound":22044.86425928507},"point_estimate":15826.470234044917,"standard_error":3301.2518400212275}}