{"mean":{"confidence_interval":{"confidence_level":0.95,"lower_bound":1465469.2779891302,"upper_bound":1468208.2819565218},"point_estimate":1466773.719565217,"standard_error":698.6113509029477},"median":{"confidence_interval":{"confidence_level":0.95,"lower_bound":1465283.5,"upper_bound":1467930.152173913},"point_estimate":1466475.0869565217,"standard_error":702.1420376960547},"median_abs_dev":{"confidence_interval":{"confidence_level":0.95,"lower_bound":3645.197648328344,"upper_bound":5971.1770343165035},"point_estimate":4791.9242671003185,"standard_error":587.7328261980998},"slope":null,"std_dev":{"confidence_interval":{"confidence_level":0.95,"lower_bound":4910.581957963402,"upper_bound":9404.34264667706},"point_estimate":7062.642704609696,"standard_error":1203.5932526524898}}