{"mean":{"confidence_interval":{"confidence_level":0.95,"lower_bound":292025.89993446984,"upper_bound":293008.7067275878},"point_estimate":292512.1935130764,"standard_error":250.73710352483008},"median":{"confidence_interval":{"confidence_level":0.95,"lower_bound":291781.5901162791,"upper_bound":292786.6858974359},"point_estimate":292200.8035714286,"standard_error":292.4599009178437},"median_abs_dev":{"confidence_interval":{"confidence_level":0.95,"lower_bound":1264.8199369199574,"upper_bound":2039.59552094658},"point_estimate":1594.3420935448826,"standard_error":191.57540331662977},"slope":{"confidence_interval":{"confidence_level":0.95,"lower_bound":292027.6741345505,"upper_bound":292735.1777463454},"point_estimate":292370.9556620364,"standard_error":180.39474335342268},"std_dev":{"confidence_interval":{"confidence_level":0.95,"lower_bound":1921.9986360182081,"upper_bound":3076.1598785408564},"point_estimate":2522.1155946787867,"standard_error":294.3276294878775}}