{"mean":{"confidence_interval":{"confidence_level":0.95,"lower_bound":220164.69254406865,"upper_bound":221258.3785385649},"point_estimate":220711.95745238994,"standard_error":278.91324321195583},"median":{"confidence_interval":{"confidence_level":0.95,"lower_bound":220108.37166666667,"upper_bound":220943.61333333334},"point_estimate":220423.32222222222,"standard_error":221.63389338105665},"median_abs_dev":{"confidence_interval":{"confidence_level":0.95,"lower_bound":1443.3272334856658,"upper_bound":2736.762803120067},"point_estimate":2148.8236383166122,"standard_error":314.4429085770279},"slope":{"confidence_interval":{"confidence_level":0.95,"lower_bound":220428.87222183257,"upper_bound":221526.8007342371},"point_estimate":220980.65477405055,"standard_error":280.67241087591776},"std_dev":{"confidence_interval":{"confidence_level":0.95,"lower_bound":2164.6197625965647,"upper_bound":3433.537359118262},"point_estimate":2807.3206632409237,"standard_error":325.28492215371233}}