{"mean":{"confidence_interval":{"confidence_level":0.95,"lower_bound":289131.56341421424,"upper_bound":290357.6291907438},"point_estimate":289706.1559628547,"standard_error":312.1879696535751},"median":{"confidence_interval":{"confidence_level":0.95,"lower_bound":288851.2330508475,"upper_bound":290092.7745098039},"point_estimate":289583.287129603,"standard_error":317.5764424998252},"median_abs_dev":{"confidence_interval":{"confidence_level":0.95,"lower_bound":1734.6030790342081,"upper_bound":2678.8405877233176},"point_estimate":2149.050002301296,"standard_error":244.33481428318868},"slope":{"confidence_interval":{"confidence_level":0.95,"lower_bound":289131.0882801941,"upper_bound":289905.8733960833},"point_estimate":289506.4836803606,"standard_error":197.87308359172454},"std_dev":{"confidence_interval":{"confidence_level":0.95,"lower_bound":2081.365278114069,"upper_bound":4339.11461887024},"point_estimate":3136.8184475857365,"standard_error":628.7069670013867}}