{"mean":{"confidence_interval":{"confidence_level":0.95,"lower_bound":0.004410799321911852,"upper_bound":0.013804421935296813},"point_estimate":0.00956114756339188,"standard_error":0.0023973660352316155},"median":{"confidence_interval":{"confidence_level":0.95,"lower_bound":0.009929607087294956,"upper_bound":0.015282976716337826},"point_estimate":0.012349842223996932,"standard_error":0.0014632761172858964}}