{"mean":{"confidence_interval":{"confidence_level":0.95,"lower_bound":257451.64844768684,"upper_bound":258703.42526816297},"point_estimate":258041.3055285906,"standard_error":319.2380879070949},"median":{"confidence_interval":{"confidence_level":0.95,"lower_bound":256894.8076923077,"upper_bound":257927.78272604587},"point_estimate":257396.73864864866,"standard_error":315.376267417759},"median_abs_dev":{"confidence_interval":{"confidence_level":0.95,"lower_bound":1528.9955630835648,"upper_bound":2481.458599214536},"point_estimate":1959.207526031715,"standard_error":237.30375273781772},"slope":{"confidence_interval":{"confidence_level":0.95,"lower_bound":256859.18973332786,"upper_bound":257796.98585465126},"point_estimate":257317.3505312546,"standard_error":238.91420492805574},"std_dev":{"confidence_interval":{"confidence_level":0.95,"lower_bound":2219.0301262152807,"upper_bound":4133.972990345177},"point_estimate":3208.091132840886,"standard_error":494.49620542850414}}