{"mean":{"confidence_interval":{"confidence_level":0.95,"lower_bound":280046.26314079645,"upper_bound":281447.15044566855},"point_estimate":280711.0364845518,"standard_error":358.0090699729132},"median":{"confidence_interval":{"confidence_level":0.95,"lower_bound":279778.4139344262,"upper_bound":280916.3130050505},"point_estimate":280272.3044992743,"standard_error":293.42867790467153},"median_abs_dev":{"confidence_interval":{"confidence_level":0.95,"lower_bound":1940.6548758725944,"upper_bound":3307.112309342558},"point_estimate":2816.684461380101,"standard_error":341.16862660261773},"slope":{"confidence_interval":{"confidence_level":0.95,"lower_bound":280405.61343826965,"upper_bound":281739.95285719517},"point_estimate":281048.3587705039,"standard_error":338.98917758182034},"std_dev":{"confidence_interval":{"confidence_level":0.95,"lower_bound":2549.234781593452,"upper_bound":4703.346739995026},"point_estimate":3603.1203214581597,"standard_error":567.2087945927938}}