{"mean":{"confidence_interval":{"confidence_level":0.95,"lower_bound":1077049.0963238352,"upper_bound":1083542.2242307987},"point_estimate":1080327.133005115,"standard_error":1657.6247172765889},"median":{"confidence_interval":{"confidence_level":0.95,"lower_bound":1078973.0347857487,"upper_bound":1084682.822222222},"point_estimate":1081613.3045112782,"standard_error":1687.3887168553583},"median_abs_dev":{"confidence_interval":{"confidence_level":0.95,"lower_bound":9213.17915455844,"upper_bound":16260.778648413347},"point_estimate":11713.40764001187,"standard_error":1815.7855051306428},"slope":{"confidence_interval":{"confidence_level":0.95,"lower_bound":1078695.1993763868,"upper_bound":1083599.8745522203},"point_estimate":1081083.724341658,"standard_error":1255.0871538264817},"std_dev":{"confidence_interval":{"confidence_level":0.95,"lower_bound":13488.784638721118,"upper_bound":19576.172643983482},"point_estimate":16713.141918370904,"standard_error":1553.987166104931}}