{"mean":{"confidence_interval":{"confidence_level":0.95,"lower_bound":878749.1658456697,"upper_bound":905794.3211896443},"point_estimate":891180.3433137233,"standard_error":6912.348603195411},"median":{"confidence_interval":{"confidence_level":0.95,"lower_bound":866880.2658227849,"upper_bound":870744.15},"point_estimate":868792.1040860215,"standard_error":1005.9627163177081},"median_abs_dev":{"confidence_interval":{"confidence_level":0.95,"lower_bound":5770.646003895713,"upper_bound":11066.893978523332},"point_estimate":8284.978469243455,"standard_error":1402.301322642065},"slope":{"confidence_interval":{"confidence_level":0.95,"lower_bound":880565.2348620461,"upper_bound":919738.1351447921},"point_estimate":898335.524489434,"standard_error":10070.096557264173},"std_dev":{"confidence_interval":{"confidence_level":0.95,"lower_bound":42659.36607231734,"upper_bound":89858.52649852648},"point_estimate":69139.74082509415,"standard_error":12027.939730568452}}