{"mean":{"confidence_interval":{"confidence_level":0.95,"lower_bound":272309.4467782374,"upper_bound":274301.161783123},"point_estimate":273232.45758287114,"standard_error":509.11726027071205},"median":{"confidence_interval":{"confidence_level":0.95,"lower_bound":271849.34388807067,"upper_bound":272892.23897058825},"point_estimate":272395.62855113635,"standard_error":292.94653249934834},"median_abs_dev":{"confidence_interval":{"confidence_level":0.95,"lower_bound":1756.8459460980066,"upper_bound":3202.3556930077025},"point_estimate":2381.9723491401464,"standard_error":370.57542602768757},"slope":{"confidence_interval":{"confidence_level":0.95,"lower_bound":272422.6391673776,"upper_bound":274574.1097929084},"point_estimate":273415.03340845276,"standard_error":547.6077621523441},"std_dev":{"confidence_interval":{"confidence_level":0.95,"lower_bound":3135.5665688330078,"upper_bound":7007.525552764652},"point_estimate":5103.053483600828,"standard_error":1014.1325506296203}}