{"mean":{"confidence_interval":{"confidence_level":0.95,"lower_bound":264291.09280145605,"upper_bound":265681.63010924857},"point_estimate":264982.39865005744,"standard_error":355.10171108154873},"median":{"confidence_interval":{"confidence_level":0.95,"lower_bound":264083.3269600769,"upper_bound":265746.2420774648},"point_estimate":265100.8858227848,"standard_error":413.8489840344759},"median_abs_dev":{"confidence_interval":{"confidence_level":0.95,"lower_bound":2665.468936314878,"upper_bound":4199.492485712997},"point_estimate":3527.5083013288054,"standard_error":382.81212704043287},"slope":{"confidence_interval":{"confidence_level":0.95,"lower_bound":264690.20442897547,"upper_bound":266210.69332453486},"point_estimate":265420.29463720997,"standard_error":390.6670312983442},"std_dev":{"confidence_interval":{"confidence_level":0.95,"lower_bound":2979.352570785723,"upper_bound":4142.198300645932},"point_estimate":3580.877162925983,"standard_error":297.8217252385626}}