{"mean":{"confidence_interval":{"confidence_level":0.95,"lower_bound":287074.9942440651,"upper_bound":289516.71167329064},"point_estimate":288181.3243962315,"standard_error":627.2121596315128},"median":{"confidence_interval":{"confidence_level":0.95,"lower_bound":286405.22414772725,"upper_bound":288071.33963232546},"point_estimate":287185.18802521005,"standard_error":399.62574131680253},"median_abs_dev":{"confidence_interval":{"confidence_level":0.95,"lower_bound":2026.1550558125707,"upper_bound":3321.1233426291856},"point_estimate":2762.230957273337,"standard_error":319.3792480614549},"slope":{"confidence_interval":{"confidence_level":0.95,"lower_bound":287494.5301654192,"upper_bound":290565.0144813755},"point_estimate":288819.18689374905,"standard_error":792.2980637164931},"std_dev":{"confidence_interval":{"confidence_level":0.95,"lower_bound":3089.1278909150915,"upper_bound":8957.029906172113},"point_estimate":6306.552476576491,"standard_error":1515.537572766976}}