{"mean":{"confidence_interval":{"confidence_level":0.95,"lower_bound":276191.6210179762,"upper_bound":277129.1712523698},"point_estimate":276667.08077405347,"standard_error":239.21267503876533},"median":{"confidence_interval":{"confidence_level":0.95,"lower_bound":276203.42469512194,"upper_bound":277083.7722540046},"point_estimate":276509.15290545905,"standard_error":225.74214680871358},"median_abs_dev":{"confidence_interval":{"confidence_level":0.95,"lower_bound":1126.821498415966,"upper_bound":1906.7304718965047},"point_estimate":1576.6250022909937,"standard_error":203.11238075420013},"slope":{"confidence_interval":{"confidence_level":0.95,"lower_bound":276342.8823179383,"upper_bound":276939.6728131767},"point_estimate":276633.68394635734,"standard_error":152.6119207635392},"std_dev":{"confidence_interval":{"confidence_level":0.95,"lower_bound":1629.9281576533715,"upper_bound":3122.907166018393},"point_estimate":2409.8257508672154,"standard_error":382.36583340311194}}