{"mean":{"confidence_interval":{"confidence_level":0.95,"lower_bound":222041.3051506454,"upper_bound":223324.30430127712},"point_estimate":222677.72163415528,"standard_error":328.02915662474487},"median":{"confidence_interval":{"confidence_level":0.95,"lower_bound":221666.02948465222,"upper_bound":222865.89892473118},"point_estimate":222365.39061728396,"standard_error":358.75406073768585},"median_abs_dev":{"confidence_interval":{"confidence_level":0.95,"lower_bound":1608.2490859478628,"upper_bound":3032.2135837718947},"point_estimate":2271.3237223341785,"standard_error":377.90878581615704},"slope":{"confidence_interval":{"confidence_level":0.95,"lower_bound":222381.79360806732,"upper_bound":223505.78141791344},"point_estimate":222923.54221368406,"standard_error":286.8388669836131},"std_dev":{"confidence_interval":{"confidence_level":0.95,"lower_bound":2661.338811531799,"upper_bound":3873.4251869144696},"point_estimate":3296.8534318984584,"standard_error":309.0042078037559}}