{"mean":{"confidence_interval":{"confidence_level":0.95,"lower_bound":247344.62385447472,"upper_bound":248432.34315079596},"point_estimate":247866.50677153017,"standard_error":277.8676925239542},"median":{"confidence_interval":{"confidence_level":0.95,"lower_bound":246602.36538461538,"upper_bound":247915.4375},"point_estimate":247371.9509408602,"standard_error":368.04788618145545},"median_abs_dev":{"confidence_interval":{"confidence_level":0.95,"lower_bound":1527.3184230607376,"upper_bound":2530.7946040567595},"point_estimate":2067.174009125147,"standard_error":252.8238937780959},"slope":{"confidence_interval":{"confidence_level":0.95,"lower_bound":246735.92177125567,"upper_bound":247624.46666565232},"point_estimate":247168.78288754247,"standard_error":226.31579975345673},"std_dev":{"confidence_interval":{"confidence_level":0.95,"lower_bound":2071.636649582559,"upper_bound":3533.6994674121406},"point_estimate":2794.3920139091747,"standard_error":381.9117893405193}}