{"mean":{"confidence_interval":{"confidence_level":0.95,"lower_bound":234152.5886112064,"upper_bound":235419.28879254928},"point_estimate":234756.10972947947,"standard_error":323.7261532506124},"median":{"confidence_interval":{"confidence_level":0.95,"lower_bound":233538.3,"upper_bound":234476.48571428572},"point_estimate":233859.50922131148,"standard_error":276.7688448415599},"median_abs_dev":{"confidence_interval":{"confidence_level":0.95,"lower_bound":1353.0342378189368,"upper_bound":2613.1755013703514},"point_estimate":1960.9144631643005,"standard_error":350.29026300031074},"slope":{"confidence_interval":{"confidence_level":0.95,"lower_bound":234391.92951465026,"upper_bound":236138.6512528078},"point_estimate":235146.37144495346,"standard_error":452.24855838836226},"std_dev":{"confidence_interval":{"confidence_level":0.95,"lower_bound":2270.6369491849982,"upper_bound":4156.941617107552},"point_estimate":3240.96591826763,"standard_error":486.43047858375195}}