{"mean":{"confidence_interval":{"confidence_level":0.95,"lower_bound":0.16406034367465575,"upper_bound":0.16799224280885686},"point_estimate":0.16603784513914044,"standard_error":0.0010086881039768454},"median":{"confidence_interval":{"confidence_level":0.95,"lower_bound":0.16393799554131294,"upper_bound":0.16804038698490764},"point_estimate":0.16589277046840722,"standard_error":0.0010693828169093561}}