{"mean":{"confidence_interval":{"confidence_level":0.95,"lower_bound":266701.9506643506,"upper_bound":267704.405760693},"point_estimate":267197.433071368,"standard_error":254.95467523925248},"median":{"confidence_interval":{"confidence_level":0.95,"lower_bound":266583.5,"upper_bound":267753.35625},"point_estimate":267227.51201298705,"standard_error":270.7942852160233},"median_abs_dev":{"confidence_interval":{"confidence_level":0.95,"lower_bound":1730.069222430885,"upper_bound":2700.6196481426473},"point_estimate":2193.7512138373,"standard_error":257.1275341455263},"slope":{"confidence_interval":{"confidence_level":0.95,"lower_bound":266243.2029428474,"upper_bound":267253.0200796776},"point_estimate":266753.10765775084,"standard_error":257.20589476730714},"std_dev":{"confidence_interval":{"confidence_level":0.95,"lower_bound":2109.3316787142253,"upper_bound":2987.3778634475393},"point_estimate":2561.078890682057,"standard_error":224.88611749808092}}