{"mean":{"confidence_interval":{"confidence_level":0.95,"lower_bound":886534.5230518385,"upper_bound":891180.8906593331},"point_estimate":888464.6052229002,"standard_error":1200.622991925755},"median":{"confidence_interval":{"confidence_level":0.95,"lower_bound":885983.2142857143,"upper_bound":887475.12},"point_estimate":886734.4763177999,"standard_error":379.02197250377617},"median_abs_dev":{"confidence_interval":{"confidence_level":0.95,"lower_bound":2565.9335872897354,"upper_bound":4645.323895450343},"point_estimate":3644.2530450773857,"standard_error":536.6104847667785},"slope":{"confidence_interval":{"confidence_level":0.95,"lower_bound":886758.6314827289,"upper_bound":897037.9348678028},"point_estimate":890570.5490542338,"standard_error":2841.3079149978194},"std_dev":{"confidence_interval":{"confidence_level":0.95,"lower_bound":4699.387362923169,"upper_bound":19170.157069322097},"point_estimate":12048.692230331055,"standard_error":4473.278915398142}}