{"mean":{"confidence_interval":{"confidence_level":0.95,"lower_bound":553945.0149599569,"upper_bound":557810.3484955919},"point_estimate":555661.6082372372,"standard_error":991.0286486973085},"median":{"confidence_interval":{"confidence_level":0.95,"lower_bound":553287.71875,"upper_bound":555131.5811923584},"point_estimate":554259.7540204679,"standard_error":415.84084285741903},"median_abs_dev":{"confidence_interval":{"confidence_level":0.95,"lower_bound":2895.524334415045,"upper_bound":5631.72942599995},"point_estimate":3893.4557908773077,"standard_error":703.5845414088071},"slope":{"confidence_interval":{"confidence_level":0.95,"lower_bound":554602.4324302137,"upper_bound":559181.911880542},"point_estimate":556698.4555209103,"standard_error":1171.9123771450566},"std_dev":{"confidence_interval":{"confidence_level":0.95,"lower_bound":5000.227351800476,"upper_bound":14893.58609601391},"point_estimate":9989.684895107286,"standard_error":2790.152114484421}}