{"mean":{"confidence_interval":{"confidence_level":0.95,"lower_bound":150104.44978724583,"upper_bound":151139.35785506337},"point_estimate":150617.1217882311,"standard_error":263.8275065498809},"median":{"confidence_interval":{"confidence_level":0.95,"lower_bound":149637.57142857142,"upper_bound":151374.80413873942},"point_estimate":150281.53273809524,"standard_error":442.8167389368623},"median_abs_dev":{"confidence_interval":{"confidence_level":0.95,"lower_bound":2367.4990770945933,"upper_bound":3605.4311775889596},"point_estimate":2998.833214982444,"standard_error":307.41176155637214},"slope":{"confidence_interval":{"confidence_level":0.95,"lower_bound":149743.25877198388,"upper_bound":150922.23144416948},"point_estimate":150322.51340201398,"standard_error":301.10197714436464},"std_dev":{"confidence_interval":{"confidence_level":0.95,"lower_bound":2295.2751849599854,"upper_bound":3004.2432966439173},"point_estimate":2653.4776776124695,"standard_error":182.0194094120497}}