{"mean":{"confidence_interval":{"confidence_level":0.95,"lower_bound":261676.88434894301,"upper_bound":262715.35810619086},"point_estimate":262201.8171462411,"standard_error":265.3013251130238},"median":{"confidence_interval":{"confidence_level":0.95,"lower_bound":261678.73901906627,"upper_bound":262665.8303802939},"point_estimate":262115.53197674418,"standard_error":239.3136072098616},"median_abs_dev":{"confidence_interval":{"confidence_level":0.95,"lower_bound":1773.5497678552988,"upper_bound":2777.5402442108284},"point_estimate":2263.5845286883214,"standard_error":252.3916267230739},"slope":{"confidence_interval":{"confidence_level":0.95,"lower_bound":261786.18390747465,"upper_bound":262663.62398021796},"point_estimate":262220.80200162553,"standard_error":223.8176238954686},"std_dev":{"confidence_interval":{"confidence_level":0.95,"lower_bound":2134.138825293762,"upper_bound":3218.2639749400673},"point_estimate":2662.0378148579084,"standard_error":280.34447163618694}}