{"mean":{"confidence_interval":{"confidence_level":0.95,"lower_bound":307158.2864187125,"upper_bound":308573.9609415298},"point_estimate":307833.7016451481,"standard_error":361.3308835767717},"median":{"confidence_interval":{"confidence_level":0.95,"lower_bound":306375.6005434783,"upper_bound":307383.73161764705},"point_estimate":306755.0953654189,"standard_error":253.51019224960027},"median_abs_dev":{"confidence_interval":{"confidence_level":0.95,"lower_bound":1562.3174143135461,"upper_bound":2773.1296234647016},"point_estimate":2070.284217872678,"standard_error":314.1852663661038},"slope":{"confidence_interval":{"confidence_level":0.95,"lower_bound":305944.2033353646,"upper_bound":307209.95130599156},"point_estimate":306513.8593874686,"standard_error":324.2535479463344},"std_dev":{"confidence_interval":{"confidence_level":0.95,"lower_bound":2729.309938408706,"upper_bound":4422.006986095985},"point_estimate":3627.5999704346705,"standard_error":433.73650849250316}}