{"mean":{"confidence_interval":{"confidence_level":0.95,"lower_bound":254437.21666444195,"upper_bound":255228.77797689228},"point_estimate":254827.44540103077,"standard_error":201.59601191738653},"median":{"confidence_interval":{"confidence_level":0.95,"lower_bound":254241.77333333335,"upper_bound":254984.751953125},"point_estimate":254595.1491657839,"standard_error":193.66372306805434},"median_abs_dev":{"confidence_interval":{"confidence_level":0.95,"lower_bound":1272.175907838381,"upper_bound":2046.223023750899},"point_estimate":1691.6532327164402,"standard_error":190.38141434829427},"slope":{"confidence_interval":{"confidence_level":0.95,"lower_bound":254629.5500139286,"upper_bound":255556.64485329727},"point_estimate":255075.5987564652,"standard_error":236.90749685344832},"std_dev":{"confidence_interval":{"confidence_level":0.95,"lower_bound":1645.2272383364937,"upper_bound":2377.0289871907876},"point_estimate":2026.7496505133838,"standard_error":186.68500176406047}}