{"mean":{"confidence_interval":{"confidence_level":0.95,"lower_bound":230963.82710333972,"upper_bound":231742.46550180748},"point_estimate":231341.93537524977,"standard_error":198.4762778176131},"median":{"confidence_interval":{"confidence_level":0.95,"lower_bound":230846.3205128205,"upper_bound":231733.16318591317},"point_estimate":231167.80893234673,"standard_error":214.66517468754856},"median_abs_dev":{"confidence_interval":{"confidence_level":0.95,"lower_bound":1260.6596811555758,"upper_bound":2069.0866613744806},"point_estimate":1654.1732146352813,"standard_error":202.72399225446657},"slope":{"confidence_interval":{"confidence_level":0.95,"lower_bound":231488.60589045423,"upper_bound":232199.98120017588},"point_estimate":231857.4415197281,"standard_error":181.66834068881153},"std_dev":{"confidence_interval":{"confidence_level":0.95,"lower_bound":1514.716706775975,"upper_bound":2508.687336553561},"point_estimate":1991.7476287526113,"standard_error":260.58062786412034}}