{"mean":{"confidence_interval":{"confidence_level":0.95,"lower_bound":251481.47003426263,"upper_bound":252650.3793960863},"point_estimate":252049.5822230377,"standard_error":297.8348479753351},"median":{"confidence_interval":{"confidence_level":0.95,"lower_bound":251062.46626737836,"upper_bound":252152.60358146066},"point_estimate":251639.05071339948,"standard_error":287.82503394363016},"median_abs_dev":{"confidence_interval":{"confidence_level":0.95,"lower_bound":1845.987998871228,"upper_bound":3141.463320166469},"point_estimate":2516.4810416825894,"standard_error":335.18089778663045},"slope":{"confidence_interval":{"confidence_level":0.95,"lower_bound":251194.28792652805,"upper_bound":252144.41851475803},"point_estimate":251667.9371678735,"standard_error":242.0434487289072},"std_dev":{"confidence_interval":{"confidence_level":0.95,"lower_bound":2417.048679679998,"upper_bound":3509.117283947729},"point_estimate":2994.615699074232,"standard_error":279.1998862298708}}