{"mean":{"confidence_interval":{"confidence_level":0.95,"lower_bound":270301.43373076804,"upper_bound":272670.76881111454},"point_estimate":271365.0237882162,"standard_error":606.8111258859255},"median":{"confidence_interval":{"confidence_level":0.95,"lower_bound":269849.8461538461,"upper_bound":270840.36029411765},"point_estimate":270281.40649801586,"standard_error":269.48149234510555},"median_abs_dev":{"confidence_interval":{"confidence_level":0.95,"lower_bound":2179.7069302463065,"upper_bound":3278.785681533513},"point_estimate":2724.2721566344717,"standard_error":268.94938818362937},"slope":{"confidence_interval":{"confidence_level":0.95,"lower_bound":270521.1691321574,"upper_bound":274209.7915517492},"point_estimate":272083.96397517365,"standard_error":956.2236912908795},"std_dev":{"confidence_interval":{"confidence_level":0.95,"lower_bound":2972.711630883362,"upper_bound":8678.02561041964},"point_estimate":6097.1804298049765,"standard_error":1472.945064557609}}