{"mean":{"confidence_interval":{"confidence_level":0.95,"lower_bound":323117.72126878944,"upper_bound":324860.3253373146},"point_estimate":323963.66298126784,"standard_error":445.89036959323187},"median":{"confidence_interval":{"confidence_level":0.95,"lower_bound":322342.4318181818,"upper_bound":323602.30814873416},"point_estimate":322741.4057017544,"standard_error":313.20376688628966},"median_abs_dev":{"confidence_interval":{"confidence_level":0.95,"lower_bound":2000.556063444572,"upper_bound":3537.1612115006114},"point_estimate":2506.268260082334,"standard_error":384.2135467425472},"slope":{"confidence_interval":{"confidence_level":0.95,"lower_bound":322953.6451008873,"upper_bound":324551.3602248425},"point_estimate":323706.3407580907,"standard_error":408.64283405585275},"std_dev":{"confidence_interval":{"confidence_level":0.95,"lower_bound":3455.5395111413136,"upper_bound":5362.061858325768},"point_estimate":4465.4189179346895,"standard_error":486.530715971657}}