{"mean":{"confidence_interval":{"confidence_level":0.95,"lower_bound":270137.4022754551,"upper_bound":271146.58108070504},"point_estimate":270649.18589981453,"standard_error":257.6588548512207},"median":{"confidence_interval":{"confidence_level":0.95,"lower_bound":270292.6775362319,"upper_bound":271139.0105263158},"point_estimate":270646.09476744186,"standard_error":207.0129547562796},"median_abs_dev":{"confidence_interval":{"confidence_level":0.95,"lower_bound":1215.6871766163151,"upper_bound":1957.513659346007},"point_estimate":1571.1426303140076,"standard_error":181.41143036242494},"slope":{"confidence_interval":{"confidence_level":0.95,"lower_bound":270327.6788508095,"upper_bound":271075.46312098415},"point_estimate":270692.00003916066,"standard_error":190.66487147330918},"std_dev":{"confidence_interval":{"confidence_level":0.95,"lower_bound":1795.9817784340898,"upper_bound":3360.1288884164173},"point_estimate":2594.452005356666,"standard_error":403.27167353974255}}