{"mean":{"confidence_interval":{"confidence_level":0.95,"lower_bound":366271.80005808314,"upper_bound":367180.3704508122},"point_estimate":366728.4460416905,"standard_error":232.40385221473593},"median":{"confidence_interval":{"confidence_level":0.95,"lower_bound":365759.9583333334,"upper_bound":367106.91},"point_estimate":366533.6651651652,"standard_error":314.95028690823415},"median_abs_dev":{"confidence_interval":{"confidence_level":0.95,"lower_bound":1650.6364185586078,"upper_bound":2828.358591697691},"point_estimate":2322.1006113430753,"standard_error":311.716614684793},"slope":{"confidence_interval":{"confidence_level":0.95,"lower_bound":365986.207012242,"upper_bound":366757.4959904668},"point_estimate":366360.9251977735,"standard_error":196.7614849581028},"std_dev":{"confidence_interval":{"confidence_level":0.95,"lower_bound":1938.6546395167943,"upper_bound":2748.9279726295376},"point_estimate":2339.2934425079657,"standard_error":208.22556859756017}}