{"mean":{"confidence_interval":{"confidence_level":0.95,"lower_bound":316254.68389696884,"upper_bound":318063.98946345196},"point_estimate":317156.848047241,"standard_error":460.54865933865904},"median":{"confidence_interval":{"confidence_level":0.95,"lower_bound":316090.27976190473,"upper_bound":317570.70500705985},"point_estimate":316827.0906546081,"standard_error":328.1175455698789},"median_abs_dev":{"confidence_interval":{"confidence_level":0.95,"lower_bound":2624.077382014292,"upper_bound":4255.82664650597},"point_estimate":3629.4675174789527,"standard_error":402.98737154537514},"slope":{"confidence_interval":{"confidence_level":0.95,"lower_bound":317355.33865274506,"upper_bound":318990.7418905527},"point_estimate":318157.2332367864,"standard_error":417.4470423876624},"std_dev":{"confidence_interval":{"confidence_level":0.95,"lower_bound":3570.8596332056627,"upper_bound":5635.644350424639},"point_estimate":4627.005697716265,"standard_error":529.3561650159279}}