{"mean":{"confidence_interval":{"confidence_level":0.95,"lower_bound":482318.85468758567,"upper_bound":487493.10672860447},"point_estimate":484316.8671025009,"standard_error":1387.8059746465005},"median":{"confidence_interval":{"confidence_level":0.95,"lower_bound":481808.4375,"upper_bound":483406.73333333334},"point_estimate":482434.43968253967,"standard_error":372.5181388087899},"median_abs_dev":{"confidence_interval":{"confidence_level":0.95,"lower_bound":2104.164728107521,"upper_bound":3569.139085848852},"point_estimate":2727.7966757824574,"standard_error":370.8665018518194},"slope":{"confidence_interval":{"confidence_level":0.95,"lower_bound":483016.85763659514,"upper_bound":491615.9779481199},"point_estimate":486040.97497266147,"standard_error":2396.4412935050686},"std_dev":{"confidence_interval":{"confidence_level":0.95,"lower_bound":3671.199746222984,"upper_bound":23157.66508799357},"point_estimate":13964.053716535076,"standard_error":6503.194972043563}}