{"mean":{"confidence_interval":{"confidence_level":0.95,"lower_bound":478926.13848131284,"upper_bound":490922.4005772883},"point_estimate":483893.85058919084,"standard_error":3116.5061664287086},"median":{"confidence_interval":{"confidence_level":0.95,"lower_bound":476886.5665388828,"upper_bound":478071.8915525114},"point_estimate":477174.0982142857,"standard_error":329.28257055852873},"median_abs_dev":{"confidence_interval":{"confidence_level":0.95,"lower_bound":2133.376449579573,"upper_bound":3702.8801436662093},"point_estimate":2822.1578261527416,"standard_error":406.0626000332819},"slope":{"confidence_interval":{"confidence_level":0.95,"lower_bound":480608.1394696503,"upper_bound":510907.63752364914},"point_estimate":492707.65852815134,"standard_error":8038.619232738087},"std_dev":{"confidence_interval":{"confidence_level":0.95,"lower_bound":10138.014072761085,"upper_bound":49806.943790509715},"point_estimate":31321.907185127857,"standard_error":11609.826340635544}}