{"mean":{"confidence_interval":{"confidence_level":0.95,"lower_bound":673252.3281499365,"upper_bound":676681.0419518685},"point_estimate":675018.0371652734,"standard_error":874.864427414593},"median":{"confidence_interval":{"confidence_level":0.95,"lower_bound":677142.64375,"upper_bound":679185.7232142857},"point_estimate":678396.9027298851,"standard_error":493.0606946752766},"median_abs_dev":{"confidence_interval":{"confidence_level":0.95,"lower_bound":3094.5992680894656,"upper_bound":6246.176006621442},"point_estimate":4377.396701310075,"standard_error":827.0826470074501},"slope":{"confidence_interval":{"confidence_level":0.95,"lower_bound":673552.5518020259,"upper_bound":677476.1662645886},"point_estimate":675657.8364090439,"standard_error":1003.4278091425182},"std_dev":{"confidence_interval":{"confidence_level":0.95,"lower_bound":7232.331944848026,"upper_bound":10098.761200256075},"point_estimate":8803.595123785632,"standard_error":732.9038568434655}}