{"mean":{"confidence_interval":{"confidence_level":0.95,"lower_bound":204162.72263141265,"upper_bound":204958.8508092847},"point_estimate":204560.64975293912,"standard_error":203.1598454830711},"median":{"confidence_interval":{"confidence_level":0.95,"lower_bound":204270.8324702381,"upper_bound":205093.0197802198},"point_estimate":204766.84404761903,"standard_error":201.45728259669724},"median_abs_dev":{"confidence_interval":{"confidence_level":0.95,"lower_bound":1396.7013723854152,"upper_bound":2314.446420021488},"point_estimate":1802.6888546291534,"standard_error":231.7833507420579},"slope":{"confidence_interval":{"confidence_level":0.95,"lower_bound":204547.1440599863,"upper_bound":205139.66389034496},"point_estimate":204851.58972129453,"standard_error":151.61039235523856},"std_dev":{"confidence_interval":{"confidence_level":0.95,"lower_bound":1664.1250359854841,"upper_bound":2414.491565495481},"point_estimate":2043.148393164894,"standard_error":192.45051135478695}}