{"mean":{"confidence_interval":{"confidence_level":0.95,"lower_bound":220307.6131769382,"upper_bound":221362.47048976328},"point_estimate":220774.83393476208,"standard_error":270.8133952311976},"median":{"confidence_interval":{"confidence_level":0.95,"lower_bound":219879.78225806452,"upper_bound":220985.72446886444},"point_estimate":220446.66233766233,"standard_error":327.39852311339575},"median_abs_dev":{"confidence_interval":{"confidence_level":0.95,"lower_bound":1428.2302957477427,"upper_bound":2309.4379513349713},"point_estimate":1745.9537309879515,"standard_error":223.75836966597547},"slope":{"confidence_interval":{"confidence_level":0.95,"lower_bound":220149.59058224512,"upper_bound":220911.5680548893},"point_estimate":220527.42375350968,"standard_error":194.19969501122839},"std_dev":{"confidence_interval":{"confidence_level":0.95,"lower_bound":1523.8733567234628,"upper_bound":4072.361712733598},"point_estimate":2721.6400262694788,"standard_error":796.9752982595236}}