{"mean":{"confidence_interval":{"confidence_level":0.95,"lower_bound":246042.17604102343,"upper_bound":247361.45178362765},"point_estimate":246633.7311785213,"standard_error":338.06704303526027},"median":{"confidence_interval":{"confidence_level":0.95,"lower_bound":245827.00396222319,"upper_bound":246921.50384615385},"point_estimate":246588.69583333333,"standard_error":291.65110392364994},"median_abs_dev":{"confidence_interval":{"confidence_level":0.95,"lower_bound":1579.7222553931185,"upper_bound":2402.9624412033077},"point_estimate":2053.1842362570214,"standard_error":213.04320092744035},"slope":{"confidence_interval":{"confidence_level":0.95,"lower_bound":246421.26404834734,"upper_bound":247246.19782211116},"point_estimate":246827.2598854736,"standard_error":209.77278588851703},"std_dev":{"confidence_interval":{"confidence_level":0.95,"lower_bound":1915.1562423309317,"upper_bound":5052.658717992303},"point_estimate":3402.5610715713115,"standard_error":952.0695638622539}}