{"mean":{"confidence_interval":{"confidence_level":0.95,"lower_bound":0.06434029932316722,"upper_bound":0.06796634590349387},"point_estimate":0.06617065202474559,"standard_error":0.0009243562340700176},"median":{"confidence_interval":{"confidence_level":0.95,"lower_bound":0.06552076457422307,"upper_bound":0.06850912848436641},"point_estimate":0.06679230504879796,"standard_error":0.0007362810265506276}}