{"mean":{"confidence_interval":{"confidence_level":0.95,"lower_bound":215554.84262675815,"upper_bound":216452.69466346464},"point_estimate":215982.543987939,"standard_error":228.38656718322207},"median":{"confidence_interval":{"confidence_level":0.95,"lower_bound":215340.53579234972,"upper_bound":216052.86679738562},"point_estimate":215657.1985409652,"standard_error":206.342330385309},"median_abs_dev":{"confidence_interval":{"confidence_level":0.95,"lower_bound":1297.410231703204,"upper_bound":2093.171027321359},"point_estimate":1613.9917889501944,"standard_error":201.99271978665521},"slope":{"confidence_interval":{"confidence_level":0.95,"lower_bound":215786.3495961314,"upper_bound":216562.88512154427},"point_estimate":216177.98701817644,"standard_error":198.11582225101375},"std_dev":{"confidence_interval":{"confidence_level":0.95,"lower_bound":1635.721762918408,"upper_bound":3046.2512415923825},"point_estimate":2294.594733170726,"standard_error":383.24901099887813}}