{"mean":{"confidence_interval":{"confidence_level":0.95,"lower_bound":233194.3466646232,"upper_bound":234402.89487384263},"point_estimate":233768.40726872056,"standard_error":308.22444969818645},"median":{"confidence_interval":{"confidence_level":0.95,"lower_bound":233375.90697674418,"upper_bound":234252.25185185185},"point_estimate":233753.8456993007,"standard_error":230.94015142740514},"median_abs_dev":{"confidence_interval":{"confidence_level":0.95,"lower_bound":1454.1340541839859,"upper_bound":2748.8526693799095},"point_estimate":2218.139957136286,"standard_error":311.75965100522376},"slope":{"confidence_interval":{"confidence_level":0.95,"lower_bound":234395.76387072305,"upper_bound":235290.87908450697},"point_estimate":234844.7808517807,"standard_error":229.12250970594},"std_dev":{"confidence_interval":{"confidence_level":0.95,"lower_bound":2166.7075817122964,"upper_bound":4149.083639095301},"point_estimate":3094.0917630340305,"standard_error":539.5023476120767}}