{"mean":{"confidence_interval":{"confidence_level":0.95,"lower_bound":5390538.112222222,"upper_bound":5407553.704944446},"point_estimate":5398755.43888889,"standard_error":4342.626323891827},"median":{"confidence_interval":{"confidence_level":0.95,"lower_bound":5374531.444444444,"upper_bound":5396875.666666667},"point_estimate":5387514.111111111,"standard_error":5447.3352973431365},"median_abs_dev":{"confidence_interval":{"confidence_level":0.95,"lower_bound":24459.851999084232,"upper_bound":45676.84602240706},"point_estimate":38829.7875106337,"standard_error":5656.060231991424},"slope":null,"std_dev":{"confidence_interval":{"confidence_level":0.95,"lower_bound":35828.53562234103,"upper_bound":50759.97037689247},"point_estimate":43697.13524881616,"standard_error":3816.9149818046726}}