{"mean":{"confidence_interval":{"confidence_level":0.95,"lower_bound":5344029.319583331,"upper_bound":5356459.271888888},"point_estimate":5349729.063333334,"standard_error":3181.2001444719835},"median":{"confidence_interval":{"confidence_level":0.95,"lower_bound":5338898.555555556,"upper_bound":5348754.555555556},"point_estimate":5344546.222222222,"standard_error":2384.822973545011},"median_abs_dev":{"confidence_interval":{"confidence_level":0.95,"lower_bound":16221.949978669407,"upper_bound":25488.446914156662},"point_estimate":22371.60993615725,"standard_error":2350.528684514492},"slope":null,"std_dev":{"confidence_interval":{"confidence_level":0.95,"lower_bound":19417.432281901893,"upper_bound":44909.48826513565},"point_estimate":31991.023459197022,"standard_error":6806.70047310857}}