{"mean":{"confidence_interval":{"confidence_level":0.95,"lower_bound":680068.0660518828,"upper_bound":684010.4151953695},"point_estimate":682041.7031333452,"standard_error":1004.3866777631939},"median":{"confidence_interval":{"confidence_level":0.95,"lower_bound":681454.6615384616,"upper_bound":685328.7756756756},"point_estimate":683525.3465909092,"standard_error":1011.9383366786874},"median_abs_dev":{"confidence_interval":{"confidence_level":0.95,"lower_bound":6772.061791135326,"upper_bound":11817.6472071392},"point_estimate":9359.938320467549,"standard_error":1248.732059168423},"slope":{"confidence_interval":{"confidence_level":0.95,"lower_bound":677333.0783472537,"upper_bound":682466.8003974502},"point_estimate":679905.149354219,"standard_error":1312.1519568831604},"std_dev":{"confidence_interval":{"confidence_level":0.95,"lower_bound":8708.47673538522,"upper_bound":11377.331315196385},"point_estimate":10105.44671738287,"standard_error":683.677735406242}}