{"mean":{"confidence_interval":{"confidence_level":0.95,"lower_bound":825083.9427659678,"upper_bound":827755.6496954148},"point_estimate":826411.2801994869,"standard_error":681.5850219602963},"median":{"confidence_interval":{"confidence_level":0.95,"lower_bound":825519.5636363636,"upper_bound":827656.5},"point_estimate":826680.7383545069,"standard_error":648.6625521269389},"median_abs_dev":{"confidence_interval":{"confidence_level":0.95,"lower_bound":3633.4926602018727,"upper_bound":5937.224689158498},"point_estimate":4828.699476920493,"standard_error":596.5744022645837},"slope":{"confidence_interval":{"confidence_level":0.95,"lower_bound":825962.7862115885,"upper_bound":828620.0631051423},"point_estimate":827227.3597014926,"standard_error":678.3270969190016},"std_dev":{"confidence_interval":{"confidence_level":0.95,"lower_bound":4823.606707728541,"upper_bound":8774.533220573052},"point_estimate":6844.849300011261,"standard_error":1010.7894985392448}}