{"mean":{"confidence_interval":{"confidence_level":0.95,"lower_bound":812040.7581950014,"upper_bound":817481.5759191562},"point_estimate":814668.0102278898,"standard_error":1386.6023432988432},"median":{"confidence_interval":{"confidence_level":0.95,"lower_bound":809970.8569731528,"upper_bound":815183.3186813187},"point_estimate":811584.4361592713,"standard_error":1362.3893511147064},"median_abs_dev":{"confidence_interval":{"confidence_level":0.95,"lower_bound":7755.425641039333,"upper_bound":13681.255282786587},"point_estimate":10448.416929844405,"standard_error":1553.2742739527703},"slope":{"confidence_interval":{"confidence_level":0.95,"lower_bound":811188.0626939799,"upper_bound":818916.5637373613},"point_estimate":814713.7112339294,"standard_error":1981.5400695340093},"std_dev":{"confidence_interval":{"confidence_level":0.95,"lower_bound":10477.12982006652,"upper_bound":17020.68338434233},"point_estimate":13921.354806000292,"standard_error":1678.9279228475502}}