{"mean":{"confidence_interval":{"confidence_level":0.95,"lower_bound":172478.11512497358,"upper_bound":173496.90162059283},"point_estimate":172937.2705560099,"standard_error":259.2336049227611},"median":{"confidence_interval":{"confidence_level":0.95,"lower_bound":172381.17204301077,"upper_bound":173091.44722222222},"point_estimate":172755.3733743457,"standard_error":160.3599331336234},"median_abs_dev":{"confidence_interval":{"confidence_level":0.95,"lower_bound":1035.1826217547875,"upper_bound":1729.2850024512297},"point_estimate":1398.9193551793135,"standard_error":177.73609497762388},"slope":{"confidence_interval":{"confidence_level":0.95,"lower_bound":172634.83288945298,"upper_bound":173241.1101626234},"point_estimate":172938.2487857741,"standard_error":154.43064605892786},"std_dev":{"confidence_interval":{"confidence_level":0.95,"lower_bound":1481.072128183324,"upper_bound":3857.4002723863414},"point_estimate":2605.6002359748386,"standard_error":711.1330582584669}}