{"mean":{"confidence_interval":{"confidence_level":0.95,"lower_bound":420051.03129770147,"upper_bound":422333.72305635427},"point_estimate":421160.8785287489,"standard_error":584.7532480792474},"median":{"confidence_interval":{"confidence_level":0.95,"lower_bound":418178.2962962963,"upper_bound":422620.4368217054},"point_estimate":420470.0654121864,"standard_error":1246.7844235477796},"median_abs_dev":{"confidence_interval":{"confidence_level":0.95,"lower_bound":4635.926561029181,"upper_bound":7394.264625493277},"point_estimate":6476.101016137344,"standard_error":716.5614946712228},"slope":{"confidence_interval":{"confidence_level":0.95,"lower_bound":420797.0987004527,"upper_bound":423404.2413719025},"point_estimate":422148.69830845774,"standard_error":665.4843222270018},"std_dev":{"confidence_interval":{"confidence_level":0.95,"lower_bound":4757.9290088516145,"upper_bound":7167.9813029492725},"point_estimate":5868.2406942059,"standard_error":640.4332763883349}}