{"mean":{"confidence_interval":{"confidence_level":0.95,"lower_bound":183842.4968527802,"upper_bound":185220.2780247982},"point_estimate":184467.51304985062,"standard_error":352.60509512175827},"median":{"confidence_interval":{"confidence_level":0.95,"lower_bound":183287.33333333334,"upper_bound":184508.39743589744},"point_estimate":183809.22507122508,"standard_error":334.66670143111594},"median_abs_dev":{"confidence_interval":{"confidence_level":0.95,"lower_bound":1524.0633529424783,"upper_bound":2511.945994292943},"point_estimate":1927.6538606700667,"standard_error":245.4289946857524},"slope":{"confidence_interval":{"confidence_level":0.95,"lower_bound":183257.59267842458,"upper_bound":184154.84437729177},"point_estimate":183681.4170326585,"standard_error":228.71479018542993},"std_dev":{"confidence_interval":{"confidence_level":0.95,"lower_bound":2043.8820153458194,"upper_bound":5099.555778431333},"point_estimate":3537.1129852980052,"standard_error":847.9922569373304}}