{"mean":{"confidence_interval":{"confidence_level":0.95,"lower_bound":318271.2758953284,"upper_bound":319388.40843904077},"point_estimate":318811.89204509836,"standard_error":285.05648115350647},"median":{"confidence_interval":{"confidence_level":0.95,"lower_bound":317974.65027322405,"upper_bound":319137.54814814817},"point_estimate":318396.81088574347,"standard_error":290.66272867909925},"median_abs_dev":{"confidence_interval":{"confidence_level":0.95,"lower_bound":1665.1153532551978,"upper_bound":2756.657212112219},"point_estimate":2142.1537717252654,"standard_error":274.34826779568425},"slope":{"confidence_interval":{"confidence_level":0.95,"lower_bound":317980.2100757561,"upper_bound":318940.8189389708},"point_estimate":318445.89428993646,"standard_error":244.4795905474759},"std_dev":{"confidence_interval":{"confidence_level":0.95,"lower_bound":2086.772210610763,"upper_bound":3622.1329238262465},"point_estimate":2855.4609473474557,"standard_error":396.619323005372}}