{"mean":{"confidence_interval":{"confidence_level":0.95,"lower_bound":1793885.723195653,"upper_bound":1802705.4674239142},"point_estimate":1797422.117826087,"standard_error":2314.3731109743003},"median":{"confidence_interval":{"confidence_level":0.95,"lower_bound":1793131.847826087,"upper_bound":1795907.956521739},"point_estimate":1794674.1304347827,"standard_error":661.0946679691359},"median_abs_dev":{"confidence_interval":{"confidence_level":0.95,"lower_bound":3990.5789813270417,"upper_bound":6892.63950806588},"point_estimate":5361.145965690191,"standard_error":735.8378864567111},"slope":null,"std_dev":{"confidence_interval":{"confidence_level":0.95,"lower_bound":5962.915282957505,"upper_bound":37704.57687845819},"point_estimate":23184.107077455265,"standard_error":9443.84176877768}}