{"mean":{"confidence_interval":{"confidence_level":0.95,"lower_bound":2241144.09925,"upper_bound":2251987.9804347823},"point_estimate":2246110.744347827,"standard_error":2773.2187236863824},"median":{"confidence_interval":{"confidence_level":0.95,"lower_bound":2236890.1086956523,"upper_bound":2242254.0434782607},"point_estimate":2238287.847826087,"standard_error":1554.177561948967},"median_abs_dev":{"confidence_interval":{"confidence_level":0.95,"lower_bound":7494.897401721972,"upper_bound":11701.355831390021},"point_estimate":9291.615187214664,"standard_error":1154.7939837267345},"slope":null,"std_dev":{"confidence_interval":{"confidence_level":0.95,"lower_bound":15927.89893742896,"upper_bound":37215.775852845065},"point_estimate":27850.007466687875,"standard_error":5450.654649526926}}