{"mean":{"confidence_interval":{"confidence_level":0.95,"lower_bound":377196.33692851826,"upper_bound":378435.6173179589},"point_estimate":377828.8558758377,"standard_error":315.5470798523739},"median":{"confidence_interval":{"confidence_level":0.95,"lower_bound":377557.9503267974,"upper_bound":378552.8888888889},"point_estimate":378094.858991085,"standard_error":214.67195809922657},"median_abs_dev":{"confidence_interval":{"confidence_level":0.95,"lower_bound":1753.2325086413423,"upper_bound":3119.1391443762764},"point_estimate":2244.663543860924,"standard_error":357.80259641891826},"slope":{"confidence_interval":{"confidence_level":0.95,"lower_bound":377741.27684573294,"upper_bound":378574.55559900316},"point_estimate":378155.38941825525,"standard_error":212.56573205355184},"std_dev":{"confidence_interval":{"confidence_level":0.95,"lower_bound":2433.9816521124512,"upper_bound":3865.060713729194},"point_estimate":3155.6128707949315,"standard_error":368.68345375954783}}