{"mean":{"confidence_interval":{"confidence_level":0.95,"lower_bound":296335.16586848954,"upper_bound":297939.49480906955},"point_estimate":297103.7405312544,"standard_error":410.5098880311396},"median":{"confidence_interval":{"confidence_level":0.95,"lower_bound":295903.29929577466,"upper_bound":297415.47036541894},"point_estimate":296872.1303991148,"standard_error":373.09561781639854},"median_abs_dev":{"confidence_interval":{"confidence_level":0.95,"lower_bound":2249.50367984739,"upper_bound":3583.70160295297},"point_estimate":2726.281278161332,"standard_error":328.86598972689626},"slope":{"confidence_interval":{"confidence_level":0.95,"lower_bound":296861.3370812982,"upper_bound":297951.0249669119},"point_estimate":297417.2737889759,"standard_error":277.8965590316024},"std_dev":{"confidence_interval":{"confidence_level":0.95,"lower_bound":2913.6762460832383,"upper_bound":5291.174234347124},"point_estimate":4133.575470212647,"standard_error":615.4911350547299}}