{"mean":{"confidence_interval":{"confidence_level":0.95,"lower_bound":-0.028947555588991963,"upper_bound":-0.01675819369437065},"point_estimate":-0.02330003043901341,"standard_error":0.003099679805414998},"median":{"confidence_interval":{"confidence_level":0.95,"lower_bound":-0.029547890549151745,"upper_bound":-0.024021972285297937},"point_estimate":-0.02724946491046376,"standard_error":0.0015287084443320732}}