{"mean":{"confidence_interval":{"confidence_level":0.95,"lower_bound":0.029125815432541828,"upper_bound":0.038819262738727434},"point_estimate":0.03415296422609537,"standard_error":0.002474444451485238},"median":{"confidence_interval":{"confidence_level":0.95,"lower_bound":0.031580344586798634,"upper_bound":0.04092925157156335},"point_estimate":0.037060956257264355,"standard_error":0.0024908618910874764}}