{"mean":{"confidence_interval":{"confidence_level":0.95,"lower_bound":713662.5274922954,"upper_bound":722477.4601291174},"point_estimate":717810.2817558243,"standard_error":2252.2508670129314},"median":{"confidence_interval":{"confidence_level":0.95,"lower_bound":706565.5329968944,"upper_bound":714442.2216494846},"point_estimate":711154.0643750001,"standard_error":1962.3549640991498},"median_abs_dev":{"confidence_interval":{"confidence_level":0.95,"lower_bound":9246.247090846255,"upper_bound":19078.127390442303},"point_estimate":14853.116989256461,"standard_error":2493.3819839067464},"slope":{"confidence_interval":{"confidence_level":0.95,"lower_bound":718248.1515356669,"upper_bound":726614.4632500628},"point_estimate":722295.0097236589,"standard_error":2139.9048935534192},"std_dev":{"confidence_interval":{"confidence_level":0.95,"lower_bound":15937.226204558343,"upper_bound":29952.887201619033},"point_estimate":22494.494969386247,"standard_error":3853.449002575993}}