{"mean":{"confidence_interval":{"confidence_level":0.95,"lower_bound":424494.59887307824,"upper_bound":425444.2745921365},"point_estimate":424958.6033720435,"standard_error":242.0083899405471},"median":{"confidence_interval":{"confidence_level":0.95,"lower_bound":424259.1231343284,"upper_bound":425138.1310483871},"point_estimate":424737.19166666665,"standard_error":240.58632921906104},"median_abs_dev":{"confidence_interval":{"confidence_level":0.95,"lower_bound":1304.859156254393,"upper_bound":2332.2345075076137},"point_estimate":1863.4383188337601,"standard_error":263.6610963450998},"slope":{"confidence_interval":{"confidence_level":0.95,"lower_bound":424483.27598979813,"upper_bound":425322.3841822121},"point_estimate":424898.17652430915,"standard_error":214.43875755088314},"std_dev":{"confidence_interval":{"confidence_level":0.95,"lower_bound":1902.5692575435587,"upper_bound":2901.430642622812},"point_estimate":2424.9416714095723,"standard_error":254.88061321334067}}