{"mean":{"confidence_interval":{"confidence_level":0.95,"lower_bound":236948.7120046114,"upper_bound":237752.3845583147},"point_estimate":237341.31750123174,"standard_error":205.40714596330616},"median":{"confidence_interval":{"confidence_level":0.95,"lower_bound":236765.188377193,"upper_bound":237557.8177777778},"point_estimate":237162.45049130765,"standard_error":189.5912485983031},"median_abs_dev":{"confidence_interval":{"confidence_level":0.95,"lower_bound":1116.9201264561434,"upper_bound":1788.4647960484026},"point_estimate":1434.73480375913,"standard_error":172.6217913613002},"slope":{"confidence_interval":{"confidence_level":0.95,"lower_bound":236853.67663559743,"upper_bound":237625.5247456724},"point_estimate":237216.6365302202,"standard_error":197.1343850590856},"std_dev":{"confidence_interval":{"confidence_level":0.95,"lower_bound":1609.0329782721476,"upper_bound":2474.5218594569196},"point_estimate":2061.0077232732924,"standard_error":222.38230871813477}}