{"mean":{"confidence_interval":{"confidence_level":0.95,"lower_bound":131012.98743723748,"upper_bound":132017.2020850624},"point_estimate":131479.6625969847,"standard_error":256.1389401327726},"median":{"confidence_interval":{"confidence_level":0.95,"lower_bound":130711.95028409091,"upper_bound":131829.8463541667},"point_estimate":131205.87654761906,"standard_error":279.0426966129175},"median_abs_dev":{"confidence_interval":{"confidence_level":0.95,"lower_bound":1606.764539382855,"upper_bound":2439.8477882792627},"point_estimate":2150.8641456961027,"standard_error":222.15596141516636},"slope":{"confidence_interval":{"confidence_level":0.95,"lower_bound":131236.90667839863,"upper_bound":131893.4471908923},"point_estimate":131564.3470780996,"standard_error":167.01898530053307},"std_dev":{"confidence_interval":{"confidence_level":0.95,"lower_bound":1689.2528931397112,"upper_bound":3585.1507110940656},"point_estimate":2568.132223177337,"standard_error":553.2923612071462}}