{"mean":{"confidence_interval":{"confidence_level":0.95,"lower_bound":468753.0222830007,"upper_bound":470485.90823328303},"point_estimate":469618.4207812518,"standard_error":440.3492759263449},"median":{"confidence_interval":{"confidence_level":0.95,"lower_bound":468218.3777906977,"upper_bound":470949.7073170732},"point_estimate":469445.89042838017,"standard_error":699.0816711557239},"median_abs_dev":{"confidence_interval":{"confidence_level":0.95,"lower_bound":3396.1636755948266,"upper_bound":5213.664688375477},"point_estimate":4323.1662950423715,"standard_error":450.8799146789131},"slope":{"confidence_interval":{"confidence_level":0.95,"lower_bound":469210.22368316585,"upper_bound":470929.77251915616},"point_estimate":470036.14700753655,"standard_error":439.053041315865},"std_dev":{"confidence_interval":{"confidence_level":0.95,"lower_bound":3726.3753742838276,"upper_bound":5057.631178187902},"point_estimate":4421.512739324167,"standard_error":339.51260855986635}}