{"mean":{"confidence_interval":{"confidence_level":0.95,"lower_bound":454067.781700653,"upper_bound":455560.94593506603},"point_estimate":454800.000952883,"standard_error":379.9689666158801},"median":{"confidence_interval":{"confidence_level":0.95,"lower_bound":454127.85714285716,"upper_bound":455373.0},"point_estimate":454608.6873314354,"standard_error":306.1838207514041},"median_abs_dev":{"confidence_interval":{"confidence_level":0.95,"lower_bound":1875.7714334963498,"upper_bound":2977.2339144118278},"point_estimate":2477.019662675988,"standard_error":283.0187420603462},"slope":{"confidence_interval":{"confidence_level":0.95,"lower_bound":454948.72413694195,"upper_bound":456826.20053616085},"point_estimate":455770.95183389983,"standard_error":483.17295058278734},"std_dev":{"confidence_interval":{"confidence_level":0.95,"lower_bound":2856.8498101931013,"upper_bound":4727.1948818057535},"point_estimate":3826.26689264224,"standard_error":480.199712302307}}