{"mean":{"confidence_interval":{"confidence_level":0.95,"lower_bound":480784.01503710996,"upper_bound":482202.23997096065},"point_estimate":481455.9834624388,"standard_error":362.5784264832135},"median":{"confidence_interval":{"confidence_level":0.95,"lower_bound":480345.7701149425,"upper_bound":481731.96341463417},"point_estimate":480979.2403846154,"standard_error":324.2210606220613},"median_abs_dev":{"confidence_interval":{"confidence_level":0.95,"lower_bound":1927.3300344433387,"upper_bound":3106.6316214616463},"point_estimate":2402.6396065753775,"standard_error":295.25096843948836},"slope":{"confidence_interval":{"confidence_level":0.95,"lower_bound":480463.59763954795,"upper_bound":481637.5903755903},"point_estimate":481046.9713048618,"standard_error":298.9059211191715},"std_dev":{"confidence_interval":{"confidence_level":0.95,"lower_bound":2557.821021420333,"upper_bound":4688.208790065799},"point_estimate":3638.053772921147,"standard_error":550.601576242208}}