{"mean":{"confidence_interval":{"confidence_level":0.95,"lower_bound":3207413.3592031254,"upper_bound":3216399.584515625},"point_estimate":3211859.961875,"standard_error":2299.6429705180967},"median":{"confidence_interval":{"confidence_level":0.95,"lower_bound":3202700.75,"upper_bound":3215592.40625},"point_estimate":3207516.03125,"standard_error":3444.9519747825575},"median_abs_dev":{"confidence_interval":{"confidence_level":0.95,"lower_bound":15309.744309447706,"upper_bound":26256.42855260521},"point_estimate":20890.111616626382,"standard_error":2793.6048722793594},"slope":null,"std_dev":{"confidence_interval":{"confidence_level":0.95,"lower_bound":19489.41661336949,"upper_bound":26392.4142944298},"point_estimate":23125.315185670956,"standard_error":1757.8464083049216}}