{"mean":{"confidence_interval":{"confidence_level":0.95,"lower_bound":441829.78400535043,"upper_bound":443612.5057707371},"point_estimate":442713.9919625037,"standard_error":455.2831879077967},"median":{"confidence_interval":{"confidence_level":0.95,"lower_bound":441366.83774717513,"upper_bound":442928.9309158805},"point_estimate":442161.8841025641,"standard_error":371.4021192482977},"median_abs_dev":{"confidence_interval":{"confidence_level":0.95,"lower_bound":2725.6316954369713,"upper_bound":5614.050242044598},"point_estimate":4255.47114353725,"standard_error":737.2073010467768},"slope":{"confidence_interval":{"confidence_level":0.95,"lower_bound":441519.75504636863,"upper_bound":443559.3751133798},"point_estimate":442502.42620856117,"standard_error":521.4377234259777},"std_dev":{"confidence_interval":{"confidence_level":0.95,"lower_bound":3829.649012966043,"upper_bound":5241.839361671853},"point_estimate":4576.489525241857,"standard_error":360.89871787314877}}