{"mean":{"confidence_interval":{"confidence_level":0.95,"lower_bound":369762.9397778789,"upper_bound":372105.1209093403},"point_estimate":370893.73196270637,"standard_error":597.4552557697751},"median":{"confidence_interval":{"confidence_level":0.95,"lower_bound":369300.36209286214,"upper_bound":371259.8784313726},"point_estimate":370473.9675724638,"standard_error":482.0113345158327},"median_abs_dev":{"confidence_interval":{"confidence_level":0.95,"lower_bound":2850.839756830369,"upper_bound":4535.486665377331},"point_estimate":3755.7257592888113,"standard_error":415.81896575335185},"slope":{"confidence_interval":{"confidence_level":0.95,"lower_bound":370588.55070262006,"upper_bound":372285.34734254057},"point_estimate":371429.67027732625,"standard_error":433.2000521455743},"std_dev":{"confidence_interval":{"confidence_level":0.95,"lower_bound":4299.245301612894,"upper_bound":7776.174900130443},"point_estimate":6007.9578337061885,"standard_error":907.5884620596166}}