{"mean":{"confidence_interval":{"confidence_level":0.95,"lower_bound":329648.06582305644,"upper_bound":333140.35042180074},"point_estimate":331210.9160705406,"standard_error":900.067742976396},"median":{"confidence_interval":{"confidence_level":0.95,"lower_bound":328768.80925925926,"upper_bound":330528.18233875826},"point_estimate":329765.71376811597,"standard_error":540.595083100929},"median_abs_dev":{"confidence_interval":{"confidence_level":0.95,"lower_bound":2510.7633102370137,"upper_bound":4070.0070529701934},"point_estimate":3251.327033944087,"standard_error":405.01778466598836},"slope":{"confidence_interval":{"confidence_level":0.95,"lower_bound":329624.70543600613,"upper_bound":334560.2422418794},"point_estimate":331821.49332643714,"standard_error":1270.7519357554106},"std_dev":{"confidence_interval":{"confidence_level":0.95,"lower_bound":3861.3970538101034,"upper_bound":12815.116547743755},"point_estimate":9048.085521477462,"standard_error":2201.2695039716273}}