{"mean":{"confidence_interval":{"confidence_level":0.95,"lower_bound":615505.2038743189,"upper_bound":617262.1822274891},"point_estimate":616359.2408437218,"standard_error":447.9212695519159},"median":{"confidence_interval":{"confidence_level":0.95,"lower_bound":615241.3,"upper_bound":617234.1789473684},"point_estimate":616351.7178959742,"standard_error":545.3344100128285},"median_abs_dev":{"confidence_interval":{"confidence_level":0.95,"lower_bound":2469.34259098944,"upper_bound":4488.104428601902},"point_estimate":3470.4729641398503,"standard_error":524.8271911800009},"slope":{"confidence_interval":{"confidence_level":0.95,"lower_bound":616156.5597724003,"upper_bound":617497.2885468396},"point_estimate":616814.7379784248,"standard_error":342.49562302523685},"std_dev":{"confidence_interval":{"confidence_level":0.95,"lower_bound":3477.107179543474,"upper_bound":5452.979201874258},"point_estimate":4486.347085454639,"standard_error":505.56517223524355}}