{"mean":{"confidence_interval":{"confidence_level":0.95,"lower_bound":459410.88555937173,"upper_bound":462005.2472934528},"point_estimate":460616.8649506194,"standard_error":659.3898362449966},"median":{"confidence_interval":{"confidence_level":0.95,"lower_bound":459115.33766233764,"upper_bound":461097.7642857143},"point_estimate":460355.4909638554,"standard_error":483.46932685030663},"median_abs_dev":{"confidence_interval":{"confidence_level":0.95,"lower_bound":2899.475068882782,"upper_bound":4980.918161570997},"point_estimate":3677.6654515994423,"standard_error":534.3640550962048},"slope":{"confidence_interval":{"confidence_level":0.95,"lower_bound":460046.5210505418,"upper_bound":464418.24766988034},"point_estimate":461730.6499527117,"standard_error":1174.8871736115477},"std_dev":{"confidence_interval":{"confidence_level":0.95,"lower_bound":4036.5756803859044,"upper_bound":9164.53220543292},"point_estimate":6617.414670407188,"standard_error":1349.1627224929682}}