{"mean":{"confidence_interval":{"confidence_level":0.95,"lower_bound":454495.37254424597,"upper_bound":456275.5469838238},"point_estimate":455346.16535384615,"standard_error":452.4466863089094},"median":{"confidence_interval":{"confidence_level":0.95,"lower_bound":453954.4229000347,"upper_bound":456086.7155172414},"point_estimate":455143.4178051512,"standard_error":578.7183271179662},"median_abs_dev":{"confidence_interval":{"confidence_level":0.95,"lower_bound":2875.7396969114084,"upper_bound":4521.934803377979},"point_estimate":3725.2865689476043,"standard_error":412.798062333439},"slope":{"confidence_interval":{"confidence_level":0.95,"lower_bound":454243.21234576346,"upper_bound":455697.3124188672},"point_estimate":454954.04392049654,"standard_error":371.0456516920842},"std_dev":{"confidence_interval":{"confidence_level":0.95,"lower_bound":3067.1070986863638,"upper_bound":6113.725981691295},"point_estimate":4530.242354658173,"standard_error":806.810497737119}}