{"mean":{"confidence_interval":{"confidence_level":0.95,"lower_bound":309678.27491658693,"upper_bound":310889.8838392848},"point_estimate":310226.31148826296,"standard_error":310.24028120600644},"median":{"confidence_interval":{"confidence_level":0.95,"lower_bound":309624.85326086957,"upper_bound":310191.3334819436},"point_estimate":309897.70947802195,"standard_error":147.72967859442542},"median_abs_dev":{"confidence_interval":{"confidence_level":0.95,"lower_bound":1145.571546929004,"upper_bound":2143.436967768811},"point_estimate":1590.7506973363254,"standard_error":247.08684185790014},"slope":{"confidence_interval":{"confidence_level":0.95,"lower_bound":309691.4188505458,"upper_bound":310338.41568823834},"point_estimate":310007.83780478797,"standard_error":164.73116252218082},"std_dev":{"confidence_interval":{"confidence_level":0.95,"lower_bound":1665.621006801202,"upper_bound":4571.34777807969},"point_estimate":3108.5460925144366,"standard_error":820.4930350101292}}