{"mean":{"confidence_interval":{"confidence_level":0.95,"lower_bound":823026.371245661,"upper_bound":826832.2037111268},"point_estimate":824954.2051906709,"standard_error":971.25721361941},"median":{"confidence_interval":{"confidence_level":0.95,"lower_bound":823649.875,"upper_bound":827657.85},"point_estimate":825146.2209486165,"standard_error":745.3112191231098},"median_abs_dev":{"confidence_interval":{"confidence_level":0.95,"lower_bound":5797.2385771489,"upper_bound":9659.011952172074},"point_estimate":7601.137731975925,"standard_error":1013.9405768318278},"slope":{"confidence_interval":{"confidence_level":0.95,"lower_bound":822839.345904705,"upper_bound":826511.9338642157},"point_estimate":824631.3612767844,"standard_error":935.542761930745},"std_dev":{"confidence_interval":{"confidence_level":0.95,"lower_bound":7964.882275835635,"upper_bound":11320.256530821842},"point_estimate":9728.544319289758,"standard_error":856.8328053697524}}