{"mean":{"confidence_interval":{"confidence_level":0.95,"lower_bound":592833.1307781971,"upper_bound":594672.2338422769},"point_estimate":593737.520824215,"standard_error":468.56722867858366},"median":{"confidence_interval":{"confidence_level":0.95,"lower_bound":591764.183579986,"upper_bound":593991.5333333333},"point_estimate":592841.3167372881,"standard_error":583.1344464404679},"median_abs_dev":{"confidence_interval":{"confidence_level":0.95,"lower_bound":3303.8035598222937,"upper_bound":5731.881338925807},"point_estimate":4477.056665665346,"standard_error":638.7379861189098},"slope":{"confidence_interval":{"confidence_level":0.95,"lower_bound":592410.8274207904,"upper_bound":595343.2319102035},"point_estimate":593818.5981395005,"standard_error":747.5941947374696},"std_dev":{"confidence_interval":{"confidence_level":0.95,"lower_bound":3981.795139325689,"upper_bound":5395.728969376151},"point_estimate":4720.977629689102,"standard_error":362.05377391070215}}