{"mean":{"confidence_interval":{"confidence_level":0.95,"lower_bound":504620.46215627796,"upper_bound":507117.47030937055},"point_estimate":505747.71137479186,"standard_error":641.3122642834413},"median":{"confidence_interval":{"confidence_level":0.95,"lower_bound":503723.9399641577,"upper_bound":505586.5723880597},"point_estimate":504499.2167895599,"standard_error":449.6408223969335},"median_abs_dev":{"confidence_interval":{"confidence_level":0.95,"lower_bound":2281.5830750459286,"upper_bound":3906.3556778278044},"point_estimate":2954.9144100397825,"standard_error":397.23761289702657},"slope":{"confidence_interval":{"confidence_level":0.95,"lower_bound":504635.471012994,"upper_bound":506436.93291532504},"point_estimate":505440.3650081277,"standard_error":459.94222224323005},"std_dev":{"confidence_interval":{"confidence_level":0.95,"lower_bound":3164.4779744188304,"upper_bound":9292.163039411513},"point_estimate":6454.952948405281,"standard_error":1614.401447771563}}