{"mean":{"confidence_interval":{"confidence_level":0.95,"lower_bound":1917284.5813750005,"upper_bound":1921904.2400750006},"point_estimate":1919566.1674999997,"standard_error":1178.3849072850683},"median":{"confidence_interval":{"confidence_level":0.95,"lower_bound":1915103.025,"upper_bound":1921239.8},"point_estimate":1918767.5,"standard_error":1891.3953189570777},"median_abs_dev":{"confidence_interval":{"confidence_level":0.95,"lower_bound":8260.120428353548,"upper_bound":14452.05651817457},"point_estimate":11371.912448108196,"standard_error":1629.8184503900234},"slope":null,"std_dev":{"confidence_interval":{"confidence_level":0.95,"lower_bound":10097.395573472262,"upper_bound":13581.853475164044},"point_estimate":11871.572952868184,"standard_error":893.471599398908}}