{"mean":{"confidence_interval":{"confidence_level":0.95,"lower_bound":249527.77770931204,"upper_bound":250844.37061595268},"point_estimate":250157.92544946756,"standard_error":336.19131305428397},"median":{"confidence_interval":{"confidence_level":0.95,"lower_bound":248871.30416666667,"upper_bound":250115.4357142857},"point_estimate":249297.46199324325,"standard_error":254.8602888716105},"median_abs_dev":{"confidence_interval":{"confidence_level":0.95,"lower_bound":1786.3268850694326,"upper_bound":3273.502843789873},"point_estimate":2235.499438495081,"standard_error":387.37445317362926},"slope":{"confidence_interval":{"confidence_level":0.95,"lower_bound":249848.25578501297,"upper_bound":251476.65597798204},"point_estimate":250661.37547140534,"standard_error":415.72040289069656},"std_dev":{"confidence_interval":{"confidence_level":0.95,"lower_bound":2518.5158671483146,"upper_bound":4342.636338634016},"point_estimate":3377.3798952510397,"standard_error":490.9994805755855}}