{"mean":{"confidence_interval":{"confidence_level":0.95,"lower_bound":277894.9215764042,"upper_bound":279334.68283711484},"point_estimate":278588.8002752157,"standard_error":367.58582869157186},"median":{"confidence_interval":{"confidence_level":0.95,"lower_bound":277337.56762005645,"upper_bound":278754.5426829268},"point_estimate":277839.1238445378,"standard_error":394.6312276177549},"median_abs_dev":{"confidence_interval":{"confidence_level":0.95,"lower_bound":2376.5656661236435,"upper_bound":4004.5138344462107},"point_estimate":3117.456837069187,"standard_error":397.2447551341043},"slope":{"confidence_interval":{"confidence_level":0.95,"lower_bound":278112.3485674744,"upper_bound":280391.3678621891},"point_estimate":279169.47600709327,"standard_error":583.0290776553784},"std_dev":{"confidence_interval":{"confidence_level":0.95,"lower_bound":2862.122363963158,"upper_bound":4552.095368071847},"point_estimate":3705.1376967839947,"standard_error":437.5822316855528}}