{"mean":{"confidence_interval":{"confidence_level":0.95,"lower_bound":0.07529413369703299,"upper_bound":0.0772737035908196},"point_estimate":0.07627140065870641,"standard_error":0.0004967145095178193},"median":{"confidence_interval":{"confidence_level":0.95,"lower_bound":0.07481299928479479,"upper_bound":0.07692497957578581},"point_estimate":0.07605040136835539,"standard_error":0.0005440346495908766}}