{"mean":{"confidence_interval":{"confidence_level":0.95,"lower_bound":0.058055170309978324,"upper_bound":0.06020921582303812},"point_estimate":0.05916890216815873,"standard_error":0.000546275538473878},"median":{"confidence_interval":{"confidence_level":0.95,"lower_bound":0.05813831348137444,"upper_bound":0.0599882117305921},"point_estimate":0.05890721578191527,"standard_error":0.00046607477969029336}}