{"mean":{"confidence_interval":{"confidence_level":0.95,"lower_bound":1522025.2311946678,"upper_bound":1529031.7232508783},"point_estimate":1524792.7025514625,"standard_error":1856.8478492935465},"median":{"confidence_interval":{"confidence_level":0.95,"lower_bound":1520817.2165242163,"upper_bound":1522934.6511627906},"point_estimate":1521756.9792823156,"standard_error":539.0505647183144},"median_abs_dev":{"confidence_interval":{"confidence_level":0.95,"lower_bound":3782.280765422036,"upper_bound":6496.740281238801},"point_estimate":5033.615704285172,"standard_error":665.0040756298631},"slope":{"confidence_interval":{"confidence_level":0.95,"lower_bound":1521836.6955818092,"upper_bound":1525403.0987645052},"point_estimate":1523399.9833870253,"standard_error":919.6263343977977},"std_dev":{"confidence_interval":{"confidence_level":0.95,"lower_bound":5662.252893928769,"upper_bound":30546.948824012794},"point_estimate":18622.915179645803,"standard_error":8158.398070684125}}