{"mean":{"confidence_interval":{"confidence_level":0.95,"lower_bound":336585.9938400805,"upper_bound":337793.5680536232},"point_estimate":337182.2211853534,"standard_error":308.10930227238396},"median":{"confidence_interval":{"confidence_level":0.95,"lower_bound":336078.3541666667,"upper_bound":337778.49206349207},"point_estimate":336911.1946236559,"standard_error":433.8345688540727},"median_abs_dev":{"confidence_interval":{"confidence_level":0.95,"lower_bound":2090.610405374704,"upper_bound":3336.7345587610953},"point_estimate":2617.8455474973093,"standard_error":311.0089442385237},"slope":{"confidence_interval":{"confidence_level":0.95,"lower_bound":335552.22969773307,"upper_bound":336713.74559471617},"point_estimate":336105.7360780257,"standard_error":296.2957591577311},"std_dev":{"confidence_interval":{"confidence_level":0.95,"lower_bound":2528.6553853378496,"upper_bound":3628.756731653479},"point_estimate":3099.016609702384,"standard_error":281.5819132358173}}