{"mean":{"confidence_interval":{"confidence_level":0.95,"lower_bound":239634.0314673402,"upper_bound":240873.8804638703},"point_estimate":240208.1620377406,"standard_error":316.766939865969},"median":{"confidence_interval":{"confidence_level":0.95,"lower_bound":239304.2136179775,"upper_bound":240254.66077896787},"point_estimate":239702.23024657535,"standard_error":264.99218620147883},"median_abs_dev":{"confidence_interval":{"confidence_level":0.95,"lower_bound":1235.8163568429043,"upper_bound":1921.3494566757583},"point_estimate":1423.7088235199321,"standard_error":180.9532370782007},"slope":{"confidence_interval":{"confidence_level":0.95,"lower_bound":239997.42056529573,"upper_bound":240873.21319212083},"point_estimate":240404.2587663662,"standard_error":223.26099342402387},"std_dev":{"confidence_interval":{"confidence_level":0.95,"lower_bound":1869.8688001220103,"upper_bound":4319.606852971764},"point_estimate":3175.693368397843,"standard_error":625.9019967068112}}