{"mean":{"confidence_interval":{"confidence_level":0.95,"lower_bound":239799.3251115433,"upper_bound":241235.5636676863},"point_estimate":240479.4577540618,"standard_error":366.77512680571044},"median":{"confidence_interval":{"confidence_level":0.95,"lower_bound":239242.22857142857,"upper_bound":240586.02280405405},"point_estimate":239874.89153439153,"standard_error":359.5227138838364},"median_abs_dev":{"confidence_interval":{"confidence_level":0.95,"lower_bound":2206.9437975614637,"upper_bound":3662.215981159138},"point_estimate":2950.8419524841934,"standard_error":367.0716410886117},"slope":{"confidence_interval":{"confidence_level":0.95,"lower_bound":238632.1025097819,"upper_bound":240665.3768934883},"point_estimate":239538.17434490912,"standard_error":523.256303693949},"std_dev":{"confidence_interval":{"confidence_level":0.95,"lower_bound":2530.1287259117994,"upper_bound":4798.520129182705},"point_estimate":3694.331476833931,"standard_error":586.778967170057}}