{"mean":{"confidence_interval":{"confidence_level":0.95,"lower_bound":357541.4860270407,"upper_bound":359424.3421439559},"point_estimate":358415.2329048426,"standard_error":479.9817257117641},"median":{"confidence_interval":{"confidence_level":0.95,"lower_bound":357465.0350877193,"upper_bound":358787.04338164255},"point_estimate":358295.15300179215,"standard_error":342.31629141465805},"median_abs_dev":{"confidence_interval":{"confidence_level":0.95,"lower_bound":1925.0781132796726,"upper_bound":3248.0659108413365},"point_estimate":2740.692448876467,"standard_error":347.63885172258074},"slope":{"confidence_interval":{"confidence_level":0.95,"lower_bound":358262.5871613028,"upper_bound":359755.14981965837},"point_estimate":358979.97844736715,"standard_error":380.8216500182233},"std_dev":{"confidence_interval":{"confidence_level":0.95,"lower_bound":2978.113658350774,"upper_bound":6708.542349220919},"point_estimate":4829.557945484641,"standard_error":993.8352959282939}}