{"mean":{"confidence_interval":{"confidence_level":0.95,"lower_bound":366852.42898180365,"upper_bound":368708.6413267034},"point_estimate":367731.80532491475,"standard_error":474.80045524677905},"median":{"confidence_interval":{"confidence_level":0.95,"lower_bound":366257.53655126836,"upper_bound":367540.4836601307},"point_estimate":367027.5434523809,"standard_error":340.86076250125774},"median_abs_dev":{"confidence_interval":{"confidence_level":0.95,"lower_bound":1768.471215264752,"upper_bound":2876.483276721867},"point_estimate":2314.7804358075214,"standard_error":287.77815022130153},"slope":{"confidence_interval":{"confidence_level":0.95,"lower_bound":367018.2818731386,"upper_bound":369077.29397573724},"point_estimate":367959.85809861583,"standard_error":529.8941681796452},"std_dev":{"confidence_interval":{"confidence_level":0.95,"lower_bound":3273.9483222165054,"upper_bound":6038.9690853944685},"point_estimate":4772.028702619177,"standard_error":706.15923416538}}