{"mean":{"confidence_interval":{"confidence_level":0.95,"lower_bound":280928.44237444655,"upper_bound":282070.7964758925},"point_estimate":281487.33476696874,"standard_error":290.81065111095916},"median":{"confidence_interval":{"confidence_level":0.95,"lower_bound":280509.86627906974,"upper_bound":281875.3766129032},"point_estimate":280997.66118421056,"standard_error":377.5907581548951},"median_abs_dev":{"confidence_interval":{"confidence_level":0.95,"lower_bound":1843.319958379836,"upper_bound":3103.4974343526037},"point_estimate":2336.5339250372253,"standard_error":326.4980834615836},"slope":{"confidence_interval":{"confidence_level":0.95,"lower_bound":281155.25810884335,"upper_bound":282049.5285111236},"point_estimate":281598.8505305157,"standard_error":227.70460339351226},"std_dev":{"confidence_interval":{"confidence_level":0.95,"lower_bound":2402.3418537620696,"upper_bound":3403.648565098793},"point_estimate":2926.4438651536157,"standard_error":256.67362947069836}}