{"mean":{"confidence_interval":{"confidence_level":0.95,"lower_bound":266390.31521856424,"upper_bound":267210.7007459869},"point_estimate":266785.9662659614,"standard_error":209.16897695063187},"median":{"confidence_interval":{"confidence_level":0.95,"lower_bound":266279.20588235295,"upper_bound":267097.6666666667},"point_estimate":266586.27077067667,"standard_error":197.91118369310735},"median_abs_dev":{"confidence_interval":{"confidence_level":0.95,"lower_bound":1312.8051047233018,"upper_bound":1943.6948358872405},"point_estimate":1652.2037419772912,"standard_error":163.66127960327802},"slope":{"confidence_interval":{"confidence_level":0.95,"lower_bound":266266.7752674896,"upper_bound":266925.20383506373},"point_estimate":266598.7625454411,"standard_error":167.44689925916802},"std_dev":{"confidence_interval":{"confidence_level":0.95,"lower_bound":1448.7458051526335,"upper_bound":2755.739453066283},"point_estimate":2090.0160820438145,"standard_error":341.9553332233905}}