{"mean":{"confidence_interval":{"confidence_level":0.95,"lower_bound":282728.05976568203,"upper_bound":284790.5888878294},"point_estimate":283705.3966545221,"standard_error":525.9722949829338},"median":{"confidence_interval":{"confidence_level":0.95,"lower_bound":282321.3461538461,"upper_bound":283699.16363636364},"point_estimate":282941.3266176471,"standard_error":328.6593184539262},"median_abs_dev":{"confidence_interval":{"confidence_level":0.95,"lower_bound":2044.9577036399796,"upper_bound":3663.7191708585865},"point_estimate":2790.2188623612255,"standard_error":413.32058553607874},"slope":{"confidence_interval":{"confidence_level":0.95,"lower_bound":283056.0567266914,"upper_bound":286827.54031520383},"point_estimate":284651.8913432836,"standard_error":985.8678369624417},"std_dev":{"confidence_interval":{"confidence_level":0.95,"lower_bound":3444.5173689795847,"upper_bound":7181.748560732482},"point_estimate":5288.462819877015,"standard_error":987.0747170419952}}