{"mean":{"confidence_interval":{"confidence_level":0.95,"lower_bound":274927.73129538447,"upper_bound":276317.5715406179},"point_estimate":275607.6610153167,"standard_error":353.9564140669997},"median":{"confidence_interval":{"confidence_level":0.95,"lower_bound":274852.668135784,"upper_bound":275884.6956521739},"point_estimate":275351.1504629629,"standard_error":283.1704643090215},"median_abs_dev":{"confidence_interval":{"confidence_level":0.95,"lower_bound":1981.8421197506489,"upper_bound":3284.3355557657665},"point_estimate":2708.0603970451134,"standard_error":334.3560069596457},"slope":{"confidence_interval":{"confidence_level":0.95,"lower_bound":275135.0143506797,"upper_bound":276690.9131852032},"point_estimate":275877.4579636471,"standard_error":397.92517502297204},"std_dev":{"confidence_interval":{"confidence_level":0.95,"lower_bound":2707.011916563805,"upper_bound":4403.161651378126},"point_estimate":3548.4264109636483,"standard_error":439.7386458311043}}