{"mean":{"confidence_interval":{"confidence_level":0.95,"lower_bound":226231.79520074176,"upper_bound":227323.5766637396},"point_estimate":226781.86692875996,"standard_error":278.2502751125994},"median":{"confidence_interval":{"confidence_level":0.95,"lower_bound":226400.24126984127,"upper_bound":227396.49109550563},"point_estimate":226860.59615686274,"standard_error":236.63098497520943},"median_abs_dev":{"confidence_interval":{"confidence_level":0.95,"lower_bound":1715.7864225419867,"upper_bound":3220.2193262324568},"point_estimate":2448.10643406022,"standard_error":388.192865184507},"slope":{"confidence_interval":{"confidence_level":0.95,"lower_bound":227382.88575047263,"upper_bound":228297.60996972828},"point_estimate":227849.39242323037,"standard_error":233.1705247231112},"std_dev":{"confidence_interval":{"confidence_level":0.95,"lower_bound":2372.4710914918905,"upper_bound":3195.916957208037},"point_estimate":2800.9826727942377,"standard_error":209.5831977636211}}