{"mean":{"confidence_interval":{"confidence_level":0.95,"lower_bound":211988.5505464082,"upper_bound":212798.43075253587},"point_estimate":212374.90527887127,"standard_error":206.8439424534609},"median":{"confidence_interval":{"confidence_level":0.95,"lower_bound":211679.52028954192,"upper_bound":212552.02528735631},"point_estimate":211982.22904040402,"standard_error":237.61213809920307},"median_abs_dev":{"confidence_interval":{"confidence_level":0.95,"lower_bound":1224.8961594454531,"upper_bound":1912.1487691192287},"point_estimate":1606.224101483819,"standard_error":177.66196587056484},"slope":{"confidence_interval":{"confidence_level":0.95,"lower_bound":211652.72853903245,"upper_bound":212438.73365242104},"point_estimate":212034.74280065022,"standard_error":200.00331609814262},"std_dev":{"confidence_interval":{"confidence_level":0.95,"lower_bound":1494.040352000552,"upper_bound":2648.063874368612},"point_estimate":2082.971003937305,"standard_error":297.4360956045308}}