{"mean":{"confidence_interval":{"confidence_level":0.95,"lower_bound":1757807.4097500003,"upper_bound":1760388.5850227277},"point_estimate":1759060.6054545457,"standard_error":658.9807286241985},"median":{"confidence_interval":{"confidence_level":0.95,"lower_bound":1757418.2272727273,"upper_bound":1759997.9318181819},"point_estimate":1758465.1363636362,"standard_error":640.801896128139},"median_abs_dev":{"confidence_interval":{"confidence_level":0.95,"lower_bound":4171.328721398626,"upper_bound":7056.8389201705795},"point_estimate":5706.864253228392,"standard_error":781.9942444794953},"slope":null,"std_dev":{"confidence_interval":{"confidence_level":0.95,"lower_bound":5130.950814781683,"upper_bound":8171.956869109774},"point_estimate":6620.6963786910665,"standard_error":785.6710954419474}}