{"mean":{"confidence_interval":{"confidence_level":0.95,"lower_bound":222414.64285830111,"upper_bound":224235.67567638817},"point_estimate":223169.33749990788,"standard_error":472.06532272210876},"median":{"confidence_interval":{"confidence_level":0.95,"lower_bound":222521.1222222222,"upper_bound":223284.68876319757},"point_estimate":222946.77238095237,"standard_error":189.2807527785307},"median_abs_dev":{"confidence_interval":{"confidence_level":0.95,"lower_bound":1093.665818526854,"upper_bound":1964.7173341690798},"point_estimate":1478.3198759845868,"standard_error":219.78573497692233},"slope":{"confidence_interval":{"confidence_level":0.95,"lower_bound":222678.09022539548,"upper_bound":223436.12742217092},"point_estimate":223055.11265848973,"standard_error":193.22980710908058},"std_dev":{"confidence_interval":{"confidence_level":0.95,"lower_bound":1777.903049541562,"upper_bound":7665.847075318987},"point_estimate":4758.539321297348,"standard_error":1878.8792456462443}}