{"mean":{"confidence_interval":{"confidence_level":0.95,"lower_bound":226682.53865358446,"upper_bound":227720.57786057118},"point_estimate":227195.06364193358,"standard_error":265.27147766981466},"median":{"confidence_interval":{"confidence_level":0.95,"lower_bound":226450.47368421053,"upper_bound":227798.45925925925},"point_estimate":227387.19351806038,"standard_error":372.48646450378203},"median_abs_dev":{"confidence_interval":{"confidence_level":0.95,"lower_bound":1761.6528802895355,"upper_bound":2927.7608202685797},"point_estimate":2392.5080541911584,"standard_error":303.46690786382305},"slope":{"confidence_interval":{"confidence_level":0.95,"lower_bound":226485.28301095736,"upper_bound":227368.23304677225},"point_estimate":226918.72152445692,"standard_error":224.4696587502699},"std_dev":{"confidence_interval":{"confidence_level":0.95,"lower_bound":2202.3559685636296,"upper_bound":3107.4546482192},"point_estimate":2670.847936470875,"standard_error":231.7614586419347}}