{"mean":{"confidence_interval":{"confidence_level":0.95,"lower_bound":234474.79236005092,"upper_bound":235868.5436458532},"point_estimate":235144.28528268886,"standard_error":356.0415271690685},"median":{"confidence_interval":{"confidence_level":0.95,"lower_bound":234167.25470588234,"upper_bound":235177.53191489363},"point_estimate":234478.83619770303,"standard_error":248.4576909420622},"median_abs_dev":{"confidence_interval":{"confidence_level":0.95,"lower_bound":1752.5651024843712,"upper_bound":3600.9657724337067},"point_estimate":2636.1729186152343,"standard_error":479.18586119704895},"slope":{"confidence_interval":{"confidence_level":0.95,"lower_bound":234818.017864313,"upper_bound":236167.43832148783},"point_estimate":235469.9198622728,"standard_error":346.0184308649813},"std_dev":{"confidence_interval":{"confidence_level":0.95,"lower_bound":2663.5812299075715,"upper_bound":4609.056902173503},"point_estimate":3575.383766292996,"standard_error":520.9901472541728}}