{"mean":{"confidence_interval":{"confidence_level":0.95,"lower_bound":226976.84234261353,"upper_bound":227907.801412795},"point_estimate":227427.8933278015,"standard_error":236.72120746909223},"median":{"confidence_interval":{"confidence_level":0.95,"lower_bound":226993.07418909593,"upper_bound":227802.335},"point_estimate":227303.80275303643,"standard_error":206.94963571615367},"median_abs_dev":{"confidence_interval":{"confidence_level":0.95,"lower_bound":1329.0355268664387,"upper_bound":2224.5884850613547},"point_estimate":1795.1369018799446,"standard_error":230.1705321226932},"slope":{"confidence_interval":{"confidence_level":0.95,"lower_bound":227139.31818140243,"upper_bound":227920.92662685626},"point_estimate":227506.66476784396,"standard_error":199.25135729469238},"std_dev":{"confidence_interval":{"confidence_level":0.95,"lower_bound":1787.8259651902831,"upper_bound":2989.616393930508},"point_estimate":2378.294020461243,"standard_error":310.2636974360136}}