{"mean":{"confidence_interval":{"confidence_level":0.95,"lower_bound":232896.5723863715,"upper_bound":234825.11750961302},"point_estimate":233758.6905375585,"standard_error":495.83181217666436},"median":{"confidence_interval":{"confidence_level":0.95,"lower_bound":232617.96962025316,"upper_bound":233763.00425531916},"point_estimate":233161.13394736842,"standard_error":307.89558559044764},"median_abs_dev":{"confidence_interval":{"confidence_level":0.95,"lower_bound":2293.138592225349,"upper_bound":3671.6937133218776},"point_estimate":3072.3052037698426,"standard_error":336.58299965347084},"slope":{"confidence_interval":{"confidence_level":0.95,"lower_bound":232997.883227428,"upper_bound":234246.64377724123},"point_estimate":233615.32589921678,"standard_error":319.2056179881561},"std_dev":{"confidence_interval":{"confidence_level":0.95,"lower_bound":2787.6534939600606,"upper_bound":7427.343238122958},"point_estimate":4991.116213288407,"standard_error":1411.3214388498022}}