{"mean":{"confidence_interval":{"confidence_level":0.95,"lower_bound":282271.6570973683,"upper_bound":283058.093854796},"point_estimate":282650.0798066411,"standard_error":200.80765342659737},"median":{"confidence_interval":{"confidence_level":0.95,"lower_bound":282069.0721665303,"upper_bound":282649.046875},"point_estimate":282420.1608495671,"standard_error":139.8325532639321},"median_abs_dev":{"confidence_interval":{"confidence_level":0.95,"lower_bound":1008.1900446010281,"upper_bound":1729.151487989568},"point_estimate":1349.3229086129156,"standard_error":185.82800770799653},"slope":{"confidence_interval":{"confidence_level":0.95,"lower_bound":282137.69875973364,"upper_bound":282748.83949819877},"point_estimate":282442.7803435791,"standard_error":156.36306872605},"std_dev":{"confidence_interval":{"confidence_level":0.95,"lower_bound":1471.4239242232304,"upper_bound":2582.810992944272},"point_estimate":2024.5836987960809,"standard_error":289.01340987685415}}