{"mean":{"confidence_interval":{"confidence_level":0.95,"lower_bound":138477.54372506097,"upper_bound":141643.9887195392},"point_estimate":139899.31340215544,"standard_error":814.6196486502394},"median":{"confidence_interval":{"confidence_level":0.95,"lower_bound":137578.7941086691,"upper_bound":139526.875},"point_estimate":138635.32494343893,"standard_error":496.30220304168415},"median_abs_dev":{"confidence_interval":{"confidence_level":0.95,"lower_bound":2974.3812565691915,"upper_bound":4652.012125906817},"point_estimate":3797.1503325871026,"standard_error":442.16076059335944},"slope":{"confidence_interval":{"confidence_level":0.95,"lower_bound":137261.59844693984,"upper_bound":138839.82511751272},"point_estimate":137973.02255947984,"standard_error":402.4852757063508},"std_dev":{"confidence_interval":{"confidence_level":0.95,"lower_bound":3798.343641531173,"upper_bound":11658.767363600444},"point_estimate":8195.12146801465,"standard_error":2035.9737730111901}}