{"mean":{"confidence_interval":{"confidence_level":0.95,"lower_bound":131104.5982677449,"upper_bound":132218.6523447179},"point_estimate":131603.11766056332,"standard_error":285.93299709703217},"median":{"confidence_interval":{"confidence_level":0.95,"lower_bound":131088.375,"upper_bound":131600.1291208791},"point_estimate":131348.3137112403,"standard_error":127.59500156345739},"median_abs_dev":{"confidence_interval":{"confidence_level":0.95,"lower_bound":956.9381824128596,"upper_bound":1672.5246929228497},"point_estimate":1253.8936001073519,"standard_error":182.02678046761582},"slope":{"confidence_interval":{"confidence_level":0.95,"lower_bound":131226.54261972796,"upper_bound":131733.61386710624},"point_estimate":131478.19524456924,"standard_error":128.89964711902098},"std_dev":{"confidence_interval":{"confidence_level":0.95,"lower_bound":1530.5395931898208,"upper_bound":4332.475912454464},"point_estimate":2877.8681951115313,"standard_error":849.8921323764141}}