{"mean":{"confidence_interval":{"confidence_level":0.95,"lower_bound":253493.3557808922,"upper_bound":255097.8106755303},"point_estimate":254258.83160166154,"standard_error":407.85592875158886},"median":{"confidence_interval":{"confidence_level":0.95,"lower_bound":253246.2857142857,"upper_bound":254653.02368421052},"point_estimate":253696.04411630036,"standard_error":378.81490845508563},"median_abs_dev":{"confidence_interval":{"confidence_level":0.95,"lower_bound":2260.2569233339586,"upper_bound":3894.823224603078},"point_estimate":3238.2928938549676,"standard_error":418.92554615985154},"slope":{"confidence_interval":{"confidence_level":0.95,"lower_bound":254442.30646352578,"upper_bound":256080.69432523102},"point_estimate":255274.021863455,"standard_error":416.6422011465808},"std_dev":{"confidence_interval":{"confidence_level":0.95,"lower_bound":2943.995863150344,"upper_bound":5428.768219308956},"point_estimate":4097.5533152438675,"standard_error":673.1357532897335}}