{"mean":{"confidence_interval":{"confidence_level":0.95,"lower_bound":206209.37994259538,"upper_bound":207710.45287615905},"point_estimate":206920.0614953722,"standard_error":382.6442128530037},"median":{"confidence_interval":{"confidence_level":0.95,"lower_bound":205649.79540229886,"upper_bound":206750.58383838384},"point_estimate":206083.60107142857,"standard_error":246.33764797741375},"median_abs_dev":{"confidence_interval":{"confidence_level":0.95,"lower_bound":1547.2101792493718,"upper_bound":2644.5951245839756},"point_estimate":2115.7177649051378,"standard_error":273.72397518131805},"slope":{"confidence_interval":{"confidence_level":0.95,"lower_bound":206095.03311448096,"upper_bound":207069.14618169275},"point_estimate":206566.13466587852,"standard_error":249.42244042880415},"std_dev":{"confidence_interval":{"confidence_level":0.95,"lower_bound":2363.322289453974,"upper_bound":5371.58741755214},"point_estimate":3840.912993552587,"standard_error":801.0305096877092}}