{"mean":{"confidence_interval":{"confidence_level":0.95,"lower_bound":174254.34320987275,"upper_bound":179836.44649838834},"point_estimate":176537.78163798244,"standard_error":1455.7433367562671},"median":{"confidence_interval":{"confidence_level":0.95,"lower_bound":173030.88815789475,"upper_bound":174409.7875},"point_estimate":173452.41382915172,"standard_error":350.24979820555524},"median_abs_dev":{"confidence_interval":{"confidence_level":0.95,"lower_bound":1955.0958370292506,"upper_bound":3505.0796337243587},"point_estimate":2643.1589607888272,"standard_error":403.17225837796275},"slope":{"confidence_interval":{"confidence_level":0.95,"lower_bound":173479.55817636073,"upper_bound":183615.47844098695},"point_estimate":177126.63718388256,"standard_error":2800.1711923505795},"std_dev":{"confidence_interval":{"confidence_level":0.95,"lower_bound":4527.419690947761,"upper_bound":23483.856535911287},"point_estimate":14626.422986951273,"standard_error":5697.123634994427}}