{"mean":{"confidence_interval":{"confidence_level":0.95,"lower_bound":240445.26966090602,"upper_bound":242888.0899011766},"point_estimate":241494.3428175613,"standard_error":631.7220284140925},"median":{"confidence_interval":{"confidence_level":0.95,"lower_bound":239822.32142857142,"upper_bound":240756.60714285713},"point_estimate":240265.23065356858,"standard_error":257.21788844088803},"median_abs_dev":{"confidence_interval":{"confidence_level":0.95,"lower_bound":1295.3228870034231,"upper_bound":2333.254979589099},"point_estimate":1720.0185355465414,"standard_error":261.9112104192486},"slope":{"confidence_interval":{"confidence_level":0.95,"lower_bound":240491.10592630913,"upper_bound":246272.79708484813},"point_estimate":242965.60321117187,"standard_error":1503.6529927298493},"std_dev":{"confidence_interval":{"confidence_level":0.95,"lower_bound":2404.8252518032136,"upper_bound":9778.653642845364},"point_estimate":6336.508979588391,"standard_error":2030.9411590585305}}