{"mean":{"confidence_interval":{"confidence_level":0.95,"lower_bound":1181649.2147678977,"upper_bound":1185417.6472934992},"point_estimate":1183450.417247762,"standard_error":962.4837165670491},"median":{"confidence_interval":{"confidence_level":0.95,"lower_bound":1179921.0256410255,"upper_bound":1183256.5851293104},"point_estimate":1182167.5996453902,"standard_error":847.5442005489756},"median_abs_dev":{"confidence_interval":{"confidence_level":0.95,"lower_bound":6023.518725788463,"upper_bound":9546.328855518563},"point_estimate":8100.312023900767,"standard_error":938.3095845650586},"slope":{"confidence_interval":{"confidence_level":0.95,"lower_bound":1179756.3643316634,"upper_bound":1182886.4213639467},"point_estimate":1181268.6756169647,"standard_error":799.132507194125},"std_dev":{"confidence_interval":{"confidence_level":0.95,"lower_bound":6824.28698242935,"upper_bound":12411.56521908068},"point_estimate":9673.043495922002,"standard_error":1442.059882503897}}