{"mean":{"confidence_interval":{"confidence_level":0.95,"lower_bound":1332922.8843277814,"upper_bound":1340406.9363160462},"point_estimate":1336150.674334057,"standard_error":1931.3146721514013},"median":{"confidence_interval":{"confidence_level":0.95,"lower_bound":1331264.3974358975,"upper_bound":1335507.5578947368},"point_estimate":1333838.369397759,"standard_error":991.7272688893844},"median_abs_dev":{"confidence_interval":{"confidence_level":0.95,"lower_bound":6158.010659838116,"upper_bound":10203.724052287744},"point_estimate":8050.987641005712,"standard_error":1057.4001877047058},"slope":{"confidence_interval":{"confidence_level":0.95,"lower_bound":1333915.4461737298,"upper_bound":1339805.3865276813},"point_estimate":1336460.348739471,"standard_error":1511.986431892049},"std_dev":{"confidence_interval":{"confidence_level":0.95,"lower_bound":8096.50257249401,"upper_bound":29832.830264097964},"point_estimate":19380.930650518007,"standard_error":6110.747889561598}}