{"mean":{"confidence_interval":{"confidence_level":0.95,"lower_bound":1549275.1565310955,"upper_bound":1570255.4974244556},"point_estimate":1558326.6102440248,"standard_error":5417.395962846974},"median":{"confidence_interval":{"confidence_level":0.95,"lower_bound":1544322.32,"upper_bound":1554019.12},"point_estimate":1550844.193277311,"standard_error":2236.502759137962},"median_abs_dev":{"confidence_interval":{"confidence_level":0.95,"lower_bound":18642.2216296124,"upper_bound":26984.644885849273},"point_estimate":23238.067723460972,"standard_error":2109.0732772283304},"slope":{"confidence_interval":{"confidence_level":0.95,"lower_bound":1550672.57771579,"upper_bound":1559480.8063396087},"point_estimate":1555039.666008571,"standard_error":2248.449758369239},"std_dev":{"confidence_interval":{"confidence_level":0.95,"lower_bound":20546.001421342746,"upper_bound":83589.18324796621},"point_estimate":54411.97436334053,"standard_error":16955.655065863528}}