{"mean":{"confidence_interval":{"confidence_level":0.95,"lower_bound":1425933.7359393036,"upper_bound":1428082.7502729928},"point_estimate":1427016.669843078,"standard_error":546.2559961818694},"median":{"confidence_interval":{"confidence_level":0.95,"lower_bound":1425910.1967213114,"upper_bound":1428231.7848413377},"point_estimate":1427107.3729440789,"standard_error":588.8931726834562},"median_abs_dev":{"confidence_interval":{"confidence_level":0.95,"lower_bound":3101.738579933106,"upper_bound":5875.741375684692},"point_estimate":4164.183058754085,"standard_error":711.98119782084},"slope":{"confidence_interval":{"confidence_level":0.95,"lower_bound":1427879.1590791827,"upper_bound":1429642.1871170436},"point_estimate":1428779.9592049653,"standard_error":449.03273705270846},"std_dev":{"confidence_interval":{"confidence_level":0.95,"lower_bound":4152.827565696113,"upper_bound":6854.939829208409},"point_estimate":5502.173307243463,"standard_error":696.4495687382961}}