{"mean":{"confidence_interval":{"confidence_level":0.95,"lower_bound":325166.142968711,"upper_bound":334360.29393161985},"point_estimate":329181.51302540285,"standard_error":2363.5811830924454},"median":{"confidence_interval":{"confidence_level":0.95,"lower_bound":323006.9318181818,"upper_bound":325138.6416505792},"point_estimate":323816.72923519736,"standard_error":551.9445626240038},"median_abs_dev":{"confidence_interval":{"confidence_level":0.95,"lower_bound":3031.045164653371,"upper_bound":5941.697893232937},"point_estimate":4674.669308794576,"standard_error":751.2761007265856},"slope":{"confidence_interval":{"confidence_level":0.95,"lower_bound":324301.60491490224,"upper_bound":333620.3526920127},"point_estimate":328585.9874316536,"standard_error":2385.219163372642},"std_dev":{"confidence_interval":{"confidence_level":0.95,"lower_bound":10611.341957774288,"upper_bound":35567.79071815688},"point_estimate":23703.80727263683,"standard_error":6698.816313006248}}