{"mean":{"confidence_interval":{"confidence_level":0.95,"lower_bound":0.03644221464757585,"upper_bound":0.0461485160284622},"point_estimate":0.04159450470218684,"standard_error":0.0024813743533708757},"median":{"confidence_interval":{"confidence_level":0.95,"lower_bound":0.04190914313849503,"upper_bound":0.049098716761446975},"point_estimate":0.044677651992328204,"standard_error":0.0017759775726368331}}