{"mean":{"confidence_interval":{"confidence_level":0.95,"lower_bound":-0.0022683715757673664,"upper_bound":0.0025269189146550105},"point_estimate":0.00012000762107033935,"standard_error":0.0012245064795159558},"median":{"confidence_interval":{"confidence_level":0.95,"lower_bound":-0.002275649827249482,"upper_bound":0.002749202823249197},"point_estimate":0.0006689092952150144,"standard_error":0.001328250672577996}}