{"mean":{"confidence_interval":{"confidence_level":0.95,"lower_bound":0.03634898609076277,"upper_bound":0.039772077475705714},"point_estimate":0.038051152051149506,"standard_error":0.0008669222856454988},"median":{"confidence_interval":{"confidence_level":0.95,"lower_bound":0.03589673874304017,"upper_bound":0.04056987305311699},"point_estimate":0.038417236473905714,"standard_error":0.0011128171566756903}}