{"mean":{"confidence_interval":{"confidence_level":0.95,"lower_bound":0.0035941002330859124,"upper_bound":0.009439581606611824},"point_estimate":0.006395628442642964,"standard_error":0.0014906499119495778},"median":{"confidence_interval":{"confidence_level":0.95,"lower_bound":0.000821169112399156,"upper_bound":0.006744604208182903},"point_estimate":0.003179939018247424,"standard_error":0.0015285697205591811}}