{"mean":{"confidence_interval":{"confidence_level":0.95,"lower_bound":191572.42235703726,"upper_bound":192316.10690628682},"point_estimate":191951.40544035065,"standard_error":189.42734553576676},"median":{"confidence_interval":{"confidence_level":0.95,"lower_bound":191617.6292929293,"upper_bound":192350.66},"point_estimate":191980.9589842083,"standard_error":195.6393659757739},"median_abs_dev":{"confidence_interval":{"confidence_level":0.95,"lower_bound":1208.118609565426,"upper_bound":1879.117173135865},"point_estimate":1562.0507943386058,"standard_error":167.64652324277174},"slope":{"confidence_interval":{"confidence_level":0.95,"lower_bound":191914.45930682807,"upper_bound":192608.5190411618},"point_estimate":192256.5526389833,"standard_error":177.55565949269715},"std_dev":{"confidence_interval":{"confidence_level":0.95,"lower_bound":1508.0194993266427,"upper_bound":2281.035596057523},"point_estimate":1902.4861962630669,"standard_error":199.3492719244864}}