{"mean":{"confidence_interval":{"confidence_level":0.95,"lower_bound":228149.23143562212,"upper_bound":230048.57700949165},"point_estimate":229002.26708569992,"standard_error":485.45380891979875},"median":{"confidence_interval":{"confidence_level":0.95,"lower_bound":228067.77037037036,"upper_bound":229551.77436281857},"point_estimate":228776.29667487682,"standard_error":406.9362015022763},"median_abs_dev":{"confidence_interval":{"confidence_level":0.95,"lower_bound":2428.6384221004096,"upper_bound":3738.895135843579},"point_estimate":3190.788515574415,"standard_error":336.3010065781093},"slope":{"confidence_interval":{"confidence_level":0.95,"lower_bound":228581.41468149144,"upper_bound":231908.44020117863},"point_estimate":229871.9115413034,"standard_error":895.2912656003482},"std_dev":{"confidence_interval":{"confidence_level":0.95,"lower_bound":2799.4094386598485,"upper_bound":7219.803705133144},"point_estimate":4879.3340896682475,"standard_error":1332.9648638000924}}