{"mean":{"confidence_interval":{"confidence_level":0.95,"lower_bound":238846.34397354192,"upper_bound":239628.84662794578},"point_estimate":239231.46294350873,"standard_error":199.42545718649268},"median":{"confidence_interval":{"confidence_level":0.95,"lower_bound":238596.57826086957,"upper_bound":239455.9},"point_estimate":239193.27349282295,"standard_error":235.71659664289248},"median_abs_dev":{"confidence_interval":{"confidence_level":0.95,"lower_bound":1240.996399217046,"upper_bound":2102.7644173078074},"point_estimate":1766.7229714011896,"standard_error":230.11321618187657},"slope":{"confidence_interval":{"confidence_level":0.95,"lower_bound":238952.16995407984,"upper_bound":239666.06027773867},"point_estimate":239304.4782686567,"standard_error":181.8274284868119},"std_dev":{"confidence_interval":{"confidence_level":0.95,"lower_bound":1603.0408758589037,"upper_bound":2395.3366047106997},"point_estimate":2004.7093800851535,"standard_error":203.14897297024459}}