{"mean":{"confidence_interval":{"confidence_level":0.95,"lower_bound":216856.46908419736,"upper_bound":217961.53615058976},"point_estimate":217402.13303610115,"standard_error":282.0723005446382},"median":{"confidence_interval":{"confidence_level":0.95,"lower_bound":216343.88,"upper_bound":218209.2947368421},"point_estimate":217055.40832672484,"standard_error":451.73023617432034},"median_abs_dev":{"confidence_interval":{"confidence_level":0.95,"lower_bound":2250.9022349917923,"upper_bound":3433.2418167441488},"point_estimate":2963.455825715313,"standard_error":300.6538460112151},"slope":{"confidence_interval":{"confidence_level":0.95,"lower_bound":216910.21411672593,"upper_bound":218116.31276185098},"point_estimate":217510.06967932614,"standard_error":308.0259336444897},"std_dev":{"confidence_interval":{"confidence_level":0.95,"lower_bound":2354.0822633129733,"upper_bound":3338.2619176079347},"point_estimate":2836.6232831665757,"standard_error":252.9231490611426}}