{"mean":{"confidence_interval":{"confidence_level":0.95,"lower_bound":219872.7905401071,"upper_bound":220802.51553230826},"point_estimate":220340.25025545596,"standard_error":237.46425945132287},"median":{"confidence_interval":{"confidence_level":0.95,"lower_bound":219710.59353518824,"upper_bound":220731.9238095238},"point_estimate":220119.30953878406,"standard_error":265.25716820005},"median_abs_dev":{"confidence_interval":{"confidence_level":0.95,"lower_bound":1669.1887633159674,"upper_bound":2860.4915901056506},"point_estimate":2208.1225888884155,"standard_error":310.72087131090603},"slope":{"confidence_interval":{"confidence_level":0.95,"lower_bound":219788.44156964173,"upper_bound":220863.80355920445},"point_estimate":220311.30247022313,"standard_error":274.089968428333},"std_dev":{"confidence_interval":{"confidence_level":0.95,"lower_bound":2016.967719507622,"upper_bound":2736.594813324782},"point_estimate":2390.618114015621,"standard_error":183.98521681216044}}