{"mean":{"confidence_interval":{"confidence_level":0.95,"lower_bound":255553.2572850909,"upper_bound":256878.97387004088},"point_estimate":256149.38795498828,"standard_error":339.0514918712098},"median":{"confidence_interval":{"confidence_level":0.95,"lower_bound":255409.9875,"upper_bound":256101.36904761905},"point_estimate":255892.97201624294,"standard_error":160.13891790669132},"median_abs_dev":{"confidence_interval":{"confidence_level":0.95,"lower_bound":1181.1193078497927,"upper_bound":2313.513506282724},"point_estimate":1639.0567328237419,"standard_error":301.6821613698379},"slope":{"confidence_interval":{"confidence_level":0.95,"lower_bound":255644.8416759346,"upper_bound":256415.73427828655},"point_estimate":256016.5837276489,"standard_error":196.4909636140466},"std_dev":{"confidence_interval":{"confidence_level":0.95,"lower_bound":2003.0437269675415,"upper_bound":4987.696228359695},"point_estimate":3404.945497801666,"standard_error":897.5944053526287}}