{"mean":{"confidence_interval":{"confidence_level":0.95,"lower_bound":274311.9196567427,"upper_bound":276141.63204261416},"point_estimate":275191.78697679733,"standard_error":466.2945988708256},"median":{"confidence_interval":{"confidence_level":0.95,"lower_bound":273507.85,"upper_bound":275137.3675},"point_estimate":274097.16649729,"standard_error":421.3587802804437},"median_abs_dev":{"confidence_interval":{"confidence_level":0.95,"lower_bound":2289.7022267285056,"upper_bound":4676.000916906058},"point_estimate":3602.9610784168317,"standard_error":588.6828937551041},"slope":{"confidence_interval":{"confidence_level":0.95,"lower_bound":273884.68485232233,"upper_bound":275589.79777841765},"point_estimate":274726.58118737995,"standard_error":435.9427800046262},"std_dev":{"confidence_interval":{"confidence_level":0.95,"lower_bound":3452.366891023106,"upper_bound":5860.798830359418},"point_estimate":4671.136788462419,"standard_error":622.678035974154}}