{"mean":{"confidence_interval":{"confidence_level":0.95,"lower_bound":272457.6839623782,"upper_bound":274437.52888932143},"point_estimate":273398.5714024345,"standard_error":505.76996882945394},"median":{"confidence_interval":{"confidence_level":0.95,"lower_bound":271858.0907754011,"upper_bound":273147.7083333334},"point_estimate":272226.9088157895,"standard_error":349.5434296147807},"median_abs_dev":{"confidence_interval":{"confidence_level":0.95,"lower_bound":1883.03722380852,"upper_bound":4377.375896541379},"point_estimate":3145.5650635171814,"standard_error":670.8618598312328},"slope":{"confidence_interval":{"confidence_level":0.95,"lower_bound":272192.95207258256,"upper_bound":273753.039187805},"point_estimate":272923.01517807005,"standard_error":398.03202496111413},"std_dev":{"confidence_interval":{"confidence_level":0.95,"lower_bound":3571.8900954011774,"upper_bound":6751.641471612005},"point_estimate":5089.810052999791,"standard_error":843.422560264174}}