{"mean":{"confidence_interval":{"confidence_level":0.95,"lower_bound":266884.8536020199,"upper_bound":268025.5082305463},"point_estimate":267441.0056474118,"standard_error":290.2323152681784},"median":{"confidence_interval":{"confidence_level":0.95,"lower_bound":266513.46428571426,"upper_bound":267554.8155922039},"point_estimate":267070.0071908602,"standard_error":238.00836005877372},"median_abs_dev":{"confidence_interval":{"confidence_level":0.95,"lower_bound":1691.6399593709189,"upper_bound":3218.981146697795},"point_estimate":2193.9693417594835,"standard_error":393.5324401877466},"slope":{"confidence_interval":{"confidence_level":0.95,"lower_bound":266957.2611491531,"upper_bound":267927.1468007948},"point_estimate":267422.69254765776,"standard_error":247.64615044421896},"std_dev":{"confidence_interval":{"confidence_level":0.95,"lower_bound":2271.805987154435,"upper_bound":3630.5412099952678},"point_estimate":2918.880738836454,"standard_error":357.1252389072408}}