{"mean":{"confidence_interval":{"confidence_level":0.95,"lower_bound":249665.87912929492,"upper_bound":251370.06898044664},"point_estimate":250412.92342405298,"standard_error":436.4194892122055},"median":{"confidence_interval":{"confidence_level":0.95,"lower_bound":249063.31944444444,"upper_bound":250053.1988827285},"point_estimate":249565.72234779986,"standard_error":311.1532182816517},"median_abs_dev":{"confidence_interval":{"confidence_level":0.95,"lower_bound":1501.8912506629142,"upper_bound":2877.104931269021},"point_estimate":2116.42424992095,"standard_error":353.93820654031015},"slope":{"confidence_interval":{"confidence_level":0.95,"lower_bound":249444.64114911557,"upper_bound":250354.39754391555},"point_estimate":249877.3935798729,"standard_error":231.86532692311968},"std_dev":{"confidence_interval":{"confidence_level":0.95,"lower_bound":2346.3703737866986,"upper_bound":6549.934627219098},"point_estimate":4371.071385489545,"standard_error":1267.2173887330216}}