{"mean":{"confidence_interval":{"confidence_level":0.95,"lower_bound":279419.8615508459,"upper_bound":280766.161550102},"point_estimate":280029.0108211612,"standard_error":342.3926298298208},"median":{"confidence_interval":{"confidence_level":0.95,"lower_bound":279263.47857142857,"upper_bound":280245.56799803965},"point_estimate":279961.935876193,"standard_error":229.48304704275233},"median_abs_dev":{"confidence_interval":{"confidence_level":0.95,"lower_bound":1557.156712959168,"upper_bound":2417.12926576811},"point_estimate":1909.6877329989663,"standard_error":220.37335752311282},"slope":{"confidence_interval":{"confidence_level":0.95,"lower_bound":279484.13871937373,"upper_bound":280259.7345317469},"point_estimate":279881.3892448648,"standard_error":197.89940009892206},"std_dev":{"confidence_interval":{"confidence_level":0.95,"lower_bound":1996.4328433484673,"upper_bound":5018.440984201481},"point_estimate":3445.335222189519,"standard_error":869.8006555222358}}