{"mean":{"confidence_interval":{"confidence_level":0.95,"lower_bound":178725.08746663688,"upper_bound":180825.96497880953},"point_estimate":179716.255008014,"standard_error":535.119437896621},"median":{"confidence_interval":{"confidence_level":0.95,"lower_bound":177919.38954545456,"upper_bound":180469.34052522198},"point_estimate":179327.79523809522,"standard_error":627.1532588828319},"median_abs_dev":{"confidence_interval":{"confidence_level":0.95,"lower_bound":3450.1867345147066,"upper_bound":5237.0782851996855},"point_estimate":4334.782987409884,"standard_error":454.86773558179834},"slope":{"confidence_interval":{"confidence_level":0.95,"lower_bound":178057.7314000419,"upper_bound":180634.09446515227},"point_estimate":179205.8587066647,"standard_error":661.2533549025442},"std_dev":{"confidence_interval":{"confidence_level":0.95,"lower_bound":3713.5587116774996,"upper_bound":7049.749174775173},"point_estimate":5385.871276404786,"standard_error":873.519254496178}}