{"mean":{"confidence_interval":{"confidence_level":0.95,"lower_bound":243742.11649322096,"upper_bound":244996.43976222663},"point_estimate":244341.46909843836,"standard_error":320.01415183989127},"median":{"confidence_interval":{"confidence_level":0.95,"lower_bound":243606.02,"upper_bound":244770.83815982405},"point_estimate":244204.60582261835,"standard_error":311.06597247578384},"median_abs_dev":{"confidence_interval":{"confidence_level":0.95,"lower_bound":1946.7313366750034,"upper_bound":3208.4182682473847},"point_estimate":2682.3867323516533,"standard_error":315.4626089518464},"slope":{"confidence_interval":{"confidence_level":0.95,"lower_bound":243496.13973128534,"upper_bound":244563.91205806524},"point_estimate":244024.56626274568,"standard_error":271.9364630286333},"std_dev":{"confidence_interval":{"confidence_level":0.95,"lower_bound":2243.4487799978033,"upper_bound":4244.576398815003},"point_estimate":3219.9926930010874,"standard_error":529.6518694944027}}