{"mean":{"confidence_interval":{"confidence_level":0.95,"lower_bound":243467.92603654318,"upper_bound":244712.08348915022},"point_estimate":244008.8967309377,"standard_error":319.94643535035885},"median":{"confidence_interval":{"confidence_level":0.95,"lower_bound":243398.5340909091,"upper_bound":244231.97894736842},"point_estimate":243862.26607142854,"standard_error":192.05805029113915},"median_abs_dev":{"confidence_interval":{"confidence_level":0.95,"lower_bound":1383.9989137405178,"upper_bound":2233.3211881357324},"point_estimate":1836.6337106269764,"standard_error":225.50798428988844},"slope":{"confidence_interval":{"confidence_level":0.95,"lower_bound":243696.6516946613,"upper_bound":244532.95140575428},"point_estimate":244121.89492758978,"standard_error":213.17574808980228},"std_dev":{"confidence_interval":{"confidence_level":0.95,"lower_bound":1608.0502626827665,"upper_bound":4955.3632136775495},"point_estimate":3214.563063859255,"standard_error":1053.005301608822}}