{"mean":{"confidence_interval":{"confidence_level":0.95,"lower_bound":236466.39632707293,"upper_bound":237473.5007902422},"point_estimate":236951.6224572081,"standard_error":256.825688255602},"median":{"confidence_interval":{"confidence_level":0.95,"lower_bound":236155.92222222223,"upper_bound":236794.15789473685},"point_estimate":236496.02118539787,"standard_error":164.2461755170152},"median_abs_dev":{"confidence_interval":{"confidence_level":0.95,"lower_bound":1265.6902241759042,"upper_bound":2205.4313870692963},"point_estimate":1737.4976677189654,"standard_error":240.81386751225085},"slope":{"confidence_interval":{"confidence_level":0.95,"lower_bound":236443.51375017982,"upper_bound":237297.61955357745},"point_estimate":236842.65582562436,"standard_error":218.43053545754665},"std_dev":{"confidence_interval":{"confidence_level":0.95,"lower_bound":1899.5213297221521,"upper_bound":3234.4322365393614},"point_estimate":2581.820900537238,"standard_error":343.0320664322984}}