{"mean":{"confidence_interval":{"confidence_level":0.95,"lower_bound":257053.27514975914,"upper_bound":263420.98065385356},"point_estimate":259872.41203946984,"standard_error":1633.9680024889035},"median":{"confidence_interval":{"confidence_level":0.95,"lower_bound":254183.8828125,"upper_bound":256331.65677966102},"point_estimate":255396.4848797251,"standard_error":579.629134689326},"median_abs_dev":{"confidence_interval":{"confidence_level":0.95,"lower_bound":3398.2633248696156,"upper_bound":6628.065631560082},"point_estimate":5147.041616418523,"standard_error":870.1394264264836},"slope":{"confidence_interval":{"confidence_level":0.95,"lower_bound":255736.34270982823,"upper_bound":259566.77422305362},"point_estimate":257496.86870769912,"standard_error":978.5297035554448},"std_dev":{"confidence_interval":{"confidence_level":0.95,"lower_bound":8107.4559068863855,"upper_bound":24293.08904733987},"point_estimate":16437.869894955755,"standard_error":4331.91099741421}}