{"mean":{"confidence_interval":{"confidence_level":0.95,"lower_bound":250106.37512815752,"upper_bound":251314.0089535837},"point_estimate":250708.69145872098,"standard_error":307.92565052791343},"median":{"confidence_interval":{"confidence_level":0.95,"lower_bound":249810.22368421053,"upper_bound":251119.55681818182},"point_estimate":250691.12772988505,"standard_error":353.07678239742904},"median_abs_dev":{"confidence_interval":{"confidence_level":0.95,"lower_bound":1971.49158162026,"upper_bound":3268.086349915426},"point_estimate":2491.0385891085434,"standard_error":335.8075046802977},"slope":{"confidence_interval":{"confidence_level":0.95,"lower_bound":249382.62597237228,"upper_bound":250573.89913505065},"point_estimate":249950.13035170682,"standard_error":304.2785032899188},"std_dev":{"confidence_interval":{"confidence_level":0.95,"lower_bound":2391.189673678571,"upper_bound":3793.706705703821},"point_estimate":3088.1354174189514,"standard_error":362.14630795609366}}