{"mean":{"confidence_interval":{"confidence_level":0.95,"lower_bound":228350.7021988823,"upper_bound":229334.80290117272},"point_estimate":228819.8647122285,"standard_error":251.09063929811603},"median":{"confidence_interval":{"confidence_level":0.95,"lower_bound":227998.87333333332,"upper_bound":228962.44470588234},"point_estimate":228424.99716353678,"standard_error":239.28122655414907},"median_abs_dev":{"confidence_interval":{"confidence_level":0.95,"lower_bound":1421.8787612181477,"upper_bound":2384.0850295130863},"point_estimate":1938.6287966653517,"standard_error":240.97033958325082},"slope":{"confidence_interval":{"confidence_level":0.95,"lower_bound":228107.4642854808,"upper_bound":228998.5559040945},"point_estimate":228525.72681720112,"standard_error":226.80176017577793},"std_dev":{"confidence_interval":{"confidence_level":0.95,"lower_bound":1814.1490989608947,"upper_bound":3210.6894996266255},"point_estimate":2522.481522544322,"standard_error":360.9207696035704}}