{"mean":{"confidence_interval":{"confidence_level":0.95,"lower_bound":2742099.6415833333,"upper_bound":2745514.644583335},"point_estimate":2743784.3293333333,"standard_error":868.8565218085628},"median":{"confidence_interval":{"confidence_level":0.95,"lower_bound":2741129.533333333,"upper_bound":2745745.033333333},"point_estimate":2742839.966666667,"standard_error":1195.174381535356},"median_abs_dev":{"confidence_interval":{"confidence_level":0.95,"lower_bound":6858.952258229325,"upper_bound":10681.638610362776},"point_estimate":8572.096527814589,"standard_error":944.5733218001511},"slope":null,"std_dev":{"confidence_interval":{"confidence_level":0.95,"lower_bound":7418.168694293907,"upper_bound":9929.469400510696},"point_estimate":8703.892337930585,"standard_error":645.2296032843147}}