{"mean":{"confidence_interval":{"confidence_level":0.95,"lower_bound":1262381.8800033028,"upper_bound":1276828.1315150803},"point_estimate":1269889.1301757363,"standard_error":3690.2563136607396},"median":{"confidence_interval":{"confidence_level":0.95,"lower_bound":1265676.9655172413,"upper_bound":1276827.163265306},"point_estimate":1269160.526851852,"standard_error":2542.964153088826},"median_abs_dev":{"confidence_interval":{"confidence_level":0.95,"lower_bound":18916.301509756777,"upper_bound":36027.14169651529},"point_estimate":25668.526551620584,"standard_error":4754.704895785543},"slope":{"confidence_interval":{"confidence_level":0.95,"lower_bound":1268279.4741592808,"upper_bound":1280650.2408208803},"point_estimate":1274409.1283404757,"standard_error":3156.196108214008},"std_dev":{"confidence_interval":{"confidence_level":0.95,"lower_bound":26388.96816363187,"upper_bound":49429.10714542011},"point_estimate":37017.5201506117,"standard_error":6315.434377534939}}