{"mean":{"confidence_interval":{"confidence_level":0.95,"lower_bound":243594.89485534726,"upper_bound":244463.42881804288},"point_estimate":244022.62109301944,"standard_error":221.86478889916185},"median":{"confidence_interval":{"confidence_level":0.95,"lower_bound":243354.52459016393,"upper_bound":244413.51649851905},"point_estimate":244008.37614889705,"standard_error":263.6096575179511},"median_abs_dev":{"confidence_interval":{"confidence_level":0.95,"lower_bound":1694.2993031928288,"upper_bound":2682.5868916602944},"point_estimate":2229.216166766797,"standard_error":244.00493733877119},"slope":{"confidence_interval":{"confidence_level":0.95,"lower_bound":243274.37474199716,"upper_bound":244234.6849793886},"point_estimate":243752.7162213684,"standard_error":244.9824384157338},"std_dev":{"confidence_interval":{"confidence_level":0.95,"lower_bound":1887.3724095959444,"upper_bound":2518.2133797752485},"point_estimate":2219.3613398068205,"standard_error":161.4292792557233}}