{"mean":{"confidence_interval":{"confidence_level":0.95,"lower_bound":207877.22942458128,"upper_bound":208807.93558069493},"point_estimate":208338.23755583362,"standard_error":236.69807442034485},"median":{"confidence_interval":{"confidence_level":0.95,"lower_bound":207571.71136363636,"upper_bound":208544.92653061225},"point_estimate":208118.31119047618,"standard_error":251.81371440158009},"median_abs_dev":{"confidence_interval":{"confidence_level":0.95,"lower_bound":1682.7933581391833,"upper_bound":2599.060652039261},"point_estimate":1988.9020990232525,"standard_error":234.159021074754},"slope":{"confidence_interval":{"confidence_level":0.95,"lower_bound":207938.5187003427,"upper_bound":209058.37115046682},"point_estimate":208485.4391795478,"standard_error":285.31255182025836},"std_dev":{"confidence_interval":{"confidence_level":0.95,"lower_bound":2032.7287834215545,"upper_bound":2683.445086837044},"point_estimate":2379.477829931252,"standard_error":166.18534244799855}}