{"mean":{"confidence_interval":{"confidence_level":0.95,"lower_bound":219404.27135979445,"upper_bound":220761.866670303},"point_estimate":220023.6184613913,"standard_error":347.9265546106418},"median":{"confidence_interval":{"confidence_level":0.95,"lower_bound":218766.07150537634,"upper_bound":219658.30916666667},"point_estimate":219231.8021548407,"standard_error":230.71383550540872},"median_abs_dev":{"confidence_interval":{"confidence_level":0.95,"lower_bound":1446.6326497897528,"upper_bound":2506.9641249924643},"point_estimate":2044.906849843589,"standard_error":262.7529533408299},"slope":{"confidence_interval":{"confidence_level":0.95,"lower_bound":218656.93313979107,"upper_bound":219616.89593574966},"point_estimate":219089.48084705186,"standard_error":245.43757350107145},"std_dev":{"confidence_interval":{"confidence_level":0.95,"lower_bound":2109.564734118942,"upper_bound":4988.409642495868},"point_estimate":3495.8955491679712,"standard_error":819.5986314902025}}