{"mean":{"confidence_interval":{"confidence_level":0.95,"lower_bound":281878.11388521275,"upper_bound":283773.6895551546},"point_estimate":282745.160458775,"standard_error":483.02438783231304},"median":{"confidence_interval":{"confidence_level":0.95,"lower_bound":281780.6414473684,"upper_bound":283167.7027027027},"point_estimate":282390.1061543548,"standard_error":282.8656998850872},"median_abs_dev":{"confidence_interval":{"confidence_level":0.95,"lower_bound":2091.7482743154105,"upper_bound":3418.2025468434854},"point_estimate":2811.4912532824983,"standard_error":350.2478366547286},"slope":{"confidence_interval":{"confidence_level":0.95,"lower_bound":281971.87063452246,"upper_bound":283959.2263948984},"point_estimate":282904.50044628343,"standard_error":505.78184515496355},"std_dev":{"confidence_interval":{"confidence_level":0.95,"lower_bound":2797.621117944641,"upper_bound":7068.160698654949},"point_estimate":4857.692866810938,"standard_error":1196.1192455121898}}