{"mean":{"confidence_interval":{"confidence_level":0.95,"lower_bound":322374.020437306,"upper_bound":323889.54016086995},"point_estimate":323088.20489503886,"standard_error":386.9750703071752},"median":{"confidence_interval":{"confidence_level":0.95,"lower_bound":321735.58613445377,"upper_bound":323011.2371794872},"point_estimate":322284.17424242425,"standard_error":263.8311200476517},"median_abs_dev":{"confidence_interval":{"confidence_level":0.95,"lower_bound":2149.5455767761746,"upper_bound":3657.891278405581},"point_estimate":2932.1036897868685,"standard_error":391.9670732777431},"slope":{"confidence_interval":{"confidence_level":0.95,"lower_bound":322282.526425532,"upper_bound":323504.2754314903},"point_estimate":322884.80133737257,"standard_error":311.8278201930159},"std_dev":{"confidence_interval":{"confidence_level":0.95,"lower_bound":2661.934445861937,"upper_bound":5113.650088397576},"point_estimate":3900.4286398891227,"standard_error":640.965048068782}}