{"mean":{"confidence_interval":{"confidence_level":0.95,"lower_bound":268503.41064513975,"upper_bound":269284.5773974027},"point_estimate":268899.44405351375,"standard_error":198.55133302931534},"median":{"confidence_interval":{"confidence_level":0.95,"lower_bound":268726.3914141414,"upper_bound":269280.83181818185},"point_estimate":268972.2423963448,"standard_error":125.83577566536799},"median_abs_dev":{"confidence_interval":{"confidence_level":0.95,"lower_bound":927.9087479562327,"upper_bound":1507.3299262332175},"point_estimate":1206.2106404389297,"standard_error":159.1155491320512},"slope":{"confidence_interval":{"confidence_level":0.95,"lower_bound":268612.3590533524,"upper_bound":269222.1618867185},"point_estimate":268904.59266587853,"standard_error":155.47482025287334},"std_dev":{"confidence_interval":{"confidence_level":0.95,"lower_bound":1352.9400667107705,"upper_bound":2621.0237409638553},"point_estimate":1996.102736819447,"standard_error":328.1774615013513}}