{"mean":{"confidence_interval":{"confidence_level":0.95,"lower_bound":4381867.425333333,"upper_bound":4462260.546645832},"point_estimate":4422235.798333335,"standard_error":20580.75502167196},"median":{"confidence_interval":{"confidence_level":0.95,"lower_bound":4367403.041666667,"upper_bound":4460374.166666667},"point_estimate":4421777.458333333,"standard_error":21067.629728137836},"median_abs_dev":{"confidence_interval":{"confidence_level":0.95,"lower_bound":148966.14738032268,"upper_bound":266647.76739105675},"point_estimate":186802.77823358704,"standard_error":33191.041564804815},"slope":null,"std_dev":{"confidence_interval":{"confidence_level":0.95,"lower_bound":179090.29763574112,"upper_bound":233724.52463195156},"point_estimate":207472.38758134004,"standard_error":13971.45793155663}}