{"mean":{"confidence_interval":{"confidence_level":0.95,"lower_bound":261755.29512977914,"upper_bound":264031.6790281928},"point_estimate":262792.0543727578,"standard_error":582.6238258367237},"median":{"confidence_interval":{"confidence_level":0.95,"lower_bound":261339.24468085106,"upper_bound":262440.80126262625},"point_estimate":261704.79792165072,"standard_error":283.15014104741397},"median_abs_dev":{"confidence_interval":{"confidence_level":0.95,"lower_bound":1490.91561326009,"upper_bound":2848.5627484279157},"point_estimate":1984.8560499011378,"standard_error":341.5707285388978},"slope":{"confidence_interval":{"confidence_level":0.95,"lower_bound":261832.94890977166,"upper_bound":264452.9636226253},"point_estimate":262884.15223658935,"standard_error":686.6880167574501},"std_dev":{"confidence_interval":{"confidence_level":0.95,"lower_bound":3126.851790485918,"upper_bound":8220.22425449379},"point_estimate":5851.654647709623,"standard_error":1321.4533739578626}}