{"mean":{"confidence_interval":{"confidence_level":0.95,"lower_bound":255156.02213477698,"upper_bound":256055.40537889884},"point_estimate":255601.556548737,"standard_error":230.11455783783734},"median":{"confidence_interval":{"confidence_level":0.95,"lower_bound":254843.2757296467,"upper_bound":256159.52777777778},"point_estimate":255363.82331932773,"standard_error":343.03588901254284},"median_abs_dev":{"confidence_interval":{"confidence_level":0.95,"lower_bound":1967.2208246998812,"upper_bound":2894.201648861161},"point_estimate":2533.1029942187934,"standard_error":232.95856974119127},"slope":{"confidence_interval":{"confidence_level":0.95,"lower_bound":254534.80840927124,"upper_bound":255490.5269190396},"point_estimate":255006.93836042559,"standard_error":243.84040890826176},"std_dev":{"confidence_interval":{"confidence_level":0.95,"lower_bound":1959.4462352165367,"upper_bound":2675.824756459038},"point_estimate":2319.0697572399313,"standard_error":184.207170019614}}