{"mean":{"confidence_interval":{"confidence_level":0.95,"lower_bound":286852.16247210046,"upper_bound":287740.62521843857},"point_estimate":287295.59122011275,"standard_error":227.25299207586457},"median":{"confidence_interval":{"confidence_level":0.95,"lower_bound":286765.4002546689,"upper_bound":287499.8869047619},"point_estimate":287076.0990961199,"standard_error":211.03850901203606},"median_abs_dev":{"confidence_interval":{"confidence_level":0.95,"lower_bound":1382.5443480475092,"upper_bound":2297.7062153165284},"point_estimate":1933.7893691399106,"standard_error":232.307256766545},"slope":{"confidence_interval":{"confidence_level":0.95,"lower_bound":287459.8189762963,"upper_bound":288310.8181117636},"point_estimate":287886.36823998817,"standard_error":216.79221619288145},"std_dev":{"confidence_interval":{"confidence_level":0.95,"lower_bound":1896.8495903042062,"upper_bound":2639.2003650252254},"point_estimate":2287.538838799401,"standard_error":189.4587707318703}}