{"mean":{"confidence_interval":{"confidence_level":0.95,"lower_bound":232796.9040469701,"upper_bound":233928.67895414965},"point_estimate":233321.86363904,"standard_error":288.2561874086598},"median":{"confidence_interval":{"confidence_level":0.95,"lower_bound":232563.61363636365,"upper_bound":233462.77777777778},"point_estimate":232888.44374999998,"standard_error":203.41570031188613},"median_abs_dev":{"confidence_interval":{"confidence_level":0.95,"lower_bound":1443.3197760157373,"upper_bound":2539.6851111308256},"point_estimate":1971.7690911579325,"standard_error":279.1906229091662},"slope":{"confidence_interval":{"confidence_level":0.95,"lower_bound":232943.1860237567,"upper_bound":233962.30015528708},"point_estimate":233447.6406661741,"standard_error":259.97723331438556},"std_dev":{"confidence_interval":{"confidence_level":0.95,"lower_bound":1903.0530621159269,"upper_bound":4035.630492854338},"point_estimate":2895.415643636452,"standard_error":604.7742206898357}}