{"mean":{"confidence_interval":{"confidence_level":0.95,"lower_bound":247335.74392134688,"upper_bound":248697.77173916815},"point_estimate":248012.14043586713,"standard_error":346.820109710776},"median":{"confidence_interval":{"confidence_level":0.95,"lower_bound":246719.20555555556,"upper_bound":248794.10125},"point_estimate":247854.05683479534,"standard_error":562.5099169097656},"median_abs_dev":{"confidence_interval":{"confidence_level":0.95,"lower_bound":2597.7348800383884,"upper_bound":3992.061817143698},"point_estimate":3199.350904392429,"standard_error":355.00298906902833},"slope":{"confidence_interval":{"confidence_level":0.95,"lower_bound":248318.2094000157,"upper_bound":249628.8968241381},"point_estimate":248980.6458253288,"standard_error":334.22225724258305},"std_dev":{"confidence_interval":{"confidence_level":0.95,"lower_bound":2862.9170992540585,"upper_bound":4097.002715793421},"point_estimate":3485.7568534794777,"standard_error":316.5900049408417}}