{"mean":{"confidence_interval":{"confidence_level":0.95,"lower_bound":1348.0772765067236,"upper_bound":1357.2765088175045},"point_estimate":1352.0033064725849,"standard_error":2.376963049794457},"median":{"confidence_interval":{"confidence_level":0.95,"lower_bound":1345.9002793477555,"upper_bound":1347.8855252387448},"point_estimate":1346.8124228316694,"standard_error":0.5247531643928185},"median_abs_dev":{"confidence_interval":{"confidence_level":0.95,"lower_bound":2.1190655469659867,"upper_bound":4.571381500517765},"point_estimate":3.3415780300556284,"standard_error":0.6560302790680501},"slope":{"confidence_interval":{"confidence_level":0.95,"lower_bound":1349.301846413052,"upper_bound":1352.2090418893283},"point_estimate":1350.6063588544923,"standard_error":0.7428516559237498},"std_dev":{"confidence_interval":{"confidence_level":0.95,"lower_bound":5.267889432114382,"upper_bound":36.365083268901216},"point_estimate":23.810923054084167,"standard_error":7.8585009440151214}}