{"mean":{"confidence_interval":{"confidence_level":0.95,"lower_bound":261608.3973611813,"upper_bound":262790.92133075994},"point_estimate":262137.86651228712,"standard_error":302.948510584928},"median":{"confidence_interval":{"confidence_level":0.95,"lower_bound":261374.1528478352,"upper_bound":261971.26893939395},"point_estimate":261721.44315723045,"standard_error":153.46823601844343},"median_abs_dev":{"confidence_interval":{"confidence_level":0.95,"lower_bound":1353.8437890510902,"upper_bound":2104.5877455946875},"point_estimate":1700.9867644504247,"standard_error":191.13253064923754},"slope":{"confidence_interval":{"confidence_level":0.95,"lower_bound":261799.36028343238,"upper_bound":263266.7764969007},"point_estimate":262433.8661046254,"standard_error":377.8253402591765},"std_dev":{"confidence_interval":{"confidence_level":0.95,"lower_bound":1681.6963792688073,"upper_bound":4503.855560715227},"point_estimate":3046.9606831076703,"standard_error":830.1882618698971}}