{"mean":{"confidence_interval":{"confidence_level":0.95,"lower_bound":188656.09419032346,"upper_bound":189800.05515406845},"point_estimate":189178.4364502385,"standard_error":291.60985095157014},"median":{"confidence_interval":{"confidence_level":0.95,"lower_bound":188605.4367816092,"upper_bound":189529.62608695653},"point_estimate":189153.4101823708,"standard_error":238.50801993592268},"median_abs_dev":{"confidence_interval":{"confidence_level":0.95,"lower_bound":1657.4000878093368,"upper_bound":2717.2261268258744},"point_estimate":2281.8486127800043,"standard_error":271.23894222447757},"slope":{"confidence_interval":{"confidence_level":0.95,"lower_bound":188759.37442551448,"upper_bound":189776.30259694764},"point_estimate":189266.99422609725,"standard_error":259.6025629499303},"std_dev":{"confidence_interval":{"confidence_level":0.95,"lower_bound":1805.6828193777142,"upper_bound":4267.159268048535},"point_estimate":2933.1282590747783,"standard_error":754.5260325097504}}