{"mean":{"confidence_interval":{"confidence_level":0.95,"lower_bound":260971.8570977902,"upper_bound":262094.3088062223},"point_estimate":261537.7601739633,"standard_error":286.26518320781366},"median":{"confidence_interval":{"confidence_level":0.95,"lower_bound":260552.67307692306,"upper_bound":262743.6630434783},"point_estimate":262127.40581490583,"standard_error":647.8929770806162},"median_abs_dev":{"confidence_interval":{"confidence_level":0.95,"lower_bound":2563.599740637584,"upper_bound":3884.411931037903},"point_estimate":3522.1727577035363,"standard_error":343.562919080274},"slope":{"confidence_interval":{"confidence_level":0.95,"lower_bound":262696.7185163725,"upper_bound":263624.92210399295},"point_estimate":263177.67265331757,"standard_error":236.20645689934074},"std_dev":{"confidence_interval":{"confidence_level":0.95,"lower_bound":2497.7168780235975,"upper_bound":3260.0889523107385},"point_estimate":2889.9046839379907,"standard_error":194.9256585458913}}