{"mean":{"confidence_interval":{"confidence_level":0.95,"lower_bound":1351457.4067305722,"upper_bound":1353230.712214447},"point_estimate":1352330.921813698,"standard_error":451.63961737616864},"median":{"confidence_interval":{"confidence_level":0.95,"lower_bound":1350948.4832512315,"upper_bound":1353257.172839506},"point_estimate":1351965.2799660442,"standard_error":706.9068755720195},"median_abs_dev":{"confidence_interval":{"confidence_level":0.95,"lower_bound":3202.474803985344,"upper_bound":5326.002574578444},"point_estimate":4222.410511191043,"standard_error":553.1437009746627},"slope":{"confidence_interval":{"confidence_level":0.95,"lower_bound":1351219.6072903671,"upper_bound":1352652.7398154559},"point_estimate":1351939.2774878084,"standard_error":365.83412159498465},"std_dev":{"confidence_interval":{"confidence_level":0.95,"lower_bound":3705.651119695194,"upper_bound":5375.580065721952},"point_estimate":4544.023071999917,"standard_error":428.01494380062826}}