{"mean":{"confidence_interval":{"confidence_level":0.95,"lower_bound":314278.3583792025,"upper_bound":315760.25079265237},"point_estimate":315004.9096123746,"standard_error":378.5897805460874},"median":{"confidence_interval":{"confidence_level":0.95,"lower_bound":313965.97067901236,"upper_bound":315367.2529761905},"point_estimate":314484.2103913374,"standard_error":391.2475769067358},"median_abs_dev":{"confidence_interval":{"confidence_level":0.95,"lower_bound":2132.3015534901956,"upper_bound":3845.7917085453455},"point_estimate":2675.9965120300426,"standard_error":438.0489578884495},"slope":{"confidence_interval":{"confidence_level":0.95,"lower_bound":314386.00287046254,"upper_bound":316421.09774503374},"point_estimate":315331.98486847937,"standard_error":519.2222645219456},"std_dev":{"confidence_interval":{"confidence_level":0.95,"lower_bound":2991.5229782255474,"upper_bound":4595.517057875392},"point_estimate":3802.716172524127,"standard_error":413.75335259285725}}