{"mean":{"confidence_interval":{"confidence_level":0.95,"lower_bound":1537497.0622187501,"upper_bound":1591602.078260417},"point_estimate":1563821.5441666662,"standard_error":13811.240072870225},"median":{"confidence_interval":{"confidence_level":0.95,"lower_bound":1491066.1875,"upper_bound":1574891.5},"point_estimate":1522714.0625,"standard_error":19068.078007415217},"median_abs_dev":{"confidence_interval":{"confidence_level":0.95,"lower_bound":93519.7191271931,"upper_bound":167969.61964294303},"point_estimate":127462.08493709564,"standard_error":19785.073065265322},"slope":null,"std_dev":{"confidence_interval":{"confidence_level":0.95,"lower_bound":115911.2959927963,"upper_bound":160552.8762796382},"point_estimate":139401.31188794837,"standard_error":11384.787233583005}}