{"mean":{"confidence_interval":{"confidence_level":0.95,"lower_bound":1220751.42539672,"upper_bound":1224395.219782763},"point_estimate":1222266.5491786483,"standard_error":943.0874686813282},"median":{"confidence_interval":{"confidence_level":0.95,"lower_bound":1220037.6954545453,"upper_bound":1222348.3333333333},"point_estimate":1221109.4221628045,"standard_error":600.182198957635},"median_abs_dev":{"confidence_interval":{"confidence_level":0.95,"lower_bound":3316.0308299265675,"upper_bound":5365.930295910125},"point_estimate":4158.974362265286,"standard_error":515.9885542511666},"slope":{"confidence_interval":{"confidence_level":0.95,"lower_bound":1220350.6287765508,"upper_bound":1229104.8371294045},"point_estimate":1223616.205251958,"standard_error":2376.508658075178},"std_dev":{"confidence_interval":{"confidence_level":0.95,"lower_bound":4056.0556387408574,"upper_bound":14969.805625597106},"point_estimate":9462.882665475378,"standard_error":3509.3554335558547}}