{"mean":{"confidence_interval":{"confidence_level":0.95,"lower_bound":384816.13626977184,"upper_bound":393643.738500531},"point_estimate":388583.76151137723,"standard_error":2281.598938516516},"median":{"confidence_interval":{"confidence_level":0.95,"lower_bound":383147.6086501288,"upper_bound":384912.8},"point_estimate":383979.98656898655,"standard_error":481.1430444782355},"median_abs_dev":{"confidence_interval":{"confidence_level":0.95,"lower_bound":2531.0693623816032,"upper_bound":4354.593184940499},"point_estimate":3271.732569312401,"standard_error":473.196781021346},"slope":{"confidence_interval":{"confidence_level":0.95,"lower_bound":385172.6367505516,"upper_bound":389344.69925403653},"point_estimate":387018.0543032363,"standard_error":1070.7566504056933},"std_dev":{"confidence_interval":{"confidence_level":0.95,"lower_bound":6164.4935886160965,"upper_bound":35121.41746947575},"point_estimate":22955.295481888625,"standard_error":7488.99709503546}}