{"mean":{"confidence_interval":{"confidence_level":0.95,"lower_bound":490162.44363503024,"upper_bound":491973.3680644644},"point_estimate":491025.6457975805,"standard_error":463.35549708615247},"median":{"confidence_interval":{"confidence_level":0.95,"lower_bound":489720.28571428574,"upper_bound":490884.5578947368},"point_estimate":490336.697262309,"standard_error":248.4771772332813},"median_abs_dev":{"confidence_interval":{"confidence_level":0.95,"lower_bound":2088.3660569302433,"upper_bound":3654.1899423761224},"point_estimate":2803.3183526120783,"standard_error":438.554547321333},"slope":{"confidence_interval":{"confidence_level":0.95,"lower_bound":489728.157431815,"upper_bound":491276.23294742376},"point_estimate":490442.72233633813,"standard_error":394.649451630349},"std_dev":{"confidence_interval":{"confidence_level":0.95,"lower_bound":3330.863570994717,"upper_bound":5924.094925977103},"point_estimate":4656.157046050044,"standard_error":672.8069847284072}}