{"mean":{"confidence_interval":{"confidence_level":0.95,"lower_bound":806574.0262419877,"upper_bound":809265.1396058926},"point_estimate":807908.9369607604,"standard_error":686.0096815403116},"median":{"confidence_interval":{"confidence_level":0.95,"lower_bound":806315.2857142857,"upper_bound":809114.0285714286},"point_estimate":807695.7707779256,"standard_error":676.4643135063832},"median_abs_dev":{"confidence_interval":{"confidence_level":0.95,"lower_bound":4029.292691342104,"upper_bound":6251.6045823623},"point_estimate":4776.975868452626,"standard_error":561.3846910237755},"slope":{"confidence_interval":{"confidence_level":0.95,"lower_bound":806499.5656973375,"upper_bound":809265.9529801963},"point_estimate":807858.8007211467,"standard_error":705.7475706402327},"std_dev":{"confidence_interval":{"confidence_level":0.95,"lower_bound":5367.001116032234,"upper_bound":8275.858407514386},"point_estimate":6884.33751654826,"standard_error":745.1005812968442}}