{"mean":{"confidence_interval":{"confidence_level":0.95,"lower_bound":1009133.1891551566,"upper_bound":1011906.1642210671},"point_estimate":1010389.305457715,"standard_error":711.5734500677193},"median":{"confidence_interval":{"confidence_level":0.95,"lower_bound":1008719.2857142857,"upper_bound":1011010.0922222222},"point_estimate":1010147.9411021234,"standard_error":522.5762947408838},"median_abs_dev":{"confidence_interval":{"confidence_level":0.95,"lower_bound":3356.4268488861235,"upper_bound":5714.112280716003},"point_estimate":4171.857272862632,"standard_error":607.5351982442519},"slope":{"confidence_interval":{"confidence_level":0.95,"lower_bound":1008839.3707642517,"upper_bound":1010639.9482652111},"point_estimate":1009716.5726437122,"standard_error":460.05012900068937},"std_dev":{"confidence_interval":{"confidence_level":0.95,"lower_bound":4280.171566133723,"upper_bound":10469.37388005966},"point_estimate":7156.227370411143,"standard_error":1870.3534736456088}}