{"mean":{"confidence_interval":{"confidence_level":0.95,"lower_bound":266930.69581885403,"upper_bound":267607.5285292867},"point_estimate":267267.4834398882,"standard_error":172.64260651831424},"median":{"confidence_interval":{"confidence_level":0.95,"lower_bound":266813.25,"upper_bound":267766.25675675675},"point_estimate":267393.7286737235,"standard_error":218.81651410795524},"median_abs_dev":{"confidence_interval":{"confidence_level":0.95,"lower_bound":1348.604403353309,"upper_bound":2066.6986572180817},"point_estimate":1731.8452340817294,"standard_error":182.76404801436263},"slope":{"confidence_interval":{"confidence_level":0.95,"lower_bound":267365.02104474546,"upper_bound":268077.9401700289},"point_estimate":267726.3214334269,"standard_error":181.67817021582138},"std_dev":{"confidence_interval":{"confidence_level":0.95,"lower_bound":1436.0818542387733,"upper_bound":2034.9566017880704},"point_estimate":1735.6112433835547,"standard_error":153.3442315030124}}