{"mean":{"confidence_interval":{"confidence_level":0.95,"lower_bound":1812772.1533192673,"upper_bound":1817934.590984616},"point_estimate":1815199.945480065,"standard_error":1319.2314067666157},"median":{"confidence_interval":{"confidence_level":0.95,"lower_bound":1809655.75,"upper_bound":1815407.8513513512},"point_estimate":1813189.7625,"standard_error":1361.8773426353068},"median_abs_dev":{"confidence_interval":{"confidence_level":0.95,"lower_bound":7953.682685776477,"upper_bound":12455.924093650654},"point_estimate":10420.83927332644,"standard_error":1119.4574012830426},"slope":{"confidence_interval":{"confidence_level":0.95,"lower_bound":1813927.9932291177,"upper_bound":1819189.6431647462},"point_estimate":1816495.5900753657,"standard_error":1346.9221155940731},"std_dev":{"confidence_interval":{"confidence_level":0.95,"lower_bound":9105.124267558669,"upper_bound":17356.07591931394},"point_estimate":13265.57970579182,"standard_error":2160.574517358771}}