{"mean":{"confidence_interval":{"confidence_level":0.95,"lower_bound":1881963.9163365103,"upper_bound":1903194.966051967},"point_estimate":1891532.1681097334,"standard_error":5462.40150924313},"median":{"confidence_interval":{"confidence_level":0.95,"lower_bound":1872236.3243243243,"upper_bound":1878830.1678004535},"point_estimate":1874185.0313186813,"standard_error":1869.5326126706022},"median_abs_dev":{"confidence_interval":{"confidence_level":0.95,"lower_bound":11051.333490669926,"upper_bound":24447.77755854026},"point_estimate":16148.631166839814,"standard_error":3460.6547023729117},"slope":{"confidence_interval":{"confidence_level":0.95,"lower_bound":1879479.4194148863,"upper_bound":1899002.32445377},"point_estimate":1888793.091783656,"standard_error":4967.915623792386},"std_dev":{"confidence_interval":{"confidence_level":0.95,"lower_bound":30035.088456655874,"upper_bound":79097.70382709095},"point_estimate":54900.61375678094,"standard_error":13159.896805199805}}