{"mean":{"confidence_interval":{"confidence_level":0.95,"lower_bound":1409605.5776973371,"upper_bound":1411811.384594718},"point_estimate":1410662.827780018,"standard_error":561.8832322387088},"median":{"confidence_interval":{"confidence_level":0.95,"lower_bound":1409165.8352941177,"upper_bound":1410873.8041237113},"point_estimate":1409906.1752380952,"standard_error":443.51210237529597},"median_abs_dev":{"confidence_interval":{"confidence_level":0.95,"lower_bound":3361.726302236575,"upper_bound":5575.323940109255},"point_estimate":4604.8176653167875,"standard_error":569.9227055703117},"slope":{"confidence_interval":{"confidence_level":0.95,"lower_bound":1409596.4272995035,"upper_bound":1411552.9600795615},"point_estimate":1410539.995510566,"standard_error":498.2189106078139},"std_dev":{"confidence_interval":{"confidence_level":0.95,"lower_bound":4098.437218859065,"upper_bound":7393.574495437303},"point_estimate":5618.673544113104,"standard_error":900.1063721628707}}