{"mean":{"confidence_interval":{"confidence_level":0.95,"lower_bound":180384.65559901425,"upper_bound":187252.48255172156},"point_estimate":183450.54289405327,"standard_error":1763.9834998243077},"median":{"confidence_interval":{"confidence_level":0.95,"lower_bound":177892.56462585033,"upper_bound":181290.3173611111},"point_estimate":179415.7962962963,"standard_error":862.7440276870718},"median_abs_dev":{"confidence_interval":{"confidence_level":0.95,"lower_bound":4742.036340620127,"upper_bound":8319.593828928124},"point_estimate":6202.440001759676,"standard_error":894.9048518013336},"slope":{"confidence_interval":{"confidence_level":0.95,"lower_bound":176547.71426422763,"upper_bound":179511.4642682686},"point_estimate":177948.08015959806,"standard_error":757.2785770912733},"std_dev":{"confidence_interval":{"confidence_level":0.95,"lower_bound":8864.706005873717,"upper_bound":25657.488662946253},"point_estimate":17728.37344451377,"standard_error":4382.925647214999}}