{"mean":{"confidence_interval":{"confidence_level":0.95,"lower_bound":226080.43975472933,"upper_bound":226816.4440680209},"point_estimate":226442.34182048566,"standard_error":186.94067574471936},"median":{"confidence_interval":{"confidence_level":0.95,"lower_bound":225715.235,"upper_bound":226458.75873015873},"point_estimate":226092.59769955653,"standard_error":204.9418523248654},"median_abs_dev":{"confidence_interval":{"confidence_level":0.95,"lower_bound":986.9675301727027,"upper_bound":1848.6562802437868},"point_estimate":1583.7772721539438,"standard_error":231.0308252787213},"slope":{"confidence_interval":{"confidence_level":0.95,"lower_bound":225902.99491298577,"upper_bound":226593.2932584716},"point_estimate":226249.00125195802,"standard_error":176.3099552646693},"std_dev":{"confidence_interval":{"confidence_level":0.95,"lower_bound":1402.0644394578644,"upper_bound":2344.49626548703},"point_estimate":1882.1780427922236,"standard_error":241.50803847125724}}