{"mean":{"confidence_interval":{"confidence_level":0.95,"lower_bound":151164.3250064677,"upper_bound":151999.98600601475},"point_estimate":151554.77214082936,"standard_error":213.75969804733103},"median":{"confidence_interval":{"confidence_level":0.95,"lower_bound":150776.99165499533,"upper_bound":151670.00336134454},"point_estimate":151279.5054029304,"standard_error":204.3705656797481},"median_abs_dev":{"confidence_interval":{"confidence_level":0.95,"lower_bound":1093.939619596314,"upper_bound":1705.52224731521},"point_estimate":1433.8637618871246,"standard_error":152.28164910260966},"slope":{"confidence_interval":{"confidence_level":0.95,"lower_bound":151017.60859291328,"upper_bound":151629.22600348757},"point_estimate":151310.32447718972,"standard_error":155.52410736095072},"std_dev":{"confidence_interval":{"confidence_level":0.95,"lower_bound":1382.5296442606443,"upper_bound":2999.319753586318},"point_estimate":2147.213553930799,"standard_error":450.8013731060407}}