{"mean":{"confidence_interval":{"confidence_level":0.95,"lower_bound":277734.7591700777,"upper_bound":278467.7924160296},"point_estimate":278099.1169301638,"standard_error":186.971175446041},"median":{"confidence_interval":{"confidence_level":0.95,"lower_bound":277512.71,"upper_bound":278231.3359375},"point_estimate":277825.0336538461,"standard_error":184.87013826256538},"median_abs_dev":{"confidence_interval":{"confidence_level":0.95,"lower_bound":1084.0615109145403,"upper_bound":1915.4171402739942},"point_estimate":1425.1863436969868,"standard_error":228.24301988884412},"slope":{"confidence_interval":{"confidence_level":0.95,"lower_bound":277574.2917203436,"upper_bound":278321.6426479091},"point_estimate":277940.8832880154,"standard_error":190.72895511566375},"std_dev":{"confidence_interval":{"confidence_level":0.95,"lower_bound":1514.5723370637256,"upper_bound":2228.3074944693044},"point_estimate":1881.1698673161172,"standard_error":182.13887602921378}}