{"mean":{"confidence_interval":{"confidence_level":0.95,"lower_bound":272900.65175305784,"upper_bound":273930.70479714026},"point_estimate":273420.36513100297,"standard_error":262.9943168974837},"median":{"confidence_interval":{"confidence_level":0.95,"lower_bound":272864.75,"upper_bound":273776.008884804},"point_estimate":273254.2634408602,"standard_error":242.97156026265836},"median_abs_dev":{"confidence_interval":{"confidence_level":0.95,"lower_bound":1426.7941503715354,"upper_bound":2781.457458135696},"point_estimate":1915.1448146588323,"standard_error":346.5312021637743},"slope":{"confidence_interval":{"confidence_level":0.95,"lower_bound":273283.4606438809,"upper_bound":274310.9210344968},"point_estimate":273786.02228535543,"standard_error":262.1131664952646},"std_dev":{"confidence_interval":{"confidence_level":0.95,"lower_bound":2116.5554313623484,"upper_bound":3147.1857187553037},"point_estimate":2633.049479185371,"standard_error":263.7480408930563}}