{"mean":{"confidence_interval":{"confidence_level":0.95,"lower_bound":0.016807473203399155,"upper_bound":0.037225915605944175},"point_estimate":0.0273037233436928,"standard_error":0.0052375261916697054},"median":{"confidence_interval":{"confidence_level":0.95,"lower_bound":0.02237750515508874,"upper_bound":0.03430046925383645},"point_estimate":0.029891462618603315,"standard_error":0.003098879231611952}}