{"mean":{"confidence_interval":{"confidence_level":0.95,"lower_bound":321503.685070149,"upper_bound":322446.83398843795},"point_estimate":321945.1899392808,"standard_error":240.7074617207947},"median":{"confidence_interval":{"confidence_level":0.95,"lower_bound":321061.6210526316,"upper_bound":321909.51278409094},"point_estimate":321482.2583333333,"standard_error":235.83284955023157},"median_abs_dev":{"confidence_interval":{"confidence_level":0.95,"lower_bound":1170.9451042115545,"upper_bound":1817.884181362482},"point_estimate":1491.5740641075272,"standard_error":164.3550327826792},"slope":{"confidence_interval":{"confidence_level":0.95,"lower_bound":321338.29480893136,"upper_bound":322279.9237177299},"point_estimate":321791.70145559334,"standard_error":241.1535203845452},"std_dev":{"confidence_interval":{"confidence_level":0.95,"lower_bound":1614.8811919811183,"upper_bound":3164.223941315223},"point_estimate":2415.7920678938513,"standard_error":399.3778647158112}}