{"mean":{"confidence_interval":{"confidence_level":0.95,"lower_bound":150043.94027426545,"upper_bound":151059.3188643834},"point_estimate":150490.4755167115,"standard_error":260.39819720739536},"median":{"confidence_interval":{"confidence_level":0.95,"lower_bound":149742.2935064935,"upper_bound":150259.9623509437},"point_estimate":149889.3980108499,"standard_error":147.29786817898602},"median_abs_dev":{"confidence_interval":{"confidence_level":0.95,"lower_bound":845.6974230838593,"upper_bound":1462.2321213498342},"point_estimate":1191.5732259136212,"standard_error":154.2487265438453},"slope":{"confidence_interval":{"confidence_level":0.95,"lower_bound":149794.90679138713,"upper_bound":150252.98061938668},"point_estimate":150024.3007076358,"standard_error":116.72483542454282},"std_dev":{"confidence_interval":{"confidence_level":0.95,"lower_bound":1240.214359635315,"upper_bound":3901.697557146808},"point_estimate":2596.924468712116,"standard_error":734.5921651776058}}