{"mean":{"confidence_interval":{"confidence_level":0.95,"lower_bound":147731.81625956917,"upper_bound":150475.98830328768},"point_estimate":149067.87685742686,"standard_error":701.3530470090243},"median":{"confidence_interval":{"confidence_level":0.95,"lower_bound":144128.0950277018,"upper_bound":150760.5},"point_estimate":145273.36701680673,"standard_error":1610.4869459364418},"median_abs_dev":{"confidence_interval":{"confidence_level":0.95,"lower_bound":2257.537068627824,"upper_bound":10013.489730450783},"point_estimate":4261.530144227897,"standard_error":1891.67202932081},"slope":{"confidence_interval":{"confidence_level":0.95,"lower_bound":144030.7770891316,"upper_bound":145165.44311035326},"point_estimate":144536.14344824673,"standard_error":288.8588487559594},"std_dev":{"confidence_interval":{"confidence_level":0.95,"lower_bound":5979.7252029702595,"upper_bound":8218.29660531502},"point_estimate":7039.856231555814,"standard_error":586.7560481095107}}