{"mean":{"confidence_interval":{"confidence_level":0.95,"lower_bound":259631.91781691145,"upper_bound":260619.54838506703},"point_estimate":260108.90149846286,"standard_error":251.3562960090345},"median":{"confidence_interval":{"confidence_level":0.95,"lower_bound":259914.58673469388,"upper_bound":260549.27232142858},"point_estimate":260178.52751572325,"standard_error":171.4479254714239},"median_abs_dev":{"confidence_interval":{"confidence_level":0.95,"lower_bound":1275.7439747938452,"upper_bound":2021.147001918852},"point_estimate":1580.3462451199193,"standard_error":190.49951682337763},"slope":{"confidence_interval":{"confidence_level":0.95,"lower_bound":260076.29863306947,"upper_bound":260747.92892955904},"point_estimate":260414.34418870992,"standard_error":170.86618976444757},"std_dev":{"confidence_interval":{"confidence_level":0.95,"lower_bound":1771.8915649938958,"upper_bound":3383.240224611897},"point_estimate":2524.1920293054163,"standard_error":435.0450796320782}}