{"mean":{"confidence_interval":{"confidence_level":0.95,"lower_bound":235275.48435057275,"upper_bound":236568.97054814175},"point_estimate":235873.19269055218,"standard_error":330.43233360036874},"median":{"confidence_interval":{"confidence_level":0.95,"lower_bound":234844.51764705882,"upper_bound":235858.2456521739},"point_estimate":235311.66115384616,"standard_error":245.80786137804097},"median_abs_dev":{"confidence_interval":{"confidence_level":0.95,"lower_bound":1684.2958086067426,"upper_bound":2747.9662854038115},"point_estimate":2099.285356695294,"standard_error":277.01355165662784},"slope":{"confidence_interval":{"confidence_level":0.95,"lower_bound":235171.08806925043,"upper_bound":236164.6409649795},"point_estimate":235645.57861327028,"standard_error":253.58934808126006},"std_dev":{"confidence_interval":{"confidence_level":0.95,"lower_bound":2181.548366641896,"upper_bound":4608.600497564093},"point_estimate":3328.8232086706626,"standard_error":690.28591715171}}