{"mean":{"confidence_interval":{"confidence_level":0.95,"lower_bound":251353.1263374204,"upper_bound":253030.19020934674},"point_estimate":252163.68601409462,"standard_error":427.0286392538384},"median":{"confidence_interval":{"confidence_level":0.95,"lower_bound":250444.58823529413,"upper_bound":252121.6891891892},"point_estimate":251322.38247126437,"standard_error":370.4964500491923},"median_abs_dev":{"confidence_interval":{"confidence_level":0.95,"lower_bound":2227.8664136329526,"upper_bound":3972.7637195747125},"point_estimate":3033.0684845872906,"standard_error":441.855579403824},"slope":{"confidence_interval":{"confidence_level":0.95,"lower_bound":250431.56039344874,"upper_bound":251700.40635485027},"point_estimate":251047.19928919757,"standard_error":324.35065569260337},"std_dev":{"confidence_interval":{"confidence_level":0.95,"lower_bound":3296.8622395677753,"upper_bound":5293.430111376449},"point_estimate":4310.210523078935,"standard_error":514.9402841144258}}