{"mean":{"confidence_interval":{"confidence_level":0.95,"lower_bound":207578.85608595773,"upper_bound":208906.07755855386},"point_estimate":208178.72795031415,"standard_error":339.8332906834},"median":{"confidence_interval":{"confidence_level":0.95,"lower_bound":207171.357245197,"upper_bound":208103.72068965517},"point_estimate":207617.2459876543,"standard_error":243.70835513110774},"median_abs_dev":{"confidence_interval":{"confidence_level":0.95,"lower_bound":1509.042359078729,"upper_bound":2664.030070714153},"point_estimate":1966.9924203118348,"standard_error":290.8571926042569},"slope":{"confidence_interval":{"confidence_level":0.95,"lower_bound":207567.2103334954,"upper_bound":208345.17984569544},"point_estimate":207948.13424678586,"standard_error":198.35656418233583},"std_dev":{"confidence_interval":{"confidence_level":0.95,"lower_bound":1930.3589850017088,"upper_bound":4950.681234480448},"point_estimate":3416.3724633754637,"standard_error":836.1803044573144}}