{"mean":{"confidence_interval":{"confidence_level":0.95,"lower_bound":413144.7658648233,"upper_bound":415095.9895944191},"point_estimate":414067.1346283816,"standard_error":497.43655449395595},"median":{"confidence_interval":{"confidence_level":0.95,"lower_bound":412822.5797101449,"upper_bound":414616.73333333334},"point_estimate":413650.1730054091,"standard_error":492.2909905081787},"median_abs_dev":{"confidence_interval":{"confidence_level":0.95,"lower_bound":2216.2966437336677,"upper_bound":3546.309281766238},"point_estimate":2880.567893464454,"standard_error":335.13857489228803},"slope":{"confidence_interval":{"confidence_level":0.95,"lower_bound":413840.90697807976,"upper_bound":415219.9405892851},"point_estimate":414496.75474607165,"standard_error":351.7815067190917},"std_dev":{"confidence_interval":{"confidence_level":0.95,"lower_bound":3057.450085336387,"upper_bound":6679.021386996692},"point_estimate":4989.364979848371,"standard_error":924.1015993099353}}