{"mean":{"confidence_interval":{"confidence_level":0.95,"lower_bound":404893.22488258925,"upper_bound":405872.6459175225},"point_estimate":405384.18103812693,"standard_error":250.10599976946392},"median":{"confidence_interval":{"confidence_level":0.95,"lower_bound":405099.53594771243,"upper_bound":406055.5576441103},"point_estimate":405649.9463888889,"standard_error":225.48306269357133},"median_abs_dev":{"confidence_interval":{"confidence_level":0.95,"lower_bound":1616.8132663943093,"upper_bound":2870.334604976442},"point_estimate":2346.4095723694622,"standard_error":317.76248887373765},"slope":{"confidence_interval":{"confidence_level":0.95,"lower_bound":405235.86617569515,"upper_bound":406025.5081608933},"point_estimate":405629.4710319689,"standard_error":202.0977045021193},"std_dev":{"confidence_interval":{"confidence_level":0.95,"lower_bound":2110.4825134535067,"upper_bound":2874.5505070915806},"point_estimate":2509.493049775569,"standard_error":194.72198484776493}}