{"mean":{"confidence_interval":{"confidence_level":0.95,"lower_bound":752768.5004246671,"upper_bound":756107.1586406605},"point_estimate":754486.621497856,"standard_error":852.7587746442097},"median":{"confidence_interval":{"confidence_level":0.95,"lower_bound":754992.3676470588,"upper_bound":757558.2096774194},"point_estimate":756492.1589068826,"standard_error":609.6807055419836},"median_abs_dev":{"confidence_interval":{"confidence_level":0.95,"lower_bound":3839.1864325890847,"upper_bound":7166.493827425092},"point_estimate":4878.448665841216,"standard_error":913.2332839410346},"slope":{"confidence_interval":{"confidence_level":0.95,"lower_bound":750461.3588196932,"upper_bound":755025.4104826675},"point_estimate":752811.5045337668,"standard_error":1165.6737323014938},"std_dev":{"confidence_interval":{"confidence_level":0.95,"lower_bound":6816.836945345277,"upper_bound":10092.872768672305},"point_estimate":8593.136166646771,"standard_error":836.9384702095667}}