{"mean":{"confidence_interval":{"confidence_level":0.95,"lower_bound":890661.6878580761,"upper_bound":894115.8357752282},"point_estimate":892283.7795610889,"standard_error":882.5408212167362},"median":{"confidence_interval":{"confidence_level":0.95,"lower_bound":889919.5125,"upper_bound":893100.5564428312},"point_estimate":891485.7552662957,"standard_error":841.4879057508225},"median_abs_dev":{"confidence_interval":{"confidence_level":0.95,"lower_bound":4498.6246913393,"upper_bound":6841.587464435003},"point_estimate":5234.035104397483,"standard_error":597.9151704349342},"slope":{"confidence_interval":{"confidence_level":0.95,"lower_bound":891984.4478606937,"upper_bound":894430.0937115459},"point_estimate":893201.9693586522,"standard_error":622.7761213109447},"std_dev":{"confidence_interval":{"confidence_level":0.95,"lower_bound":5651.642490745951,"upper_bound":12066.416587812835},"point_estimate":8862.331596820568,"standard_error":1687.4926845298933}}