{"mean":{"confidence_interval":{"confidence_level":0.95,"lower_bound":688540.4957406854,"upper_bound":691387.0992481551},"point_estimate":689836.9606779397,"standard_error":730.3737088574321},"median":{"confidence_interval":{"confidence_level":0.95,"lower_bound":688249.3267819707,"upper_bound":689613.0609756098},"point_estimate":689170.8782894737,"standard_error":322.58626037047674},"median_abs_dev":{"confidence_interval":{"confidence_level":0.95,"lower_bound":2014.0683859506817,"upper_bound":3357.9876371725663},"point_estimate":2376.387239514122,"standard_error":369.1849696192058},"slope":{"confidence_interval":{"confidence_level":0.95,"lower_bound":688473.4526304647,"upper_bound":694008.916215524},"point_estimate":690821.6886212502,"standard_error":1447.0037073499561},"std_dev":{"confidence_interval":{"confidence_level":0.95,"lower_bound":3637.6501194882985,"upper_bound":10215.85747632646},"point_estimate":7343.8456950937725,"standard_error":1636.175737262087}}