{"mean":{"confidence_interval":{"confidence_level":0.95,"lower_bound":243593.15763391397,"upper_bound":244570.99487546505},"point_estimate":244078.65767200015,"standard_error":249.21022607431416},"median":{"confidence_interval":{"confidence_level":0.95,"lower_bound":243325.22685185185,"upper_bound":244216.46875},"point_estimate":243705.82491582492,"standard_error":242.59222774054146},"median_abs_dev":{"confidence_interval":{"confidence_level":0.95,"lower_bound":1242.5407914358645,"upper_bound":2175.5199896106033},"point_estimate":1707.281458807348,"standard_error":231.16985664565345},"slope":{"confidence_interval":{"confidence_level":0.95,"lower_bound":243695.89258517438,"upper_bound":244638.69357283783},"point_estimate":244148.78651839812,"standard_error":240.89987526873688},"std_dev":{"confidence_interval":{"confidence_level":0.95,"lower_bound":2027.653615020817,"upper_bound":2924.314342432401},"point_estimate":2498.889733363859,"standard_error":229.52088704977584}}