{"mean":{"confidence_interval":{"confidence_level":0.95,"lower_bound":600498.7709091499,"upper_bound":603452.3008518956},"point_estimate":601764.543375447,"standard_error":760.072906748404},"median":{"confidence_interval":{"confidence_level":0.95,"lower_bound":599717.3928571428,"upper_bound":601999.7272727273},"point_estimate":600870.9195331696,"standard_error":595.9558064770703},"median_abs_dev":{"confidence_interval":{"confidence_level":0.95,"lower_bound":3155.363999254965,"upper_bound":5369.983861357964},"point_estimate":4281.11235506689,"standard_error":570.6148805956842},"slope":{"confidence_interval":{"confidence_level":0.95,"lower_bound":599106.578379753,"upper_bound":601402.7054914442},"point_estimate":600259.8653864341,"standard_error":587.185645388097},"std_dev":{"confidence_interval":{"confidence_level":0.95,"lower_bound":3790.749830744983,"upper_bound":11825.43742030892},"point_estimate":7643.567537776403,"standard_error":2571.7256858369883}}