{"mean":{"confidence_interval":{"confidence_level":0.95,"lower_bound":464469.9817783882,"upper_bound":468241.44805870653},"point_estimate":466292.80329700874,"standard_error":957.5487632541386},"median":{"confidence_interval":{"confidence_level":0.95,"lower_bound":464289.2380952381,"upper_bound":465948.83510638296},"point_estimate":464938.73680396646,"standard_error":385.51641284244766},"median_abs_dev":{"confidence_interval":{"confidence_level":0.95,"lower_bound":2491.3856166597957,"upper_bound":4811.900132389407},"point_estimate":3419.1110687430883,"standard_error":600.8408775630091},"slope":{"confidence_interval":{"confidence_level":0.95,"lower_bound":464969.9196564911,"upper_bound":468749.3484859892},"point_estimate":466602.7324057928,"standard_error":972.2160107737885},"std_dev":{"confidence_interval":{"confidence_level":0.95,"lower_bound":6299.288169470156,"upper_bound":12384.666719484603},"point_estimate":9591.350046450065,"standard_error":1547.5491906274253}}