{"mean":{"confidence_interval":{"confidence_level":0.95,"lower_bound":437486.90846079413,"upper_bound":439704.01425800374},"point_estimate":438512.03452104196,"standard_error":567.1873959428306},"median":{"confidence_interval":{"confidence_level":0.95,"lower_bound":436836.9014611547,"upper_bound":438368.476627773},"point_estimate":437475.86454904545,"standard_error":403.1390258712024},"median_abs_dev":{"confidence_interval":{"confidence_level":0.95,"lower_bound":2140.7043080612725,"upper_bound":3872.7370952968945},"point_estimate":3117.955382752311,"standard_error":427.8074365087543},"slope":{"confidence_interval":{"confidence_level":0.95,"lower_bound":437767.38093254704,"upper_bound":439398.7561294849},"point_estimate":438539.90486330725,"standard_error":415.60736615293143},"std_dev":{"confidence_interval":{"confidence_level":0.95,"lower_bound":3406.3950014989814,"upper_bound":8067.2750150678885},"point_estimate":5714.939444357664,"standard_error":1248.607112143046}}