{"mean":{"confidence_interval":{"confidence_level":0.95,"lower_bound":236023.11414146266,"upper_bound":236705.4261443483},"point_estimate":236360.54671657324,"standard_error":174.13332150960755},"median":{"confidence_interval":{"confidence_level":0.95,"lower_bound":235850.88024582967,"upper_bound":236689.21666666667},"point_estimate":236318.32836438925,"standard_error":223.51557374111795},"median_abs_dev":{"confidence_interval":{"confidence_level":0.95,"lower_bound":1369.7033970431844,"upper_bound":2134.6885622968175},"point_estimate":1744.1808142580323,"standard_error":199.2710022757878},"slope":{"confidence_interval":{"confidence_level":0.95,"lower_bound":236209.69582691204,"upper_bound":236990.2190221834},"point_estimate":236602.6356051426,"standard_error":198.7478827709824},"std_dev":{"confidence_interval":{"confidence_level":0.95,"lower_bound":1477.599357852761,"upper_bound":2003.1448024805445},"point_estimate":1751.375253963864,"standard_error":134.25130907399446}}