{"mean":{"confidence_interval":{"confidence_level":0.95,"lower_bound":227571.04195500622,"upper_bound":228490.59597941174},"point_estimate":228009.88707609914,"standard_error":234.5523146855263},"median":{"confidence_interval":{"confidence_level":0.95,"lower_bound":227158.33333333334,"upper_bound":228011.3077922078},"point_estimate":227628.48392857143,"standard_error":274.8789065873391},"median_abs_dev":{"confidence_interval":{"confidence_level":0.95,"lower_bound":1253.6324928582153,"upper_bound":1999.3191938184061},"point_estimate":1631.0045703031558,"standard_error":196.4388208398348},"slope":{"confidence_interval":{"confidence_level":0.95,"lower_bound":227077.1657916335,"upper_bound":227702.59967031624},"point_estimate":227376.62746209546,"standard_error":159.4396854043244},"std_dev":{"confidence_interval":{"confidence_level":0.95,"lower_bound":1733.5601809955542,"upper_bound":2940.829422019744},"point_estimate":2365.4737505875914,"standard_error":309.40778692491597}}