{"mean":{"confidence_interval":{"confidence_level":0.95,"lower_bound":207610.86836094214,"upper_bound":208871.84047269414},"point_estimate":208213.6516771369,"standard_error":321.9159079209897},"median":{"confidence_interval":{"confidence_level":0.95,"lower_bound":207131.7152173913,"upper_bound":208231.3875362319},"point_estimate":207790.0890733877,"standard_error":307.6906578673918},"median_abs_dev":{"confidence_interval":{"confidence_level":0.95,"lower_bound":1620.0306022567174,"upper_bound":2744.2206902488942},"point_estimate":2038.2618414452659,"standard_error":285.63517870869754},"slope":{"confidence_interval":{"confidence_level":0.95,"lower_bound":207003.62711422914,"upper_bound":207820.1354219002},"point_estimate":207400.46408866558,"standard_error":207.8117492148468},"std_dev":{"confidence_interval":{"confidence_level":0.95,"lower_bound":2268.4503982411325,"upper_bound":4058.753694664549},"point_estimate":3223.912627836033,"standard_error":458.61204832817697}}