{"mean":{"confidence_interval":{"confidence_level":0.95,"lower_bound":108200.82157380006,"upper_bound":109112.29066856},"point_estimate":108647.69695853932,"standard_error":232.9578852231294},"median":{"confidence_interval":{"confidence_level":0.95,"lower_bound":107853.55357142857,"upper_bound":108720.50979206964},"point_estimate":108338.38571428572,"standard_error":207.4488796761817},"median_abs_dev":{"confidence_interval":{"confidence_level":0.95,"lower_bound":1276.4080206510614,"upper_bound":2556.1082546200164},"point_estimate":2050.6801439390656,"standard_error":351.51452206308323},"slope":{"confidence_interval":{"confidence_level":0.95,"lower_bound":107900.02456932917,"upper_bound":108639.14793143506},"point_estimate":108260.89347495197,"standard_error":188.71441566587742},"std_dev":{"confidence_interval":{"confidence_level":0.95,"lower_bound":1897.5476396581628,"upper_bound":2772.7356106375937},"point_estimate":2333.0031327132065,"standard_error":224.8261670137831}}