{"mean":{"confidence_interval":{"confidence_level":0.95,"lower_bound":238502.06759272123,"upper_bound":239330.64337484905},"point_estimate":238901.8181819485,"standard_error":210.76272117498465},"median":{"confidence_interval":{"confidence_level":0.95,"lower_bound":238466.52727272728,"upper_bound":239153.68636363637},"point_estimate":238732.02655080214,"standard_error":147.42514999719597},"median_abs_dev":{"confidence_interval":{"confidence_level":0.95,"lower_bound":1048.909277731243,"upper_bound":1743.2909520282574},"point_estimate":1398.9754490084958,"standard_error":184.81413958573984},"slope":{"confidence_interval":{"confidence_level":0.95,"lower_bound":238686.39877195875,"upper_bound":239262.70701936778},"point_estimate":238973.6818672972,"standard_error":147.16191278009418},"std_dev":{"confidence_interval":{"confidence_level":0.95,"lower_bound":1389.1670463937257,"upper_bound":2885.436522091703},"point_estimate":2118.3166288541215,"standard_error":396.22236313498183}}