{"mean":{"confidence_interval":{"confidence_level":0.95,"lower_bound":253866.39670461786,"upper_bound":254834.1486355495},"point_estimate":254312.65706133528,"standard_error":247.48488108014902},"median":{"confidence_interval":{"confidence_level":0.95,"lower_bound":253564.34964726632,"upper_bound":254557.59701492538},"point_estimate":253983.91722972973,"standard_error":295.70659474345683},"median_abs_dev":{"confidence_interval":{"confidence_level":0.95,"lower_bound":1262.62541836327,"upper_bound":1920.0227166768273},"point_estimate":1597.1436838884429,"standard_error":164.65070859122116},"slope":{"confidence_interval":{"confidence_level":0.95,"lower_bound":253547.49687216533,"upper_bound":254203.10418132728},"point_estimate":253863.41796216936,"standard_error":167.2895832807647},"std_dev":{"confidence_interval":{"confidence_level":0.95,"lower_bound":1495.780101623722,"upper_bound":3439.903022717697},"point_estimate":2488.1862403753435,"standard_error":509.827072783433}}