{"mean":{"confidence_interval":{"confidence_level":0.95,"lower_bound":260951.8373950301,"upper_bound":262227.3450215279},"point_estimate":261575.14847154357,"standard_error":326.08761284048023},"median":{"confidence_interval":{"confidence_level":0.95,"lower_bound":260558.39134199134,"upper_bound":261493.9340217391},"point_estimate":260970.82175381904,"standard_error":236.63040614896616},"median_abs_dev":{"confidence_interval":{"confidence_level":0.95,"lower_bound":1708.2638569063015,"upper_bound":2972.398979244366},"point_estimate":2422.0053411595586,"standard_error":317.8236842131862},"slope":{"confidence_interval":{"confidence_level":0.95,"lower_bound":260687.34698483185,"upper_bound":261551.7692732488},"point_estimate":261112.45993941184,"standard_error":220.83197627017813},"std_dev":{"confidence_interval":{"confidence_level":0.95,"lower_bound":2519.21760631244,"upper_bound":3961.2597180896983},"point_estimate":3283.014146619406,"standard_error":369.8092102884147}}