{"mean":{"confidence_interval":{"confidence_level":0.95,"lower_bound":247849.67996859486,"upper_bound":248937.647901961},"point_estimate":248377.08070297714,"standard_error":277.1758020958833},"median":{"confidence_interval":{"confidence_level":0.95,"lower_bound":247540.7763619403,"upper_bound":248593.71808510637},"point_estimate":248178.87666666665,"standard_error":285.4869213718191},"median_abs_dev":{"confidence_interval":{"confidence_level":0.95,"lower_bound":1465.9509001479876,"upper_bound":2511.6398466256273},"point_estimate":2087.4387730709695,"standard_error":276.6097449288884},"slope":{"confidence_interval":{"confidence_level":0.95,"lower_bound":247989.8060591113,"upper_bound":248747.25900669087},"point_estimate":248362.64809295107,"standard_error":193.03586645335864},"std_dev":{"confidence_interval":{"confidence_level":0.95,"lower_bound":2076.1304604315155,"upper_bound":3462.182255874854},"point_estimate":2785.737736673412,"standard_error":355.9396160834804}}