{"mean":{"confidence_interval":{"confidence_level":0.95,"lower_bound":217129.78888932726,"upper_bound":218416.9350515558},"point_estimate":217739.42027985264,"standard_error":329.1066448776049},"median":{"confidence_interval":{"confidence_level":0.95,"lower_bound":216413.6574468085,"upper_bound":217500.57142857142},"point_estimate":216950.75465784932,"standard_error":279.12973469261476},"median_abs_dev":{"confidence_interval":{"confidence_level":0.95,"lower_bound":1800.4516542120566,"upper_bound":3370.08399002104},"point_estimate":2469.605430451318,"standard_error":441.0953989176122},"slope":{"confidence_interval":{"confidence_level":0.95,"lower_bound":216442.1729065181,"upper_bound":217473.13104599505},"point_estimate":216941.224318605,"standard_error":262.365868115783},"std_dev":{"confidence_interval":{"confidence_level":0.95,"lower_bound":2390.4853223812534,"upper_bound":4389.632026931453},"point_estimate":3315.176873903462,"standard_error":563.7013407142787}}