{"mean":{"confidence_interval":{"confidence_level":0.95,"lower_bound":-0.040551122338783566,"upper_bound":-0.02886980164818507},"point_estimate":-0.03479900164716321,"standard_error":0.0029869346744011323},"median":{"confidence_interval":{"confidence_level":0.95,"lower_bound":-0.051139563619530204,"upper_bound":-0.03419874080377305},"point_estimate":-0.043547161694591496,"standard_error":0.003968710487446367}}