{"mean":{"confidence_interval":{"confidence_level":0.95,"lower_bound":485293.3722489887,"upper_bound":486964.3859331937},"point_estimate":486087.90917220287,"standard_error":426.4748826440989},"median":{"confidence_interval":{"confidence_level":0.95,"lower_bound":485126.2840909091,"upper_bound":486263.29761904763},"point_estimate":485510.6218992248,"standard_error":266.2718518555497},"median_abs_dev":{"confidence_interval":{"confidence_level":0.95,"lower_bound":1769.5176383252922,"upper_bound":2947.4988362130825},"point_estimate":2416.0033818812954,"standard_error":290.0437011068213},"slope":{"confidence_interval":{"confidence_level":0.95,"lower_bound":485390.8360843646,"upper_bound":486716.57075204776},"point_estimate":486027.5675158859,"standard_error":338.59436407621945},"std_dev":{"confidence_interval":{"confidence_level":0.95,"lower_bound":2829.083728884753,"upper_bound":5760.5417705279015},"point_estimate":4294.673702881204,"standard_error":769.0227336529283}}