{"mean":{"confidence_interval":{"confidence_level":0.95,"lower_bound":484659.6822827862,"upper_bound":486557.2699503539},"point_estimate":485545.8044640821,"standard_error":484.18755747165426},"median":{"confidence_interval":{"confidence_level":0.95,"lower_bound":483955.0831944444,"upper_bound":485355.3299086758},"point_estimate":484542.31195887446,"standard_error":410.44683533810843},"median_abs_dev":{"confidence_interval":{"confidence_level":0.95,"lower_bound":1996.2225914512144,"upper_bound":3342.4729694471234},"point_estimate":2575.5879709408514,"standard_error":354.7429343381276},"slope":{"confidence_interval":{"confidence_level":0.95,"lower_bound":484067.29908009776,"upper_bound":486784.12141079846},"point_estimate":485240.97182798875,"standard_error":700.1433658427675},"std_dev":{"confidence_interval":{"confidence_level":0.95,"lower_bound":3194.443052252884,"upper_bound":6558.7100711064995},"point_estimate":4873.685115524081,"standard_error":882.4680785936749}}