{"mean":{"confidence_interval":{"confidence_level":0.95,"lower_bound":247141.26540551166,"upper_bound":248385.59968673214},"point_estimate":247741.27423724582,"standard_error":316.3297908406026},"median":{"confidence_interval":{"confidence_level":0.95,"lower_bound":246695.29411764705,"upper_bound":247936.0357142857},"point_estimate":247254.61468970933,"standard_error":304.1751301278787},"median_abs_dev":{"confidence_interval":{"confidence_level":0.95,"lower_bound":1550.4219386653135,"upper_bound":2775.873312527592},"point_estimate":2084.631513977269,"standard_error":323.5435366239938},"slope":{"confidence_interval":{"confidence_level":0.95,"lower_bound":247567.34878701335,"upper_bound":248898.81662401816},"point_estimate":248205.3208474952,"standard_error":340.6968831076717},"std_dev":{"confidence_interval":{"confidence_level":0.95,"lower_bound":2288.909406040277,"upper_bound":4137.120506722952},"point_estimate":3181.775106108185,"standard_error":485.42045040810325}}