{"mean":{"confidence_interval":{"confidence_level":0.95,"lower_bound":3497827.8722249987,"upper_bound":3503757.207775},"point_estimate":3500623.5020000017,"standard_error":1510.182809289952},"median":{"confidence_interval":{"confidence_level":0.95,"lower_bound":3495919.5,"upper_bound":3502120.1},"point_estimate":3498703.7,"standard_error":1480.3103921190655},"median_abs_dev":{"confidence_interval":{"confidence_level":0.95,"lower_bound":9239.859555959632,"upper_bound":14212.959473669513},"point_estimate":11789.190210700312,"standard_error":1279.8726702004137},"slope":null,"std_dev":{"confidence_interval":{"confidence_level":0.95,"lower_bound":10546.699738296467,"upper_bound":20611.72928217192},"point_estimate":15232.417946085845,"standard_error":2790.159274177751}}