{"mean":{"confidence_interval":{"confidence_level":0.95,"lower_bound":3378692.287895832,"upper_bound":3393528.0043333345},"point_estimate":3385639.2416666686,"standard_error":3793.2630635100973},"median":{"confidence_interval":{"confidence_level":0.95,"lower_bound":3366463.0,"upper_bound":3376017.291666667},"point_estimate":3370724.875,"standard_error":2551.9038024232873},"median_abs_dev":{"confidence_interval":{"confidence_level":0.95,"lower_bound":11861.375841293384,"upper_bound":25390.636499225402},"point_estimate":18325.738749653217,"standard_error":3681.3411992194588},"slope":null,"std_dev":{"confidence_interval":{"confidence_level":0.95,"lower_bound":26264.354272361346,"upper_bound":50733.464326615576},"point_estimate":38135.14329307884,"standard_error":6469.628545799387}}