{"mean":{"confidence_interval":{"confidence_level":0.95,"lower_bound":255144.76432922084,"upper_bound":256478.10596483634},"point_estimate":255822.14394926265,"standard_error":339.49974062916164},"median":{"confidence_interval":{"confidence_level":0.95,"lower_bound":255128.14735294116,"upper_bound":256497.16732594935},"point_estimate":255732.0218023256,"standard_error":379.5995537531205},"median_abs_dev":{"confidence_interval":{"confidence_level":0.95,"lower_bound":1777.722492191537,"upper_bound":2729.3647698774053},"point_estimate":2316.9875717223836,"standard_error":247.4237513874418},"slope":{"confidence_interval":{"confidence_level":0.95,"lower_bound":256232.4932253621,"upper_bound":257267.32504712342},"point_estimate":256736.91589847792,"standard_error":263.60644971240004},"std_dev":{"confidence_interval":{"confidence_level":0.95,"lower_bound":2355.167677534326,"upper_bound":4420.154014749216},"point_estimate":3415.677902479848,"standard_error":531.7510544331105}}