{"mean":{"confidence_interval":{"confidence_level":0.95,"lower_bound":300047.9722262402,"upper_bound":301966.5945936522},"point_estimate":300905.3378375684,"standard_error":495.1590512791437},"median":{"confidence_interval":{"confidence_level":0.95,"lower_bound":299776.595,"upper_bound":300346.08149038465},"point_estimate":300075.0988300493,"standard_error":148.55123172586698},"median_abs_dev":{"confidence_interval":{"confidence_level":0.95,"lower_bound":1430.028658405039,"upper_bound":2278.3433902331335},"point_estimate":1862.9102100661285,"standard_error":219.5072041826089},"slope":{"confidence_interval":{"confidence_level":0.95,"lower_bound":299726.4345200906,"upper_bound":300879.2718543796},"point_estimate":300231.29894414067,"standard_error":293.61791022388906},"std_dev":{"confidence_interval":{"confidence_level":0.95,"lower_bound":1996.4802283128554,"upper_bound":7188.618166162253},"point_estimate":4990.726322853666,"standard_error":1305.4497225210337}}