{"mean":{"confidence_interval":{"confidence_level":0.95,"lower_bound":3864351.708807692,"upper_bound":3897585.687000001},"point_estimate":3877967.1246153833,"standard_error":8690.599026494696},"median":{"confidence_interval":{"confidence_level":0.95,"lower_bound":3857567.269230769,"upper_bound":3865338.5},"point_estimate":3860418.384615385,"standard_error":2080.152274928497},"median_abs_dev":{"confidence_interval":{"confidence_level":0.95,"lower_bound":12220.558375349625,"upper_bound":20064.823766855145},"point_estimate":14997.582172201204,"standard_error":1972.053604445627},"slope":null,"std_dev":{"confidence_interval":{"confidence_level":0.95,"lower_bound":21126.631183263085,"upper_bound":139772.97040056562},"point_estimate":87255.26442582229,"standard_error":33289.248182330404}}