{"mean":{"confidence_interval":{"confidence_level":0.95,"lower_bound":429799.19836857344,"upper_bound":431405.48671125394},"point_estimate":430511.24381220795,"standard_error":410.29518722595213},"median":{"confidence_interval":{"confidence_level":0.95,"lower_bound":429595.2047868471,"upper_bound":430562.1227380016},"point_estimate":430074.1913513513,"standard_error":242.73419860447083},"median_abs_dev":{"confidence_interval":{"confidence_level":0.95,"lower_bound":1796.3601808674912,"upper_bound":2837.060392263671},"point_estimate":2335.0041244113404,"standard_error":279.6427751244556},"slope":{"confidence_interval":{"confidence_level":0.95,"lower_bound":429938.98390603537,"upper_bound":431100.97314731596},"point_estimate":430497.13024974137,"standard_error":296.6170779780963},"std_dev":{"confidence_interval":{"confidence_level":0.95,"lower_bound":2262.193692818239,"upper_bound":6159.788597105307},"point_estimate":4125.005199004985,"standard_error":1175.6019577698776}}