{"mean":{"confidence_interval":{"confidence_level":0.95,"lower_bound":189443.19756604425,"upper_bound":190566.370213696},"point_estimate":189984.31129696817,"standard_error":285.854202870324},"median":{"confidence_interval":{"confidence_level":0.95,"lower_bound":189104.18047480623,"upper_bound":190171.30128205128},"point_estimate":189678.91315789474,"standard_error":277.0663062265569},"median_abs_dev":{"confidence_interval":{"confidence_level":0.95,"lower_bound":1954.050078958092,"upper_bound":3016.298122026913},"point_estimate":2473.6352288144417,"standard_error":264.5879110542311},"slope":{"confidence_interval":{"confidence_level":0.95,"lower_bound":189427.2446482973,"upper_bound":190489.47589237674},"point_estimate":189950.38146445988,"standard_error":271.8749587933261},"std_dev":{"confidence_interval":{"confidence_level":0.95,"lower_bound":2183.0464885885526,"upper_bound":3566.689412714215},"point_estimate":2872.8144331573626,"standard_error":358.2860584406907}}