{"mean":{"confidence_interval":{"confidence_level":0.95,"lower_bound":0.027873777673999563,"upper_bound":0.044456178171108515},"point_estimate":0.038271082023292324,"standard_error":0.004644344264289581},"median":{"confidence_interval":{"confidence_level":0.95,"lower_bound":0.04096984901754053,"upper_bound":0.044277498464786014},"point_estimate":0.04254181149694669,"standard_error":0.0008931854255422319}}