{"mean":{"confidence_interval":{"confidence_level":0.95,"lower_bound":0.028114135423762333,"upper_bound":0.032575059086552026},"point_estimate":0.03030845801669857,"standard_error":0.0011165092041244239},"median":{"confidence_interval":{"confidence_level":0.95,"lower_bound":0.028442691129975158,"upper_bound":0.03422629741664274},"point_estimate":0.03224545919596178,"standard_error":0.0015439064221356184}}