{"mean":{"confidence_interval":{"confidence_level":0.95,"lower_bound":0.04235411510103714,"upper_bound":0.0690245499335284},"point_estimate":0.05633905567231645,"standard_error":0.0068160785964268954},"median":{"confidence_interval":{"confidence_level":0.95,"lower_bound":0.05386034118079408,"upper_bound":0.06588828708571204},"point_estimate":0.05983708073667504,"standard_error":0.0030616907218153936}}