{"mean":{"confidence_interval":{"confidence_level":0.95,"lower_bound":0.06403909916388231,"upper_bound":0.07470783193264874},"point_estimate":0.06828846609857275,"standard_error":0.0028045345012368997},"median":{"confidence_interval":{"confidence_level":0.95,"lower_bound":0.06190374022108474,"upper_bound":0.06588725930666062},"point_estimate":0.06332473534468908,"standard_error":0.0010032733708352525}}