{"mean":{"confidence_interval":{"confidence_level":0.95,"lower_bound":274831.7954993892,"upper_bound":277092.8808758053},"point_estimate":275778.8013373882,"standard_error":587.8398210489133},"median":{"confidence_interval":{"confidence_level":0.95,"lower_bound":274537.94,"upper_bound":275615.6185810811},"point_estimate":274898.9305661094,"standard_error":282.38284284196635},"median_abs_dev":{"confidence_interval":{"confidence_level":0.95,"lower_bound":1773.7718562518362,"upper_bound":3072.410303516331},"point_estimate":2296.234828603456,"standard_error":330.9838984369767},"slope":{"confidence_interval":{"confidence_level":0.95,"lower_bound":275404.1855431414,"upper_bound":276671.8896804105},"point_estimate":276034.0747332644,"standard_error":324.6992410044848},"std_dev":{"confidence_interval":{"confidence_level":0.95,"lower_bound":2517.5468632729267,"upper_bound":9423.19335166194},"point_estimate":5926.164816725455,"standard_error":2240.8681907190685}}