{"mean":{"confidence_interval":{"confidence_level":0.95,"lower_bound":-0.013329560137207971,"upper_bound":-0.005539340163379764},"point_estimate":-0.009336875482719775,"standard_error":0.0019962909722679462},"median":{"confidence_interval":{"confidence_level":0.95,"lower_bound":-0.012541555612772592,"upper_bound":-0.004247992387243382},"point_estimate":-0.007615729332403287,"standard_error":0.0021156709982242798}}