{"mean":{"confidence_interval":{"confidence_level":0.95,"lower_bound":0.06793323372979605,"upper_bound":0.07301531167945716},"point_estimate":0.0704387804266482,"standard_error":0.001293447625630653},"median":{"confidence_interval":{"confidence_level":0.95,"lower_bound":0.06821291139912998,"upper_bound":0.07241673288922068},"point_estimate":0.0702523235587198,"standard_error":0.001071447219384163}}