{"mean":{"confidence_interval":{"confidence_level":0.95,"lower_bound":456251.6507832573,"upper_bound":458008.95111116633},"point_estimate":457121.0153981418,"standard_error":449.2206499627489},"median":{"confidence_interval":{"confidence_level":0.95,"lower_bound":456065.45714285714,"upper_bound":457310.03125},"point_estimate":456536.7974137931,"standard_error":341.6225439361418},"median_abs_dev":{"confidence_interval":{"confidence_level":0.95,"lower_bound":3007.372225538376,"upper_bound":5105.604649139276},"point_estimate":3928.476512947911,"standard_error":549.8138559532217},"slope":{"confidence_interval":{"confidence_level":0.95,"lower_bound":457118.5964913026,"upper_bound":459207.46172068024},"point_estimate":458157.70823407714,"standard_error":533.5393912424252},"std_dev":{"confidence_interval":{"confidence_level":0.95,"lower_bound":3713.5660492535353,"upper_bound":5258.928295582142},"point_estimate":4520.449844933762,"standard_error":394.5353487395875}}