{"mean":{"confidence_interval":{"confidence_level":0.95,"lower_bound":6008770.3701666705,"upper_bound":6032410.8806666685},"point_estimate":6020460.302222225,"standard_error":6032.648449232431},"median":{"confidence_interval":{"confidence_level":0.95,"lower_bound":5999762.611111111,"upper_bound":6031905.0},"point_estimate":6012501.055555556,"standard_error":6939.16187322585},"median_abs_dev":{"confidence_interval":{"confidence_level":0.95,"lower_bound":40649.92607831886,"upper_bound":66451.94288690924},"point_estimate":50382.453605531955,"standard_error":6707.714871579272},"slope":null,"std_dev":{"confidence_interval":{"confidence_level":0.95,"lower_bound":51500.14642014406,"upper_bound":68877.12948600829},"point_estimate":60644.64920551135,"standard_error":4439.662414344607}}