{"mean":{"confidence_interval":{"confidence_level":0.95,"lower_bound":250668.83867024683,"upper_bound":252144.9684116041},"point_estimate":251395.68916778304,"standard_error":376.1916976650172},"median":{"confidence_interval":{"confidence_level":0.95,"lower_bound":250629.1681034483,"upper_bound":252339.76149425286},"point_estimate":251215.62670765028,"standard_error":539.1173291711127},"median_abs_dev":{"confidence_interval":{"confidence_level":0.95,"lower_bound":2471.8447654870574,"upper_bound":4010.492827544131},"point_estimate":3167.265708611152,"standard_error":410.38175287985433},"slope":{"confidence_interval":{"confidence_level":0.95,"lower_bound":251386.768500358,"upper_bound":252473.04046347746},"point_estimate":251930.69855253436,"standard_error":276.67302753860514},"std_dev":{"confidence_interval":{"confidence_level":0.95,"lower_bound":3100.6382798042405,"upper_bound":4409.637377257223},"point_estimate":3770.271322435124,"standard_error":334.77457266856874}}