{"mean":{"confidence_interval":{"confidence_level":0.95,"lower_bound":235347.15144489802,"upper_bound":236597.71112146784},"point_estimate":235918.114731669,"standard_error":319.7727819579736},"median":{"confidence_interval":{"confidence_level":0.95,"lower_bound":235407.83076923076,"upper_bound":235953.20208333334},"point_estimate":235643.6624175824,"standard_error":136.40564360565781},"median_abs_dev":{"confidence_interval":{"confidence_level":0.95,"lower_bound":947.188524647457,"upper_bound":1522.8451499641003},"point_estimate":1242.9149149082107,"standard_error":143.48171226671136},"slope":{"confidence_interval":{"confidence_level":0.95,"lower_bound":235635.49443449068,"upper_bound":236204.70753892887},"point_estimate":235915.52492980642,"standard_error":144.87711687578638},"std_dev":{"confidence_interval":{"confidence_level":0.95,"lower_bound":1674.347630053343,"upper_bound":4612.864179641396},"point_estimate":3211.3705097520246,"standard_error":765.1347914327914}}