{"mean":{"confidence_interval":{"confidence_level":0.95,"lower_bound":327696.11222859245,"upper_bound":329121.9279094416},"point_estimate":328388.780811659,"standard_error":363.47780439374304},"median":{"confidence_interval":{"confidence_level":0.95,"lower_bound":326836.89743589744,"upper_bound":328247.1568627451},"point_estimate":327348.14474414475,"standard_error":338.4379914605771},"median_abs_dev":{"confidence_interval":{"confidence_level":0.95,"lower_bound":1985.4382554377326,"upper_bound":3494.3785820126154},"point_estimate":2724.3801549607356,"standard_error":386.438027637787},"slope":{"confidence_interval":{"confidence_level":0.95,"lower_bound":326559.0058229462,"upper_bound":327746.3881339755},"point_estimate":327128.98605191865,"standard_error":301.81761315781546},"std_dev":{"confidence_interval":{"confidence_level":0.95,"lower_bound":2935.358752236705,"upper_bound":4284.886590048624},"point_estimate":3650.033518355933,"standard_error":344.8924596340211}}