{"mean":{"confidence_interval":{"confidence_level":0.95,"lower_bound":536257.0395043122,"upper_bound":541116.2713963119},"point_estimate":538686.2331190022,"standard_error":1241.4142541753708},"median":{"confidence_interval":{"confidence_level":0.95,"lower_bound":537002.0,"upper_bound":542184.2697368421},"point_estimate":539636.7250557414,"standard_error":1199.2514682119954},"median_abs_dev":{"confidence_interval":{"confidence_level":0.95,"lower_bound":8639.325272797816,"upper_bound":15147.268811436803},"point_estimate":11031.168439597173,"standard_error":1606.6936699777343},"slope":{"confidence_interval":{"confidence_level":0.95,"lower_bound":537938.2422981886,"upper_bound":542328.3920038363},"point_estimate":540207.7299615783,"standard_error":1122.9371008245898},"std_dev":{"confidence_interval":{"confidence_level":0.95,"lower_bound":10522.1593266177,"upper_bound":14339.510679896195},"point_estimate":12509.353508728987,"standard_error":979.7196385648388}}