{"mean":{"confidence_interval":{"confidence_level":0.95,"lower_bound":308895.52674376423,"upper_bound":309930.0603937517},"point_estimate":309424.59371995815,"standard_error":262.5152214776068},"median":{"confidence_interval":{"confidence_level":0.95,"lower_bound":308774.9817708333,"upper_bound":310040.9130434783},"point_estimate":309327.0142227564,"standard_error":310.585876691183},"median_abs_dev":{"confidence_interval":{"confidence_level":0.95,"lower_bound":1362.7178664319217,"upper_bound":2285.205612170145},"point_estimate":1749.5093210260457,"standard_error":228.9801692511062},"slope":{"confidence_interval":{"confidence_level":0.95,"lower_bound":308914.0617736094,"upper_bound":309678.44009432854},"point_estimate":309292.43729126645,"standard_error":195.11973515892223},"std_dev":{"confidence_interval":{"confidence_level":0.95,"lower_bound":1887.8027576295262,"upper_bound":3450.1931476308228},"point_estimate":2639.58956762916,"standard_error":412.4186481667008}}