{"mean":{"confidence_interval":{"confidence_level":0.95,"lower_bound":284874.3782887268,"upper_bound":286375.6509073141},"point_estimate":285526.70221710455,"standard_error":385.5460644770468},"median":{"confidence_interval":{"confidence_level":0.95,"lower_bound":284793.3333333334,"upper_bound":285459.38181818184},"point_estimate":285055.28348214284,"standard_error":143.8379521705541},"median_abs_dev":{"confidence_interval":{"confidence_level":0.95,"lower_bound":1031.6945740818956,"upper_bound":2067.460165674918},"point_estimate":1678.847373136206,"standard_error":280.7498671968234},"slope":{"confidence_interval":{"confidence_level":0.95,"lower_bound":284689.62671560026,"upper_bound":285729.2839726766},"point_estimate":285152.71191960986,"standard_error":266.1707937710169},"std_dev":{"confidence_interval":{"confidence_level":0.95,"lower_bound":1824.1125811413542,"upper_bound":5903.3697602577595},"point_estimate":3855.986411599773,"standard_error":1210.7964546415683}}