{"mean":{"confidence_interval":{"confidence_level":0.95,"lower_bound":471034.52892913466,"upper_bound":472413.05418743694},"point_estimate":471727.6911648621,"standard_error":352.2747176324358},"median":{"confidence_interval":{"confidence_level":0.95,"lower_bound":471019.86363636365,"upper_bound":472270.0987076649},"point_estimate":471808.2657824934,"standard_error":361.800361769915},"median_abs_dev":{"confidence_interval":{"confidence_level":0.95,"lower_bound":2588.2292627676566,"upper_bound":4303.161127152484},"point_estimate":3252.405231153783,"standard_error":463.8697480902743},"slope":{"confidence_interval":{"confidence_level":0.95,"lower_bound":470258.48003180063,"upper_bound":472209.68749607593},"point_estimate":471243.0501758534,"standard_error":496.2564265831681},"std_dev":{"confidence_interval":{"confidence_level":0.95,"lower_bound":3030.6266203267223,"upper_bound":3985.4270432132244},"point_estimate":3535.450405808129,"standard_error":243.42701739052617}}