{"mean":{"confidence_interval":{"confidence_level":0.95,"lower_bound":482271.38780114095,"upper_bound":484246.2116247872},"point_estimate":483232.4494576656,"standard_error":505.9524533577929},"median":{"confidence_interval":{"confidence_level":0.95,"lower_bound":480564.3333333333,"upper_bound":483240.6429216324},"point_estimate":481804.7895833333,"standard_error":651.0671990251659},"median_abs_dev":{"confidence_interval":{"confidence_level":0.95,"lower_bound":3013.6154379563254,"upper_bound":5579.243523675867},"point_estimate":4235.366565370486,"standard_error":648.067003193715},"slope":{"confidence_interval":{"confidence_level":0.95,"lower_bound":480855.7972229492,"upper_bound":482964.1035274589},"point_estimate":481842.6476577509,"standard_error":536.4648577924415},"std_dev":{"confidence_interval":{"confidence_level":0.95,"lower_bound":4209.055796069631,"upper_bound":5913.206941972458},"point_estimate":5100.694187066169,"standard_error":435.2383617261715}}