{"mean":{"confidence_interval":{"confidence_level":0.95,"lower_bound":271253.07906242553,"upper_bound":274042.44401641155},"point_estimate":272575.1195321508,"standard_error":712.2120687831265},"median":{"confidence_interval":{"confidence_level":0.95,"lower_bound":270227.17091836734,"upper_bound":272632.88031914894},"point_estimate":270772.41875,"standard_error":751.7088283283888},"median_abs_dev":{"confidence_interval":{"confidence_level":0.95,"lower_bound":3197.1318249132883,"upper_bound":5958.2479171366185},"point_estimate":4262.017039396638,"standard_error":681.9529845616644},"slope":{"confidence_interval":{"confidence_level":0.95,"lower_bound":270950.9281368649,"upper_bound":274782.83173998946},"point_estimate":272687.6601418649,"standard_error":978.1438374759728},"std_dev":{"confidence_interval":{"confidence_level":0.95,"lower_bound":5097.435403374457,"upper_bound":9205.423004948489},"point_estimate":7127.375034203572,"standard_error":1076.4361943788301}}