{"mean":{"confidence_interval":{"confidence_level":0.95,"lower_bound":482759.1456680684,"upper_bound":484458.09727027273},"point_estimate":483696.7943609516,"standard_error":434.4886830182249},"median":{"confidence_interval":{"confidence_level":0.95,"lower_bound":483444.09210526315,"upper_bound":484504.737704918},"point_estimate":483895.2608695652,"standard_error":275.27552496669574},"median_abs_dev":{"confidence_interval":{"confidence_level":0.95,"lower_bound":1753.3893018364272,"upper_bound":3017.516973677923},"point_estimate":2364.938834665549,"standard_error":326.70470711326766},"slope":{"confidence_interval":{"confidence_level":0.95,"lower_bound":483285.311942706,"upper_bound":484495.3540495993},"point_estimate":483885.20971627015,"standard_error":308.8904905027941},"std_dev":{"confidence_interval":{"confidence_level":0.95,"lower_bound":2458.1900058740725,"upper_bound":6512.571902520844},"point_estimate":4378.984573271283,"standard_error":1219.6026807256242}}