{"mean":{"confidence_interval":{"confidence_level":0.95,"lower_bound":495225.63553030445,"upper_bound":497053.0405133502},"point_estimate":496041.84048809536,"standard_error":466.7577213566919},"median":{"confidence_interval":{"confidence_level":0.95,"lower_bound":494989.03846153844,"upper_bound":496082.82022058824},"point_estimate":495447.94255514705,"standard_error":292.8387182383306},"median_abs_dev":{"confidence_interval":{"confidence_level":0.95,"lower_bound":1858.7903383916312,"upper_bound":3236.8623243524107},"point_estimate":2647.8220654917263,"standard_error":371.39602876730373},"slope":{"confidence_interval":{"confidence_level":0.95,"lower_bound":495594.00060259196,"upper_bound":496560.97067879286},"point_estimate":496069.36079799023,"standard_error":246.35064055190543},"std_dev":{"confidence_interval":{"confidence_level":0.95,"lower_bound":2602.405474383641,"upper_bound":6963.650619052067},"point_estimate":4703.184884188382,"standard_error":1291.5773339980135}}