{"mean":{"confidence_interval":{"confidence_level":0.95,"lower_bound":247353.22253990927,"upper_bound":248902.5477770176},"point_estimate":248080.85540335331,"standard_error":395.8106207826369},"median":{"confidence_interval":{"confidence_level":0.95,"lower_bound":247076.23067715456,"upper_bound":248221.57052364864},"point_estimate":247645.50332550862,"standard_error":301.33191635263796},"median_abs_dev":{"confidence_interval":{"confidence_level":0.95,"lower_bound":2233.3253056572935,"upper_bound":3506.7617070607635},"point_estimate":2999.635445101087,"standard_error":316.4431333348307},"slope":{"confidence_interval":{"confidence_level":0.95,"lower_bound":247236.39914767325,"upper_bound":248384.05859784788},"point_estimate":247810.73121545737,"standard_error":292.6017154725724},"std_dev":{"confidence_interval":{"confidence_level":0.95,"lower_bound":2634.6081922288568,"upper_bound":5391.223505412457},"point_estimate":3979.3898886002335,"standard_error":734.2069069950437}}