{"mean":{"confidence_interval":{"confidence_level":0.95,"lower_bound":602433.1959190863,"upper_bound":605165.0454824943},"point_estimate":603748.4922168682,"standard_error":697.8522144196874},"median":{"confidence_interval":{"confidence_level":0.95,"lower_bound":601419.6125,"upper_bound":604630.9655172414},"point_estimate":602532.4527777778,"standard_error":802.784559126487},"median_abs_dev":{"confidence_interval":{"confidence_level":0.95,"lower_bound":4437.404565771999,"upper_bound":7046.373054305315},"point_estimate":5794.941000869193,"standard_error":701.5722979310111},"slope":{"confidence_interval":{"confidence_level":0.95,"lower_bound":604794.8949196574,"upper_bound":608134.9538567712},"point_estimate":606485.0845101227,"standard_error":850.8447941937769},"std_dev":{"confidence_interval":{"confidence_level":0.95,"lower_bound":5173.350724052855,"upper_bound":8940.558784846384},"point_estimate":7009.3987311822775,"standard_error":985.8576958660648}}