{"mean":{"confidence_interval":{"confidence_level":0.95,"lower_bound":886356.7879398686,"upper_bound":898270.2935579839},"point_estimate":891255.001401423,"standard_error":3116.297751721918},"median":{"confidence_interval":{"confidence_level":0.95,"lower_bound":885670.2870370371,"upper_bound":888920.4731182796},"point_estimate":886926.3617584745,"standard_error":803.9924424758332},"median_abs_dev":{"confidence_interval":{"confidence_level":0.95,"lower_bound":4464.254133243597,"upper_bound":7102.120186585619},"point_estimate":5631.488913485715,"standard_error":659.5346645238546},"slope":{"confidence_interval":{"confidence_level":0.95,"lower_bound":886100.6736880782,"upper_bound":888822.2505185524},"point_estimate":887473.4421796956,"standard_error":692.2198841914442},"std_dev":{"confidence_interval":{"confidence_level":0.95,"lower_bound":5924.861441865134,"upper_bound":49406.01326436701},"point_estimate":31366.14907999828,"standard_error":11891.714629370854}}