{"mean":{"confidence_interval":{"confidence_level":0.95,"lower_bound":242192.0665003811,"upper_bound":243270.60164419617},"point_estimate":242719.92628634852,"standard_error":273.6095072418055},"median":{"confidence_interval":{"confidence_level":0.95,"lower_bound":242046.42153846152,"upper_bound":242753.63823529411},"point_estimate":242482.07018796995,"standard_error":167.47190223162812},"median_abs_dev":{"confidence_interval":{"confidence_level":0.95,"lower_bound":1379.1794861995743,"upper_bound":2406.4066945833692},"point_estimate":1896.2787799116365,"standard_error":253.36729202764204},"slope":{"confidence_interval":{"confidence_level":0.95,"lower_bound":241853.25333406008,"upper_bound":242640.63626876412},"point_estimate":242238.83021309294,"standard_error":201.0453912875497},"std_dev":{"confidence_interval":{"confidence_level":0.95,"lower_bound":1954.4215148180754,"upper_bound":3553.755215932961},"point_estimate":2755.2726120673483,"standard_error":415.10763991739583}}