{"mean":{"confidence_interval":{"confidence_level":0.95,"lower_bound":167573.1819281955,"upper_bound":169943.53502128064},"point_estimate":168659.32728411435,"standard_error":605.6586832015663},"median":{"confidence_interval":{"confidence_level":0.95,"lower_bound":166156.66896551725,"upper_bound":168710.76363636364},"point_estimate":167222.05468509987,"standard_error":611.5619602718601},"median_abs_dev":{"confidence_interval":{"confidence_level":0.95,"lower_bound":2702.458294279854,"upper_bound":4828.3890971102655},"point_estimate":3467.3824856830324,"standard_error":581.271390277276},"slope":{"confidence_interval":{"confidence_level":0.95,"lower_bound":168677.56716751345,"upper_bound":173341.82239046355},"point_estimate":170673.51400384217,"standard_error":1215.4491079816275},"std_dev":{"confidence_interval":{"confidence_level":0.95,"lower_bound":3865.21326203179,"upper_bound":8594.909521763871},"point_estimate":6100.259016188721,"standard_error":1359.7664981382738}}