{"mean":{"confidence_interval":{"confidence_level":0.95,"lower_bound":272568.0092822102,"upper_bound":273556.9314673595},"point_estimate":273065.1475383458,"standard_error":251.75172119399167},"median":{"confidence_interval":{"confidence_level":0.95,"lower_bound":272379.8475644975,"upper_bound":273313.3706896552},"point_estimate":272693.7951680672,"standard_error":282.68926907077747},"median_abs_dev":{"confidence_interval":{"confidence_level":0.95,"lower_bound":1222.282537088597,"upper_bound":2522.662387713807},"point_estimate":1731.1085379142703,"standard_error":343.41521298794146},"slope":{"confidence_interval":{"confidence_level":0.95,"lower_bound":272459.4871199009,"upper_bound":273353.2406885493},"point_estimate":272899.52634476137,"standard_error":228.02637444893875},"std_dev":{"confidence_interval":{"confidence_level":0.95,"lower_bound":2009.0890050738062,"upper_bound":3020.616780158036},"point_estimate":2522.672936034214,"standard_error":259.7321124466096}}