{"mean":{"confidence_interval":{"confidence_level":0.95,"lower_bound":1077339.6288597253,"upper_bound":1080067.1870929187},"point_estimate":1078614.9132929877,"standard_error":695.9266996160935},"median":{"confidence_interval":{"confidence_level":0.95,"lower_bound":1076649.7364663258,"upper_bound":1078034.667314895},"point_estimate":1077319.1805024978,"standard_error":357.07724264185015},"median_abs_dev":{"confidence_interval":{"confidence_level":0.95,"lower_bound":2639.603112324492,"upper_bound":4641.3197087765775},"point_estimate":3787.740560385733,"standard_error":507.4909875250105},"slope":{"confidence_interval":{"confidence_level":0.95,"lower_bound":1076622.5651904366,"upper_bound":1077908.9390470253},"point_estimate":1077249.5149046844,"standard_error":327.3428936320009},"std_dev":{"confidence_interval":{"confidence_level":0.95,"lower_bound":4497.669846595687,"upper_bound":9502.272425964067},"point_estimate":6992.408104100185,"standard_error":1314.8931048108238}}