{"mean":{"confidence_interval":{"confidence_level":0.95,"lower_bound":251673.3132782319,"upper_bound":252827.5003013263},"point_estimate":252237.36862070695,"standard_error":294.75385632281785},"median":{"confidence_interval":{"confidence_level":0.95,"lower_bound":251251.19252873564,"upper_bound":252528.9880952381},"point_estimate":251730.9273142112,"standard_error":321.80442476737903},"median_abs_dev":{"confidence_interval":{"confidence_level":0.95,"lower_bound":2150.2967092429403,"upper_bound":3333.378389258208},"point_estimate":2708.4496546028813,"standard_error":299.1920766426675},"slope":{"confidence_interval":{"confidence_level":0.95,"lower_bound":252015.90761105221,"upper_bound":253358.4459859929},"point_estimate":252691.95367444953,"standard_error":342.281494403003},"std_dev":{"confidence_interval":{"confidence_level":0.95,"lower_bound":2331.265281079452,"upper_bound":3650.448106734469},"point_estimate":2956.6791877420437,"standard_error":345.90899223585313}}