{"mean":{"confidence_interval":{"confidence_level":0.95,"lower_bound":250410.11822997878,"upper_bound":251423.192496259},"point_estimate":250921.35747661605,"standard_error":257.8378759165367},"median":{"confidence_interval":{"confidence_level":0.95,"lower_bound":250618.86,"upper_bound":251316.21195652173},"point_estimate":250919.726010101,"standard_error":165.16338525414167},"median_abs_dev":{"confidence_interval":{"confidence_level":0.95,"lower_bound":1370.9515933842595,"upper_bound":2709.026569841912},"point_estimate":1861.5701796247815,"standard_error":333.39569432113615},"slope":{"confidence_interval":{"confidence_level":0.95,"lower_bound":250430.55020082003,"upper_bound":251648.22571529695},"point_estimate":251022.6262479681,"standard_error":311.0119997378879},"std_dev":{"confidence_interval":{"confidence_level":0.95,"lower_bound":2154.546883259453,"upper_bound":2983.755869950014},"point_estimate":2585.1766796079287,"standard_error":211.4964049313516}}