{"mean":{"confidence_interval":{"confidence_level":0.95,"lower_bound":296933.196400664,"upper_bound":297735.39465977065},"point_estimate":297334.65566850116,"standard_error":205.29546798091653},"median":{"confidence_interval":{"confidence_level":0.95,"lower_bound":297187.33010869566,"upper_bound":297786.2905844156},"point_estimate":297569.57643534,"standard_error":161.0684169428223},"median_abs_dev":{"confidence_interval":{"confidence_level":0.95,"lower_bound":1082.5038297114884,"upper_bound":1952.2066275656805},"point_estimate":1354.0785243675653,"standard_error":229.63305674992677},"slope":{"confidence_interval":{"confidence_level":0.95,"lower_bound":297110.2529184642,"upper_bound":297757.91614766465},"point_estimate":297440.3273511157,"standard_error":164.95025726827856},"std_dev":{"confidence_interval":{"confidence_level":0.95,"lower_bound":1667.9691512927006,"upper_bound":2420.5639429430626},"point_estimate":2059.6965545516696,"standard_error":192.45667857978006}}