{"mean":{"confidence_interval":{"confidence_level":0.95,"lower_bound":286515.2172307037,"upper_bound":287471.62830219726},"point_estimate":286993.53407054103,"standard_error":243.9164315916666},"median":{"confidence_interval":{"confidence_level":0.95,"lower_bound":286851.1804517663,"upper_bound":287480.425},"point_estimate":287155.83845946915,"standard_error":147.70637115174767},"median_abs_dev":{"confidence_interval":{"confidence_level":0.95,"lower_bound":1050.4107637739078,"upper_bound":2106.1217483001806},"point_estimate":1548.0327341721008,"standard_error":265.58247923771984},"slope":{"confidence_interval":{"confidence_level":0.95,"lower_bound":286842.9114839703,"upper_bound":287497.41111520503},"point_estimate":287168.74387542484,"standard_error":166.5410722712128},"std_dev":{"confidence_interval":{"confidence_level":0.95,"lower_bound":1749.1868727050228,"upper_bound":3128.081133130637},"point_estimate":2452.7093776868187,"standard_error":354.47126349842716}}