{"mean":{"confidence_interval":{"confidence_level":0.95,"lower_bound":320213.47414508834,"upper_bound":321466.8712096758},"point_estimate":320836.64052641677,"standard_error":319.19376099608115},"median":{"confidence_interval":{"confidence_level":0.95,"lower_bound":320102.71527777775,"upper_bound":321429.0227272727},"point_estimate":320752.69512195117,"standard_error":296.79679164173626},"median_abs_dev":{"confidence_interval":{"confidence_level":0.95,"lower_bound":1613.9547539928542,"upper_bound":2757.322604290439},"point_estimate":2251.7485111122965,"standard_error":289.48942282522324},"slope":{"confidence_interval":{"confidence_level":0.95,"lower_bound":321069.56065602385,"upper_bound":322065.51336036786},"point_estimate":321577.68220777303,"standard_error":254.11326359527175},"std_dev":{"confidence_interval":{"confidence_level":0.95,"lower_bound":2277.2169366199573,"upper_bound":4122.919896700929},"point_estimate":3206.4200222981744,"standard_error":475.99094919145347}}