{"mean":{"confidence_interval":{"confidence_level":0.95,"lower_bound":835037.6854322517,"upper_bound":838924.3713715138},"point_estimate":836815.6146300926,"standard_error":994.7605180072889},"median":{"confidence_interval":{"confidence_level":0.95,"lower_bound":834188.7142857143,"upper_bound":836053.0684931506},"point_estimate":834869.7850259452,"standard_error":376.1290367235646},"median_abs_dev":{"confidence_interval":{"confidence_level":0.95,"lower_bound":3027.46567726635,"upper_bound":4779.008304286081},"point_estimate":3956.2123264708566,"standard_error":446.21851834547437},"slope":{"confidence_interval":{"confidence_level":0.95,"lower_bound":834854.5368467062,"upper_bound":839073.938508715},"point_estimate":836550.7212620068,"standard_error":1099.5417361895627},"std_dev":{"confidence_interval":{"confidence_level":0.95,"lower_bound":5649.79265368261,"upper_bound":14409.607584750403},"point_estimate":9999.936518073986,"standard_error":2388.7994006334447}}