{"mean":{"confidence_interval":{"confidence_level":0.95,"lower_bound":221580.96048311936,"upper_bound":222400.14130652678},"point_estimate":221990.31150764908,"standard_error":208.5138582895636},"median":{"confidence_interval":{"confidence_level":0.95,"lower_bound":221583.5424107143,"upper_bound":222252.72277327935},"point_estimate":221809.7712473573,"standard_error":177.67182829924084},"median_abs_dev":{"confidence_interval":{"confidence_level":0.95,"lower_bound":1215.9415320490464,"upper_bound":2277.2252553446997},"point_estimate":1858.8564640000905,"standard_error":260.1608256701734},"slope":{"confidence_interval":{"confidence_level":0.95,"lower_bound":221551.2585452439,"upper_bound":222180.53466291903},"point_estimate":221861.72431446725,"standard_error":160.92497924187677},"std_dev":{"confidence_interval":{"confidence_level":0.95,"lower_bound":1693.6611506230736,"upper_bound":2454.6463731564772},"point_estimate":2090.5785918715414,"standard_error":194.97825675957412}}