{"mean":{"confidence_interval":{"confidence_level":0.95,"lower_bound":313040.0659431935,"upper_bound":314500.90004601533},"point_estimate":313731.40613464045,"standard_error":372.36501663560506},"median":{"confidence_interval":{"confidence_level":0.95,"lower_bound":312397.0789473684,"upper_bound":313530.31944444444},"point_estimate":312874.2726098191,"standard_error":271.6709972972436},"median_abs_dev":{"confidence_interval":{"confidence_level":0.95,"lower_bound":1425.0565622001886,"upper_bound":2606.386425348997},"point_estimate":1772.392465707821,"standard_error":310.7409870052386},"slope":{"confidence_interval":{"confidence_level":0.95,"lower_bound":312754.6147699522,"upper_bound":314983.79654808395},"point_estimate":313756.05411753117,"standard_error":577.1544819756737},"std_dev":{"confidence_interval":{"confidence_level":0.95,"lower_bound":2659.4064924953746,"upper_bound":4724.933119867824},"point_estimate":3742.9454153868655,"standard_error":529.4239552524476}}