{"mean":{"confidence_interval":{"confidence_level":0.95,"lower_bound":275130.341052096,"upper_bound":277311.6399114766},"point_estimate":276092.2845785459,"standard_error":558.3496144563619},"median":{"confidence_interval":{"confidence_level":0.95,"lower_bound":274455.9797297297,"upper_bound":276230.3910837909},"point_estimate":275448.49829931976,"standard_error":463.9381910223205},"median_abs_dev":{"confidence_interval":{"confidence_level":0.95,"lower_bound":2650.9443504362953,"upper_bound":3988.02623480278},"point_estimate":3412.9391025364253,"standard_error":338.01381537229247},"slope":{"confidence_interval":{"confidence_level":0.95,"lower_bound":274338.94305863895,"upper_bound":275762.92198575725},"point_estimate":275037.98135288904,"standard_error":363.74152206503487},"std_dev":{"confidence_interval":{"confidence_level":0.95,"lower_bound":3060.834888612576,"upper_bound":8444.168048783247},"point_estimate":5611.031916769355,"standard_error":1674.5177527667656}}