{"mean":{"confidence_interval":{"confidence_level":0.95,"lower_bound":395824.19293744804,"upper_bound":398802.19659548916},"point_estimate":397132.4676103502,"standard_error":764.4566264125542},"median":{"confidence_interval":{"confidence_level":0.95,"lower_bound":395157.021978022,"upper_bound":395699.8787878788},"point_estimate":395376.67714884697,"standard_error":143.54784668157387},"median_abs_dev":{"confidence_interval":{"confidence_level":0.95,"lower_bound":1223.5642994894672,"upper_bound":2154.149122867326},"point_estimate":1520.6869054958372,"standard_error":239.5401494970697},"slope":{"confidence_interval":{"confidence_level":0.95,"lower_bound":395329.50996717956,"upper_bound":396029.83405660023},"point_estimate":395656.1270696025,"standard_error":178.53823638238168},"std_dev":{"confidence_interval":{"confidence_level":0.95,"lower_bound":2922.4251429494752,"upper_bound":11095.082828280767},"point_estimate":7677.85278211547,"standard_error":2020.0545748779384}}