{"mean":{"confidence_interval":{"confidence_level":0.95,"lower_bound":471207.00951170054,"upper_bound":475120.4706060622},"point_estimate":472905.4629600873,"standard_error":1013.1814390219192},"median":{"confidence_interval":{"confidence_level":0.95,"lower_bound":470473.6101694915,"upper_bound":471493.5483870968},"point_estimate":470939.1207004378,"standard_error":235.78543248745038},"median_abs_dev":{"confidence_interval":{"confidence_level":0.95,"lower_bound":1699.8084797861186,"upper_bound":2928.124393198104},"point_estimate":2362.395920190239,"standard_error":304.71831614936866},"slope":{"confidence_interval":{"confidence_level":0.95,"lower_bound":470657.0225387113,"upper_bound":473302.7290892756},"point_estimate":471741.28546869615,"standard_error":690.826866112827},"std_dev":{"confidence_interval":{"confidence_level":0.95,"lower_bound":2876.139316032588,"upper_bound":15276.439147344043},"point_estimate":10177.029467664252,"standard_error":3093.8475619612573}}