{"mean":{"confidence_interval":{"confidence_level":0.95,"lower_bound":409424.4017487655,"upper_bound":411719.5763441074},"point_estimate":410414.6741122224,"standard_error":592.8983851098664},"median":{"confidence_interval":{"confidence_level":0.95,"lower_bound":408948.1954022989,"upper_bound":410168.96376811597},"point_estimate":409430.17258503404,"standard_error":332.2064374778239},"median_abs_dev":{"confidence_interval":{"confidence_level":0.95,"lower_bound":1874.4363207221584,"upper_bound":3623.7532959429177},"point_estimate":2681.198899671267,"standard_error":471.51728138885267},"slope":{"confidence_interval":{"confidence_level":0.95,"lower_bound":408603.5019909092,"upper_bound":410034.5593060007},"point_estimate":409279.66679178365,"standard_error":365.7930007704513},"std_dev":{"confidence_interval":{"confidence_level":0.95,"lower_bound":2758.261754328565,"upper_bound":9180.612882345737},"point_estimate":5954.476033875834,"standard_error":1964.8867370748835}}