{"mean":{"confidence_interval":{"confidence_level":0.95,"lower_bound":266211.12351449375,"upper_bound":267946.1903356986},"point_estimate":267050.90564704314,"standard_error":442.2301457314753},"median":{"confidence_interval":{"confidence_level":0.95,"lower_bound":265826.6112588652,"upper_bound":267462.85814185813},"point_estimate":266953.8047820823,"standard_error":468.7798401484165},"median_abs_dev":{"confidence_interval":{"confidence_level":0.95,"lower_bound":2752.0593534139225,"upper_bound":4515.049908795415},"point_estimate":3825.4915779607545,"standard_error":456.9741315987333},"slope":{"confidence_interval":{"confidence_level":0.95,"lower_bound":266421.2071692351,"upper_bound":267925.1996804108},"point_estimate":267154.6407691739,"standard_error":384.195989310863},"std_dev":{"confidence_interval":{"confidence_level":0.95,"lower_bound":3324.0094107961086,"upper_bound":5555.231876445988},"point_estimate":4454.308639516237,"standard_error":574.0671013645031}}