{"mean":{"confidence_interval":{"confidence_level":0.95,"lower_bound":829003.2552944568,"upper_bound":836909.5819219742},"point_estimate":832624.834094636,"standard_error":2027.6603408712763},"median":{"confidence_interval":{"confidence_level":0.95,"lower_bound":828037.25,"upper_bound":832023.0757575758},"point_estimate":830238.9901960784,"standard_error":954.1004692392929},"median_abs_dev":{"confidence_interval":{"confidence_level":0.95,"lower_bound":6375.008518263824,"upper_bound":11027.610011747762},"point_estimate":8281.796670862359,"standard_error":1168.6950490879078},"slope":{"confidence_interval":{"confidence_level":0.95,"lower_bound":826546.0343089441,"upper_bound":830895.950808682},"point_estimate":828706.1831269396,"standard_error":1109.327784548059},"std_dev":{"confidence_interval":{"confidence_level":0.95,"lower_bound":11417.924722215228,"upper_bound":27812.543351813696},"point_estimate":20354.54267497715,"standard_error":4239.240547930484}}