{"mean":{"confidence_interval":{"confidence_level":0.95,"lower_bound":703636.0006695145,"upper_bound":705641.4056601494},"point_estimate":704614.5877225545,"standard_error":511.8451953151857},"median":{"confidence_interval":{"confidence_level":0.95,"lower_bound":702923.8373493976,"upper_bound":705471.67875},"point_estimate":704599.6660412758,"standard_error":659.2506419716507},"median_abs_dev":{"confidence_interval":{"confidence_level":0.95,"lower_bound":3103.570702155556,"upper_bound":5208.32508403293},"point_estimate":4168.52477826661,"standard_error":539.1858539630554},"slope":{"confidence_interval":{"confidence_level":0.95,"lower_bound":703265.8455041426,"upper_bound":704552.6535536894},"point_estimate":703925.0819476873,"standard_error":329.10048950275245},"std_dev":{"confidence_interval":{"confidence_level":0.95,"lower_bound":4025.4862395463865,"upper_bound":6133.098198713473},"point_estimate":5126.230677228213,"standard_error":539.0821624745876}}