{"mean":{"confidence_interval":{"confidence_level":0.95,"lower_bound":673214.4111757884,"upper_bound":678530.2276630698},"point_estimate":675703.0635705936,"standard_error":1361.3081819904},"median":{"confidence_interval":{"confidence_level":0.95,"lower_bound":669722.6750192012,"upper_bound":673496.6785714286},"point_estimate":671936.9714414414,"standard_error":901.9171944042408},"median_abs_dev":{"confidence_interval":{"confidence_level":0.95,"lower_bound":4708.666903008028,"upper_bound":8082.19922281663},"point_estimate":5968.461875754814,"standard_error":851.6406124175626},"slope":{"confidence_interval":{"confidence_level":0.95,"lower_bound":670550.5067643295,"upper_bound":674130.168318198},"point_estimate":672248.0293187528,"standard_error":912.0526464791336},"std_dev":{"confidence_interval":{"confidence_level":0.95,"lower_bound":8975.11108224681,"upper_bound":17760.233284109043},"point_estimate":13692.664261373759,"standard_error":2247.9617852957604}}