{"mean":{"confidence_interval":{"confidence_level":0.95,"lower_bound":236571.36551612263,"upper_bound":237439.8122093449},"point_estimate":236994.27218712968,"standard_error":220.38361907497247},"median":{"confidence_interval":{"confidence_level":0.95,"lower_bound":236350.9513023256,"upper_bound":237378.21481481483},"point_estimate":236764.6056910569,"standard_error":249.78926373026124},"median_abs_dev":{"confidence_interval":{"confidence_level":0.95,"lower_bound":1642.2205440154833,"upper_bound":2525.3466179247844},"point_estimate":2102.213812552368,"standard_error":226.8387889437595},"slope":{"confidence_interval":{"confidence_level":0.95,"lower_bound":236587.80003843375,"upper_bound":237372.93060102887},"point_estimate":236977.3632268361,"standard_error":199.67870111743053},"std_dev":{"confidence_interval":{"confidence_level":0.95,"lower_bound":1751.698305371947,"upper_bound":2708.539810162721},"point_estimate":2220.490780972489,"standard_error":248.74004787230598}}