{"mean":{"confidence_interval":{"confidence_level":0.95,"lower_bound":258982.40619987767,"upper_bound":262373.54191286524},"point_estimate":260488.55544342526,"standard_error":870.9900227252397},"median":{"confidence_interval":{"confidence_level":0.95,"lower_bound":257983.14322916666,"upper_bound":259780.69615384616},"point_estimate":258944.82954545453,"standard_error":411.2086390049637},"median_abs_dev":{"confidence_interval":{"confidence_level":0.95,"lower_bound":2521.1469994714494,"upper_bound":4218.435434009339},"point_estimate":3264.555208435047,"standard_error":454.38788322382635},"slope":{"confidence_interval":{"confidence_level":0.95,"lower_bound":259062.4814535656,"upper_bound":260762.47806895777},"point_estimate":259870.05808334565,"standard_error":434.1919323785202},"std_dev":{"confidence_interval":{"confidence_level":0.95,"lower_bound":3907.745457102958,"upper_bound":12683.565802118224},"point_estimate":8775.71466821024,"standard_error":2253.760659135052}}