{"mean":{"confidence_interval":{"confidence_level":0.95,"lower_bound":253723.1824004458,"upper_bound":255285.34129799844},"point_estimate":254500.70885015588,"standard_error":399.9392526694406},"median":{"confidence_interval":{"confidence_level":0.95,"lower_bound":253586.60474537036,"upper_bound":255294.67631578946},"point_estimate":254216.2725315729,"standard_error":432.88400556799047},"median_abs_dev":{"confidence_interval":{"confidence_level":0.95,"lower_bound":2744.649301897743,"upper_bound":4595.279054653448},"point_estimate":3900.3804399633314,"standard_error":475.0422391478144},"slope":{"confidence_interval":{"confidence_level":0.95,"lower_bound":254084.250629284,"upper_bound":255876.06309602776},"point_estimate":254969.49897960693,"standard_error":456.9298845262711},"std_dev":{"confidence_interval":{"confidence_level":0.95,"lower_bound":3220.192996496139,"upper_bound":4794.687378011544},"point_estimate":4028.7703660381817,"standard_error":401.8294237903875}}