{"mean":{"confidence_interval":{"confidence_level":0.95,"lower_bound":274120.65723392053,"upper_bound":275567.4113571915},"point_estimate":274802.0931834284,"standard_error":369.10818118121955},"median":{"confidence_interval":{"confidence_level":0.95,"lower_bound":273697.84704184707,"upper_bound":274942.612745098},"point_estimate":274217.22862957936,"standard_error":292.97326118905056},"median_abs_dev":{"confidence_interval":{"confidence_level":0.95,"lower_bound":1617.439637678426,"upper_bound":2913.795816146718},"point_estimate":2118.0029676682184,"standard_error":319.15870368959014},"slope":{"confidence_interval":{"confidence_level":0.95,"lower_bound":274160.00925064326,"upper_bound":276231.4521332754},"point_estimate":275053.46714422933,"standard_error":531.7406624231055},"std_dev":{"confidence_interval":{"confidence_level":0.95,"lower_bound":2431.035621307159,"upper_bound":4968.14273611888},"point_estimate":3708.641866010316,"standard_error":659.3372390876561}}