{"mean":{"confidence_interval":{"confidence_level":0.95,"lower_bound":303389.9086863445,"upper_bound":304657.14124260284},"point_estimate":304006.50796238345,"standard_error":323.3711341977977},"median":{"confidence_interval":{"confidence_level":0.95,"lower_bound":303194.48571428575,"upper_bound":304440.49583333335},"point_estimate":303768.6827990782,"standard_error":311.2470770701351},"median_abs_dev":{"confidence_interval":{"confidence_level":0.95,"lower_bound":1770.5787511492713,"upper_bound":2957.1783919181735},"point_estimate":2252.2525201500503,"standard_error":305.2909511834468},"slope":{"confidence_interval":{"confidence_level":0.95,"lower_bound":303482.4347359551,"upper_bound":304656.5406794385},"point_estimate":304016.96095266246,"standard_error":298.3098593041454},"std_dev":{"confidence_interval":{"confidence_level":0.95,"lower_bound":2295.0372078415053,"upper_bound":4153.681553865231},"point_estimate":3260.3811828218895,"standard_error":475.2178829815354}}