{"mean":{"confidence_interval":{"confidence_level":0.95,"lower_bound":283027.85414460197,"upper_bound":284011.1319485429},"point_estimate":283505.9887775887,"standard_error":250.27305576988735},"median":{"confidence_interval":{"confidence_level":0.95,"lower_bound":282799.74709302327,"upper_bound":283881.4282164291},"point_estimate":283195.1120928744,"standard_error":298.97367445109853},"median_abs_dev":{"confidence_interval":{"confidence_level":0.95,"lower_bound":1477.8577597286483,"upper_bound":2351.622292178936},"point_estimate":1863.3373264507104,"standard_error":233.03832885403497},"slope":{"confidence_interval":{"confidence_level":0.95,"lower_bound":283166.00485866127,"upper_bound":283995.33906324883},"point_estimate":283570.5198854736,"standard_error":211.23131795396165},"std_dev":{"confidence_interval":{"confidence_level":0.95,"lower_bound":1887.7761759933187,"upper_bound":3117.017494876131},"point_estimate":2510.558444055997,"standard_error":316.901367760254}}