{"mean":{"confidence_interval":{"confidence_level":0.95,"lower_bound":232860.58971200124,"upper_bound":233834.09585344102},"point_estimate":233320.04320040278,"standard_error":248.68561729345092},"median":{"confidence_interval":{"confidence_level":0.95,"lower_bound":232553.53456790122,"upper_bound":233379.12614942528},"point_estimate":232950.51025641026,"standard_error":196.326252645985},"median_abs_dev":{"confidence_interval":{"confidence_level":0.95,"lower_bound":1192.3362565191353,"upper_bound":1960.6541401564475},"point_estimate":1565.1601133386043,"standard_error":195.88034700287437},"slope":{"confidence_interval":{"confidence_level":0.95,"lower_bound":232923.6782627319,"upper_bound":234523.12004722338},"point_estimate":233590.59549637948,"standard_error":418.77526957527533},"std_dev":{"confidence_interval":{"confidence_level":0.95,"lower_bound":1665.5521111173045,"upper_bound":3286.6389061930468},"point_estimate":2496.9987996439568,"standard_error":419.6195829184213}}