{"mean":{"confidence_interval":{"confidence_level":0.95,"lower_bound":683796.3939551237,"upper_bound":686519.4688897573},"point_estimate":685113.2823314215,"standard_error":690.7773958575312},"median":{"confidence_interval":{"confidence_level":0.95,"lower_bound":681810.1412898935,"upper_bound":684885.8049999999},"point_estimate":683492.8773226351,"standard_error":713.5012721980577},"median_abs_dev":{"confidence_interval":{"confidence_level":0.95,"lower_bound":4040.0702172046513,"upper_bound":6848.736098987455},"point_estimate":4944.661448964304,"standard_error":672.9939117464424},"slope":{"confidence_interval":{"confidence_level":0.95,"lower_bound":682905.4555263361,"upper_bound":686171.5906700171},"point_estimate":684438.2598418797,"standard_error":835.3468024067063},"std_dev":{"confidence_interval":{"confidence_level":0.95,"lower_bound":5681.823127867864,"upper_bound":7957.631333954567},"point_estimate":6912.847549770332,"standard_error":580.5145799995146}}