{"mean":{"confidence_interval":{"confidence_level":0.95,"lower_bound":656089.3758323778,"upper_bound":659827.3325813082},"point_estimate":657676.8064941332,"standard_error":969.6894731236467},"median":{"confidence_interval":{"confidence_level":0.95,"lower_bound":655259.025,"upper_bound":656651.1231884058},"point_estimate":656055.754995005,"standard_error":338.78838646853194},"median_abs_dev":{"confidence_interval":{"confidence_level":0.95,"lower_bound":2154.9998265142476,"upper_bound":3458.025683358753},"point_estimate":2766.357025712457,"standard_error":317.81923231528884},"slope":{"confidence_interval":{"confidence_level":0.95,"lower_bound":656021.2328006937,"upper_bound":659042.3767695366},"point_estimate":657213.222435348,"standard_error":801.1466649856835},"std_dev":{"confidence_interval":{"confidence_level":0.95,"lower_bound":3491.976507019796,"upper_bound":15362.989392428197},"point_estimate":9817.057603549982,"standard_error":3372.1321982041504}}