{"mean":{"confidence_interval":{"confidence_level":0.95,"lower_bound":392085.2656202723,"upper_bound":393019.99696485884},"point_estimate":392543.17361329147,"standard_error":237.269744131605},"median":{"confidence_interval":{"confidence_level":0.95,"lower_bound":391925.0925925926,"upper_bound":392787.27956989245},"point_estimate":392450.34194444446,"standard_error":191.1706425671578},"median_abs_dev":{"confidence_interval":{"confidence_level":0.95,"lower_bound":1333.062639296371,"upper_bound":2382.717074369353},"point_estimate":1820.017872119236,"standard_error":271.64688940099546},"slope":{"confidence_interval":{"confidence_level":0.95,"lower_bound":392101.27221395675,"upper_bound":392777.73538941296},"point_estimate":392429.3679789173,"standard_error":172.68957453058084},"std_dev":{"confidence_interval":{"confidence_level":0.95,"lower_bound":1828.821905589951,"upper_bound":2969.7776482642},"point_estimate":2393.4271793952967,"standard_error":295.8176905616931}}