{"mean":{"confidence_interval":{"confidence_level":0.95,"lower_bound":249637.27426693751,"upper_bound":251162.0304986544},"point_estimate":250327.63774222005,"standard_error":389.77704346746924},"median":{"confidence_interval":{"confidence_level":0.95,"lower_bound":249414.53525641025,"upper_bound":250275.49479166666},"point_estimate":249909.81678189817,"standard_error":230.53215583823268},"median_abs_dev":{"confidence_interval":{"confidence_level":0.95,"lower_bound":1084.9944594875064,"upper_bound":2665.908476023993},"point_estimate":1602.5170704032314,"standard_error":394.590045990166},"slope":{"confidence_interval":{"confidence_level":0.95,"lower_bound":249798.09658614243,"upper_bound":250670.97536256435},"point_estimate":250218.0941052165,"standard_error":222.7127885600775},"std_dev":{"confidence_interval":{"confidence_level":0.95,"lower_bound":2226.702684693068,"upper_bound":5731.570035858078},"point_estimate":3919.065126096154,"standard_error":1004.778259863302}}