{"mean":{"confidence_interval":{"confidence_level":0.95,"lower_bound":256529.80455140764,"upper_bound":259082.9178575868},"point_estimate":257668.78374064426,"standard_error":654.9581150211864},"median":{"confidence_interval":{"confidence_level":0.95,"lower_bound":255705.69730911983,"upper_bound":256932.825},"point_estimate":256289.8123244382,"standard_error":303.625100055803},"median_abs_dev":{"confidence_interval":{"confidence_level":0.95,"lower_bound":1875.3561074069928,"upper_bound":3241.503450379396},"point_estimate":2376.424702101814,"standard_error":341.0451964112567},"slope":{"confidence_interval":{"confidence_level":0.95,"lower_bound":255888.9457219627,"upper_bound":256960.9643758583},"point_estimate":256419.20374833752,"standard_error":273.36939541226127},"std_dev":{"confidence_interval":{"confidence_level":0.95,"lower_bound":2796.901633068435,"upper_bound":9361.369299622644},"point_estimate":6567.963086268056,"standard_error":1629.828764500804}}