{"mean":{"confidence_interval":{"confidence_level":0.95,"lower_bound":2421864.20297619,"upper_bound":2427297.0828095237},"point_estimate":2424254.7047619047,"standard_error":1401.8979533575457},"median":{"confidence_interval":{"confidence_level":0.95,"lower_bound":2420380.285714286,"upper_bound":2422903.1428571427},"point_estimate":2421761.4285714286,"standard_error":628.593815890028},"median_abs_dev":{"confidence_interval":{"confidence_level":0.95,"lower_bound":3264.7910420386193,"upper_bound":5819.889716676043},"point_estimate":4051.5574280704936,"standard_error":667.2226171246425},"slope":null,"std_dev":{"confidence_interval":{"confidence_level":0.95,"lower_bound":5752.144926614796,"upper_bound":21125.2643322674},"point_estimate":14103.921320011214,"standard_error":4040.880783567477}}