{"mean":{"confidence_interval":{"confidence_level":0.95,"lower_bound":1962854.6960113624,"upper_bound":1964720.7437045448},"point_estimate":1963767.8590909084,"standard_error":477.15939344235784},"median":{"confidence_interval":{"confidence_level":0.95,"lower_bound":1962562.9545454546,"upper_bound":1964658.3636363635},"point_estimate":1963326.75,"standard_error":573.1859124774157},"median_abs_dev":{"confidence_interval":{"confidence_level":0.95,"lower_bound":3098.656689419636,"upper_bound":5267.947270111698},"point_estimate":4135.982190208096,"standard_error":535.0310062997595},"slope":null,"std_dev":{"confidence_interval":{"confidence_level":0.95,"lower_bound":3887.4492102697827,"upper_bound":5657.645525655391},"point_estimate":4802.312495360224,"standard_error":453.70974997023893}}