{"mean":{"confidence_interval":{"confidence_level":0.95,"lower_bound":2426508.3713452374,"upper_bound":2430571.52097619},"point_estimate":2428457.9152380954,"standard_error":1035.3222704700097},"median":{"confidence_interval":{"confidence_level":0.95,"lower_bound":2423994.523809524,"upper_bound":2429279.476190476},"point_estimate":2426820.976190476,"standard_error":1459.7219168898416},"median_abs_dev":{"confidence_interval":{"confidence_level":0.95,"lower_bound":6315.028687885583,"upper_bound":10420.474212499266},"point_estimate":8234.889753801333,"standard_error":1039.579847140608},"slope":null,"std_dev":{"confidence_interval":{"confidence_level":0.95,"lower_bound":7868.133003779216,"upper_bound":12956.740842249044},"point_estimate":10424.874797908991,"standard_error":1316.2445440435436}}