{"mean":{"confidence_interval":{"confidence_level":0.95,"lower_bound":302412.3817028325,"upper_bound":306816.5670835448},"point_estimate":304290.75375501125,"standard_error":1135.6401231528127},"median":{"confidence_interval":{"confidence_level":0.95,"lower_bound":301894.7579688658,"upper_bound":303690.24706246133},"point_estimate":302735.93131868134,"standard_error":466.8830508993547},"median_abs_dev":{"confidence_interval":{"confidence_level":0.95,"lower_bound":2817.395712203497,"upper_bound":5623.764074958592},"point_estimate":4158.483187138795,"standard_error":708.6950588379415},"slope":{"confidence_interval":{"confidence_level":0.95,"lower_bound":302508.7220311557,"upper_bound":304454.40045972064},"point_estimate":303422.3045298261,"standard_error":493.35909302037453},"std_dev":{"confidence_interval":{"confidence_level":0.95,"lower_bound":4668.4319084819235,"upper_bound":17749.536657760997},"point_estimate":11451.64863861908,"standard_error":3784.031558832934}}