{"mean":{"confidence_interval":{"confidence_level":0.95,"lower_bound":309657.72752147884,"upper_bound":311005.573360945},"point_estimate":310336.9344231557,"standard_error":343.9508827419984},"median":{"confidence_interval":{"confidence_level":0.95,"lower_bound":309731.937254902,"upper_bound":311126.0629800307},"point_estimate":310502.7538402458,"standard_error":332.14099753105876},"median_abs_dev":{"confidence_interval":{"confidence_level":0.95,"lower_bound":1889.0777324270855,"upper_bound":3212.47161731183},"point_estimate":2539.84355627328,"standard_error":331.57211017303473},"slope":{"confidence_interval":{"confidence_level":0.95,"lower_bound":310059.5512759334,"upper_bound":311114.39452399255},"point_estimate":310567.1686872568,"standard_error":268.8976720819079},"std_dev":{"confidence_interval":{"confidence_level":0.95,"lower_bound":2710.5160339494764,"upper_bound":4175.611272012617},"point_estimate":3460.181138405383,"standard_error":375.4369156296575}}