{"mean":{"confidence_interval":{"confidence_level":0.95,"lower_bound":303738.07355684467,"upper_bound":305031.01363857766},"point_estimate":304312.6942403223,"standard_error":330.2896278314356},"median":{"confidence_interval":{"confidence_level":0.95,"lower_bound":303313.4822695035,"upper_bound":304358.402991453},"point_estimate":303926.6741531664,"standard_error":269.1358043029236},"median_abs_dev":{"confidence_interval":{"confidence_level":0.95,"lower_bound":1530.891175094006,"upper_bound":2386.837724058652},"point_estimate":1955.9279366629282,"standard_error":204.89970001146517},"slope":{"confidence_interval":{"confidence_level":0.95,"lower_bound":303522.3332691054,"upper_bound":304242.1155860318},"point_estimate":303879.4003861879,"standard_error":183.06982787892764},"std_dev":{"confidence_interval":{"confidence_level":0.95,"lower_bound":1866.0284264031566,"upper_bound":4956.176187300553},"point_estimate":3318.7543227964006,"standard_error":950.5521048896483}}