{"mean":{"confidence_interval":{"confidence_level":0.95,"lower_bound":475779.7930021311,"upper_bound":477726.8044498121},"point_estimate":476744.1930318521,"standard_error":498.3009426795871},"median":{"confidence_interval":{"confidence_level":0.95,"lower_bound":475655.2083333333,"upper_bound":477725.25333333336},"point_estimate":476758.76247834985,"standard_error":561.8514725377674},"median_abs_dev":{"confidence_interval":{"confidence_level":0.95,"lower_bound":3853.453947211017,"upper_bound":6282.294314989959},"point_estimate":5471.665313523393,"standard_error":628.5616201230533},"slope":{"confidence_interval":{"confidence_level":0.95,"lower_bound":475905.95992878167,"upper_bound":477848.7605980995},"point_estimate":476885.1921245259,"standard_error":495.43247137683056},"std_dev":{"confidence_interval":{"confidence_level":0.95,"lower_bound":4236.702748606004,"upper_bound":5733.243978471017},"point_estimate":4999.332279306675,"standard_error":383.407217596091}}