{"mean":{"confidence_interval":{"confidence_level":0.95,"lower_bound":257756.65213259432,"upper_bound":261558.00850138653},"point_estimate":259559.34411317174,"standard_error":970.7090789718583},"median":{"confidence_interval":{"confidence_level":0.95,"lower_bound":254514.81907894736,"upper_bound":258617.41289473686},"point_estimate":256701.58785686223,"standard_error":1010.7615062244473},"median_abs_dev":{"confidence_interval":{"confidence_level":0.95,"lower_bound":4637.682724683906,"upper_bound":8306.175749202534},"point_estimate":6451.233639543792,"standard_error":917.9433819808453},"slope":{"confidence_interval":{"confidence_level":0.95,"lower_bound":255088.24633905606,"upper_bound":258120.63675723676},"point_estimate":256463.88359686715,"standard_error":775.5491649873762},"std_dev":{"confidence_interval":{"confidence_level":0.95,"lower_bound":7049.132472048868,"upper_bound":12072.758300470914},"point_estimate":9685.72030059011,"standard_error":1285.2399625401918}}