{"mean":{"confidence_interval":{"confidence_level":0.95,"lower_bound":81617502.4185,"upper_bound":81709094.854},"point_estimate":81656166.63,"standard_error":23677.00040806241},"median":{"confidence_interval":{"confidence_level":0.95,"lower_bound":81598379.0,"upper_bound":81645907.0},"point_estimate":81622583.0,"standard_error":12194.198812688921},"median_abs_dev":{"confidence_interval":{"confidence_level":0.95,"lower_bound":65014.23274576664,"upper_bound":110871.79123163223},"point_estimate":94718.12321841717,"standard_error":11905.445722218647},"slope":null,"std_dev":{"confidence_interval":{"confidence_level":0.95,"lower_bound":102681.62068446548,"upper_bound":372557.0284988351},"point_estimate":238022.9287248195,"standard_error":84129.09738311473}}