{"mean":{"confidence_interval":{"confidence_level":0.95,"lower_bound":254624.10988241757,"upper_bound":257798.34311759658},"point_estimate":255910.21584118673,"standard_error":829.5998605014021},"median":{"confidence_interval":{"confidence_level":0.95,"lower_bound":254353.94915254237,"upper_bound":255769.72777777776},"point_estimate":255154.3980263158,"standard_error":371.5075233301152},"median_abs_dev":{"confidence_interval":{"confidence_level":0.95,"lower_bound":2325.627498711856,"upper_bound":3734.9812974408296},"point_estimate":3210.407766905881,"standard_error":364.71335938715595},"slope":{"confidence_interval":{"confidence_level":0.95,"lower_bound":254981.3868645096,"upper_bound":261904.82601733532},"point_estimate":257408.4629858135,"standard_error":1968.8355996187734},"std_dev":{"confidence_interval":{"confidence_level":0.95,"lower_bound":2890.4298524354826,"upper_bound":13498.680403649772},"point_estimate":8321.436498150493,"standard_error":3417.680684365602}}