{"mean":{"confidence_interval":{"confidence_level":0.95,"lower_bound":262292.30207202263,"upper_bound":263735.51456606627},"point_estimate":262991.8230802553,"standard_error":367.9106054581276},"median":{"confidence_interval":{"confidence_level":0.95,"lower_bound":261750.00280898876,"upper_bound":263289.00403936545},"point_estimate":262560.3031124498,"standard_error":353.35282883354506},"median_abs_dev":{"confidence_interval":{"confidence_level":0.95,"lower_bound":2485.2773417297544,"upper_bound":3886.948370126323},"point_estimate":3302.99496254488,"standard_error":348.92577793603726},"slope":{"confidence_interval":{"confidence_level":0.95,"lower_bound":262554.6114122075,"upper_bound":264060.6249614663},"point_estimate":263294.73481823556,"standard_error":383.0783868421652},"std_dev":{"confidence_interval":{"confidence_level":0.95,"lower_bound":2862.841600475915,"upper_bound":4559.662320885468},"point_estimate":3695.461314375417,"standard_error":438.44123047637856}}