{"mean":{"confidence_interval":{"confidence_level":0.95,"lower_bound":232068.6102075412,"upper_bound":232778.1505593937},"point_estimate":232419.97345576674,"standard_error":181.00912716927508},"median":{"confidence_interval":{"confidence_level":0.95,"lower_bound":231847.7531580869,"upper_bound":232618.05714285714},"point_estimate":232198.98354532066,"standard_error":194.56525928595437},"median_abs_dev":{"confidence_interval":{"confidence_level":0.95,"lower_bound":1151.089721018603,"upper_bound":2097.0491186032827},"point_estimate":1583.4198131194437,"standard_error":225.77211659953204},"slope":{"confidence_interval":{"confidence_level":0.95,"lower_bound":232129.28607551474,"upper_bound":232772.67196935095},"point_estimate":232440.60285798728,"standard_error":164.33666414921686},"std_dev":{"confidence_interval":{"confidence_level":0.95,"lower_bound":1545.9309243628172,"upper_bound":2079.080417051027},"point_estimate":1825.4700648010808,"standard_error":136.26607294334374}}