{"mean":{"confidence_interval":{"confidence_level":0.95,"lower_bound":240916.97760868105,"upper_bound":244359.17811102344},"point_estimate":242594.88662933337,"standard_error":880.6298362094154},"median":{"confidence_interval":{"confidence_level":0.95,"lower_bound":238351.33165322582,"upper_bound":241113.02777777778},"point_estimate":239509.82765151514,"standard_error":619.8222238004565},"median_abs_dev":{"confidence_interval":{"confidence_level":0.95,"lower_bound":4461.370085001803,"upper_bound":8963.860909073235},"point_estimate":6290.933309449956,"standard_error":1173.5438964668792},"slope":{"confidence_interval":{"confidence_level":0.95,"lower_bound":242278.90206964797,"upper_bound":246122.136083332},"point_estimate":244159.90558149846,"standard_error":983.678370604307},"std_dev":{"confidence_interval":{"confidence_level":0.95,"lower_bound":7327.526919724091,"upper_bound":10229.588118002453},"point_estimate":8860.128225097269,"standard_error":741.6356791348169}}