{"mean":{"confidence_interval":{"confidence_level":0.95,"lower_bound":596763.3704441063,"upper_bound":599541.1233680231},"point_estimate":598061.9941049269,"standard_error":706.9426583812592},"median":{"confidence_interval":{"confidence_level":0.95,"lower_bound":596347.3108108108,"upper_bound":598062.8571274763},"point_estimate":597471.8974025974,"standard_error":455.7678337606806},"median_abs_dev":{"confidence_interval":{"confidence_level":0.95,"lower_bound":2841.640363248785,"upper_bound":4593.326084306764},"point_estimate":3608.8159264809974,"standard_error":429.5119805489688},"slope":{"confidence_interval":{"confidence_level":0.95,"lower_bound":596930.983003962,"upper_bound":600478.9584970952},"point_estimate":598514.7403103296,"standard_error":911.7679188794655},"std_dev":{"confidence_interval":{"confidence_level":0.95,"lower_bound":4495.560411774695,"upper_bound":9583.356197904515},"point_estimate":7090.821262189723,"standard_error":1326.0236909789578}}