{"mean":{"confidence_interval":{"confidence_level":0.95,"lower_bound":505085.4766714512,"upper_bound":507894.23959741194},"point_estimate":506370.368342356,"standard_error":718.7745328626671},"median":{"confidence_interval":{"confidence_level":0.95,"lower_bound":504275.5125,"upper_bound":506868.7763157895},"point_estimate":506335.84469063545,"standard_error":812.6912247009735},"median_abs_dev":{"confidence_interval":{"confidence_level":0.95,"lower_bound":4324.538955345308,"upper_bound":6556.438174445003},"point_estimate":5778.603807364214,"standard_error":566.1906091255756},"slope":{"confidence_interval":{"confidence_level":0.95,"lower_bound":507403.7054026917,"upper_bound":510304.45235993655},"point_estimate":508742.44956110534,"standard_error":741.1055932965623},"std_dev":{"confidence_interval":{"confidence_level":0.95,"lower_bound":4467.585539628758,"upper_bound":10353.99298091465},"point_estimate":7223.449767222214,"standard_error":1744.8467436760097}}