{"mean":{"confidence_interval":{"confidence_level":0.95,"lower_bound":725708.1173247681,"upper_bound":726758.1768873569},"point_estimate":726212.8653740557,"standard_error":268.18745418986043},"median":{"confidence_interval":{"confidence_level":0.95,"lower_bound":725427.0217391305,"upper_bound":726149.1623376623},"point_estimate":725728.8298395445,"standard_error":213.66078086701066},"median_abs_dev":{"confidence_interval":{"confidence_level":0.95,"lower_bound":1714.9843063512626,"upper_bound":2681.1349690671427},"point_estimate":2169.0315216006675,"standard_error":249.29878941857442},"slope":{"confidence_interval":{"confidence_level":0.95,"lower_bound":725367.0322369374,"upper_bound":726337.3581022053},"point_estimate":725824.8193660411,"standard_error":248.26591736734602},"std_dev":{"confidence_interval":{"confidence_level":0.95,"lower_bound":2039.2149790547835,"upper_bound":3395.7991935071345},"point_estimate":2700.416622645736,"standard_error":354.1706381875577}}