{"mean":{"confidence_interval":{"confidence_level":0.95,"lower_bound":242228.54336822068,"upper_bound":243084.37876692138},"point_estimate":242642.8518587613,"standard_error":217.76840895596573},"median":{"confidence_interval":{"confidence_level":0.95,"lower_bound":242000.32333333333,"upper_bound":242912.76886792452},"point_estimate":242394.51049958105,"standard_error":229.99818392564126},"median_abs_dev":{"confidence_interval":{"confidence_level":0.95,"lower_bound":1291.4995839261444,"upper_bound":2265.0530154029643},"point_estimate":1711.5240222425641,"standard_error":244.9446415546385},"slope":{"confidence_interval":{"confidence_level":0.95,"lower_bound":241828.50653214383,"upper_bound":242614.93232119334},"point_estimate":242225.72524752477,"standard_error":200.4573813905091},"std_dev":{"confidence_interval":{"confidence_level":0.95,"lower_bound":1700.323535394278,"upper_bound":2660.5915648529813},"point_estimate":2181.147394569512,"standard_error":247.152504099867}}