{"mean":{"confidence_interval":{"confidence_level":0.95,"lower_bound":305242.3061749663,"upper_bound":306766.63175241527},"point_estimate":305991.96305169066,"standard_error":388.85337542454056},"median":{"confidence_interval":{"confidence_level":0.95,"lower_bound":304373.49063774565,"upper_bound":306307.0833333333},"point_estimate":305472.7125,"standard_error":434.233758947299},"median_abs_dev":{"confidence_interval":{"confidence_level":0.95,"lower_bound":2741.394217676662,"upper_bound":4510.686864466719},"point_estimate":3834.1199590271863,"standard_error":451.56498989806676},"slope":{"confidence_interval":{"confidence_level":0.95,"lower_bound":304892.13270129607,"upper_bound":306351.20726665715},"point_estimate":305596.22959804937,"standard_error":373.1724590931002},"std_dev":{"confidence_interval":{"confidence_level":0.95,"lower_bound":3239.7592085186793,"upper_bound":4521.078037342113},"point_estimate":3906.8955389092844,"standard_error":327.4141820166903}}