{"mean":{"confidence_interval":{"confidence_level":0.95,"lower_bound":245291.55126531646,"upper_bound":245893.0202614717},"point_estimate":245594.90906285215,"standard_error":153.04613584811628},"median":{"confidence_interval":{"confidence_level":0.95,"lower_bound":245294.2561728395,"upper_bound":245888.89285714287},"point_estimate":245527.65458833618,"standard_error":132.20538710143236},"median_abs_dev":{"confidence_interval":{"confidence_level":0.95,"lower_bound":916.9117085377396,"upper_bound":1676.0346809662624},"point_estimate":1233.476378858993,"standard_error":196.49469968041055},"slope":{"confidence_interval":{"confidence_level":0.95,"lower_bound":245509.6226109531,"upper_bound":246268.65577401535},"point_estimate":245877.86255947984,"standard_error":194.2227284950311},"std_dev":{"confidence_interval":{"confidence_level":0.95,"lower_bound":1278.1025158343157,"upper_bound":1767.1060916122494},"point_estimate":1534.9551264909423,"standard_error":125.03116119964899}}