{"mean":{"confidence_interval":{"confidence_level":0.95,"lower_bound":230988.25365414761,"upper_bound":232031.167504389},"point_estimate":231484.5151660675,"standard_error":265.2598243585859},"median":{"confidence_interval":{"confidence_level":0.95,"lower_bound":230875.9669250646,"upper_bound":231681.9746835443},"point_estimate":231253.4467843137,"standard_error":235.75799627323693},"median_abs_dev":{"confidence_interval":{"confidence_level":0.95,"lower_bound":1363.87680307903,"upper_bound":2299.145164847367},"point_estimate":1847.488821389903,"standard_error":228.5714854407977},"slope":{"confidence_interval":{"confidence_level":0.95,"lower_bound":231273.10579092853,"upper_bound":232226.81539836954},"point_estimate":231756.4876010049,"standard_error":242.69058283183676},"std_dev":{"confidence_interval":{"confidence_level":0.95,"lower_bound":1786.6760952798654,"upper_bound":3482.256336954216},"point_estimate":2660.319048390709,"standard_error":438.7169778219438}}