{"mean":{"confidence_interval":{"confidence_level":0.95,"lower_bound":213466.48446844053,"upper_bound":214358.5372722859},"point_estimate":213904.021794912,"standard_error":227.8734681638938},"median":{"confidence_interval":{"confidence_level":0.95,"lower_bound":213451.0367346939,"upper_bound":214093.99375},"point_estimate":213705.05424575426,"standard_error":166.34688244894318},"median_abs_dev":{"confidence_interval":{"confidence_level":0.95,"lower_bound":1181.7587918088504,"upper_bound":2204.9501676537466},"point_estimate":1750.669329129216,"standard_error":268.821720489444},"slope":{"confidence_interval":{"confidence_level":0.95,"lower_bound":213743.66406691496,"upper_bound":214567.28530793366},"point_estimate":214151.74280774346,"standard_error":210.1503441090762},"std_dev":{"confidence_interval":{"confidence_level":0.95,"lower_bound":1735.8434876168783,"upper_bound":2823.2512625211975},"point_estimate":2292.920815045882,"standard_error":278.64187462629866}}