{"mean":{"confidence_interval":{"confidence_level":0.95,"lower_bound":2709382.85975,"upper_bound":2726657.264109375},"point_estimate":2716764.49875,"standard_error":4485.391179333984},"median":{"confidence_interval":{"confidence_level":0.95,"lower_bound":2707918.875,"upper_bound":2711528.09375},"point_estimate":2710330.96875,"standard_error":960.9000723178744},"median_abs_dev":{"confidence_interval":{"confidence_level":0.95,"lower_bound":7204.231259599328,"upper_bound":11873.326600925062},"point_estimate":9895.659855566919,"standard_error":1184.1522256739688},"slope":null,"std_dev":{"confidence_interval":{"confidence_level":0.95,"lower_bound":10148.654913617682,"upper_bound":69485.79795421108},"point_estimate":45030.40432767601,"standard_error":14975.827935412535}}