{"mean":{"confidence_interval":{"confidence_level":0.95,"lower_bound":0.03088611996540263,"upper_bound":0.03692497034776775},"point_estimate":0.03406479409179464,"standard_error":0.001537961426692337},"median":{"confidence_interval":{"confidence_level":0.95,"lower_bound":0.03148320731278664,"upper_bound":0.03447584453021468},"point_estimate":0.03283442275967241,"standard_error":0.0007502181422282989}}